2026-08-25 18:22:49.587 - aiperf.cli_runner._single_run - INFO - Starting AIPerf System
2026-08-25 18:22:49.597 - aiperf.common.scenario.validator - INFO - Scenario 'inferencex-agentx-mvp': setting profiling-phase timing_mode=agentic_replay.
2026-08-25 18:22:49.597 - aiperf.common.scenario.validator - INFO - Scenario 'inferencex-agentx-mvp': injecting extra_inputs.ignore_eos=true (was absent).
2026-08-25 18:22:49.598 - aiperf.common.scenario.validator - INFO - Scenario 'inferencex-agentx-mvp': auto-set --cache-bust=first_turn_prefix (was at default none).
2026-08-25 18:22:49.598 - aiperf.common.scenario.validator - INFO - Scenario 'inferencex-agentx-mvp': auto-set --system-idle-gap-cap-seconds=10.0 (was unset).
2026-08-25 18:22:49.813 - system_controller - INFO - GPU telemetry disabled via --no-gpu-telemetry
2026-08-25 18:22:49.849 - server_metrics_manager - INFO - Server Metrics: Discovered 1 endpoints: ['http://localhost:8886/metrics']
2026-08-25 18:22:49.866 - system_controller - INFO - Registered Server Metrics Manager (id: 'server_metrics_manager')
2026-08-25 18:22:49.883 - OTelMetricsResultsProcessor_0699d61f - INFO - Telemetry streaming is disabled (set --otel-url and/or --mlflow-tracking-uri to enable)
2026-08-25 18:22:49.884 - RecordExportJSONLWriter_023c59c0 - INFO - Record metrics export enabled: /shared/data/R7N/andy_luo_3v7/minimaxm3-agentx/results/mtp-k4-aiter-full-indexer-vllm-simple-v19-tp4-c32-full-indexer-complete-curve-20260825-r1/aiperf_artifacts/profile_export.jsonl
2026-08-25 18:22:49.918 - system_controller - INFO - Registered Records Manager (id: 'records_manager')
2026-08-25 18:22:49.924 - system_controller - INFO - Registered Worker Manager (id: 'worker_manager')
2026-08-25 18:22:50.027 - system_controller - INFO - Registered Dataset Manager (id: 'dataset_manager')
2026-08-25 18:22:50.044 - system_controller - INFO - Registered Timing Manager (id: 'timing_manager')
2026-08-25 18:22:50.139 - system_controller - INFO - Registered Worker (id: 'worker_b61e5773')
2026-08-25 18:22:50.141 - system_controller - INFO - Registered Record Processor (id: 'record_processor_29b40394')
2026-08-25 18:22:50.141 - system_controller - INFO - Registered Record Processor (id: 'record_processor_d780cb28')
2026-08-25 18:22:50.141 - system_controller - INFO - Registered Record Processor (id: 'record_processor_e4b022ac')
2026-08-25 18:22:50.143 - system_controller - INFO - Registered Record Processor (id: 'record_processor_072992f0')
2026-08-25 18:22:50.145 - system_controller - INFO - Registered Record Processor (id: 'record_processor_e1d27896')
2026-08-25 18:22:50.148 - system_controller - INFO - Registered Record Processor (id: 'record_processor_8592eab3')
2026-08-25 18:22:50.149 - system_controller - INFO - Registered Record Processor (id: 'record_processor_6a39efce')
2026-08-25 18:22:50.149 - system_controller - INFO - Registered Record Processor (id: 'record_processor_1ed709e7')
2026-08-25 18:22:50.168 - system_controller - INFO - Registered Worker (id: 'worker_e0003348')
2026-08-25 18:22:50.209 - system_controller - INFO - Registered Worker (id: 'worker_58be070f')
2026-08-25 18:22:50.216 - system_controller - INFO - Registered Worker (id: 'worker_d8804e03')
2026-08-25 18:22:50.217 - system_controller - INFO - Registered Worker (id: 'worker_996ca44a')
2026-08-25 18:22:50.221 - system_controller - INFO - Registered Worker (id: 'worker_0dbe394d')
2026-08-25 18:22:50.224 - system_controller - INFO - Registered Worker (id: 'worker_cfb4620b')
2026-08-25 18:22:50.230 - system_controller - INFO - Registered Worker (id: 'worker_fdf345e2')
2026-08-25 18:22:50.234 - system_controller - INFO - Registered Worker (id: 'worker_9f20de06')
2026-08-25 18:22:50.243 - system_controller - INFO - Registered Worker (id: 'worker_9220a1e8')
2026-08-25 18:22:50.253 - system_controller - INFO - Registered Worker (id: 'worker_a8582de2')
2026-08-25 18:22:50.254 - system_controller - INFO - Registered Worker (id: 'worker_e9d48d47')
2026-08-25 18:22:50.254 - system_controller - INFO - Registered Worker (id: 'worker_0451c5ec')
2026-08-25 18:22:50.261 - system_controller - INFO - Registered Worker (id: 'worker_364e360b')
2026-08-25 18:22:50.263 - system_controller - INFO - Registered Worker (id: 'worker_a5b2e5a5')
2026-08-25 18:22:50.264 - system_controller - INFO - Registered Worker (id: 'worker_c6517476')
2026-08-25 18:22:50.265 - system_controller - INFO - Registered Worker (id: 'worker_931a7a17')
2026-08-25 18:22:50.275 - system_controller - INFO - Registered Worker (id: 'worker_1db6faf8')
2026-08-25 18:22:50.275 - system_controller - INFO - Registered Worker (id: 'worker_0b4aac65')
2026-08-25 18:22:50.276 - system_controller - INFO - Registered Worker (id: 'worker_47c97aa4')
2026-08-25 18:22:50.283 - system_controller - INFO - Registered Worker (id: 'worker_43621472')
2026-08-25 18:22:50.283 - system_controller - INFO - Registered Worker (id: 'worker_2d288b9f')
2026-08-25 18:22:50.283 - system_controller - INFO - Registered Worker (id: 'worker_55ba60cc')
2026-08-25 18:22:50.284 - system_controller - INFO - Registered Worker (id: 'worker_d4d8777d')
2026-08-25 18:22:50.284 - system_controller - INFO - Registered Worker (id: 'worker_4c4e6063')
2026-08-25 18:22:50.287 - system_controller - INFO - Registered Worker (id: 'worker_7db635a7')
2026-08-25 18:22:50.288 - system_controller - INFO - Registered Worker (id: 'worker_e869300a')
2026-08-25 18:22:50.292 - system_controller - INFO - Registered Worker (id: 'worker_bdaab57c')
2026-08-25 18:22:50.293 - system_controller - INFO - Registered Worker (id: 'worker_ec904c45')
2026-08-25 18:22:50.293 - system_controller - INFO - Registered Worker (id: 'worker_ec1142a1')
2026-08-25 18:22:50.295 - system_controller - INFO - Registered Worker (id: 'worker_9944c28d')
2026-08-25 18:22:50.298 - system_controller - INFO - Registered Worker (id: 'worker_c4352b6e')
2026-08-25 18:22:50.314 - system_controller - INFO - AIPerf System is CONFIGURING
2026-08-25 18:22:50.314 - system_controller - INFO - Configuring all services to start profiling
2026-08-25 18:22:50.315 - InferenceResultParser_2c8d6545 - INFO - Tokenization is disabled for this endpoint, skipping tokenizer configuration
2026-08-25 18:22:50.315 - InferenceResultParser_bbd4dd4c - INFO - Tokenization is disabled for this endpoint, skipping tokenizer configuration
2026-08-25 18:22:50.315 - InferenceResultParser_e349f55b - INFO - Tokenization is disabled for this endpoint, skipping tokenizer configuration
2026-08-25 18:22:50.315 - InferenceResultParser_6d5030e1 - INFO - Tokenization is disabled for this endpoint, skipping tokenizer configuration
2026-08-25 18:22:50.315 - InferenceResultParser_4633d3cc - INFO - Tokenization is disabled for this endpoint, skipping tokenizer configuration
2026-08-25 18:22:50.315 - timing_manager - INFO - Waiting for dataset to be configured before configuring timing
2026-08-25 18:22:50.315 - InferenceResultParser_2bc97239 - INFO - Tokenization is disabled for this endpoint, skipping tokenizer configuration
2026-08-25 18:22:50.315 - InferenceResultParser_a0534884 - INFO - Tokenization is disabled for this endpoint, skipping tokenizer configuration
2026-08-25 18:22:50.315 - InferenceResultParser_41be40b9 - INFO - Tokenization is disabled for this endpoint, skipping tokenizer configuration
2026-08-25 18:22:50.318 - dataset_manager - INFO - Configuring tokenizer(s) for dataset manager
2026-08-25 18:22:50.333 - server_metrics_manager - INFO - Server Metrics: Capturing baseline metrics...
2026-08-25 18:22:50.379 - http://localhost:8886/metrics - INFO - Skipping unsupported summary metric: http_request_size_bytes
2026-08-25 18:22:50.379 - http://localhost:8886/metrics - INFO - Skipping unsupported summary metric: http_response_size_bytes
2026-08-25 18:22:50.380 - system_controller - INFO - Server metrics enabled - 1/1 endpoint(s) reachable.
2026-08-25 18:22:50.381 - system_controller - INFO - Waiting for result domains: profile, server_metrics
2026-08-25 18:22:51.111 - httpx - INFO - HTTP Request: HEAD https://huggingface.co/amd/MiniMax-M3-MXFP4/resolve/main/config.json "HTTP/1.1 307 Temporary Redirect"
2026-08-25 18:22:51.119 - httpx - INFO - HTTP Request: HEAD https://huggingface.co/api/resolve-cache/models/amd/MiniMax-M3-MXFP4/b83d14e3d64bf373a207f3c2a7e9f0b0f1e7fc3a/config.json "HTTP/1.1 200 OK"
2026-08-25 18:22:51.176 - httpx - INFO - HTTP Request: HEAD https://huggingface.co/amd/MiniMax-M3-MXFP4/resolve/main/configuration_minimax_m3_vl.py "HTTP/1.1 307 Temporary Redirect"
2026-08-25 18:22:51.184 - httpx - INFO - HTTP Request: HEAD https://huggingface.co/api/resolve-cache/models/amd/MiniMax-M3-MXFP4/b83d14e3d64bf373a207f3c2a7e9f0b0f1e7fc3a/configuration_minimax_m3_vl.py "HTTP/1.1 200 OK"
2026-08-25 18:22:51.240 - httpx - INFO - HTTP Request: HEAD https://huggingface.co/amd/MiniMax-M3-MXFP4/resolve/main/config.json "HTTP/1.1 307 Temporary Redirect"
2026-08-25 18:22:51.249 - httpx - INFO - HTTP Request: HEAD https://huggingface.co/api/resolve-cache/models/amd/MiniMax-M3-MXFP4/b83d14e3d64bf373a207f3c2a7e9f0b0f1e7fc3a/config.json "HTTP/1.1 200 OK"
2026-08-25 18:22:51.295 - httpx - INFO - HTTP Request: HEAD https://huggingface.co/amd/MiniMax-M3-MXFP4/resolve/main/tokenizer_config.json "HTTP/1.1 307 Temporary Redirect"
2026-08-25 18:22:51.304 - httpx - INFO - HTTP Request: HEAD https://huggingface.co/api/resolve-cache/models/amd/MiniMax-M3-MXFP4/b83d14e3d64bf373a207f3c2a7e9f0b0f1e7fc3a/tokenizer_config.json "HTTP/1.1 200 OK"
2026-08-25 18:22:51.352 - httpx - INFO - HTTP Request: GET https://huggingface.co/api/models/amd/MiniMax-M3-MXFP4/tree/main/additional_chat_templates?recursive=false&expand=false "HTTP/1.1 404 Not Found"
2026-08-25 18:22:51.396 - httpx - INFO - HTTP Request: GET https://huggingface.co/api/models/amd/MiniMax-M3-MXFP4/tree/main?recursive=true&expand=false "HTTP/1.1 200 OK"
2026-08-25 18:22:52.005 - httpx - INFO - HTTP Request: GET https://huggingface.co/api/models/amd/MiniMax-M3-MXFP4 "HTTP/1.1 200 OK"
2026-08-25 18:22:52.028 - dataset_manager - INFO - Tokenizer(s) configured in 1.71 seconds
2026-08-25 18:22:52.028 - dataset_manager - INFO - Configuring dataset for dataset_manager
2026-08-25 18:22:52.883 - SemiAnalysisCCTracesWekaLoader - INFO - Loading HuggingFace dataset 'semianalysisai/cc-traces-weka-062126' (split=train)
2026-08-25 18:22:53.748 - httpx - INFO - HTTP Request: HEAD https://huggingface.co/datasets/semianalysisai/cc-traces-weka-062126/resolve/main/README.md "HTTP/1.1 307 Temporary Redirect"
2026-08-25 18:22:53.757 - httpx - INFO - HTTP Request: HEAD https://huggingface.co/api/resolve-cache/datasets/semianalysisai/cc-traces-weka-062126/23f152f6f0f9399a85901b89a6458def0ef16729/README.md "HTTP/1.1 200 OK"
2026-08-25 18:22:53.799 - httpx - INFO - HTTP Request: HEAD https://huggingface.co/datasets/semianalysisai/cc-traces-weka-062126/resolve/23f152f6f0f9399a85901b89a6458def0ef16729/cc-traces-weka-062126.py "HTTP/1.1 404 Not Found"
2026-08-25 18:22:53.799 - huggingface_hub.utils._http - WARNING - Warning: You are sending unauthenticated requests to the HF Hub. Please set a HF_TOKEN to enable higher rate limits and faster downloads.
2026-08-25 18:22:53.908 - httpx - INFO - HTTP Request: HEAD https://s3.amazonaws.com/datasets.huggingface.co/datasets/datasets/semianalysisai/cc-traces-weka-062126/semianalysisai/cc-traces-weka-062126.py "HTTP/1.1 404 Not Found"
2026-08-25 18:22:53.959 - httpx - INFO - HTTP Request: GET https://huggingface.co/api/datasets/semianalysisai/cc-traces-weka-062126/revision/23f152f6f0f9399a85901b89a6458def0ef16729 "HTTP/1.1 200 OK"
2026-08-25 18:22:53.997 - httpx - INFO - HTTP Request: HEAD https://huggingface.co/datasets/semianalysisai/cc-traces-weka-062126/resolve/23f152f6f0f9399a85901b89a6458def0ef16729/.huggingface.yaml "HTTP/1.1 404 Not Found"
2026-08-25 18:22:54.267 - httpx - INFO - HTTP Request: GET https://datasets-server.huggingface.co/info?dataset=semianalysisai/cc-traces-weka-062126 "HTTP/1.1 200 OK"
2026-08-25 18:22:54.338 - httpx - INFO - HTTP Request: GET https://huggingface.co/api/datasets/semianalysisai/cc-traces-weka-062126/tree/23f152f6f0f9399a85901b89a6458def0ef16729?recursive=false&expand=false "HTTP/1.1 200 OK"
2026-08-25 18:22:54.384 - httpx - INFO - HTTP Request: HEAD https://huggingface.co/datasets/semianalysisai/cc-traces-weka-062126/resolve/23f152f6f0f9399a85901b89a6458def0ef16729/dataset_infos.json "HTTP/1.1 404 Not Found"
2026-08-25 18:23:13.416 - aiperf.dataset.loader.selection - INFO - weka trace selection [semianalysisai/cc-traces-weka-062126]: scanned 393, rejected_by_maxctx 0 (--max-context-length=None), eligible 393, loaded 393 (--num-dataset-entries=393), largest_observed_peak_context 996,579
2026-08-25 18:23:13.417 - SemiAnalysisCCTracesWekaLoader - INFO - Loaded 393/393 eligible traces (filter-then-cap; --num-dataset-entries=393, --max-context-length=None)
2026-08-25 18:23:38.044 - aiperf.dataset.loader.weka_trace - INFO - WekaTraceLoader: spawning 16 worker process(es) for parallel reconstruction of 393 trace(s)
2026-08-25 18:23:46.475 - aiperf.dataset.loader.weka_parallel_convert - INFO - WekaTraceLoader: reconstructed 39/393 (10%) in 6.4s (6.1 traces/s)
2026-08-25 18:23:46.476 - aiperf.dataset.loader.weka_parallel_convert - INFO - WekaTraceLoader: reconstructed 78/393 (20%) in 6.4s (12.3 traces/s)
2026-08-25 18:23:46.476 - aiperf.dataset.loader.weka_parallel_convert - INFO - WekaTraceLoader: reconstructed 117/393 (30%) in 6.4s (18.4 traces/s)
2026-08-25 18:24:02.806 - aiperf.dataset.loader.weka_parallel_convert - INFO - WekaTraceLoader: reconstructed 156/393 (40%) in 22.7s (6.9 traces/s)
2026-08-25 18:24:02.806 - aiperf.dataset.loader.weka_parallel_convert - INFO - WekaTraceLoader: reconstructed 195/393 (50%) in 22.7s (8.6 traces/s)
2026-08-25 18:24:02.807 - aiperf.dataset.loader.weka_parallel_convert - INFO - WekaTraceLoader: reconstructed 234/393 (60%) in 22.7s (10.3 traces/s)
2026-08-25 18:24:02.807 - aiperf.dataset.loader.weka_parallel_convert - INFO - WekaTraceLoader: reconstructed 273/393 (69%) in 22.7s (12.0 traces/s)
2026-08-25 18:24:02.807 - aiperf.dataset.loader.weka_parallel_convert - INFO - WekaTraceLoader: reconstructed 312/393 (79%) in 22.7s (13.7 traces/s)
2026-08-25 18:24:02.807 - aiperf.dataset.loader.weka_parallel_convert - INFO - WekaTraceLoader: reconstructed 351/393 (89%) in 22.7s (15.5 traces/s)
2026-08-25 18:24:02.807 - aiperf.dataset.loader.weka_parallel_convert - INFO - WekaTraceLoader: reconstructed 390/393 (99%) in 22.7s (17.2 traces/s)
2026-08-25 18:24:02.807 - aiperf.dataset.loader.weka_parallel_convert - INFO - WekaTraceLoader: reconstructed 393/393 (100%) in 22.7s (17.3 traces/s)
2026-08-25 18:24:02.920 - aiperf.dataset.loader.weka_trace - INFO - WekaTraceLoader: workers finished in 30.5s; assembling Conversation objects
2026-08-25 18:24:14.913 - aiperf.dataset.loader.weka_trace - INFO - WekaTraceLoader: flattened-agent detection split 289 trace(s) into 1422 extra agent chain(s) (819 aux sidecars [114 reductions], 3 worker-group members, 2977 seams merged, 0 empty-hash requests kept on main)
2026-08-25 18:24:14.913 - aiperf.dataset.loader.weka_trace - INFO - WekaTraceLoader: reconstructed 9843 conversation(s) in 42.5s (total load+synth+reconstruct: 42.5s)
2026-08-25 18:24:16.601 - MemoryMapDatasetBackingStore_0ec5f375 - INFO - Memory-mapped backing store initialized (streaming to /tmp/inferencex-minimaxm3-1410/tmp/aiperf_mmap_1797ba650cad/dataset.dat)
2026-08-25 18:24:30.085 - MemoryMapDatasetBackingStore_0ec5f375 - INFO - Data file finalized: 9843 conversations, 6,345.21 MB
2026-08-25 18:24:30.087 - MemoryMapDatasetBackingStore_0ec5f375 - INFO - Index file created: /tmp/inferencex-minimaxm3-1410/tmp/aiperf_mmap_1797ba650cad/index.dat
2026-08-25 18:24:30.087 - dataset_manager - INFO - Backing store finalized: client_type=DatasetClientStoreType.MEMORY_MAP format=MemoryMapFormat.CONVERSATION data_file_path=PosixPath('/tmp/inferencex-minimaxm3-1410/tmp/aiperf_mmap_1797ba650cad/dataset.dat') index_file_path=PosixPath('/tmp/inferencex-minimaxm3-1410/tmp/aiperf_mmap_1797ba650cad/index.dat') conversation_count=9843 total_size_bytes=6653432650 compressed=False compressed_data_file_path=None compressed_index_file_path=None compressed_size_bytes=0
2026-08-25 18:24:31.546 - dataset_manager - INFO - sampling strategy: sequential, unique conversations: 9843, unique turn count: 98827
2026-08-25 18:24:31.743 - dataset_manager - INFO - Skipping inputs.json generation
2026-08-25 18:24:32.372 - aiperf.timing.trajectory_source - INFO - TrajectorySource: built 32 trajectories from 393 traces
2026-08-25 18:24:32.372 - aiperf.timing.trajectory_source - INFO -   range cfg=[0.25, 0.75]  observed sample pct: min= 31% median= 55% max= 75%
2026-08-25 18:24:32.372 - aiperf.timing.trajectory_source - INFO -     lane=00  sample_time= 53%  root_next= 84/130 ( 65% turns)  live=1 ready=1  trace_id=002001296e8a8c38ad9d7cc436d691afc602
2026-08-25 18:24:32.372 - aiperf.timing.trajectory_source - INFO -     lane=01  sample_time= 49%  root_next=  5/33  ( 15% turns)  live=1 ready=1  trace_id=006c98de37d819e95b0840e25426bb7ca99d
2026-08-25 18:24:32.372 - aiperf.timing.trajectory_source - INFO -     lane=02  sample_time= 67%  root_next= 24/29  ( 83% turns)  live=1 ready=1  trace_id=00ca01c4aaeccee751ae6285beb54dea262f
2026-08-25 18:24:32.372 - aiperf.timing.trajectory_source - INFO -     lane=03  sample_time= 56%  root_next= 82/191 ( 43% turns)  live=1 ready=1  trace_id=0196085d85d2075a50b74cd8795ffbdcea9a
2026-08-25 18:24:32.372 - aiperf.timing.trajectory_source - INFO -     lane=04  sample_time= 47%  root_next=  0/13  (  0% turns)  live=1 ready=1  trace_id=02bc0afb13f7a2d9efa86c28511261d85c0e
2026-08-25 18:24:32.372 - aiperf.timing.trajectory_source - INFO -     lane=05  sample_time= 47%  root_next= 19/40  ( 48% turns)  live=1 ready=1  trace_id=03e110ac6921c2fe9ac7772a9654314a2beb
2026-08-25 18:24:32.372 - aiperf.timing.trajectory_source - INFO -     lane=06  sample_time= 74%  root_next=  0/54  (  0% turns)  live=13 ready=13  trace_id=0470d446a4514dfe0c6ad0be92853bd13287
2026-08-25 18:24:32.372 - aiperf.timing.trajectory_source - INFO -     lane=07  sample_time= 35%  root_next=  3/7   ( 43% turns)  live=1 ready=1  trace_id=04dba6fe621301a1d01fd63b8d02c9645c48
2026-08-25 18:24:32.372 - aiperf.timing.trajectory_source - INFO -     lane=08  sample_time= 75%  root_next= 32/34  ( 94% turns)  live=1 ready=1  trace_id=05c249572509162371b7b82339674db64b5d
2026-08-25 18:24:32.372 - aiperf.timing.trajectory_source - INFO -     lane=09  sample_time= 42%  root_next= 49/52  ( 94% turns)  live=1 ready=1  trace_id=05f72f78a037cfa5cd4e4541960a574701d9
2026-08-25 18:24:32.372 - aiperf.timing.trajectory_source - INFO -     lane=10  sample_time= 66%  root_next=  0/1   (  0% turns)  live=1 ready=1  trace_id=063179eb93f4337a662e859c5a2c5638e03f
2026-08-25 18:24:32.372 - aiperf.timing.trajectory_source - INFO -     lane=11  sample_time= 49%  root_next=210/219 ( 96% turns)  live=1 ready=1  trace_id=069d7bf5f1efb4e76e3c84510367e6af78a5
2026-08-25 18:24:32.372 - aiperf.timing.trajectory_source - INFO -     lane=12  sample_time= 43%  root_next= 25/34  ( 74% turns)  live=1 ready=1  trace_id=077ea9e6554f45bbad9c24a8462bae9a8512
2026-08-25 18:24:32.372 - aiperf.timing.trajectory_source - INFO -     lane=13  sample_time= 68%  root_next=  8/9   ( 89% turns)  live=3 ready=2  trace_id=07dd40536557a1d6440a923557c3129dc929
2026-08-25 18:24:32.372 - aiperf.timing.trajectory_source - INFO -     lane=14  sample_time= 62%  root_next=  6/19  ( 32% turns)  live=2 ready=2  trace_id=085411a4cc4b15108dd9b50007261a2efb65
2026-08-25 18:24:32.372 - aiperf.timing.trajectory_source - INFO -     lane=15  sample_time= 59%  root_next=349/352 ( 99% turns)  live=1 ready=1  trace_id=085aacf44ac5428ad3c6b4f6cd431e083832
2026-08-25 18:24:32.372 - aiperf.timing.trajectory_source - INFO -     lane=16  sample_time= 34%  root_next= 20/33  ( 61% turns)  live=1 ready=1  trace_id=0a279af1bec84c6ab033bb03f5d8bfd6b08d
2026-08-25 18:24:32.372 - aiperf.timing.trajectory_source - INFO -     lane=17  sample_time= 68%  root_next= 21/31  ( 68% turns)  live=1 ready=1  trace_id=0a688303b1ae62a97607af8021f2130c2caf
2026-08-25 18:24:32.372 - aiperf.timing.trajectory_source - INFO -     lane=18  sample_time= 69%  root_next=  0/138 (  0% turns)  live=1 ready=1  trace_id=0b7f3ca692f15ae2651a310d9411d70794aa
2026-08-25 18:24:32.372 - aiperf.timing.trajectory_source - INFO -     lane=19  sample_time= 42%  root_next=  7/16  ( 44% turns)  live=1 ready=1  trace_id=0bc9c4f798d321286bf39f2543c0c4e4c059
2026-08-25 18:24:32.372 - aiperf.timing.trajectory_source - INFO -     lane=20  sample_time= 50%  root_next= 19/24  ( 79% turns)  live=1 ready=1  trace_id=0bcd99353218b9a386b1c4aec13d77abecdb
2026-08-25 18:24:32.372 - aiperf.timing.trajectory_source - INFO -     lane=21  sample_time= 67%  root_next= 25/46  ( 54% turns)  live=1 ready=1  trace_id=0bed163ac9566086e14ffd85c7481096d49d
2026-08-25 18:24:32.372 - aiperf.timing.trajectory_source - INFO -     lane=22  sample_time= 70%  root_next=  6/32  ( 19% turns)  live=1 ready=1  trace_id=0d41be2aa98333f3662682210647e5971c7b
2026-08-25 18:24:32.372 - aiperf.timing.trajectory_source - INFO -     lane=23  sample_time= 48%  root_next= 16/28  ( 57% turns)  live=1 ready=1  trace_id=0d8a816e4819b765d81ff748da94d463f3b2
2026-08-25 18:24:32.372 - aiperf.timing.trajectory_source - INFO -     lane=24  sample_time= 67%  root_next=  4/53  (  8% turns)  live=1 ready=1  trace_id=0db32e2f852a2ea24ed616b31975a84da5e4
2026-08-25 18:24:32.372 - aiperf.timing.trajectory_source - INFO -     lane=25  sample_time= 72%  root_next= 42/43  ( 98% turns)  live=1 ready=1  trace_id=0dedb07b5e4362b028db9d8ab90fff7fd4ad
2026-08-25 18:24:32.372 - aiperf.timing.trajectory_source - INFO -     lane=26  sample_time= 34%  root_next=  9/26  ( 35% turns)  live=1 ready=1  trace_id=0e4206535a79f980e2b1091181202ea987fe
2026-08-25 18:24:32.372 - aiperf.timing.trajectory_source - INFO -     lane=27  sample_time= 56%  root_next=  4/19  ( 21% turns)  live=1 ready=1  trace_id=0ede42538334da8586bc60008762abfc0ab7
2026-08-25 18:24:32.372 - aiperf.timing.trajectory_source - INFO -     lane=28  sample_time= 62%  root_next=  0/2   (  0% turns)  live=1 ready=1  trace_id=0f909e7d63c0d5e1f060d727ada25d910d89
2026-08-25 18:24:32.372 - aiperf.timing.trajectory_source - INFO -     lane=29  sample_time= 37%  root_next= 66/84  ( 79% turns)  live=1 ready=1  trace_id=1007f04d2c64580308858bb42f292992929d
2026-08-25 18:24:32.372 - aiperf.timing.trajectory_source - INFO -     lane=30  sample_time= 35%  root_next=261/765 ( 34% turns)  live=1 ready=1  trace_id=11310dce936f02050cadaeae295bcdd1ce7f
2026-08-25 18:24:32.372 - aiperf.timing.trajectory_source - INFO -     lane=31  sample_time= 31%  root_next= 23/51  ( 45% turns)  live=7 ready=6  trace_id=117ebe75819d050f308a0a81647893abd02d
2026-08-25 18:24:32.372 - PhaseOrchestrator_fc45fc56 - INFO - Initialized 2 phase(s): ['Warmup', 'Profiling']
2026-08-25 18:24:32.979 - dataset_manager - INFO - Dataset client initialized and freed 9843 conversations from memory
2026-08-25 18:24:34.797 - aiperf.dataset.mmap_cache - INFO - Populated mmap cache entry /tmp/inferencex-minimaxm3-1410/traces/d39618aaf52a41de9ccbb156453af2c3
2026-08-25 18:24:34.797 - dataset_manager - INFO - Dataset configured in 102.77 seconds
2026-08-25 18:24:34.799 - system_controller - INFO - All services configured in 104.48 seconds
2026-08-25 18:24:34.799 - system_controller - INFO - AIPerf System is CONFIGURED
2026-08-25 18:24:34.800 - server_metrics_manager - INFO - Server Metrics: Started 1 collector(s) successfully
2026-08-25 18:24:34.801 - system_controller - INFO - All services started profiling successfully
2026-08-25 18:24:34.801 - system_controller - INFO - AIPerf System is PROFILING
2026-08-25 18:24:34.893 - PhaseRunner - NOTICE - Phase warmup (warmup) started | target: 354 requests
2026-08-25 18:24:34.893 - AgenticReplayTiming - INFO - WARMUP execute: dispatching 34 trajectory credits
2026-08-25 18:24:34.894 - records_manager - INFO - Credit phase start: warmup
2026-08-25 18:24:34.894 - AgenticReplayTiming - INFO - WARMUP count budget: 10 additional requests per lane after 34 mandatory snapshot primers
2026-08-25 18:24:34.894 - AgenticReplayTiming - INFO - WARMUP spread: 8.8s ramp aligning 34 request(s) on t* (earliest fires at 0, last at 8.8s)
2026-08-25 18:24:34.974 - EventLoopMonitor - WARNING - Event loop for worker_a5b2e5a5 is taking too long to run. Overhead: 39.50ms
2026-08-25 18:25:04.897 - PhaseRunner - INFO - Phase warmup progress | returned=13/354 | sent=34 | in_flight=21 | errors=0 | elapsed=30.0s
2026-08-25 18:25:34.900 - PhaseRunner - INFO - Phase warmup progress | returned=22/354 | sent=34 | in_flight=12 | errors=0 | elapsed=60.0s
2026-08-25 18:26:04.902 - PhaseRunner - INFO - Phase warmup progress | returned=26/354 | sent=34 | in_flight=8 | errors=0 | elapsed=90.0s
2026-08-25 18:26:34.907 - PhaseRunner - INFO - Phase warmup progress | returned=28/354 | sent=34 | in_flight=6 | errors=0 | elapsed=120.0s
2026-08-25 18:27:04.913 - PhaseRunner - INFO - Phase warmup progress | returned=29/354 | sent=34 | in_flight=5 | errors=0 | elapsed=150.0s
2026-08-25 18:27:14.031 - aiperf.timing.replay_dependencies - INFO - Replay interval barriers active: 98827 requests, 61136 gated turns, join-widths={1: 51527, 2: 6771, 3: 1804, 4: 492, 5: 149, 6: 80, 7: 62, 8: 89, 9: 74, 10: 52, 11: 21, 12: 11, 13: 2, 14: 2}
2026-08-25 18:27:14.031 - AgenticReplayTiming - INFO - WARMUP cache pressure: replaying live trajectories until each lane reaches 10 additional requests with zero idle delay and max_tokens=1
2026-08-25 18:27:34.918 - PhaseRunner - INFO - Phase warmup progress | returned=82/354 | sent=123 | in_flight=41 | errors=0 | elapsed=180.0s
2026-08-25 18:28:04.920 - PhaseRunner - INFO - Phase warmup progress | returned=160/354 | sent=192 | in_flight=32 | errors=0 | elapsed=210.0s
2026-08-25 18:28:34.926 - PhaseRunner - INFO - Phase warmup progress | returned=282/354 | sent=310 | in_flight=28 | errors=0 | elapsed=240.0s
2026-08-25 18:29:04.929 - PhaseRunner - INFO - Phase warmup progress | returned=333/354 | sent=350 | in_flight=17 | errors=0 | elapsed=270.0s
2026-08-25 18:29:07.194 - AgenticReplayTiming - INFO - WARMUP cache pressure request budget reached: 10 additional requests on each of 32 lanes; draining requests
2026-08-25 18:29:07.194 - PhaseRunner - NOTICE - Phase warmup (warmup) sending complete | sent=354, completed=342, in_flight=12 | sessions: sent=35, completed=10
2026-08-25 18:29:11.399 - PhaseRunner - INFO - All accelerated-warmup wire requests returned; preserving paused DAG work for profiling handoff.
2026-08-25 18:29:11.399 - PhaseRunner - NOTICE - Phase warmup (warmup) complete | completed=354, cancelled=0, errors=0 | sessions: completed=11, cancelled=0 | elapsed=276.51s
2026-08-25 18:29:11.399 - AgenticReplayTiming - INFO - Global system-idle cap summary: limit=10s, jumps=0, skipped=0.000s
2026-08-25 18:29:11.400 - server_metrics_manager - INFO - Server Metrics: Warmup complete, capturing final warmup metrics...
2026-08-25 18:29:11.402 - AgenticReplayTiming - INFO - WARMUP cache pressure handoff: persisted 66 live streams
2026-08-25 18:29:11.402 - aiperf.timing.branch_orchestrator - INFO - BranchOrchestrator stats: spawned=50 completed=10 errored=0 suspended=10 resumed=3 parents_failed_due_to_child_error=0 joins_suppressed=0 delayed=0
2026-08-25 18:29:11.402 - PhaseRunner - INFO - Session-tree slots for phase warmup: peak_open=32 (target concurrency 32); released 28 still-open at teardown; late_events=0
2026-08-25 18:29:11.509 - aiperf.timing.replay_dependencies - INFO - Replay interval barriers active: 98827 requests, 61136 gated turns, join-widths={1: 51527, 2: 6771, 3: 1804, 4: 492, 5: 149, 6: 80, 7: 62, 8: 89, 9: 74, 10: 52, 11: 21, 12: 11, 13: 2, 14: 2}
2026-08-25 18:29:11.509 - AgenticReplayTiming - INFO - PROFILING setup: 32 trajectory lanes; recycle draws roots from the dataset sampler
2026-08-25 18:29:11.509 - AgenticReplayTiming - INFO - PROFILING: 4 rootless + 7 gated-parent lanes of 32 dispatch no root credit at start and hold a lane credit instead (so they still count toward concurrency); rootless lanes recycle into a fresh root once their background subagents drain
2026-08-25 18:29:11.509 - PhaseRunner - NOTICE - Phase profiling (profiling) started | phase_index=0 | profiling_index=0 | target: 3600.0s duration
2026-08-25 18:29:11.510 - records_manager - INFO - Credit phase start: profiling
2026-08-25 18:29:11.512 - PhaseRunner - INFO - Waiting for event 'profiling phase sending' with timeout of 3599.997089177s
2026-08-25 18:29:11.512 - AgenticReplayTiming - INFO - PROFILING execute: resuming 32 trajectory sessions (spread; first-request spread 69244.3s)
2026-08-25 18:29:19.991 - records_manager - INFO - [realtime 00:08 profiling]
2026-08-25 18:29:19.992 - records_manager - INFO -   rps=0.7 (avg 0.7)  tput_in=7,260/s  tput_out=58/s  done=6 ok=6 err=0
2026-08-25 18:29:19.992 - records_manager - INFO -   ttft    p50=2,013ms  p75=2,738ms  p95=2,776ms  p99=2,777ms
2026-08-25 18:29:19.992 - records_manager - INFO -   itl     p50=   40ms  p75=   65ms  p95=  123ms  p99=  139ms
2026-08-25 18:29:19.992 - records_manager - INFO -   e2e     p50=2,850ms  p75=3,591ms  p95=7,157ms  p99=8,044ms
2026-08-25 18:29:19.992 - records_manager - INFO -   intvty  p50=     40  p75=    128  p95=    180  p99=    188  (1/tpot tok/s)
2026-08-25 18:29:19.992 - records_manager - INFO -   isl     p50=    920  p75=  1,401  p90= 28,556  p99= 52,939  (tokens)
2026-08-25 18:29:19.992 - records_manager - INFO -   osl     p50=     23  p75=     35  p90=    196  p99=    336  (tokens)
2026-08-25 18:29:19.992 - records_manager - INFO -   tot     in=60,087  out=477
2026-08-25 18:29:19.992 - records_manager - INFO -   trace  theoretical_prefix_cache_hit=96.8%
2026-08-25 18:29:19.992 - records_manager - INFO -   srv    prefix_cache_hit=0.2% unique_in_srv=234,769 ext_cache_hit=0.0% kv_usage=2.2% queue=4r/0w tput_in_srv=28,317/s tput_out_srv=209/s
2026-08-25 18:29:50.068 - records_manager - INFO - [realtime 00:38 profiling]
2026-08-25 18:29:50.068 - records_manager - INFO -   rps=1.9 (avg 1.6)  tput_in=65,687/s  tput_out=501/s  done=62 ok=62 err=0
2026-08-25 18:29:50.068 - records_manager - INFO -   ttft    p50=  306ms  p75=  775ms  p95=2,753ms  p99= 2,846ms
2026-08-25 18:29:50.068 - records_manager - INFO -   itl     p50=    8ms  p75=    9ms  p95=   16ms  p99=    96ms
2026-08-25 18:29:50.068 - records_manager - INFO -   e2e     p50=2,236ms  p75=3,797ms  p95=9,789ms  p99=13,394ms
2026-08-25 18:29:50.068 - records_manager - INFO -   intvty  p50=    125  p75=    143  p95=    162  p99=     188  (1/tpot tok/s)
2026-08-25 18:29:50.068 - records_manager - INFO -   isl     p50= 38,605  p75= 54,655  p90= 72,141  p99=  91,903  (tokens)
2026-08-25 18:29:50.068 - records_manager - INFO -   osl     p50=    143  p75=    341  p90=    767  p99=   1,434  (tokens)
2026-08-25 18:29:50.068 - records_manager - INFO -   tot     in=2,512,188  out=19,177
2026-08-25 18:29:50.068 - records_manager - INFO -   trace  theoretical_prefix_cache_hit=96.3%
2026-08-25 18:29:50.068 - records_manager - INFO -   srv    prefix_cache_hit=80.4% unique_in_srv=523,035 ext_cache_hit=13.4% kv_usage=2.4% queue=2r/0w tput_in_srv=69,592/s tput_out_srv=559/s
2026-08-25 18:30:20.179 - records_manager - INFO - [realtime 01:08 profiling]
2026-08-25 18:30:20.179 - records_manager - INFO -   rps=1.8 (avg 1.7)  tput_in=89,961/s  tput_out=548/s  done=116 ok=116 err=0
2026-08-25 18:30:20.179 - records_manager - INFO -   ttft    p50=  298ms  p75=  401ms  p95=1,587ms  p99= 2,776ms
2026-08-25 18:30:20.179 - records_manager - INFO -   itl     p50=    8ms  p75=    9ms  p95=   11ms  p99=    66ms
2026-08-25 18:30:20.179 - records_manager - INFO -   e2e     p50=2,168ms  p75=3,407ms  p95=9,910ms  p99=16,609ms
2026-08-25 18:30:20.179 - records_manager - INFO -   intvty  p50=    125  p75=    141  p95=    162  p99=     185  (1/tpot tok/s)
2026-08-25 18:30:20.179 - records_manager - INFO -   isl     p50= 52,036  p75= 65,715  p90= 94,071  p99= 109,239  (tokens)
2026-08-25 18:30:20.179 - records_manager - INFO -   osl     p50=    186  p75=    354  p90=    680  p99=   1,823  (tokens)
2026-08-25 18:30:20.179 - records_manager - INFO -   tot     in=6,153,478  out=37,474
2026-08-25 18:30:20.179 - records_manager - INFO -   trace  theoretical_prefix_cache_hit=96.4%
2026-08-25 18:30:20.179 - records_manager - INFO -   srv    prefix_cache_hit=89.9% unique_in_srv=660,701 ext_cache_hit=11.8% kv_usage=5.8% queue=6r/0w tput_in_srv=95,945/s tput_out_srv=658/s
2026-08-25 18:30:50.330 - records_manager - INFO - [realtime 01:38 profiling]
2026-08-25 18:30:50.330 - records_manager - INFO -   rps=2.0 (avg 1.8)  tput_in=107,902/s  tput_out=758/s  done=177 ok=177 err=0
2026-08-25 18:30:50.330 - records_manager - INFO -   ttft    p50=  291ms  p75=  367ms  p95= 1,339ms  p99= 2,772ms
2026-08-25 18:30:50.330 - records_manager - INFO -   itl     p50=    7ms  p75=    8ms  p95=    11ms  p99=    65ms
2026-08-25 18:30:50.330 - records_manager - INFO -   e2e     p50=2,150ms  p75=3,397ms  p95=10,655ms  p99=22,096ms
2026-08-25 18:30:50.330 - records_manager - INFO -   intvty  p50=    134  p75=    150  p95=     171  p99=     186  (1/tpot tok/s)
2026-08-25 18:30:50.330 - records_manager - INFO -   isl     p50= 57,306  p75= 75,364  p90=  99,276  p99= 111,759  (tokens)
2026-08-25 18:30:50.330 - records_manager - INFO -   osl     p50=    224  p75=    358  p90=     783  p99=   3,012  (tokens)
2026-08-25 18:30:50.330 - records_manager - INFO -   tot     in=10,597,810  out=74,422
2026-08-25 18:30:50.330 - records_manager - INFO -   trace  theoretical_prefix_cache_hit=96.4%
2026-08-25 18:30:50.330 - records_manager - INFO -   srv    prefix_cache_hit=92.8% unique_in_srv=782,810 ext_cache_hit=10.1% kv_usage=3.0% queue=3r/0w tput_in_srv=110,321/s tput_out_srv=770/s
2026-08-25 18:31:20.517 - records_manager - INFO - [realtime 02:09 profiling]
2026-08-25 18:31:20.517 - records_manager - INFO -   rps=1.6 (avg 1.7)  tput_in=108,397/s  tput_out=760/s  done=224 ok=224 err=0
2026-08-25 18:31:20.517 - records_manager - INFO -   ttft    p50=  292ms  p75=  364ms  p95= 1,026ms  p99= 2,767ms
2026-08-25 18:31:20.517 - records_manager - INFO -   itl     p50=    7ms  p75=    8ms  p95=    11ms  p99=    53ms
2026-08-25 18:31:20.517 - records_manager - INFO -   e2e     p50=2,149ms  p75=3,447ms  p95=11,032ms  p99=23,725ms
2026-08-25 18:31:20.517 - records_manager - INFO -   intvty  p50=    139  p75=    151  p95=     173  p99=     186  (1/tpot tok/s)
2026-08-25 18:31:20.517 - records_manager - INFO -   isl     p50= 60,780  p75= 80,473  p90= 102,214  p99= 111,935  (tokens)
2026-08-25 18:31:20.517 - records_manager - INFO -   osl     p50=    234  p75=    389  p90=     848  p99=   3,304  (tokens)
2026-08-25 18:31:20.517 - records_manager - INFO -   tot     in=13,927,900  out=97,658
2026-08-25 18:31:20.517 - records_manager - INFO -   trace  theoretical_prefix_cache_hit=96.4%
2026-08-25 18:31:20.517 - records_manager - INFO -   srv    prefix_cache_hit=93.4% unique_in_srv=952,421 ext_cache_hit=8.3% kv_usage=5.1% queue=6r/0w tput_in_srv=111,997/s tput_out_srv=793/s
2026-08-25 18:31:50.745 - records_manager - INFO - [realtime 02:39 profiling]
2026-08-25 18:31:50.745 - records_manager - INFO -   rps=2.4 (avg 1.9)  tput_in=119,950/s  tput_out=775/s  done=296 ok=296 err=0
2026-08-25 18:31:50.745 - records_manager - INFO -   ttft    p50=  302ms  p75=  407ms  p95= 1,013ms  p99= 2,759ms
2026-08-25 18:31:50.745 - records_manager - INFO -   itl     p50=    7ms  p75=    8ms  p95=    11ms  p99=    18ms
2026-08-25 18:31:50.745 - records_manager - INFO -   e2e     p50=2,137ms  p75=3,799ms  p95=10,999ms  p99=24,880ms
2026-08-25 18:31:50.745 - records_manager - INFO -   intvty  p50=    136  p75=    151  p95=     172  p99=     186  (1/tpot tok/s)
2026-08-25 18:31:50.745 - records_manager - INFO -   isl     p50= 62,104  p75= 81,219  p90= 105,472  p99= 130,622  (tokens)
2026-08-25 18:31:50.745 - records_manager - INFO -   osl     p50=    224  p75=    392  p90=     764  p99=   3,388  (tokens)
2026-08-25 18:31:50.745 - records_manager - INFO -   tot     in=19,039,788  out=122,961
2026-08-25 18:31:50.745 - records_manager - INFO -   trace  theoretical_prefix_cache_hit=96.3%
2026-08-25 18:31:50.745 - records_manager - INFO -   srv    prefix_cache_hit=93.0% unique_in_srv=1,374,843 ext_cache_hit=11.0% kv_usage=9.2% queue=8r/0w tput_in_srv=123,708/s tput_out_srv=811/s
2026-08-25 18:32:21.008 - records_manager - INFO - [realtime 03:09 profiling]
2026-08-25 18:32:21.009 - records_manager - INFO -   rps=1.9 (avg 1.9)  tput_in=127,528/s  tput_out=778/s  done=353 ok=353 err=0
2026-08-25 18:32:21.009 - records_manager - INFO -   ttft    p50=  307ms  p75=  420ms  p95= 1,028ms  p99= 2,698ms
2026-08-25 18:32:21.009 - records_manager - INFO -   itl     p50=    7ms  p75=    9ms  p95=    12ms  p99=    21ms
2026-08-25 18:32:21.009 - records_manager - INFO -   e2e     p50=2,150ms  p75=3,874ms  p95=11,193ms  p99=25,414ms
2026-08-25 18:32:21.009 - records_manager - INFO -   intvty  p50=    135  p75=    150  p95=     172  p99=     186  (1/tpot tok/s)
2026-08-25 18:32:21.009 - records_manager - INFO -   isl     p50= 64,832  p75= 85,766  p90= 108,556  p99= 176,078  (tokens)
2026-08-25 18:32:21.009 - records_manager - INFO -   osl     p50=    224  p75=    395  p90=     792  p99=   3,341  (tokens)
2026-08-25 18:32:21.009 - records_manager - INFO -   tot     in=24,127,335  out=147,279
2026-08-25 18:32:21.009 - records_manager - INFO -   trace  theoretical_prefix_cache_hit=96.2%
2026-08-25 18:32:21.009 - records_manager - INFO -   srv    prefix_cache_hit=93.6% unique_in_srv=1,604,994 ext_cache_hit=9.4% kv_usage=11.1% queue=9r/0w tput_in_srv=132,514/s tput_out_srv=830/s
2026-08-25 18:32:51.367 - records_manager - INFO - [realtime 03:39 profiling]
2026-08-25 18:32:51.367 - records_manager - INFO -   rps=0.7 (avg 1.7)  tput_in=120,354/s  tput_out=760/s  done=373 ok=373 err=0
2026-08-25 18:32:51.367 - records_manager - INFO -   ttft    p50=  313ms  p75=  439ms  p95= 1,028ms  p99= 2,674ms
2026-08-25 18:32:51.367 - records_manager - INFO -   itl     p50=    7ms  p75=    9ms  p95=    12ms  p99=    19ms
2026-08-25 18:32:51.367 - records_manager - INFO -   e2e     p50=2,163ms  p75=4,017ms  p95=12,302ms  p99=26,751ms
2026-08-25 18:32:51.367 - records_manager - INFO -   intvty  p50=    136  p75=    151  p95=     172  p99=     187  (1/tpot tok/s)
2026-08-25 18:32:51.367 - records_manager - INFO -   isl     p50= 65,685  p75= 92,039  p90= 110,575  p99= 176,821  (tokens)
2026-08-25 18:32:51.367 - records_manager - INFO -   osl     p50=    225  p75=    404  p90=     899  p99=   3,406  (tokens)
2026-08-25 18:32:51.367 - records_manager - INFO -   tot     in=26,315,156  out=166,115
2026-08-25 18:32:51.367 - records_manager - INFO -   trace  theoretical_prefix_cache_hit=96.2%
2026-08-25 18:32:51.367 - records_manager - INFO -   srv    prefix_cache_hit=93.8% unique_in_srv=1,674,168 ext_cache_hit=9.0% kv_usage=8.0% queue=6r/0w tput_in_srv=122,453/s tput_out_srv=866/s
2026-08-25 18:33:21.662 - records_manager - INFO - [realtime 04:10 profiling]
2026-08-25 18:33:21.662 - records_manager - INFO -   rps=0.5 (avg 1.6)  tput_in=113,026/s  tput_out=805/s  done=389 ok=389 err=0
2026-08-25 18:33:21.662 - records_manager - INFO -   ttft    p50=  315ms  p75=  447ms  p95= 1,019ms  p99= 2,656ms
2026-08-25 18:33:21.662 - records_manager - INFO -   itl     p50=    7ms  p75=    8ms  p95=    12ms  p99=    17ms
2026-08-25 18:33:21.662 - records_manager - INFO -   e2e     p50=2,251ms  p75=4,279ms  p95=13,695ms  p99=44,717ms
2026-08-25 18:33:21.662 - records_manager - INFO -   intvty  p50=    138  p75=    154  p95=     173  p99=     186  (1/tpot tok/s)
2026-08-25 18:33:21.662 - records_manager - INFO -   isl     p50= 66,845  p75= 94,915  p90= 112,313  p99= 176,799  (tokens)
2026-08-25 18:33:21.662 - records_manager - INFO -   osl     p50=    245  p75=    473  p90=     980  p99=   6,543  (tokens)
2026-08-25 18:33:21.662 - records_manager - INFO -   tot     in=28,089,152  out=200,114
2026-08-25 18:33:21.662 - records_manager - INFO -   trace  theoretical_prefix_cache_hit=96.2%
2026-08-25 18:33:21.662 - records_manager - INFO -   srv    prefix_cache_hit=93.8% unique_in_srv=1,767,304 ext_cache_hit=8.6% kv_usage=4.9% queue=4r/0w tput_in_srv=114,067/s tput_out_srv=863/s
2026-08-25 18:33:52.022 - records_manager - INFO - [realtime 04:40 profiling]
2026-08-25 18:33:52.022 - records_manager - INFO -   rps=0.3 (avg 1.4)  tput_in=104,216/s  tput_out=822/s  done=399 ok=399 err=0
2026-08-25 18:33:52.022 - records_manager - INFO -   ttft    p50=  323ms  p75=  473ms  p95= 1,027ms  p99= 2,644ms
2026-08-25 18:33:52.022 - records_manager - INFO -   itl     p50=    7ms  p75=    8ms  p95=    11ms  p99=    16ms
2026-08-25 18:33:52.022 - records_manager - INFO -   e2e     p50=2,288ms  p75=4,363ms  p95=14,842ms  p99=48,920ms
2026-08-25 18:33:52.022 - records_manager - INFO -   intvty  p50=    139  p75=    155  p95=     174  p99=     191  (1/tpot tok/s)
2026-08-25 18:33:52.022 - records_manager - INFO -   isl     p50= 68,464  p75= 95,220  p90= 114,110  p99= 176,785  (tokens)
2026-08-25 18:33:52.022 - records_manager - INFO -   osl     p50=    251  p75=    494  p90=   1,138  p99=   7,286  (tokens)
2026-08-25 18:33:52.022 - records_manager - INFO -   tot     in=29,152,681  out=229,979
2026-08-25 18:33:52.022 - records_manager - INFO -   trace  theoretical_prefix_cache_hit=96.1%
2026-08-25 18:33:52.022 - records_manager - INFO -   srv    prefix_cache_hit=93.6% unique_in_srv=1,910,575 ext_cache_hit=7.9% kv_usage=5.6% queue=4r/0w tput_in_srv=105,609/s tput_out_srv=852/s
2026-08-25 18:34:11.512 - aiperf.timing.replay_dependencies - INFO - Per-trace idle cap advanced replay root 2fcf8a17-ff7a-493b-b361-6fc2f5bd94cb by 68944.259s
2026-08-25 18:34:11.512 - aiperf.timing.replay_dependencies - INFO - Per-trace idle cap advanced replay root 0191a7c1-a498-4bb9-9bcf-ef05fa614b5b by 1366.817s
2026-08-25 18:34:11.512 - aiperf.timing.replay_dependencies - INFO - Per-trace idle cap advanced replay root ded1da59-a8e7-4de8-84df-b109adc58cd5 by 365.075s
2026-08-25 18:34:11.512 - aiperf.timing.replay_dependencies - INFO - Per-trace idle cap advanced replay root 39e89277-1162-4f7c-81f7-8ff3b392713c by 480.913s
2026-08-25 18:34:11.513 - aiperf.timing.replay_dependencies - INFO - Per-trace idle cap advanced replay root d5c54c8f-bbd1-4d59-bf8d-006dde5b6ad8 by 4828.102s
2026-08-25 18:34:11.513 - aiperf.timing.replay_dependencies - INFO - Per-trace idle cap advanced replay root ea7c676f-41b5-479b-8cc7-d77648aa66ce by 904.388s
2026-08-25 18:34:11.513 - aiperf.timing.replay_dependencies - INFO - Per-trace idle cap advanced replay root 3a249e13-d40f-4216-986d-8a3727fe7b3f by 1491.914s
2026-08-25 18:34:11.513 - aiperf.timing.replay_dependencies - INFO - Per-trace idle cap advanced replay root db3987a7-aa88-4e3d-8fc2-7e41539f4204 by 2232.918s
2026-08-25 18:34:11.513 - aiperf.timing.replay_dependencies - INFO - Per-trace idle cap advanced replay root 1092410e-b515-40b1-9f41-2a69d03aab24 by 1432.587s
2026-08-25 18:34:11.513 - aiperf.timing.replay_dependencies - INFO - Per-trace idle cap advanced replay root a3dea304-cdb7-49ad-a6a9-7b96a3e6db86 by 200.801s
2026-08-25 18:34:11.513 - aiperf.timing.replay_dependencies - INFO - Per-trace idle cap advanced replay root 5e28e5c6-37a3-4ca6-924b-295a560150f8 by 260.857s
2026-08-25 18:34:11.513 - aiperf.timing.replay_dependencies - INFO - Per-trace idle cap advanced replay root 90e1d9a7-b2e5-444b-9223-6e92df8c127f by 22615.905s
2026-08-25 18:34:11.513 - aiperf.timing.replay_dependencies - INFO - Per-trace idle cap advanced replay root d65bc17b-934b-4083-ab16-9947583dd2b2 by 3993.794s
2026-08-25 18:34:11.513 - aiperf.timing.replay_dependencies - INFO - Per-trace idle cap advanced replay root 4c2ddb1d-b65a-411f-96a3-c8fb8b9a9eba by 660.793s
2026-08-25 18:34:11.513 - aiperf.timing.replay_dependencies - INFO - Per-trace idle cap advanced replay root 8dd75e99-f89a-4961-adee-2efe6beac1c7 by 5.195s
2026-08-25 18:34:11.513 - aiperf.timing.replay_dependencies - INFO - Per-trace idle cap advanced replay root db10ad7a-9ea5-4b5f-8394-0475257df3a9 by 230.650s
2026-08-25 18:34:11.513 - aiperf.timing.replay_dependencies - INFO - Per-trace idle cap advanced replay root cc20c92b-15a6-4973-8b11-66a11ffa5238 by 1563.827s
2026-08-25 18:34:11.513 - aiperf.timing.replay_dependencies - INFO - Per-trace idle cap advanced replay root d58adfda-e1d6-411d-b130-10c176c988e3 by 1364.598s
2026-08-25 18:34:11.513 - aiperf.timing.replay_dependencies - INFO - Per-trace idle cap advanced replay root 902a5800-80f0-4b22-9b2e-1538ba39e1e9 by 22934.592s
2026-08-25 18:34:22.413 - records_manager - INFO - [realtime 05:10 profiling]
2026-08-25 18:34:22.413 - records_manager - INFO -   rps=0.9 (avg 1.4)  tput_in=103,095/s  tput_out=797/s  done=425 ok=425 err=0
2026-08-25 18:34:22.413 - records_manager - INFO -   ttft    p50=  325ms  p75=  481ms  p95= 1,050ms  p99= 2,731ms
2026-08-25 18:34:22.413 - records_manager - INFO -   itl     p50=    7ms  p75=    8ms  p95=    12ms  p99=    38ms
2026-08-25 18:34:22.413 - records_manager - INFO -   e2e     p50=2,297ms  p75=4,433ms  p95=16,549ms  p99=47,763ms
2026-08-25 18:34:22.413 - records_manager - INFO -   intvty  p50=    140  p75=    157  p95=     179  p99=     216  (1/tpot tok/s)
2026-08-25 18:34:22.413 - records_manager - INFO -   isl     p50= 69,176  p75= 96,652  p90= 122,189  p99= 176,749  (tokens)
2026-08-25 18:34:22.413 - records_manager - INFO -   osl     p50=    247  p75=    494  p90=   1,139  p99=   7,075  (tokens)
2026-08-25 18:34:22.413 - records_manager - INFO -   tot     in=31,737,959  out=245,317
2026-08-25 18:34:22.413 - records_manager - INFO -   trace  theoretical_prefix_cache_hit=96.0%
2026-08-25 18:34:22.413 - records_manager - INFO -   srv    prefix_cache_hit=90.3% unique_in_srv=3,511,701 ext_cache_hit=43.7% kv_usage=53.5% queue=13r/8w tput_in_srv=108,761/s tput_out_srv=805/s
2026-08-25 18:34:43.598 - aiperf.timing.replay_dependencies - INFO - Per-trace idle cap advanced replay root c917dbb7-96ad-4237-9f1c-597f0a6a6a50 by 40.991s
2026-08-25 18:34:52.774 - records_manager - INFO - [realtime 05:41 profiling]
2026-08-25 18:34:52.775 - records_manager - INFO -   rps=1.5 (avg 1.4)  tput_in=112,554/s  tput_out=796/s  done=472 ok=472 err=0
2026-08-25 18:34:52.775 - records_manager - INFO -   ttft    p50=  343ms  p75=  519ms  p95= 2,145ms  p99=11,747ms
2026-08-25 18:34:52.775 - records_manager - INFO -   itl     p50=    7ms  p75=    9ms  p95=    14ms  p99=    43ms
2026-08-25 18:34:52.775 - records_manager - INFO -   e2e     p50=2,515ms  p75=4,959ms  p95=21,875ms  p99=45,526ms
2026-08-25 18:34:52.775 - records_manager - INFO -   intvty  p50=    136  p75=    154  p95=     178  p99=     215  (1/tpot tok/s)
2026-08-25 18:34:52.775 - records_manager - INFO -   isl     p50= 71,494  p75=103,770  p90= 135,633  p99= 217,461  (tokens)
2026-08-25 18:34:52.775 - records_manager - INFO -   osl     p50=    257  p75=    507  p90=   1,137  p99=   6,684  (tokens)
2026-08-25 18:34:52.775 - records_manager - INFO -   tot     in=38,235,276  out=270,327
2026-08-25 18:34:52.775 - records_manager - INFO -   trace  theoretical_prefix_cache_hit=96.1%
2026-08-25 18:34:52.775 - records_manager - INFO -   srv    prefix_cache_hit=90.9% unique_in_srv=3,806,608 ext_cache_hit=43.1% kv_usage=41.8% queue=19r/0w tput_in_srv=121,907/s tput_out_srv=848/s
2026-08-25 18:35:23.162 - records_manager - INFO - [realtime 06:11 profiling]
2026-08-25 18:35:23.162 - records_manager - INFO -   rps=1.2 (avg 1.4)  tput_in=118,424/s  tput_out=820/s  done=508 ok=508 err=0
2026-08-25 18:35:23.162 - records_manager - INFO -   ttft    p50=  350ms  p75=  534ms  p95= 2,092ms  p99=11,747ms
2026-08-25 18:35:23.162 - records_manager - INFO -   itl     p50=    8ms  p75=   10ms  p95=    15ms  p99=    48ms
2026-08-25 18:35:23.162 - records_manager - INFO -   e2e     p50=2,761ms  p75=5,260ms  p95=23,402ms  p99=48,572ms
2026-08-25 18:35:23.162 - records_manager - INFO -   intvty  p50=    132  p75=    153  p95=     178  p99=     215  (1/tpot tok/s)
2026-08-25 18:35:23.162 - records_manager - INFO -   isl     p50= 72,784  p75=106,388  p90= 142,249  p99= 278,936  (tokens)
2026-08-25 18:35:23.162 - records_manager - INFO -   osl     p50=    268  p75=    531  p90=   1,178  p99=   6,379  (tokens)
2026-08-25 18:35:23.162 - records_manager - INFO -   tot     in=42,689,453  out=295,443
2026-08-25 18:35:23.162 - records_manager - INFO -   trace  theoretical_prefix_cache_hit=96.1%
2026-08-25 18:35:23.162 - records_manager - INFO -   srv    prefix_cache_hit=90.4% unique_in_srv=4,456,457 ext_cache_hit=36.8% kv_usage=44.2% queue=23r/2w tput_in_srv=124,245/s tput_out_srv=855/s
2026-08-25 18:35:53.667 - records_manager - INFO - [realtime 06:42 profiling]
2026-08-25 18:35:53.667 - records_manager - INFO -   rps=2.0 (avg 1.4)  tput_in=123,074/s  tput_out=844/s  done=568 ok=568 err=0
2026-08-25 18:35:53.667 - records_manager - INFO -   ttft    p50=  368ms  p75=  553ms  p95= 2,718ms  p99=11,748ms
2026-08-25 18:35:53.667 - records_manager - INFO -   itl     p50=    8ms  p75=   11ms  p95=    19ms  p99=    56ms
2026-08-25 18:35:53.667 - records_manager - INFO -   e2e     p50=2,834ms  p75=5,827ms  p95=25,928ms  p99=60,445ms
2026-08-25 18:35:53.667 - records_manager - INFO -   intvty  p50=    126  p75=    151  p95=     177  p99=     215  (1/tpot tok/s)
2026-08-25 18:35:53.667 - records_manager - INFO -   isl     p50= 74,998  p75=108,988  p90= 150,478  p99= 289,509  (tokens)
2026-08-25 18:35:53.667 - records_manager - INFO -   osl     p50=    268  p75=    544  p90=   1,201  p99=   6,149  (tokens)
2026-08-25 18:35:53.667 - records_manager - INFO -   tot     in=49,413,782  out=338,687
2026-08-25 18:35:53.667 - records_manager - INFO -   trace  theoretical_prefix_cache_hit=96.0%
2026-08-25 18:35:53.667 - records_manager - INFO -   srv    prefix_cache_hit=91.2% unique_in_srv=4,664,059 ext_cache_hit=35.6% kv_usage=42.4% queue=21r/0w tput_in_srv=131,348/s tput_out_srv=897/s
2026-08-25 18:36:24.135 - records_manager - INFO - [realtime 07:12 profiling]
2026-08-25 18:36:24.135 - records_manager - INFO -   rps=1.9 (avg 1.5)  tput_in=128,709/s  tput_out=841/s  done=626 ok=626 err=0
2026-08-25 18:36:24.135 - records_manager - INFO -   ttft    p50=  386ms  p75=  575ms  p95= 2,325ms  p99=11,747ms
2026-08-25 18:36:24.135 - records_manager - INFO -   itl     p50=    8ms  p75=   12ms  p95=    22ms  p99=    51ms
2026-08-25 18:36:24.135 - records_manager - INFO -   e2e     p50=2,965ms  p75=5,970ms  p95=24,669ms  p99=61,521ms
2026-08-25 18:36:24.135 - records_manager - INFO -   intvty  p50=    122  p75=    149  p95=     174  p99=     214  (1/tpot tok/s)
2026-08-25 18:36:24.135 - records_manager - INFO -   isl     p50= 77,069  p75=110,965  p90= 153,905  p99= 290,688  (tokens)
2026-08-25 18:36:24.135 - records_manager - INFO -   osl     p50=    259  p75=    541  p90=   1,178  p99=   5,886  (tokens)
2026-08-25 18:36:24.135 - records_manager - INFO -   tot     in=55,517,656  out=362,921
2026-08-25 18:36:24.135 - records_manager - INFO -   trace  theoretical_prefix_cache_hit=95.9%
2026-08-25 18:36:24.135 - records_manager - INFO -   srv    prefix_cache_hit=91.5% unique_in_srv=5,071,472 ext_cache_hit=32.8% kv_usage=54.8% queue=23r/0w tput_in_srv=138,700/s tput_out_srv=920/s
2026-08-25 18:36:54.721 - records_manager - INFO - [realtime 07:43 profiling]
2026-08-25 18:36:54.721 - records_manager - INFO -   rps=2.5 (avg 1.5)  tput_in=137,103/s  tput_out=877/s  done=703 ok=703 err=0
2026-08-25 18:36:54.721 - records_manager - INFO -   ttft    p50=  398ms  p75=  598ms  p95= 2,097ms  p99=11,718ms
2026-08-25 18:36:54.721 - records_manager - INFO -   itl     p50=    9ms  p75=   13ms  p95=    20ms  p99=    51ms
2026-08-25 18:36:54.721 - records_manager - INFO -   e2e     p50=3,044ms  p75=6,304ms  p95=26,053ms  p99=66,480ms
2026-08-25 18:36:54.721 - records_manager - INFO -   intvty  p50=    113  p75=    145  p95=     174  p99=     212  (1/tpot tok/s)
2026-08-25 18:36:54.721 - records_manager - INFO -   isl     p50= 77,177  p75=111,169  p90= 156,532  p99= 336,880  (tokens)
2026-08-25 18:36:54.721 - records_manager - INFO -   osl     p50=    258  p75=    541  p90=   1,178  p99=   5,522  (tokens)
2026-08-25 18:36:54.721 - records_manager - INFO -   tot     in=63,360,442  out=405,365
2026-08-25 18:36:54.721 - records_manager - INFO -   trace  theoretical_prefix_cache_hit=95.9%
2026-08-25 18:36:54.721 - records_manager - INFO -   srv    prefix_cache_hit=92.1% unique_in_srv=5,284,377 ext_cache_hit=31.5% kv_usage=48.0% queue=20r/0w tput_in_srv=145,279/s tput_out_srv=966/s
2026-08-25 18:37:25.388 - records_manager - INFO - [realtime 08:13 profiling]
2026-08-25 18:37:25.388 - records_manager - INFO -   rps=2.1 (avg 1.6)  tput_in=144,851/s  tput_out=929/s  done=767 ok=767 err=0
2026-08-25 18:37:25.388 - records_manager - INFO -   ttft    p50=  405ms  p75=  607ms  p95= 2,072ms  p99=10,809ms
2026-08-25 18:37:25.388 - records_manager - INFO -   itl     p50=   10ms  p75=   14ms  p95=    21ms  p99=    50ms
2026-08-25 18:37:25.388 - records_manager - INFO -   e2e     p50=3,128ms  p75=6,697ms  p95=27,430ms  p99=72,597ms
2026-08-25 18:37:25.388 - records_manager - INFO -   intvty  p50=    105  p75=    143  p95=     173  p99=     208  (1/tpot tok/s)
2026-08-25 18:37:25.388 - records_manager - INFO -   isl     p50= 77,829  p75=112,268  p90= 161,124  p99= 381,985  (tokens)
2026-08-25 18:37:25.388 - records_manager - INFO -   osl     p50=    255  p75=    541  p90=   1,220  p99=   6,108  (tokens)
2026-08-25 18:37:25.388 - records_manager - INFO -   tot     in=71,365,937  out=457,523
2026-08-25 18:37:25.388 - records_manager - INFO -   trace  theoretical_prefix_cache_hit=96.0%
2026-08-25 18:37:25.388 - records_manager - INFO -   srv    prefix_cache_hit=92.4% unique_in_srv=5,721,557 ext_cache_hit=33.2% kv_usage=47.8% queue=21r/0w tput_in_srv=152,662/s tput_out_srv=1,004/s
2026-08-25 18:37:56.087 - records_manager - INFO - [realtime 08:44 profiling]
2026-08-25 18:37:56.088 - records_manager - INFO -   rps=1.9 (avg 1.6)  tput_in=148,507/s  tput_out=959/s  done=826 ok=826 err=0
2026-08-25 18:37:56.088 - records_manager - INFO -   ttft    p50=  410ms  p75=  609ms  p95= 1,794ms  p99=10,214ms
2026-08-25 18:37:56.088 - records_manager - INFO -   itl     p50=   11ms  p75=   14ms  p95=    22ms  p99=    50ms
2026-08-25 18:37:56.088 - records_manager - INFO -   e2e     p50=3,236ms  p75=7,054ms  p95=28,475ms  p99=73,871ms
2026-08-25 18:37:56.088 - records_manager - INFO -   intvty  p50=     94  p75=    141  p95=     173  p99=     205  (1/tpot tok/s)
2026-08-25 18:37:56.088 - records_manager - INFO -   isl     p50= 78,168  p75=113,412  p90= 163,514  p99= 433,935  (tokens)
2026-08-25 18:37:56.088 - records_manager - INFO -   osl     p50=    254  p75=    547  p90=   1,332  p99=   6,041  (tokens)
2026-08-25 18:37:56.088 - records_manager - INFO -   tot     in=77,790,047  out=502,368
2026-08-25 18:37:56.088 - records_manager - INFO -   trace  theoretical_prefix_cache_hit=96.1%
2026-08-25 18:37:56.088 - records_manager - INFO -   srv    prefix_cache_hit=92.7% unique_in_srv=5,999,978 ext_cache_hit=32.0% kv_usage=52.9% queue=28r/0w tput_in_srv=156,665/s tput_out_srv=1,038/s
2026-08-25 18:38:26.820 - records_manager - INFO - [realtime 09:15 profiling]
2026-08-25 18:38:26.821 - records_manager - INFO -   rps=2.1 (avg 1.6)  tput_in=151,493/s  tput_out=992/s  done=892 ok=892 err=0
2026-08-25 18:38:26.821 - records_manager - INFO -   ttft    p50=  417ms  p75=  613ms  p95= 1,667ms  p99= 9,920ms
2026-08-25 18:38:26.821 - records_manager - INFO -   itl     p50=   11ms  p75=   15ms  p95=    22ms  p99=    48ms
2026-08-25 18:38:26.821 - records_manager - INFO -   e2e     p50=3,342ms  p75=7,371ms  p95=29,927ms  p99=74,220ms
2026-08-25 18:38:26.821 - records_manager - INFO -   intvty  p50=     88  p75=    138  p95=     172  p99=     204  (1/tpot tok/s)
2026-08-25 18:38:26.821 - records_manager - INFO -   isl     p50= 77,069  p75=113,622  p90= 168,206  p99= 465,763  (tokens)
2026-08-25 18:38:26.821 - records_manager - INFO -   osl     p50=    254  p75=    552  p90=   1,326  p99=   6,076  (tokens)
2026-08-25 18:38:26.821 - records_manager - INFO -   tot     in=83,946,549  out=549,958
2026-08-25 18:38:26.821 - records_manager - INFO -   trace  theoretical_prefix_cache_hit=96.1%
2026-08-25 18:38:26.821 - records_manager - INFO -   srv    prefix_cache_hit=92.9% unique_in_srv=6,306,281 ext_cache_hit=32.0% kv_usage=53.0% queue=32r/0w tput_in_srv=159,637/s tput_out_srv=1,081/s
2026-08-25 18:38:57.623 - records_manager - INFO - [realtime 09:46 profiling]
2026-08-25 18:38:57.623 - records_manager - INFO -   rps=2.6 (avg 1.7)  tput_in=156,613/s  tput_out=1,032/s  done=971 ok=971 err=0
2026-08-25 18:38:57.623 - records_manager - INFO -   ttft    p50=  415ms  p75=  614ms  p95= 1,567ms  p99= 9,305ms
2026-08-25 18:38:57.623 - records_manager - INFO -   itl     p50=   12ms  p75=   15ms  p95=    22ms  p99=    44ms
2026-08-25 18:38:57.623 - records_manager - INFO -   e2e     p50=3,397ms  p75=7,459ms  p95=31,222ms  p99=73,519ms
2026-08-25 18:38:57.623 - records_manager - INFO -   intvty  p50=     83  p75=    135  p95=     172  p99=     203  (1/tpot tok/s)
2026-08-25 18:38:57.623 - records_manager - INFO -   isl     p50= 76,824  p75=114,242  p90= 171,072  p99= 466,114  (tokens)
2026-08-25 18:38:57.623 - records_manager - INFO -   osl     p50=    252  p75=    562  p90=   1,397  p99=   6,019  (tokens)
2026-08-25 18:38:57.623 - records_manager - INFO -   tot     in=91,595,096  out=603,454
2026-08-25 18:38:57.623 - records_manager - INFO -   trace  theoretical_prefix_cache_hit=96.2%
2026-08-25 18:38:57.623 - records_manager - INFO -   srv    prefix_cache_hit=93.2% unique_in_srv=6,529,851 ext_cache_hit=30.9% kv_usage=46.6% queue=22r/0w tput_in_srv=163,160/s tput_out_srv=1,121/s
2026-08-25 18:39:28.616 - records_manager - INFO - [realtime 10:17 profiling]
2026-08-25 18:39:28.616 - records_manager - INFO -   rps=1.5 (avg 1.7)  tput_in=158,920/s  tput_out=1,056/s  done=1,018 ok=1,018 err=0
2026-08-25 18:39:28.616 - records_manager - INFO -   ttft    p50=  426ms  p75=  623ms  p95= 1,609ms  p99= 8,991ms
2026-08-25 18:39:28.616 - records_manager - INFO -   itl     p50=   12ms  p75=   15ms  p95=    22ms  p99=    42ms
2026-08-25 18:39:28.616 - records_manager - INFO -   e2e     p50=3,444ms  p75=7,866ms  p95=31,871ms  p99=76,588ms
2026-08-25 18:39:28.616 - records_manager - INFO -   intvty  p50=     81  p75=    133  p95=     171  p99=     201  (1/tpot tok/s)
2026-08-25 18:39:28.616 - records_manager - INFO -   isl     p50= 77,708  p75=115,812  p90= 175,281  p99= 467,001  (tokens)
2026-08-25 18:39:28.616 - records_manager - INFO -   osl     p50=    254  p75=    580  p90=   1,440  p99=   6,112  (tokens)
2026-08-25 18:39:28.616 - records_manager - INFO -   tot     in=97,878,578  out=650,154
2026-08-25 18:39:28.616 - records_manager - INFO -   trace  theoretical_prefix_cache_hit=96.1%
2026-08-25 18:39:28.616 - records_manager - INFO -   srv    prefix_cache_hit=93.3% unique_in_srv=6,838,019 ext_cache_hit=29.5% kv_usage=42.5% queue=19r/0w tput_in_srv=164,562/s tput_out_srv=1,143/s
2026-08-25 18:39:33.111 - aiperf.timing.replay_dependencies - INFO - Per-trace idle cap advanced replay root 50f768c0-1d49-4aa9-9dec-158521501844 by 914.897s
2026-08-25 18:39:59.502 - records_manager - INFO - [realtime 10:47 profiling]
2026-08-25 18:39:59.502 - records_manager - INFO -   rps=1.4 (avg 1.6)  tput_in=163,228/s  tput_out=1,111/s  done=1,062 ok=1,062 err=0
2026-08-25 18:39:59.502 - records_manager - INFO -   ttft    p50=  439ms  p75=  647ms  p95= 1,607ms  p99= 8,815ms
2026-08-25 18:39:59.502 - records_manager - INFO -   itl     p50=   12ms  p75=   15ms  p95=    22ms  p99=    42ms
2026-08-25 18:39:59.502 - records_manager - INFO -   e2e     p50=3,553ms  p75=8,411ms  p95=33,623ms  p99=90,863ms
2026-08-25 18:39:59.502 - records_manager - INFO -   intvty  p50=     81  p75=    130  p95=     171  p99=     203  (1/tpot tok/s)
2026-08-25 18:39:59.502 - records_manager - INFO -   isl     p50= 79,364  p75=118,228  p90= 176,907  p99= 470,498  (tokens)
2026-08-25 18:39:59.502 - records_manager - INFO -   osl     p50=    263  p75=    601  p90=   1,513  p99=   6,536  (tokens)
2026-08-25 18:39:59.502 - records_manager - INFO -   tot     in=105,550,787  out=718,237
2026-08-25 18:39:59.502 - records_manager - INFO -   trace  theoretical_prefix_cache_hit=96.2%
2026-08-25 18:39:59.502 - records_manager - INFO -   srv    prefix_cache_hit=93.5% unique_in_srv=7,094,141 ext_cache_hit=29.7% kv_usage=44.0% queue=20r/0w tput_in_srv=168,502/s tput_out_srv=1,164/s
2026-08-25 18:40:30.393 - records_manager - INFO - [realtime 11:18 profiling]
2026-08-25 18:40:30.393 - records_manager - INFO -   rps=1.0 (avg 1.6)  tput_in=164,228/s  tput_out=1,104/s  done=1,092 ok=1,092 err=0
2026-08-25 18:40:30.394 - records_manager - INFO -   ttft    p50=  440ms  p75=  655ms  p95= 1,607ms  p99= 8,695ms
2026-08-25 18:40:30.394 - records_manager - INFO -   itl     p50=   12ms  p75=   15ms  p95=    21ms  p99=    41ms
2026-08-25 18:40:30.394 - records_manager - INFO -   e2e     p50=3,599ms  p75=8,828ms  p95=35,837ms  p99=88,163ms
2026-08-25 18:40:30.394 - records_manager - INFO -   intvty  p50=     82  p75=    129  p95=     171  p99=     202  (1/tpot tok/s)
2026-08-25 18:40:30.394 - records_manager - INFO -   isl     p50= 80,737  p75=122,175  p90= 181,504  p99= 491,420  (tokens)
2026-08-25 18:40:30.394 - records_manager - INFO -   osl     p50=    266  p75=    629  p90=   1,537  p99=   6,465  (tokens)
2026-08-25 18:40:30.394 - records_manager - INFO -   tot     in=111,158,370  out=747,084
2026-08-25 18:40:30.394 - records_manager - INFO -   trace  theoretical_prefix_cache_hit=96.3%
2026-08-25 18:40:30.394 - records_manager - INFO -   srv    prefix_cache_hit=93.7% unique_in_srv=7,197,215 ext_cache_hit=29.3% kv_usage=36.6% queue=17r/0w tput_in_srv=168,281/s tput_out_srv=1,182/s
2026-08-25 18:41:01.324 - records_manager - INFO - [realtime 11:49 profiling]
2026-08-25 18:41:01.324 - records_manager - INFO -   rps=1.1 (avg 1.6)  tput_in=165,287/s  tput_out=1,149/s  done=1,125 ok=1,125 err=0
2026-08-25 18:41:01.325 - records_manager - INFO -   ttft    p50=  447ms  p75=  674ms  p95= 1,589ms  p99= 8,288ms
2026-08-25 18:41:01.325 - records_manager - INFO -   itl     p50=   12ms  p75=   15ms  p95=    21ms  p99=    41ms
2026-08-25 18:41:01.325 - records_manager - INFO -   e2e     p50=3,672ms  p75=9,017ms  p95=38,609ms  p99=97,866ms
2026-08-25 18:41:01.325 - records_manager - INFO -   intvty  p50=     83  p75=    127  p95=     170  p99=     201  (1/tpot tok/s)
2026-08-25 18:41:01.325 - records_manager - INFO -   isl     p50= 82,972  p75=123,688  p90= 185,180  p99= 620,833  (tokens)
2026-08-25 18:41:01.325 - records_manager - INFO -   osl     p50=    269  p75=    650  p90=   1,594  p99=   7,257  (tokens)
2026-08-25 18:41:01.325 - records_manager - INFO -   tot     in=117,018,815  out=813,631
2026-08-25 18:41:01.325 - records_manager - INFO -   trace  theoretical_prefix_cache_hit=96.3%
2026-08-25 18:41:01.325 - records_manager - INFO -   srv    prefix_cache_hit=93.9% unique_in_srv=7,275,919 ext_cache_hit=28.9% kv_usage=38.0% queue=15r/0w tput_in_srv=169,439/s tput_out_srv=1,199/s
2026-08-25 18:41:32.362 - records_manager - INFO - [realtime 12:20 profiling]
2026-08-25 18:41:32.362 - records_manager - INFO -   rps=0.9 (avg 1.6)  tput_in=167,592/s  tput_out=1,153/s  done=1,152 ok=1,152 err=0
2026-08-25 18:41:32.362 - records_manager - INFO -   ttft    p50=  454ms  p75=  678ms  p95= 1,586ms  p99= 7,871ms
2026-08-25 18:41:32.362 - records_manager - INFO -   itl     p50=   12ms  p75=   15ms  p95=    21ms  p99=    40ms
2026-08-25 18:41:32.362 - records_manager - INFO -   e2e     p50=3,730ms  p75=9,400ms  p95=40,226ms  p99=98,578ms
2026-08-25 18:41:32.362 - records_manager - INFO -   intvty  p50=     83  p75=    126  p95=     170  p99=     203  (1/tpot tok/s)
2026-08-25 18:41:32.362 - records_manager - INFO -   isl     p50= 84,312  p75=126,282  p90= 190,519  p99= 674,542  (tokens)
2026-08-25 18:41:32.362 - records_manager - INFO -   osl     p50=    276  p75=    666  p90=   1,617  p99=   7,544  (tokens)
2026-08-25 18:41:32.362 - records_manager - INFO -   tot     in=123,711,452  out=851,026
2026-08-25 18:41:32.362 - records_manager - INFO -   trace  theoretical_prefix_cache_hit=96.4%
2026-08-25 18:41:32.362 - records_manager - INFO -   srv    prefix_cache_hit=94.1% unique_in_srv=7,452,379 ext_cache_hit=28.3% kv_usage=25.3% queue=15r/0w tput_in_srv=170,017/s tput_out_srv=1,207/s
2026-08-25 18:41:53.405 - aiperf.timing.replay_dependencies - INFO - Per-trace idle cap advanced replay root 2fcf8a17-ff7a-493b-b361-6fc2f5bd94cb by 4.301s
2026-08-25 18:42:03.327 - records_manager - INFO - [realtime 12:51 profiling]
2026-08-25 18:42:03.327 - records_manager - INFO -   rps=1.0 (avg 1.5)  tput_in=165,915/s  tput_out=1,143/s  done=1,183 ok=1,183 err=0
2026-08-25 18:42:03.327 - records_manager - INFO -   ttft    p50=  453ms  p75=  678ms  p95= 1,581ms  p99= 7,392ms
2026-08-25 18:42:03.327 - records_manager - INFO -   itl     p50=   12ms  p75=   15ms  p95=    21ms  p99=    40ms
2026-08-25 18:42:03.327 - records_manager - INFO -   e2e     p50=3,774ms  p75=9,421ms  p95=43,326ms  p99=98,277ms
2026-08-25 18:42:03.327 - records_manager - INFO -   intvty  p50=     84  p75=    125  p95=     170  p99=     203  (1/tpot tok/s)
2026-08-25 18:42:03.327 - records_manager - INFO -   isl     p50= 85,320  p75=127,290  p90= 191,726  p99= 676,484  (tokens)
2026-08-25 18:42:03.327 - records_manager - INFO -   osl     p50=    277  p75=    670  p90=   1,631  p99=   7,374  (tokens)
2026-08-25 18:42:03.327 - records_manager - INFO -   tot     in=127,872,182  out=880,699
2026-08-25 18:42:03.327 - records_manager - INFO -   trace  theoretical_prefix_cache_hit=96.5%
2026-08-25 18:42:03.327 - records_manager - INFO -   srv    prefix_cache_hit=93.9% unique_in_srv=7,991,689 ext_cache_hit=30.9% kv_usage=42.2% queue=17r/0w tput_in_srv=170,356/s tput_out_srv=1,211/s
2026-08-25 18:42:34.350 - records_manager - INFO - [realtime 13:22 profiling]
2026-08-25 18:42:34.350 - records_manager - INFO -   rps=1.3 (avg 1.5)  tput_in=166,699/s  tput_out=1,161/s  done=1,223 ok=1,223 err=0
2026-08-25 18:42:34.350 - records_manager - INFO -   ttft    p50=  454ms  p75=  679ms  p95= 1,605ms  p99= 7,007ms
2026-08-25 18:42:34.350 - records_manager - INFO -   itl     p50=   12ms  p75=   15ms  p95=    21ms  p99=    39ms
2026-08-25 18:42:34.350 - records_manager - INFO -   e2e     p50=3,774ms  p75=9,443ms  p95=44,592ms  p99=98,860ms
2026-08-25 18:42:34.350 - records_manager - INFO -   intvty  p50=     85  p75=    124  p95=     169  p99=     204  (1/tpot tok/s)
2026-08-25 18:42:34.351 - records_manager - INFO -   isl     p50= 85,626  p75=129,412  p90= 192,395  p99= 678,929  (tokens)
2026-08-25 18:42:34.351 - records_manager - INFO -   osl     p50=    277  p75=    672  p90=   1,661  p99=   7,703  (tokens)
2026-08-25 18:42:34.351 - records_manager - INFO -   tot     in=133,586,844  out=930,501
2026-08-25 18:42:34.351 - records_manager - INFO -   trace  theoretical_prefix_cache_hit=96.5%
2026-08-25 18:42:34.351 - records_manager - INFO -   srv    prefix_cache_hit=94.0% unique_in_srv=8,171,517 ext_cache_hit=30.2% kv_usage=31.9% queue=12r/0w tput_in_srv=169,864/s tput_out_srv=1,215/s
2026-08-25 18:42:52.927 - aiperf.timing.replay_dependencies - INFO - Per-trace idle cap advanced replay root c14019c9-23bc-4d21-baaa-c9e97580da8c by 1077.567s
2026-08-25 18:43:05.545 - records_manager - INFO - [realtime 13:54 profiling]
2026-08-25 18:43:05.546 - records_manager - INFO -   rps=1.1 (avg 1.5)  tput_in=165,804/s  tput_out=1,169/s  done=1,258 ok=1,258 err=0
2026-08-25 18:43:05.546 - records_manager - INFO -   ttft    p50=  453ms  p75=  678ms  p95= 1,606ms  p99= 6,836ms
2026-08-25 18:43:05.546 - records_manager - INFO -   itl     p50=   12ms  p75=   15ms  p95=    21ms  p99=    39ms
2026-08-25 18:43:05.546 - records_manager - INFO -   e2e     p50=3,732ms  p75=9,451ms  p95=46,495ms  p99=98,933ms
2026-08-25 18:43:05.546 - records_manager - INFO -   intvty  p50=     86  p75=    123  p95=     169  p99=     203  (1/tpot tok/s)
2026-08-25 18:43:05.546 - records_manager - INFO -   isl     p50= 85,894  p75=130,289  p90= 192,311  p99= 679,918  (tokens)
2026-08-25 18:43:05.546 - records_manager - INFO -   osl     p50=    278  p75=    674  p90=   1,688  p99=   8,071  (tokens)
2026-08-25 18:43:05.546 - records_manager - INFO -   tot     in=137,991,596  out=972,537
2026-08-25 18:43:05.546 - records_manager - INFO -   trace  theoretical_prefix_cache_hit=96.5%
2026-08-25 18:43:05.546 - records_manager - INFO -   srv    prefix_cache_hit=94.0% unique_in_srv=8,385,545 ext_cache_hit=30.7% kv_usage=28.1% queue=13r/0w tput_in_srv=168,413/s tput_out_srv=1,222/s
2026-08-25 18:43:36.643 - records_manager - INFO - [realtime 14:25 profiling]
2026-08-25 18:43:36.643 - records_manager - INFO -   rps=0.7 (avg 1.5)  tput_in=163,706/s  tput_out=1,167/s  done=1,281 ok=1,281 err=0
2026-08-25 18:43:36.643 - records_manager - INFO -   ttft    p50=  454ms  p75=  678ms  p95= 1,591ms  p99= 6,724ms
2026-08-25 18:43:36.643 - records_manager - INFO -   itl     p50=   12ms  p75=   15ms  p95=    21ms  p99=    39ms
2026-08-25 18:43:36.643 - records_manager - INFO -   e2e     p50=3,785ms  p75=9,734ms  p95=46,483ms  p99=99,602ms
2026-08-25 18:43:36.643 - records_manager - INFO -   intvty  p50=     86  p75=    122  p95=     168  p99=     203  (1/tpot tok/s)
2026-08-25 18:43:36.643 - records_manager - INFO -   isl     p50= 86,928  p75=131,849  p90= 192,784  p99= 679,503  (tokens)
2026-08-25 18:43:36.643 - records_manager - INFO -   osl     p50=    280  p75=    694  p90=   1,775  p99=   8,478  (tokens)
2026-08-25 18:43:36.643 - records_manager - INFO -   tot     in=141,393,823  out=1,007,797
2026-08-25 18:43:36.643 - records_manager - INFO -   trace  theoretical_prefix_cache_hit=96.5%
2026-08-25 18:43:36.643 - records_manager - INFO -   srv    prefix_cache_hit=93.9% unique_in_srv=8,842,554 ext_cache_hit=30.8% kv_usage=45.2% queue=19r/0w tput_in_srv=167,924/s tput_out_srv=1,221/s
2026-08-25 18:44:07.876 - records_manager - INFO - [realtime 14:56 profiling]
2026-08-25 18:44:07.877 - records_manager - INFO -   rps=1.0 (avg 1.5)  tput_in=163,163/s  tput_out=1,170/s  done=1,311 ok=1,311 err=0
2026-08-25 18:44:07.877 - records_manager - INFO -   ttft    p50=  454ms  p75=  683ms  p95= 1,690ms  p99= 6,539ms
2026-08-25 18:44:07.877 - records_manager - INFO -   itl     p50=   11ms  p75=   15ms  p95=    21ms  p99=    39ms
2026-08-25 18:44:07.877 - records_manager - INFO -   e2e     p50=3,831ms  p75=9,795ms  p95=46,523ms  p99=99,049ms
2026-08-25 18:44:07.877 - records_manager - INFO -   intvty  p50=     87  p75=    121  p95=     168  p99=     202  (1/tpot tok/s)
2026-08-25 18:44:07.877 - records_manager - INFO -   isl     p50= 88,313  p75=133,364  p90= 193,243  p99= 679,046  (tokens)
2026-08-25 18:44:07.877 - records_manager - INFO -   osl     p50=    284  p75=    704  p90=   1,802  p99=   8,387  (tokens)
2026-08-25 18:44:07.877 - records_manager - INFO -   tot     in=145,919,192  out=1,046,596
2026-08-25 18:44:07.877 - records_manager - INFO -   trace  theoretical_prefix_cache_hit=96.5%
2026-08-25 18:44:07.877 - records_manager - INFO -   srv    prefix_cache_hit=94.0% unique_in_srv=8,910,104 ext_cache_hit=30.6% kv_usage=27.4% queue=12r/0w tput_in_srv=165,524/s tput_out_srv=1,231/s
2026-08-25 18:44:39.155 - records_manager - INFO - [realtime 15:27 profiling]
2026-08-25 18:44:39.155 - records_manager - INFO -   rps=1.2 (avg 1.5)  tput_in=164,239/s  tput_out=1,194/s  done=1,348 ok=1,348 err=0
2026-08-25 18:44:39.155 - records_manager - INFO -   ttft    p50=  454ms  p75=  681ms  p95= 1,614ms  p99=  6,216ms
2026-08-25 18:44:39.155 - records_manager - INFO -   itl     p50=   11ms  p75=   15ms  p95=    20ms  p99=     39ms
2026-08-25 18:44:39.155 - records_manager - INFO -   e2e     p50=3,847ms  p75=9,792ms  p95=47,121ms  p99=100,474ms
2026-08-25 18:44:39.155 - records_manager - INFO -   intvty  p50=     88  p75=    122  p95=     167  p99=      199  (1/tpot tok/s)
2026-08-25 18:44:39.155 - records_manager - INFO -   isl     p50= 89,812  p75=136,305  p90= 194,216  p99=  680,098  (tokens)
2026-08-25 18:44:39.155 - records_manager - INFO -   osl     p50=    288  p75=    715  p90=   1,839  p99=    8,607  (tokens)
2026-08-25 18:44:39.155 - records_manager - INFO -   tot     in=152,066,483  out=1,105,119
2026-08-25 18:44:39.155 - records_manager - INFO -   trace  theoretical_prefix_cache_hit=96.5%
2026-08-25 18:44:39.155 - records_manager - INFO -   srv    prefix_cache_hit=94.2% unique_in_srv=8,968,758 ext_cache_hit=30.4% kv_usage=30.3% queue=10r/0w tput_in_srv=166,838/s tput_out_srv=1,235/s
2026-08-25 18:45:10.473 - records_manager - INFO - [realtime 15:58 profiling]
2026-08-25 18:45:10.474 - records_manager - INFO -   rps=0.9 (avg 1.4)  tput_in=164,859/s  tput_out=1,183/s  done=1,376 ok=1,376 err=0
2026-08-25 18:45:10.474 - records_manager - INFO -   ttft    p50=  454ms  p75=  679ms  p95= 1,607ms  p99= 5,972ms
2026-08-25 18:45:10.474 - records_manager - INFO -   itl     p50=   11ms  p75=   15ms  p95=    20ms  p99=    39ms
2026-08-25 18:45:10.474 - records_manager - INFO -   e2e     p50=3,847ms  p75=9,815ms  p95=46,778ms  p99=99,734ms
2026-08-25 18:45:10.474 - records_manager - INFO -   intvty  p50=     89  p75=    123  p95=     168  p99=     204  (1/tpot tok/s)
2026-08-25 18:45:10.474 - records_manager - INFO -   isl     p50= 90,675  p75=137,230  p90= 196,524  p99= 683,436  (tokens)
2026-08-25 18:45:10.474 - records_manager - INFO -   osl     p50=    288  p75=    733  p90=   1,868  p99=   8,497  (tokens)
2026-08-25 18:45:10.474 - records_manager - INFO -   tot     in=157,864,713  out=1,133,245
2026-08-25 18:45:10.474 - records_manager - INFO -   trace  theoretical_prefix_cache_hit=96.6%
2026-08-25 18:45:10.474 - records_manager - INFO -   srv    prefix_cache_hit=94.4% unique_in_srv=9,020,034 ext_cache_hit=30.2% kv_usage=24.7% queue=12r/0w tput_in_srv=166,815/s tput_out_srv=1,237/s
2026-08-25 18:45:41.844 - records_manager - INFO - [realtime 16:30 profiling]
2026-08-25 18:45:41.844 - records_manager - INFO -   rps=0.9 (avg 1.4)  tput_in=165,361/s  tput_out=1,197/s  done=1,405 ok=1,405 err=0
2026-08-25 18:45:41.844 - records_manager - INFO -   ttft    p50=  459ms  p75=   680ms  p95= 1,603ms  p99=  5,753ms
2026-08-25 18:45:41.844 - records_manager - INFO -   itl     p50=   11ms  p75=    14ms  p95=    20ms  p99=     38ms
2026-08-25 18:45:41.844 - records_manager - INFO -   e2e     p50=3,872ms  p75=10,196ms  p95=46,547ms  p99=101,611ms
2026-08-25 18:45:41.844 - records_manager - INFO -   intvty  p50=     90  p75=     123  p95=     167  p99=      204  (1/tpot tok/s)
2026-08-25 18:45:41.844 - records_manager - INFO -   isl     p50= 92,039  p75= 139,168  p90= 196,772  p99=  694,331  (tokens)
2026-08-25 18:45:41.844 - records_manager - INFO -   osl     p50=    298  p75=     759  p90=   1,908  p99=    8,776  (tokens)
2026-08-25 18:45:41.844 - records_manager - INFO -   tot     in=163,210,891  out=1,181,543
2026-08-25 18:45:41.844 - records_manager - INFO -   trace  theoretical_prefix_cache_hit=96.6%
2026-08-25 18:45:41.844 - records_manager - INFO -   srv    prefix_cache_hit=94.5% unique_in_srv=9,167,494 ext_cache_hit=29.7% kv_usage=31.4% queue=11r/0w tput_in_srv=167,621/s tput_out_srv=1,236/s
2026-08-25 18:46:13.094 - records_manager - INFO - [realtime 17:01 profiling]
2026-08-25 18:46:13.094 - records_manager - INFO -   rps=0.8 (avg 1.4)  tput_in=164,142/s  tput_out=1,182/s  done=1,429 ok=1,429 err=0
2026-08-25 18:46:13.094 - records_manager - INFO -   ttft    p50=  460ms  p75=   678ms  p95= 1,587ms  p99=  5,744ms
2026-08-25 18:46:13.094 - records_manager - INFO -   itl     p50=   11ms  p75=    14ms  p95=    20ms  p99=     38ms
2026-08-25 18:46:13.094 - records_manager - INFO -   e2e     p50=3,903ms  p75=10,200ms  p95=46,474ms  p99=100,976ms
2026-08-25 18:46:13.094 - records_manager - INFO -   intvty  p50=     91  p75=     124  p95=     167  p99=      203  (1/tpot tok/s)
2026-08-25 18:46:13.094 - records_manager - INFO -   isl     p50= 93,477  p75= 140,881  p90= 199,452  p99=  692,425  (tokens)
2026-08-25 18:46:13.094 - records_manager - INFO -   osl     p50=    301  p75=     762  p90=   1,929  p99=    8,682  (tokens)
2026-08-25 18:46:13.094 - records_manager - INFO -   tot     in=167,393,907  out=1,205,016
2026-08-25 18:46:13.094 - records_manager - INFO -   trace  theoretical_prefix_cache_hit=96.6%
2026-08-25 18:46:13.094 - records_manager - INFO -   srv    prefix_cache_hit=94.5% unique_in_srv=9,335,843 ext_cache_hit=30.1% kv_usage=30.3% queue=12r/0w tput_in_srv=166,471/s tput_out_srv=1,237/s
2026-08-25 18:46:37.001 - aiperf.timing.replay_dependencies - INFO - Per-trace idle cap advanced replay root a3dea304-cdb7-49ad-a6a9-7b96a3e6db86 by 643.010s
2026-08-25 18:46:44.539 - records_manager - INFO - [realtime 17:33 profiling]
2026-08-25 18:46:44.539 - records_manager - INFO -   rps=1.1 (avg 1.4)  tput_in=165,101/s  tput_out=1,211/s  done=1,464 ok=1,464 err=0
2026-08-25 18:46:44.539 - records_manager - INFO -   ttft    p50=  461ms  p75=   678ms  p95= 1,581ms  p99=  5,732ms
2026-08-25 18:46:44.539 - records_manager - INFO -   itl     p50=   11ms  p75=    14ms  p95=    20ms  p99=     37ms
2026-08-25 18:46:44.539 - records_manager - INFO -   e2e     p50=3,950ms  p75=10,347ms  p95=46,479ms  p99=102,205ms
2026-08-25 18:46:44.539 - records_manager - INFO -   intvty  p50=     91  p75=     124  p95=     167  p99=      203  (1/tpot tok/s)
2026-08-25 18:46:44.539 - records_manager - INFO -   isl     p50= 94,166  p75= 144,125  p90= 204,419  p99=  689,502  (tokens)
2026-08-25 18:46:44.539 - records_manager - INFO -   osl     p50=    305  p75=     786  p90=   1,967  p99=    8,809  (tokens)
2026-08-25 18:46:44.539 - records_manager - INFO -   tot     in=173,172,729  out=1,270,324
2026-08-25 18:46:44.539 - records_manager - INFO -   trace  theoretical_prefix_cache_hit=96.7%
2026-08-25 18:46:44.539 - records_manager - INFO -   srv    prefix_cache_hit=94.5% unique_in_srv=9,698,583 ext_cache_hit=31.4% kv_usage=20.7% queue=10r/0w tput_in_srv=166,283/s tput_out_srv=1,234/s
2026-08-25 18:47:15.903 - records_manager - INFO - [realtime 18:04 profiling]
2026-08-25 18:47:15.903 - records_manager - INFO -   rps=0.6 (avg 1.4)  tput_in=163,690/s  tput_out=1,214/s  done=1,484 ok=1,484 err=0
2026-08-25 18:47:15.903 - records_manager - INFO -   ttft    p50=  463ms  p75=   681ms  p95= 1,576ms  p99=  5,724ms
2026-08-25 18:47:15.903 - records_manager - INFO -   itl     p50=   11ms  p75=    14ms  p95=    20ms  p99=     37ms
2026-08-25 18:47:15.903 - records_manager - INFO -   e2e     p50=4,000ms  p75=10,460ms  p95=46,479ms  p99=103,822ms
2026-08-25 18:47:15.903 - records_manager - INFO -   intvty  p50=     92  p75=     125  p95=     166  p99=      203  (1/tpot tok/s)
2026-08-25 18:47:15.903 - records_manager - INFO -   isl     p50= 95,490  p75= 145,783  p90= 206,512  p99=  687,832  (tokens)
2026-08-25 18:47:15.903 - records_manager - INFO -   osl     p50=    308  p75=     804  p90=   1,975  p99=    8,877  (tokens)
2026-08-25 18:47:15.903 - records_manager - INFO -   tot     in=177,238,513  out=1,314,622
2026-08-25 18:47:15.903 - records_manager - INFO -   trace  theoretical_prefix_cache_hit=96.7%
2026-08-25 18:47:15.903 - records_manager - INFO -   srv    prefix_cache_hit=94.5% unique_in_srv=9,764,059 ext_cache_hit=31.1% kv_usage=22.0% queue=10r/0w tput_in_srv=165,327/s tput_out_srv=1,238/s
2026-08-25 18:47:43.818 - aiperf.timing.replay_dependencies - INFO - Per-trace idle cap advanced replay root 0191a7c1-a498-4bb9-9bcf-ef05fa614b5b by 421.824s
2026-08-25 18:47:47.438 - records_manager - INFO - [realtime 18:35 profiling]
2026-08-25 18:47:47.438 - records_manager - INFO -   rps=0.8 (avg 1.4)  tput_in=162,244/s  tput_out=1,200/s  done=1,510 ok=1,510 err=0
2026-08-25 18:47:47.438 - records_manager - INFO -   ttft    p50=  465ms  p75=   678ms  p95= 1,556ms  p99=  5,699ms
2026-08-25 18:47:47.438 - records_manager - INFO -   itl     p50=   11ms  p75=    14ms  p95=    20ms  p99=     36ms
2026-08-25 18:47:47.438 - records_manager - INFO -   e2e     p50=3,960ms  p75=10,328ms  p95=46,473ms  p99=102,918ms
2026-08-25 18:47:47.438 - records_manager - INFO -   intvty  p50=     93  p75=     125  p95=     166  p99=      204  (1/tpot tok/s)
2026-08-25 18:47:47.438 - records_manager - INFO -   isl     p50= 96,230  p75= 146,675  p90= 207,406  p99=  686,192  (tokens)
2026-08-25 18:47:47.438 - records_manager - INFO -   osl     p50=    307  p75=     810  p90=   1,972  p99=    8,834  (tokens)
2026-08-25 18:47:47.438 - records_manager - INFO -   tot     in=180,690,109  out=1,336,863
2026-08-25 18:47:47.438 - records_manager - INFO -   trace  theoretical_prefix_cache_hit=96.7%
2026-08-25 18:47:47.438 - records_manager - INFO -   srv    prefix_cache_hit=94.6% unique_in_srv=9,929,446 ext_cache_hit=30.6% kv_usage=35.6% queue=13r/0w tput_in_srv=164,729/s tput_out_srv=1,239/s
2026-08-25 18:48:00.250 - aiperf.timing.replay_dependencies - INFO - Per-trace idle cap advanced replay root a682af97-0b30-4229-8916-c4d2781e2551 by 2231.108s
2026-08-25 18:48:18.866 - records_manager - INFO - [realtime 19:07 profiling]
2026-08-25 18:48:18.866 - records_manager - INFO -   rps=1.0 (avg 1.3)  tput_in=161,343/s  tput_out=1,190/s  done=1,541 ok=1,541 err=0
2026-08-25 18:48:18.866 - records_manager - INFO -   ttft    p50=  464ms  p75=   680ms  p95= 1,591ms  p99=  5,635ms
2026-08-25 18:48:18.866 - records_manager - INFO -   itl     p50=   11ms  p75=    14ms  p95=    20ms  p99=     36ms
2026-08-25 18:48:18.866 - records_manager - INFO -   e2e     p50=3,961ms  p75=10,356ms  p95=46,461ms  p99=102,509ms
2026-08-25 18:48:18.866 - records_manager - INFO -   intvty  p50=     93  p75=     125  p95=     165  p99=      203  (1/tpot tok/s)
2026-08-25 18:48:18.866 - records_manager - INFO -   isl     p50= 96,620  p75= 148,639  p90= 209,298  p99=  685,436  (tokens)
2026-08-25 18:48:18.866 - records_manager - INFO -   osl     p50=    307  p75=     812  p90=   1,977  p99=    8,820  (tokens)
2026-08-25 18:48:18.866 - records_manager - INFO -   tot     in=184,800,366  out=1,362,919
2026-08-25 18:48:18.866 - records_manager - INFO -   trace  theoretical_prefix_cache_hit=96.7%
2026-08-25 18:48:18.866 - records_manager - INFO -   srv    prefix_cache_hit=94.4% unique_in_srv=10,527,942 ext_cache_hit=33.5% kv_usage=39.7% queue=14r/0w tput_in_srv=164,073/s tput_out_srv=1,236/s
2026-08-25 18:48:25.036 - aiperf.timing.replay_dependencies - INFO - Per-trace idle cap advanced replay root c598a98d-3090-4c8b-a1e8-20dc7bfd6176 by 130.031s
2026-08-25 18:48:50.470 - records_manager - INFO - [realtime 19:38 profiling]
2026-08-25 18:48:50.470 - records_manager - INFO -   rps=1.4 (avg 1.3)  tput_in=163,072/s  tput_out=1,227/s  done=1,585 ok=1,585 err=0
2026-08-25 18:48:50.470 - records_manager - INFO -   ttft    p50=  469ms  p75=   684ms  p95= 1,607ms  p99=  5,543ms
2026-08-25 18:48:50.470 - records_manager - INFO -   itl     p50=   11ms  p75=    14ms  p95=    19ms  p99=     36ms
2026-08-25 18:48:50.470 - records_manager - INFO -   e2e     p50=4,019ms  p75=10,558ms  p95=47,409ms  p99=111,749ms
2026-08-25 18:48:50.470 - records_manager - INFO -   intvty  p50=     94  p75=     124  p95=     164  p99=      203  (1/tpot tok/s)
2026-08-25 18:48:50.470 - records_manager - INFO -   isl     p50= 97,204  p75= 150,144  p90= 211,400  p99=  687,748  (tokens)
2026-08-25 18:48:50.470 - records_manager - INFO -   osl     p50=    309  p75=     819  p90=   2,004  p99=    9,709  (tokens)
2026-08-25 18:48:50.470 - records_manager - INFO -   tot     in=191,922,259  out=1,444,099
2026-08-25 18:48:50.470 - records_manager - INFO -   trace  theoretical_prefix_cache_hit=96.7%
2026-08-25 18:48:50.470 - records_manager - INFO -   srv    prefix_cache_hit=94.4% unique_in_srv=10,816,798 ext_cache_hit=33.2% kv_usage=18.7% queue=10r/0w tput_in_srv=164,219/s tput_out_srv=1,233/s
2026-08-25 18:49:21.350 - aiperf.timing.replay_dependencies - INFO - Per-trace idle cap advanced replay root 1740cd42-b17c-4653-84b6-ef32c476c677 by 241505.221s
2026-08-25 18:49:22.034 - records_manager - INFO - [realtime 20:10 profiling]
2026-08-25 18:49:22.034 - records_manager - INFO -   rps=1.1 (avg 1.3)  tput_in=164,359/s  tput_out=1,216/s  done=1,619 ok=1,619 err=0
2026-08-25 18:49:22.034 - records_manager - INFO -   ttft    p50=  469ms  p75=   687ms  p95= 1,606ms  p99=  5,470ms
2026-08-25 18:49:22.034 - records_manager - INFO -   itl     p50=   11ms  p75=    14ms  p95=    19ms  p99=     36ms
2026-08-25 18:49:22.034 - records_manager - INFO -   e2e     p50=4,022ms  p75=10,484ms  p95=46,643ms  p99=110,492ms
2026-08-25 18:49:22.034 - records_manager - INFO -   intvty  p50=     94  p75=     125  p95=     164  p99=      201  (1/tpot tok/s)
2026-08-25 18:49:22.034 - records_manager - INFO -   isl     p50= 98,164  p75= 152,086  p90= 216,275  p99=  696,556  (tokens)
2026-08-25 18:49:22.034 - records_manager - INFO -   osl     p50=    313  p75=     832  p90=   1,999  p99=    9,522  (tokens)
2026-08-25 18:49:22.034 - records_manager - INFO -   tot     in=198,539,327  out=1,468,836
2026-08-25 18:49:22.034 - records_manager - INFO -   trace  theoretical_prefix_cache_hit=96.8%
2026-08-25 18:49:22.034 - records_manager - INFO -   srv    prefix_cache_hit=94.5% unique_in_srv=11,052,621 ext_cache_hit=33.9% kv_usage=20.5% queue=10r/0w tput_in_srv=165,609/s tput_out_srv=1,228/s
2026-08-25 18:49:53.885 - records_manager - INFO - [realtime 20:42 profiling]
2026-08-25 18:49:53.885 - records_manager - INFO -   rps=1.3 (avg 1.3)  tput_in=164,861/s  tput_out=1,214/s  done=1,660 ok=1,660 err=0
2026-08-25 18:49:53.885 - records_manager - INFO -   ttft    p50=  472ms  p75=   692ms  p95= 1,583ms  p99=  5,377ms
2026-08-25 18:49:53.885 - records_manager - INFO -   itl     p50=   10ms  p75=    14ms  p95=    19ms  p99=     35ms
2026-08-25 18:49:53.885 - records_manager - INFO -   e2e     p50=4,014ms  p75=10,347ms  p95=46,487ms  p99=109,074ms
2026-08-25 18:49:53.885 - records_manager - INFO -   intvty  p50=     96  p75=     125  p95=     164  p99=      203  (1/tpot tok/s)
2026-08-25 18:49:53.885 - records_manager - INFO -   isl     p50= 98,976  p75= 153,270  p90= 219,060  p99=  695,659  (tokens)
2026-08-25 18:49:53.885 - records_manager - INFO -   osl     p50=    312  p75=     834  p90=   2,022  p99=    9,363  (tokens)
2026-08-25 18:49:53.885 - records_manager - INFO -   tot     in=204,450,430  out=1,505,737
2026-08-25 18:49:53.885 - records_manager - INFO -   trace  theoretical_prefix_cache_hit=96.8%
2026-08-25 18:49:53.885 - records_manager - INFO -   srv    prefix_cache_hit=94.5% unique_in_srv=11,251,109 ext_cache_hit=34.1% kv_usage=22.9% queue=7r/0w tput_in_srv=166,357/s tput_out_srv=1,227/s
2026-08-25 18:50:25.643 - records_manager - INFO - [realtime 21:14 profiling]
2026-08-25 18:50:25.643 - records_manager - INFO -   rps=1.3 (avg 1.3)  tput_in=165,854/s  tput_out=1,213/s  done=1,702 ok=1,702 err=0
2026-08-25 18:50:25.643 - records_manager - INFO -   ttft    p50=  472ms  p75=   697ms  p95= 1,586ms  p99=  5,283ms
2026-08-25 18:50:25.643 - records_manager - INFO -   itl     p50=   10ms  p75=    14ms  p95=    19ms  p99=     34ms
2026-08-25 18:50:25.643 - records_manager - INFO -   e2e     p50=3,906ms  p75=10,279ms  p95=46,425ms  p99=107,611ms
2026-08-25 18:50:25.643 - records_manager - INFO -   intvty  p50=     97  p75=     125  p95=     165  p99=      205  (1/tpot tok/s)
2026-08-25 18:50:25.643 - records_manager - INFO -   isl     p50= 98,672  p75= 153,936  p90= 222,675  p99=  697,519  (tokens)
2026-08-25 18:50:25.643 - records_manager - INFO -   osl     p50=    309  p75=     833  p90=   2,042  p99=    9,204  (tokens)
2026-08-25 18:50:25.643 - records_manager - INFO -   tot     in=210,934,291  out=1,542,792
2026-08-25 18:50:25.643 - records_manager - INFO -   trace  theoretical_prefix_cache_hit=96.8%
2026-08-25 18:50:25.643 - records_manager - INFO -   srv    prefix_cache_hit=94.6% unique_in_srv=11,418,336 ext_cache_hit=34.3% kv_usage=8.1% queue=4r/0w tput_in_srv=166,282/s tput_out_srv=1,217/s
2026-08-25 18:50:40.572 - aiperf.timing.replay_dependencies - INFO - Per-trace idle cap advanced replay root db3987a7-aa88-4e3d-8fc2-7e41539f4204 by 4096.641s
2026-08-25 18:50:57.418 - records_manager - INFO - [realtime 21:45 profiling]
2026-08-25 18:50:57.418 - records_manager - INFO -   rps=1.1 (avg 1.3)  tput_in=166,298/s  tput_out=1,201/s  done=1,738 ok=1,738 err=0
2026-08-25 18:50:57.418 - records_manager - INFO -   ttft    p50=  472ms  p75=   700ms  p95= 1,587ms  p99=  5,221ms
2026-08-25 18:50:57.418 - records_manager - INFO -   itl     p50=   10ms  p75=    14ms  p95=    19ms  p99=     34ms
2026-08-25 18:50:57.418 - records_manager - INFO -   e2e     p50=3,872ms  p75=10,206ms  p95=45,544ms  p99=105,971ms
2026-08-25 18:50:57.418 - records_manager - INFO -   intvty  p50=     98  p75=     126  p95=     165  p99=      211  (1/tpot tok/s)
2026-08-25 18:50:57.418 - records_manager - INFO -   isl     p50= 98,672  p75= 154,722  p90= 225,557  p99=  700,231  (tokens)
2026-08-25 18:50:57.418 - records_manager - INFO -   osl     p50=    306  p75=     824  p90=   2,051  p99=    9,154  (tokens)
2026-08-25 18:50:57.418 - records_manager - INFO -   tot     in=216,698,894  out=1,564,789
2026-08-25 18:50:57.418 - records_manager - INFO -   trace  theoretical_prefix_cache_hit=96.9%
2026-08-25 18:50:57.418 - records_manager - INFO -   srv    prefix_cache_hit=94.7% unique_in_srv=11,551,917 ext_cache_hit=34.2% kv_usage=30.1% queue=9r/0w tput_in_srv=168,082/s tput_out_srv=1,208/s
2026-08-25 18:51:29.350 - records_manager - INFO - [realtime 22:17 profiling]
2026-08-25 18:51:29.350 - records_manager - INFO -   rps=1.0 (avg 1.3)  tput_in=166,570/s  tput_out=1,194/s  done=1,771 ok=1,771 err=0
2026-08-25 18:51:29.350 - records_manager - INFO -   ttft    p50=  472ms  p75=   700ms  p95= 1,585ms  p99=  5,164ms
2026-08-25 18:51:29.350 - records_manager - INFO -   itl     p50=   10ms  p75=    14ms  p95=    19ms  p99=     33ms
2026-08-25 18:51:29.350 - records_manager - INFO -   e2e     p50=3,869ms  p75=10,204ms  p95=45,076ms  p99=104,468ms
2026-08-25 18:51:29.350 - records_manager - INFO -   intvty  p50=     99  p75=     126  p95=     165  p99=      209  (1/tpot tok/s)
2026-08-25 18:51:29.350 - records_manager - INFO -   isl     p50= 98,823  p75= 155,702  p90= 229,170  p99=  702,861  (tokens)
2026-08-25 18:51:29.350 - records_manager - INFO -   osl     p50=    307  p75=     837  p90=   2,040  p99=    9,109  (tokens)
2026-08-25 18:51:29.350 - records_manager - INFO -   tot     in=222,300,728  out=1,593,508
2026-08-25 18:51:29.350 - records_manager - INFO -   trace  theoretical_prefix_cache_hit=96.9%
2026-08-25 18:51:29.350 - records_manager - INFO -   srv    prefix_cache_hit=94.8% unique_in_srv=11,629,471 ext_cache_hit=34.0% kv_usage=30.7% queue=8r/0w tput_in_srv=168,319/s tput_out_srv=1,203/s
2026-08-25 18:51:36.525 - EventLoopMonitor - WARNING - Event loop for worker_d4d8777d is taking too long to run. Overhead: 58.72ms
2026-08-25 18:52:01.179 - records_manager - INFO - [realtime 22:49 profiling]
2026-08-25 18:52:01.179 - records_manager - INFO -   rps=0.9 (avg 1.3)  tput_in=166,153/s  tput_out=1,187/s  done=1,799 ok=1,799 err=0
2026-08-25 18:52:01.179 - records_manager - INFO -   ttft    p50=  473ms  p75=   704ms  p95= 1,593ms  p99=  5,116ms
2026-08-25 18:52:01.179 - records_manager - INFO -   itl     p50=   10ms  p75=    14ms  p95=    19ms  p99=     32ms
2026-08-25 18:52:01.179 - records_manager - INFO -   e2e     p50=3,859ms  p75=10,210ms  p95=45,533ms  p99=103,193ms
2026-08-25 18:52:01.179 - records_manager - INFO -   intvty  p50=    100  p75=     126  p95=     164  p99=      212  (1/tpot tok/s)
2026-08-25 18:52:01.179 - records_manager - INFO -   isl     p50= 98,823  p75= 156,633  p90= 231,204  p99=  705,331  (tokens)
2026-08-25 18:52:01.179 - records_manager - INFO -   osl     p50=    307  p75=     849  p90=   2,048  p99=    9,071  (tokens)
2026-08-25 18:52:01.179 - records_manager - INFO -   tot     in=227,245,505  out=1,623,759
2026-08-25 18:52:01.179 - records_manager - INFO -   trace  theoretical_prefix_cache_hit=96.9%
2026-08-25 18:52:01.179 - records_manager - INFO -   srv    prefix_cache_hit=94.9% unique_in_srv=11,801,812 ext_cache_hit=33.5% kv_usage=35.8% queue=12r/0w tput_in_srv=167,752/s tput_out_srv=1,199/s
2026-08-25 18:52:10.211 - aiperf.timing.replay_dependencies - INFO - Per-trace idle cap advanced replay root c3537799-fecd-48c7-9822-30b0b0b18a3d by 16.542s
2026-08-25 18:52:32.334 - aiperf.timing.replay_dependencies - INFO - Per-trace idle cap advanced replay root 74761d3e-5e20-4fd8-b5ca-4af7ad50107b by 178.781s
2026-08-25 18:52:32.968 - records_manager - INFO - [realtime 23:21 profiling]
2026-08-25 18:52:32.968 - records_manager - INFO -   rps=1.4 (avg 1.3)  tput_in=168,409/s  tput_out=1,190/s  done=1,843 ok=1,843 err=0
2026-08-25 18:52:32.968 - records_manager - INFO -   ttft    p50=  475ms  p75=   707ms  p95= 1,591ms  p99=  5,045ms
2026-08-25 18:52:32.968 - records_manager - INFO -   itl     p50=   10ms  p75=    13ms  p95=    19ms  p99=     32ms
2026-08-25 18:52:32.968 - records_manager - INFO -   e2e     p50=3,855ms  p75=10,204ms  p95=44,592ms  p99=103,075ms
2026-08-25 18:52:32.968 - records_manager - INFO -   intvty  p50=    101  p75=     127  p95=     166  p99=      210  (1/tpot tok/s)
2026-08-25 18:52:32.968 - records_manager - INFO -   isl     p50= 99,787  p75= 158,796  p90= 236,140  p99=  706,555  (tokens)
2026-08-25 18:52:32.968 - records_manager - INFO -   osl     p50=    309  p75=     849  p90=   2,078  p99=    8,971  (tokens)
2026-08-25 18:52:32.968 - records_manager - INFO -   tot     in=235,603,444  out=1,665,058
2026-08-25 18:52:32.968 - records_manager - INFO -   trace  theoretical_prefix_cache_hit=97.0%
2026-08-25 18:52:32.968 - records_manager - INFO -   srv    prefix_cache_hit=94.9% unique_in_srv=12,017,446 ext_cache_hit=33.9% kv_usage=7.3% queue=4r/0w tput_in_srv=168,680/s tput_out_srv=1,192/s
2026-08-25 18:52:54.817 - aiperf.timing.replay_dependencies - INFO - Per-trace idle cap advanced replay root 50f768c0-1d49-4aa9-9dec-158521501844 by 3102.299s
2026-08-25 18:53:04.828 - records_manager - INFO - [realtime 23:53 profiling]
2026-08-25 18:53:04.828 - records_manager - INFO -   rps=0.9 (avg 1.3)  tput_in=167,955/s  tput_out=1,180/s  done=1,872 ok=1,872 err=0
2026-08-25 18:53:04.828 - records_manager - INFO -   ttft    p50=  476ms  p75=   707ms  p95= 1,588ms  p99=  4,999ms
2026-08-25 18:53:04.828 - records_manager - INFO -   itl     p50=   10ms  p75=    13ms  p95=    19ms  p99=     32ms
2026-08-25 18:53:04.828 - records_manager - INFO -   e2e     p50=3,850ms  p75=10,190ms  p95=44,024ms  p99=103,056ms
2026-08-25 18:53:04.828 - records_manager - INFO -   intvty  p50=    102  p75=     128  p95=     166  p99=      213  (1/tpot tok/s)
2026-08-25 18:53:04.828 - records_manager - INFO -   isl     p50=100,794  p75= 160,083  p90= 237,038  p99=  705,921  (tokens)
2026-08-25 18:53:04.828 - records_manager - INFO -   osl     p50=    309  p75=     849  p90=   2,078  p99=    8,905  (tokens)
2026-08-25 18:53:04.828 - records_manager - INFO -   tot     in=240,145,293  out=1,687,302
2026-08-25 18:53:04.828 - records_manager - INFO -   trace  theoretical_prefix_cache_hit=97.0%
2026-08-25 18:53:04.828 - records_manager - INFO -   srv    prefix_cache_hit=94.9% unique_in_srv=12,338,948 ext_cache_hit=35.0% kv_usage=16.9% queue=8r/0w tput_in_srv=168,749/s tput_out_srv=1,184/s
2026-08-25 18:53:08.854 - aiperf.timing.replay_dependencies - INFO - Per-trace idle cap advanced replay root a682af97-0b30-4229-8916-c4d2781e2551 by 207.518s
2026-08-25 18:53:36.879 - records_manager - INFO - [realtime 24:25 profiling]
2026-08-25 18:53:36.880 - records_manager - INFO -   rps=0.7 (avg 1.3)  tput_in=167,196/s  tput_out=1,168/s  done=1,896 ok=1,896 err=0
2026-08-25 18:53:36.880 - records_manager - INFO -   ttft    p50=  476ms  p75=   707ms  p95= 1,587ms  p99=  4,961ms
2026-08-25 18:53:36.880 - records_manager - INFO -   itl     p50=   10ms  p75=    13ms  p95=    19ms  p99=     32ms
2026-08-25 18:53:36.880 - records_manager - INFO -   e2e     p50=3,850ms  p75=10,160ms  p95=43,928ms  p99=103,040ms
2026-08-25 18:53:36.880 - records_manager - INFO -   intvty  p50=    103  p75=     128  p95=     167  p99=      217  (1/tpot tok/s)
2026-08-25 18:53:36.880 - records_manager - INFO -   isl     p50=101,442  p75= 161,404  p90= 241,276  p99=  705,396  (tokens)
2026-08-25 18:53:36.880 - records_manager - INFO -   osl     p50=    310  p75=     849  p90=   2,082  p99=    8,849  (tokens)
2026-08-25 18:53:36.880 - records_manager - INFO -   tot     in=244,205,841  out=1,706,610
2026-08-25 18:53:36.880 - records_manager - INFO -   trace  theoretical_prefix_cache_hit=97.0%
2026-08-25 18:53:36.880 - records_manager - INFO -   srv    prefix_cache_hit=94.9% unique_in_srv=12,633,350 ext_cache_hit=35.1% kv_usage=24.3% queue=11r/0w tput_in_srv=168,238/s tput_out_srv=1,182/s
2026-08-25 18:54:08.823 - records_manager - INFO - [realtime 24:57 profiling]
2026-08-25 18:54:08.824 - records_manager - INFO -   rps=0.7 (avg 1.3)  tput_in=165,577/s  tput_out=1,171/s  done=1,918 ok=1,918 err=0
2026-08-25 18:54:08.824 - records_manager - INFO -   ttft    p50=  476ms  p75=   706ms  p95= 1,587ms  p99=  4,937ms
2026-08-25 18:54:08.824 - records_manager - INFO -   itl     p50=   10ms  p75=    13ms  p95=    19ms  p99=     32ms
2026-08-25 18:54:08.824 - records_manager - INFO -   e2e     p50=3,872ms  p75=10,210ms  p95=43,968ms  p99=102,812ms
2026-08-25 18:54:08.824 - records_manager - INFO -   intvty  p50=    103  p75=     128  p95=     167  p99=      216  (1/tpot tok/s)
2026-08-25 18:54:08.824 - records_manager - INFO -   isl     p50=101,262  p75= 162,149  p90= 240,834  p99=  704,698  (tokens)
2026-08-25 18:54:08.824 - records_manager - INFO -   osl     p50=    314  p75=     878  p90=   2,148  p99=    8,830  (tokens)
2026-08-25 18:54:08.824 - records_manager - INFO -   tot     in=247,274,168  out=1,748,734
2026-08-25 18:54:08.824 - records_manager - INFO -   trace  theoretical_prefix_cache_hit=97.0%
2026-08-25 18:54:08.824 - records_manager - INFO -   srv    prefix_cache_hit=94.9% unique_in_srv=12,689,450 ext_cache_hit=34.9% kv_usage=16.2% queue=10r/0w tput_in_srv=166,181/s tput_out_srv=1,184/s
2026-08-25 18:54:37.691 - aiperf.timing.replay_dependencies - INFO - Per-trace idle cap advanced replay root c14019c9-23bc-4d21-baaa-c9e97580da8c by 897.729s
2026-08-25 18:54:40.930 - records_manager - INFO - [realtime 25:29 profiling]
2026-08-25 18:54:40.930 - records_manager - INFO -   rps=0.8 (avg 1.3)  tput_in=164,231/s  tput_out=1,166/s  done=1,944 ok=1,944 err=0
2026-08-25 18:54:40.930 - records_manager - INFO -   ttft    p50=  476ms  p75=   704ms  p95= 1,590ms  p99=  4,911ms
2026-08-25 18:54:40.930 - records_manager - INFO -   itl     p50=   10ms  p75=    13ms  p95=    19ms  p99=     32ms
2026-08-25 18:54:40.930 - records_manager - INFO -   e2e     p50=3,885ms  p75=10,295ms  p95=43,893ms  p99=102,469ms
2026-08-25 18:54:40.930 - records_manager - INFO -   intvty  p50=    104  p75=     129  p95=     167  p99=      221  (1/tpot tok/s)
2026-08-25 18:54:40.930 - records_manager - INFO -   isl     p50=100,966  p75= 162,597  p90= 240,527  p99=  706,534  (tokens)
2026-08-25 18:54:40.930 - records_manager - INFO -   osl     p50=    317  p75=     883  p90=   2,164  p99=    8,818  (tokens)
2026-08-25 18:54:40.930 - records_manager - INFO -   tot     in=250,691,539  out=1,779,123
2026-08-25 18:54:40.930 - records_manager - INFO -   trace  theoretical_prefix_cache_hit=97.0%
2026-08-25 18:54:40.930 - records_manager - INFO -   srv    prefix_cache_hit=94.9% unique_in_srv=12,973,867 ext_cache_hit=34.2% kv_usage=36.4% queue=19r/0w tput_in_srv=166,010/s tput_out_srv=1,185/s
2026-08-25 18:54:53.139 - aiperf.timing.replay_dependencies - INFO - Per-trace idle cap advanced replay root 1740cd42-b17c-4653-84b6-ef32c476c677 by 109209.565s
2026-08-25 18:55:12.969 - records_manager - INFO - [realtime 26:01 profiling]
2026-08-25 18:55:12.969 - records_manager - INFO -   rps=1.3 (avg 1.3)  tput_in=164,086/s  tput_out=1,184/s  done=1,985 ok=1,985 err=0
2026-08-25 18:55:12.969 - records_manager - INFO -   ttft    p50=  476ms  p75=   704ms  p95= 1,590ms  p99=  4,871ms
2026-08-25 18:55:12.969 - records_manager - INFO -   itl     p50=   10ms  p75=    13ms  p95=    19ms  p99=     32ms
2026-08-25 18:55:12.969 - records_manager - INFO -   e2e     p50=3,989ms  p75=10,563ms  p95=43,935ms  p99=103,047ms
2026-08-25 18:55:12.969 - records_manager - INFO -   intvty  p50=    104  p75=     128  p95=     166  p99=      218  (1/tpot tok/s)
2026-08-25 18:55:12.969 - records_manager - INFO -   isl     p50=100,867  p75= 162,764  p90= 239,493  p99=  707,834  (tokens)
2026-08-25 18:55:12.969 - records_manager - INFO -   osl     p50=    323  p75=     899  p90=   2,199  p99=    8,875  (tokens)
2026-08-25 18:55:12.969 - records_manager - INFO -   tot     in=255,772,699  out=1,845,261
2026-08-25 18:55:12.969 - records_manager - INFO -   trace  theoretical_prefix_cache_hit=97.0%
2026-08-25 18:55:12.969 - records_manager - INFO -   srv    prefix_cache_hit=94.9% unique_in_srv=13,145,927 ext_cache_hit=34.2% kv_usage=23.3% queue=11r/0w tput_in_srv=165,270/s tput_out_srv=1,191/s
2026-08-25 18:55:45.177 - records_manager - INFO - [realtime 26:33 profiling]
2026-08-25 18:55:45.177 - records_manager - INFO -   rps=1.1 (avg 1.3)  tput_in=163,478/s  tput_out=1,181/s  done=2,020 ok=2,020 err=0
2026-08-25 18:55:45.177 - records_manager - INFO -   ttft    p50=  476ms  p75=   704ms  p95= 1,608ms  p99=  4,831ms
2026-08-25 18:55:45.177 - records_manager - INFO -   itl     p50=   10ms  p75=    13ms  p95=    19ms  p99=     32ms
2026-08-25 18:55:45.177 - records_manager - INFO -   e2e     p50=4,028ms  p75=10,567ms  p95=43,925ms  p99=102,786ms
2026-08-25 18:55:45.177 - records_manager - INFO -   intvty  p50=    104  p75=     127  p95=     165  p99=      223  (1/tpot tok/s)
2026-08-25 18:55:45.177 - records_manager - INFO -   isl     p50=100,712  p75= 162,836  p90= 238,744  p99=  707,058  (tokens)
2026-08-25 18:55:45.177 - records_manager - INFO -   osl     p50=    331  p75=     899  p90=   2,198  p99=    8,829  (tokens)
2026-08-25 18:55:45.177 - records_manager - INFO -   tot     in=259,679,370  out=1,875,488
2026-08-25 18:55:45.177 - records_manager - INFO -   trace  theoretical_prefix_cache_hit=96.9%
2026-08-25 18:55:45.177 - records_manager - INFO -   srv    prefix_cache_hit=94.8% unique_in_srv=13,651,478 ext_cache_hit=32.9% kv_usage=34.8% queue=14r/3w tput_in_srv=164,885/s tput_out_srv=1,192/s
2026-08-25 18:56:16.490 - aiperf.timing.replay_dependencies - INFO - Per-trace idle cap advanced replay root ad9ef6a6-eac8-4618-8090-0ce73a3fa4ea by 9226.499s
2026-08-25 18:56:17.285 - records_manager - INFO - [realtime 27:05 profiling]
2026-08-25 18:56:17.285 - records_manager - INFO -   rps=1.3 (avg 1.3)  tput_in=163,128/s  tput_out=1,179/s  done=2,061 ok=2,061 err=0
2026-08-25 18:56:17.285 - records_manager - INFO -   ttft    p50=  476ms  p75=   707ms  p95= 1,633ms  p99=  5,181ms
2026-08-25 18:56:17.285 - records_manager - INFO -   itl     p50=   10ms  p75=    13ms  p95=    19ms  p99=     32ms
2026-08-25 18:56:17.285 - records_manager - INFO -   e2e     p50=4,119ms  p75=10,879ms  p95=43,715ms  p99=102,245ms
2026-08-25 18:56:17.285 - records_manager - INFO -   intvty  p50=    103  p75=     127  p95=     165  p99=      219  (1/tpot tok/s)
2026-08-25 18:56:17.285 - records_manager - INFO -   isl     p50=100,720  p75= 162,835  p90= 240,716  p99=  706,162  (tokens)
2026-08-25 18:56:17.285 - records_manager - INFO -   osl     p50=    332  p75=     909  p90=   2,198  p99=    8,810  (tokens)
2026-08-25 18:56:17.285 - records_manager - INFO -   tot     in=264,758,723  out=1,913,701
2026-08-25 18:56:17.285 - records_manager - INFO -   trace  theoretical_prefix_cache_hit=97.0%
2026-08-25 18:56:17.285 - records_manager - INFO -   srv    prefix_cache_hit=94.8% unique_in_srv=13,882,950 ext_cache_hit=32.3% kv_usage=31.0% queue=13r/0w tput_in_srv=164,656/s tput_out_srv=1,192/s
2026-08-25 18:56:49.562 - records_manager - INFO - [realtime 27:38 profiling]
2026-08-25 18:56:49.562 - records_manager - INFO -   rps=1.4 (avg 1.3)  tput_in=163,454/s  tput_out=1,181/s  done=2,106 ok=2,106 err=0
2026-08-25 18:56:49.562 - records_manager - INFO -   ttft    p50=  476ms  p75=   707ms  p95= 1,634ms  p99=  5,276ms
2026-08-25 18:56:49.562 - records_manager - INFO -   itl     p50=   10ms  p75=    13ms  p95=    19ms  p99=     32ms
2026-08-25 18:56:49.562 - records_manager - INFO -   e2e     p50=4,137ms  p75=10,949ms  p95=43,698ms  p99=101,584ms
2026-08-25 18:56:49.562 - records_manager - INFO -   intvty  p50=    103  p75=     126  p95=     164  p99=      216  (1/tpot tok/s)
2026-08-25 18:56:49.562 - records_manager - INFO -   isl     p50=100,712  p75= 162,747  p90= 241,473  p99=  707,365  (tokens)
2026-08-25 18:56:49.562 - records_manager - INFO -   osl     p50=    333  p75=     918  p90=   2,206  p99=    8,775  (tokens)
2026-08-25 18:56:49.562 - records_manager - INFO -   tot     in=270,582,139  out=1,955,474
2026-08-25 18:56:49.562 - records_manager - INFO -   trace  theoretical_prefix_cache_hit=96.9%
2026-08-25 18:56:49.562 - records_manager - INFO -   srv    prefix_cache_hit=94.8% unique_in_srv=14,090,828 ext_cache_hit=32.5% kv_usage=30.7% queue=9r/0w tput_in_srv=164,483/s tput_out_srv=1,195/s
2026-08-25 18:56:50.428 - aiperf.timing.replay_dependencies - INFO - Per-trace idle cap advanced replay root db3987a7-aa88-4e3d-8fc2-7e41539f4204 by 641.949s
2026-08-25 18:57:13.314 - aiperf.timing.replay_dependencies - INFO - Per-trace idle cap advanced replay root c3537799-fecd-48c7-9822-30b0b0b18a3d by 748.586s
2026-08-25 18:57:21.584 - aiperf.timing.replay_dependencies - INFO - Per-trace idle cap advanced replay root e8382b14-d23c-4aca-a933-ea36503d6909 by 7801.785s
2026-08-25 18:57:21.897 - records_manager - INFO - [realtime 28:10 profiling]
2026-08-25 18:57:21.897 - records_manager - INFO -   rps=0.8 (avg 1.3)  tput_in=162,796/s  tput_out=1,183/s  done=2,133 ok=2,133 err=0
2026-08-25 18:57:21.897 - records_manager - INFO -   ttft    p50=  479ms  p75=   709ms  p95= 1,633ms  p99=  5,230ms
2026-08-25 18:57:21.897 - records_manager - INFO -   itl     p50=   10ms  p75=    13ms  p95=    19ms  p99=     32ms
2026-08-25 18:57:21.897 - records_manager - INFO -   e2e     p50=4,179ms  p75=11,101ms  p95=43,799ms  p99=102,614ms
2026-08-25 18:57:21.897 - records_manager - INFO -   intvty  p50=    103  p75=     126  p95=     164  p99=      216  (1/tpot tok/s)
2026-08-25 18:57:21.897 - records_manager - INFO -   isl     p50=101,098  p75= 163,663  p90= 242,565  p99=  706,774  (tokens)
2026-08-25 18:57:21.897 - records_manager - INFO -   osl     p50=    336  p75=     944  p90=   2,216  p99=    8,823  (tokens)
2026-08-25 18:57:21.897 - records_manager - INFO -   tot     in=274,724,778  out=1,997,147
2026-08-25 18:57:21.897 - records_manager - INFO -   trace  theoretical_prefix_cache_hit=97.0%
2026-08-25 18:57:21.897 - records_manager - INFO -   srv    prefix_cache_hit=94.7% unique_in_srv=14,803,302 ext_cache_hit=34.7% kv_usage=44.1% queue=15r/0w tput_in_srv=164,901/s tput_out_srv=1,193/s
2026-08-25 18:57:37.397 - aiperf.timing.replay_dependencies - INFO - Per-trace idle cap advanced replay root 9664426c-9b47-4f97-b3e4-bc28feaa5c8c by 2420.984s
2026-08-25 18:57:54.283 - records_manager - INFO - [realtime 28:42 profiling]
2026-08-25 18:57:54.283 - records_manager - INFO -   rps=0.8 (avg 1.3)  tput_in=162,031/s  tput_out=1,179/s  done=2,159 ok=2,159 err=0
2026-08-25 18:57:54.283 - records_manager - INFO -   ttft    p50=  480ms  p75=   710ms  p95= 1,659ms  p99=  5,185ms
2026-08-25 18:57:54.283 - records_manager - INFO -   itl     p50=   10ms  p75=    13ms  p95=    19ms  p99=     32ms
2026-08-25 18:57:54.283 - records_manager - INFO -   e2e     p50=4,210ms  p75=11,162ms  p95=43,926ms  p99=102,271ms
2026-08-25 18:57:54.283 - records_manager - INFO -   intvty  p50=    102  p75=     126  p95=     164  p99=      215  (1/tpot tok/s)
2026-08-25 18:57:54.283 - records_manager - INFO -   isl     p50=101,842  p75= 163,848  p90= 242,748  p99=  708,420  (tokens)
2026-08-25 18:57:54.283 - records_manager - INFO -   osl     p50=    338  p75=     946  p90=   2,223  p99=    8,811  (tokens)
2026-08-25 18:57:54.283 - records_manager - INFO -   tot     in=278,679,926  out=2,026,946
2026-08-25 18:57:54.283 - records_manager - INFO -   trace  theoretical_prefix_cache_hit=97.0%
2026-08-25 18:57:54.283 - records_manager - INFO -   srv    prefix_cache_hit=94.6% unique_in_srv=15,169,768 ext_cache_hit=35.6% kv_usage=51.5% queue=16r/0w tput_in_srv=164,407/s tput_out_srv=1,198/s
2026-08-25 18:58:05.961 - aiperf.timing.replay_dependencies - INFO - Per-trace idle cap advanced replay root 41b124b3-ea86-497b-b966-1165f9d880eb by 451.590s
2026-08-25 18:58:26.547 - records_manager - INFO - [realtime 29:15 profiling]
2026-08-25 18:58:26.548 - records_manager - INFO -   rps=1.3 (avg 1.3)  tput_in=162,536/s  tput_out=1,185/s  done=2,202 ok=2,202 err=0
2026-08-25 18:58:26.548 - records_manager - INFO -   ttft    p50=  480ms  p75=   710ms  p95= 1,680ms  p99=  5,111ms
2026-08-25 18:58:26.548 - records_manager - INFO -   itl     p50=   10ms  p75=    13ms  p95=    19ms  p99=     32ms
2026-08-25 18:58:26.548 - records_manager - INFO -   e2e     p50=4,231ms  p75=11,226ms  p95=45,467ms  p99=101,690ms
2026-08-25 18:58:26.548 - records_manager - INFO -   intvty  p50=    102  p75=     126  p95=     164  p99=      216  (1/tpot tok/s)
2026-08-25 18:58:26.548 - records_manager - INFO -   isl     p50=102,098  p75= 164,542  p90= 244,280  p99=  707,452  (tokens)
2026-08-25 18:58:26.548 - records_manager - INFO -   osl     p50=    338  p75=     953  p90=   2,250  p99=    8,789  (tokens)
2026-08-25 18:58:26.548 - records_manager - INFO -   tot     in=284,634,095  out=2,075,342
2026-08-25 18:58:26.548 - records_manager - INFO -   trace  theoretical_prefix_cache_hit=97.0%
2026-08-25 18:58:26.548 - records_manager - INFO -   srv    prefix_cache_hit=94.6% unique_in_srv=15,626,605 ext_cache_hit=36.8% kv_usage=38.3% queue=10r/0w tput_in_srv=164,137/s tput_out_srv=1,197/s
2026-08-25 18:58:58.974 - records_manager - INFO - [realtime 29:47 profiling]
2026-08-25 18:58:58.974 - records_manager - INFO -   rps=0.8 (avg 1.3)  tput_in=163,040/s  tput_out=1,188/s  done=2,229 ok=2,229 err=0
2026-08-25 18:58:58.974 - records_manager - INFO -   ttft    p50=  481ms  p75=   718ms  p95= 1,717ms  p99=  5,237ms
2026-08-25 18:58:58.974 - records_manager - INFO -   itl     p50=   10ms  p75=    13ms  p95=    19ms  p99=     32ms
2026-08-25 18:58:58.974 - records_manager - INFO -   e2e     p50=4,262ms  p75=11,232ms  p95=45,718ms  p99=102,667ms
2026-08-25 18:58:58.974 - records_manager - INFO -   intvty  p50=    102  p75=     126  p95=     163  p99=      216  (1/tpot tok/s)
2026-08-25 18:58:58.974 - records_manager - INFO -   isl     p50=102,253  p75= 165,483  p90= 245,058  p99=  712,085  (tokens)
2026-08-25 18:58:58.974 - records_manager - INFO -   osl     p50=    343  p75=     955  p90=   2,286  p99=    8,825  (tokens)
2026-08-25 18:58:58.974 - records_manager - INFO -   tot     in=290,472,984  out=2,116,503
2026-08-25 18:58:58.974 - records_manager - INFO -   trace  theoretical_prefix_cache_hit=97.0%
2026-08-25 18:58:58.974 - records_manager - INFO -   srv    prefix_cache_hit=94.6% unique_in_srv=15,702,335 ext_cache_hit=36.6% kv_usage=14.5% queue=6r/0w tput_in_srv=163,389/s tput_out_srv=1,194/s
2026-08-25 18:59:31.408 - records_manager - INFO - [realtime 30:19 profiling]
2026-08-25 18:59:31.408 - records_manager - INFO -   rps=0.9 (avg 1.2)  tput_in=162,593/s  tput_out=1,185/s  done=2,257 ok=2,257 err=0
2026-08-25 18:59:31.408 - records_manager - INFO -   ttft    p50=  483ms  p75=   719ms  p95= 1,716ms  p99=  5,188ms
2026-08-25 18:59:31.408 - records_manager - INFO -   itl     p50=   10ms  p75=    13ms  p95=    19ms  p99=     32ms
2026-08-25 18:59:31.408 - records_manager - INFO -   e2e     p50=4,303ms  p75=11,270ms  p95=45,697ms  p99=102,297ms
2026-08-25 18:59:31.408 - records_manager - INFO -   intvty  p50=    103  p75=     126  p95=     163  p99=      215  (1/tpot tok/s)
2026-08-25 18:59:31.408 - records_manager - INFO -   isl     p50=102,735  p75= 168,326  p90= 245,816  p99=  711,167  (tokens)
2026-08-25 18:59:31.408 - records_manager - INFO -   osl     p50=    346  p75=     958  p90=   2,295  p99=    8,856  (tokens)
2026-08-25 18:59:31.408 - records_manager - INFO -   tot     in=295,472,864  out=2,153,574
2026-08-25 18:59:31.408 - records_manager - INFO -   trace  theoretical_prefix_cache_hit=97.0%
2026-08-25 18:59:31.408 - records_manager - INFO -   srv    prefix_cache_hit=94.6% unique_in_srv=16,152,108 ext_cache_hit=37.6% kv_usage=12.3% queue=6r/0w tput_in_srv=163,135/s tput_out_srv=1,191/s
2026-08-25 19:00:03.828 - records_manager - INFO - [realtime 30:52 profiling]
2026-08-25 19:00:03.828 - records_manager - INFO -   rps=0.8 (avg 1.2)  tput_in=162,279/s  tput_out=1,181/s  done=2,284 ok=2,284 err=0
2026-08-25 19:00:03.828 - records_manager - INFO -   ttft    p50=  483ms  p75=   720ms  p95= 1,713ms  p99=  5,142ms
2026-08-25 19:00:03.828 - records_manager - INFO -   itl     p50=   10ms  p75=    13ms  p95=    19ms  p99=     31ms
2026-08-25 19:00:03.828 - records_manager - INFO -   e2e     p50=4,286ms  p75=11,285ms  p95=45,380ms  p99=101,941ms
2026-08-25 19:00:03.828 - records_manager - INFO -   intvty  p50=    103  p75=     127  p95=     164  p99=      234  (1/tpot tok/s)
2026-08-25 19:00:03.828 - records_manager - INFO -   isl     p50=103,340  p75= 170,042  p90= 246,368  p99=  710,283  (tokens)
2026-08-25 19:00:03.828 - records_manager - INFO -   osl     p50=    346  p75=     963  p90=   2,302  p99=    8,845  (tokens)
2026-08-25 19:00:03.828 - records_manager - INFO -   tot     in=300,131,766  out=2,184,252
2026-08-25 19:00:03.829 - records_manager - INFO -   trace  theoretical_prefix_cache_hit=97.1%
2026-08-25 19:00:03.829 - records_manager - INFO -   srv    prefix_cache_hit=94.6% unique_in_srv=16,202,340 ext_cache_hit=37.5% kv_usage=23.0% queue=7r/0w tput_in_srv=163,275/s tput_out_srv=1,186/s
2026-08-25 19:00:34.755 - aiperf.timing.replay_dependencies - INFO - Per-trace idle cap advanced replay root 2fcf8a17-ff7a-493b-b361-6fc2f5bd94cb by 10235.478s
2026-08-25 19:00:36.267 - records_manager - INFO - [realtime 31:24 profiling]
2026-08-25 19:00:36.267 - records_manager - INFO -   rps=0.7 (avg 1.2)  tput_in=161,668/s  tput_out=1,181/s  done=2,306 ok=2,306 err=0
2026-08-25 19:00:36.267 - records_manager - INFO -   ttft    p50=  483ms  p75=   723ms  p95= 1,692ms  p99=  5,104ms
2026-08-25 19:00:36.267 - records_manager - INFO -   itl     p50=   10ms  p75=    13ms  p95=    19ms  p99=     31ms
2026-08-25 19:00:36.267 - records_manager - INFO -   e2e     p50=4,306ms  p75=11,379ms  p95=44,518ms  p99=101,584ms
2026-08-25 19:00:36.267 - records_manager - INFO -   intvty  p50=    104  p75=     128  p95=     164  p99=      231  (1/tpot tok/s)
2026-08-25 19:00:36.267 - records_manager - INFO -   isl     p50=104,011  p75= 171,156  p90= 247,474  p99=  709,613  (tokens)
2026-08-25 19:00:36.267 - records_manager - INFO -   osl     p50=    349  p75=     974  p90=   2,351  p99=    8,836  (tokens)
2026-08-25 19:00:36.267 - records_manager - INFO -   tot     in=304,096,235  out=2,221,117
2026-08-25 19:00:36.267 - records_manager - INFO -   trace  theoretical_prefix_cache_hit=97.1%
2026-08-25 19:00:36.267 - records_manager - INFO -   srv    prefix_cache_hit=94.6% unique_in_srv=16,296,845 ext_cache_hit=37.4% kv_usage=3.8% queue=5r/0w tput_in_srv=161,760/s tput_out_srv=1,183/s
2026-08-25 19:01:08.657 - records_manager - INFO - [realtime 31:57 profiling]
2026-08-25 19:01:08.657 - records_manager - INFO -   rps=1.2 (avg 1.2)  tput_in=161,085/s  tput_out=1,174/s  done=2,345 ok=2,345 err=0
2026-08-25 19:01:08.657 - records_manager - INFO -   ttft    p50=  485ms  p75=   725ms  p95= 1,730ms  p99=  5,069ms
2026-08-25 19:01:08.657 - records_manager - INFO -   itl     p50=   10ms  p75=    13ms  p95=    19ms  p99=     32ms
2026-08-25 19:01:08.657 - records_manager - INFO -   e2e     p50=4,304ms  p75=11,330ms  p95=43,935ms  p99=100,554ms
2026-08-25 19:01:08.657 - records_manager - INFO -   intvty  p50=    104  p75=     127  p95=     164  p99=      228  (1/tpot tok/s)
2026-08-25 19:01:08.657 - records_manager - INFO -   isl     p50=103,235  p75= 171,103  p90= 248,002  p99=  708,735  (tokens)
2026-08-25 19:01:08.658 - records_manager - INFO -   osl     p50=    349  p75=     971  p90=   2,330  p99=    8,818  (tokens)
2026-08-25 19:01:08.658 - records_manager - INFO -   tot     in=308,361,951  out=2,247,957
2026-08-25 19:01:08.658 - records_manager - INFO -   trace  theoretical_prefix_cache_hit=97.0%
2026-08-25 19:01:08.658 - records_manager - INFO -   srv    prefix_cache_hit=94.5% unique_in_srv=16,911,470 ext_cache_hit=38.2% kv_usage=19.1% queue=8r/0w tput_in_srv=161,877/s tput_out_srv=1,180/s
2026-08-25 19:01:18.886 - aiperf.timing.replay_dependencies - INFO - Per-trace idle cap advanced replay root ad9ef6a6-eac8-4618-8090-0ce73a3fa4ea by 3717.770s
2026-08-25 19:01:28.503 - aiperf.timing.replay_dependencies - INFO - Per-trace idle cap advanced replay root e50b630e-c6fd-4235-bc90-088fde7f3c94 by 62.539s
2026-08-25 19:01:41.225 - records_manager - INFO - [realtime 32:29 profiling]
2026-08-25 19:01:41.225 - records_manager - INFO -   rps=1.4 (avg 1.2)  tput_in=162,133/s  tput_out=1,173/s  done=2,392 ok=2,392 err=0
2026-08-25 19:01:41.225 - records_manager - INFO -   ttft    p50=  485ms  p75=   733ms  p95= 1,758ms  p99= 5,023ms
2026-08-25 19:01:41.225 - records_manager - INFO -   itl     p50=   10ms  p75=    13ms  p95=    19ms  p99=    31ms
2026-08-25 19:01:41.225 - records_manager - INFO -   e2e     p50=4,276ms  p75=11,331ms  p95=43,678ms  p99=99,311ms
2026-08-25 19:01:41.225 - records_manager - INFO -   intvty  p50=    104  p75=     128  p95=     164  p99=     233  (1/tpot tok/s)
2026-08-25 19:01:41.225 - records_manager - INFO -   isl     p50=102,764  p75= 171,388  p90= 248,858  p99= 713,291  (tokens)
2026-08-25 19:01:41.225 - records_manager - INFO -   osl     p50=    346  p75=     973  p90=   2,330  p99=   8,796  (tokens)
2026-08-25 19:01:41.225 - records_manager - INFO -   tot     in=315,594,863  out=2,282,491
2026-08-25 19:01:41.225 - records_manager - INFO -   trace  theoretical_prefix_cache_hit=97.1%
2026-08-25 19:01:41.225 - records_manager - INFO -   srv    prefix_cache_hit=94.6% unique_in_srv=17,232,622 ext_cache_hit=38.6% kv_usage=31.7% queue=14r/0w tput_in_srv=163,413/s tput_out_srv=1,181/s
2026-08-25 19:02:14.037 - records_manager - INFO - [realtime 33:02 profiling]
2026-08-25 19:02:14.037 - records_manager - INFO -   rps=1.4 (avg 1.2)  tput_in=162,714/s  tput_out=1,174/s  done=2,439 ok=2,439 err=0
2026-08-25 19:02:14.037 - records_manager - INFO -   ttft    p50=  483ms  p75=   731ms  p95= 1,751ms  p99= 4,991ms
2026-08-25 19:02:14.037 - records_manager - INFO -   itl     p50=   10ms  p75=    13ms  p95=    18ms  p99=    31ms
2026-08-25 19:02:14.037 - records_manager - INFO -   e2e     p50=4,262ms  p75=11,332ms  p95=43,244ms  p99=98,980ms
2026-08-25 19:02:14.037 - records_manager - INFO -   intvty  p50=    105  p75=     128  p95=     164  p99=     248  (1/tpot tok/s)
2026-08-25 19:02:14.037 - records_manager - INFO -   isl     p50=102,682  p75= 171,414  p90= 248,461  p99= 714,993  (tokens)
2026-08-25 19:02:14.037 - records_manager - INFO -   osl     p50=    347  p75=     974  p90=   2,333  p99=   8,665  (tokens)
2026-08-25 19:02:14.037 - records_manager - INFO -   tot     in=322,094,121  out=2,324,709
2026-08-25 19:02:14.037 - records_manager - INFO -   trace  theoretical_prefix_cache_hit=97.1%
2026-08-25 19:02:14.037 - records_manager - INFO -   srv    prefix_cache_hit=94.6% unique_in_srv=17,409,026 ext_cache_hit=38.2% kv_usage=13.4% queue=10r/0w tput_in_srv=163,276/s tput_out_srv=1,182/s
2026-08-25 19:02:46.770 - records_manager - INFO - [realtime 33:35 profiling]
2026-08-25 19:02:46.770 - records_manager - INFO -   rps=1.1 (avg 1.2)  tput_in=162,196/s  tput_out=1,178/s  done=2,476 ok=2,476 err=0
2026-08-25 19:02:46.770 - records_manager - INFO -   ttft    p50=  481ms  p75=   725ms  p95= 1,747ms  p99= 4,969ms
2026-08-25 19:02:46.770 - records_manager - INFO -   itl     p50=    9ms  p75=    13ms  p95=    18ms  p99=    30ms
2026-08-25 19:02:46.770 - records_manager - INFO -   e2e     p50=4,263ms  p75=11,331ms  p95=43,190ms  p99=98,888ms
2026-08-25 19:02:46.770 - records_manager - INFO -   intvty  p50=    105  p75=     129  p95=     165  p99=     282  (1/tpot tok/s)
2026-08-25 19:02:46.770 - records_manager - INFO -   isl     p50=102,440  p75= 170,312  p90= 247,666  p99= 713,805  (tokens)
2026-08-25 19:02:46.770 - records_manager - INFO -   osl     p50=    351  p75=     976  p90=   2,393  p99=   8,542  (tokens)
2026-08-25 19:02:46.770 - records_manager - INFO -   tot     in=326,269,466  out=2,369,400
2026-08-25 19:02:46.770 - records_manager - INFO -   trace  theoretical_prefix_cache_hit=97.1%
2026-08-25 19:02:46.770 - records_manager - INFO -   srv    prefix_cache_hit=94.6% unique_in_srv=17,506,223 ext_cache_hit=38.2% kv_usage=10.2% queue=6r/0w tput_in_srv=162,546/s tput_out_srv=1,181/s
2026-08-25 19:03:13.228 - aiperf.timing.replay_dependencies - INFO - Per-trace idle cap advanced replay root 41b124b3-ea86-497b-b966-1165f9d880eb by 1341.357s
2026-08-25 19:03:18.215 - aiperf.timing.replay_dependencies - INFO - Per-trace idle cap advanced replay root 4c49a079-9763-4924-9afc-f8c5f52bdd81 by 4.419s
2026-08-25 19:03:19.283 - records_manager - INFO - [realtime 34:07 profiling]
2026-08-25 19:03:19.283 - records_manager - INFO -   rps=0.8 (avg 1.2)  tput_in=161,442/s  tput_out=1,172/s  done=2,501 ok=2,501 err=0
2026-08-25 19:03:19.283 - records_manager - INFO -   ttft    p50=  480ms  p75=   723ms  p95= 1,746ms  p99= 4,953ms
2026-08-25 19:03:19.283 - records_manager - INFO -   itl     p50=    9ms  p75=    13ms  p95=    18ms  p99=    30ms
2026-08-25 19:03:19.283 - records_manager - INFO -   e2e     p50=4,279ms  p75=11,270ms  p95=43,146ms  p99=98,827ms
2026-08-25 19:03:19.283 - records_manager - INFO -   intvty  p50=    106  p75=     130  p95=     166  p99=     319  (1/tpot tok/s)
2026-08-25 19:03:19.283 - records_manager - INFO -   isl     p50=102,682  p75= 170,058  p90= 247,490  p99= 713,002  (tokens)
2026-08-25 19:03:19.284 - records_manager - INFO -   osl     p50=    354  p75=     984  p90=   2,372  p99=   8,459  (tokens)
2026-08-25 19:03:19.284 - records_manager - INFO -   tot     in=329,531,987  out=2,392,567
2026-08-25 19:03:19.284 - records_manager - INFO -   trace  theoretical_prefix_cache_hit=97.1%
2026-08-25 19:03:19.284 - records_manager - INFO -   srv    prefix_cache_hit=94.7% unique_in_srv=17,623,590 ext_cache_hit=38.1% kv_usage=20.7% queue=8r/0w tput_in_srv=161,960/s tput_out_srv=1,176/s
2026-08-25 19:03:22.058 - aiperf.timing.replay_dependencies - INFO - Per-trace idle cap advanced replay root 2549f249-a6df-4517-9cb5-dbfa94f92697 by 2991.288s
2026-08-25 19:03:32.979 - aiperf.timing.replay_dependencies - INFO - Per-trace idle cap advanced replay root fff4dd29-7fd0-4d24-834d-2f1cadc05915 by 303.305s
2026-08-25 19:03:47.172 - aiperf.timing.replay_dependencies - INFO - Per-trace idle cap advanced replay root db3987a7-aa88-4e3d-8fc2-7e41539f4204 by 21.575s
2026-08-25 19:03:52.043 - records_manager - INFO - [realtime 34:40 profiling]
2026-08-25 19:03:52.043 - records_manager - INFO -   rps=0.7 (avg 1.2)  tput_in=160,653/s  tput_out=1,166/s  done=2,525 ok=2,525 err=0
2026-08-25 19:03:52.043 - records_manager - INFO -   ttft    p50=  481ms  p75=   725ms  p95= 1,746ms  p99= 4,944ms
2026-08-25 19:03:52.043 - records_manager - INFO -   itl     p50=    9ms  p75=    13ms  p95=    18ms  p99=    30ms
2026-08-25 19:03:52.043 - records_manager - INFO -   e2e     p50=4,307ms  p75=11,386ms  p95=42,911ms  p99=98,653ms
2026-08-25 19:03:52.044 - records_manager - INFO -   intvty  p50=    106  p75=     130  p95=     166  p99=     311  (1/tpot tok/s)
2026-08-25 19:03:52.044 - records_manager - INFO -   isl     p50=102,900  p75= 171,072  p90= 248,002  p99= 712,216  (tokens)
2026-08-25 19:03:52.044 - records_manager - INFO -   osl     p50=    361  p75=     991  p90=   2,394  p99=   8,445  (tokens)
2026-08-25 19:03:52.044 - records_manager - INFO -   tot     in=333,464,861  out=2,420,324
2026-08-25 19:03:52.044 - records_manager - INFO -   trace  theoretical_prefix_cache_hit=97.1%
2026-08-25 19:03:52.044 - records_manager - INFO -   srv    prefix_cache_hit=94.5% unique_in_srv=18,346,594 ext_cache_hit=39.8% kv_usage=38.4% queue=11r/1w tput_in_srv=161,595/s tput_out_srv=1,174/s
2026-08-25 19:04:24.743 - records_manager - INFO - [realtime 35:13 profiling]
2026-08-25 19:04:24.743 - records_manager - INFO -   rps=0.8 (avg 1.2)  tput_in=160,647/s  tput_out=1,166/s  done=2,550 ok=2,550 err=0
2026-08-25 19:04:24.743 - records_manager - INFO -   ttft    p50=  482ms  p75=   731ms  p95= 1,743ms  p99= 4,934ms
2026-08-25 19:04:24.743 - records_manager - INFO -   itl     p50=    9ms  p75=    13ms  p95=    18ms  p99=    31ms
2026-08-25 19:04:24.743 - records_manager - INFO -   e2e     p50=4,329ms  p75=11,449ms  p95=42,865ms  p99=98,472ms
2026-08-25 19:04:24.743 - records_manager - INFO -   intvty  p50=    106  p75=     130  p95=     166  p99=     303  (1/tpot tok/s)
2026-08-25 19:04:24.743 - records_manager - INFO -   isl     p50=103,260  p75= 171,349  p90= 250,501  p99= 718,471  (tokens)
2026-08-25 19:04:24.743 - records_manager - INFO -   osl     p50=    362  p75=   1,003  p90=   2,419  p99=   8,629  (tokens)
2026-08-25 19:04:24.743 - records_manager - INFO -   tot     in=338,849,796  out=2,460,380
2026-08-25 19:04:24.743 - records_manager - INFO -   trace  theoretical_prefix_cache_hit=97.2%
2026-08-25 19:04:24.743 - records_manager - INFO -   srv    prefix_cache_hit=94.6% unique_in_srv=18,508,706 ext_cache_hit=39.8% kv_usage=43.1% queue=12r/0w tput_in_srv=162,227/s tput_out_srv=1,174/s
2026-08-25 19:04:36.547 - aiperf.timing.replay_dependencies - INFO - Per-trace idle cap advanced replay root bff111fe-1d36-43a4-b820-37a02e87fdd4 by 22048.634s
2026-08-25 19:04:57.681 - records_manager - INFO - [realtime 35:46 profiling]
2026-08-25 19:04:57.682 - records_manager - INFO -   rps=1.0 (avg 1.2)  tput_in=160,926/s  tput_out=1,165/s  done=2,583 ok=2,583 err=0
2026-08-25 19:04:57.682 - records_manager - INFO -   ttft    p50=  483ms  p75=   729ms  p95= 1,730ms  p99= 4,922ms
2026-08-25 19:04:57.682 - records_manager - INFO -   itl     p50=    9ms  p75=    13ms  p95=    18ms  p99=    30ms
2026-08-25 19:04:57.682 - records_manager - INFO -   e2e     p50=4,349ms  p75=11,474ms  p95=41,880ms  p99=98,232ms
2026-08-25 19:04:57.682 - records_manager - INFO -   intvty  p50=    106  p75=     130  p95=     166  p99=     294  (1/tpot tok/s)
2026-08-25 19:04:57.682 - records_manager - INFO -   isl     p50=104,026  p75= 172,373  p90= 250,691  p99= 721,056  (tokens)
2026-08-25 19:04:57.682 - records_manager - INFO -   osl     p50=    365  p75=   1,007  p90=   2,447  p99=   8,519  (tokens)
2026-08-25 19:04:57.682 - records_manager - INFO -   tot     in=344,877,857  out=2,496,246
2026-08-25 19:04:57.682 - records_manager - INFO -   trace  theoretical_prefix_cache_hit=97.2%
2026-08-25 19:04:57.682 - records_manager - INFO -   srv    prefix_cache_hit=94.6% unique_in_srv=18,679,528 ext_cache_hit=39.8% kv_usage=30.6% queue=11r/0w tput_in_srv=162,013/s tput_out_srv=1,176/s
2026-08-25 19:05:30.605 - records_manager - INFO - [realtime 36:19 profiling]
2026-08-25 19:05:30.605 - records_manager - INFO -   rps=1.1 (avg 1.2)  tput_in=160,826/s  tput_out=1,162/s  done=2,619 ok=2,619 err=0
2026-08-25 19:05:30.605 - records_manager - INFO -   ttft    p50=  484ms  p75=   726ms  p95= 1,727ms  p99= 4,904ms
2026-08-25 19:05:30.605 - records_manager - INFO -   itl     p50=    9ms  p75=    13ms  p95=    18ms  p99=    30ms
2026-08-25 19:05:30.605 - records_manager - INFO -   e2e     p50=4,386ms  p75=11,463ms  p95=41,607ms  p99=97,925ms
2026-08-25 19:05:30.605 - records_manager - INFO -   intvty  p50=    106  p75=     129  p95=     165  p99=     288  (1/tpot tok/s)
2026-08-25 19:05:30.605 - records_manager - INFO -   isl     p50=105,018  p75= 172,516  p90= 250,795  p99= 719,843  (tokens)
2026-08-25 19:05:30.605 - records_manager - INFO -   osl     p50=    365  p75=   1,007  p90=   2,435  p99=   8,448  (tokens)
2026-08-25 19:05:30.605 - records_manager - INFO -   tot     in=349,927,109  out=2,528,191
2026-08-25 19:05:30.605 - records_manager - INFO -   trace  theoretical_prefix_cache_hit=97.2%
2026-08-25 19:05:30.605 - records_manager - INFO -   srv    prefix_cache_hit=94.6% unique_in_srv=18,894,953 ext_cache_hit=39.3% kv_usage=35.7% queue=12r/0w tput_in_srv=162,262/s tput_out_srv=1,175/s
2026-08-25 19:06:03.473 - records_manager - INFO - [realtime 36:51 profiling]
2026-08-25 19:06:03.473 - records_manager - INFO -   rps=1.1 (avg 1.2)  tput_in=160,860/s  tput_out=1,159/s  done=2,655 ok=2,655 err=0
2026-08-25 19:06:03.473 - records_manager - INFO -   ttft    p50=  484ms  p75=   726ms  p95= 1,719ms  p99= 4,883ms
2026-08-25 19:06:03.473 - records_manager - INFO -   itl     p50=    9ms  p75=    12ms  p95=    18ms  p99=    31ms
2026-08-25 19:06:03.473 - records_manager - INFO -   e2e     p50=4,369ms  p75=11,463ms  p95=40,839ms  p99=97,572ms
2026-08-25 19:06:03.473 - records_manager - INFO -   intvty  p50=    106  p75=     129  p95=     165  p99=     288  (1/tpot tok/s)
2026-08-25 19:06:03.473 - records_manager - INFO -   isl     p50=105,300  p75= 172,373  p90= 250,930  p99= 718,250  (tokens)
2026-08-25 19:06:03.473 - records_manager - INFO -   osl     p50=    365  p75=   1,008  p90=   2,443  p99=   8,427  (tokens)
2026-08-25 19:06:03.473 - records_manager - INFO -   tot     in=355,112,740  out=2,559,643
2026-08-25 19:06:03.474 - records_manager - INFO -   trace  theoretical_prefix_cache_hit=97.2%
2026-08-25 19:06:03.474 - records_manager - INFO -   srv    prefix_cache_hit=94.7% unique_in_srv=19,034,007 ext_cache_hit=39.0% kv_usage=33.6% queue=11r/0w tput_in_srv=162,002/s tput_out_srv=1,173/s
2026-08-25 19:06:09.420 - aiperf.timing.replay_dependencies - INFO - Per-trace idle cap advanced replay root a3dea304-cdb7-49ad-a6a9-7b96a3e6db86 by 268.062s
2026-08-25 19:06:32.322 - aiperf.timing.replay_dependencies - INFO - Per-trace idle cap advanced replay root 2fcf8a17-ff7a-493b-b361-6fc2f5bd94cb by 5490.364s
2026-08-25 19:06:34.218 - aiperf.timing.replay_dependencies - INFO - Per-trace idle cap advanced replay root 50f768c0-1d49-4aa9-9dec-158521501844 by 34920.515s
2026-08-25 19:06:36.381 - records_manager - INFO - [realtime 37:24 profiling]
2026-08-25 19:06:36.381 - records_manager - INFO -   rps=1.4 (avg 1.2)  tput_in=160,780/s  tput_out=1,159/s  done=2,700 ok=2,700 err=0
2026-08-25 19:06:36.381 - records_manager - INFO -   ttft    p50=  483ms  p75=   728ms  p95= 1,727ms  p99= 4,856ms
2026-08-25 19:06:36.381 - records_manager - INFO -   itl     p50=    9ms  p75=    12ms  p95=    18ms  p99=    30ms
2026-08-25 19:06:36.381 - records_manager - INFO -   e2e     p50=4,314ms  p75=11,429ms  p95=40,810ms  p99=98,109ms
2026-08-25 19:06:36.381 - records_manager - INFO -   intvty  p50=    106  p75=     129  p95=     165  p99=     288  (1/tpot tok/s)
2026-08-25 19:06:36.381 - records_manager - INFO -   isl     p50=105,036  p75= 171,999  p90= 250,501  p99= 716,258  (tokens)
2026-08-25 19:06:36.381 - records_manager - INFO -   osl     p50=    361  p75=   1,004  p90=   2,403  p99=   8,462  (tokens)
2026-08-25 19:06:36.381 - records_manager - INFO -   tot     in=360,226,605  out=2,595,708
2026-08-25 19:06:36.381 - records_manager - INFO -   trace  theoretical_prefix_cache_hit=97.2%
2026-08-25 19:06:36.381 - records_manager - INFO -   srv    prefix_cache_hit=94.6% unique_in_srv=19,681,711 ext_cache_hit=40.5% kv_usage=48.8% queue=12r/1w tput_in_srv=162,266/s tput_out_srv=1,169/s
2026-08-25 19:06:48.559 - aiperf.timing.replay_dependencies - INFO - Per-trace idle cap advanced replay root c917dbb7-96ad-4237-9f1c-597f0a6a6a50 by 14130.399s
2026-08-25 19:07:09.460 - records_manager - INFO - [realtime 37:57 profiling]
2026-08-25 19:07:09.460 - records_manager - INFO -   rps=1.4 (avg 1.2)  tput_in=161,629/s  tput_out=1,159/s  done=2,745 ok=2,745 err=0
2026-08-25 19:07:09.460 - records_manager - INFO -   ttft    p50=  483ms  p75=   733ms  p95= 1,755ms  p99= 4,889ms
2026-08-25 19:07:09.460 - records_manager - INFO -   itl     p50=    9ms  p75=    12ms  p95=    18ms  p99=    32ms
2026-08-25 19:07:09.460 - records_manager - INFO -   e2e     p50=4,303ms  p75=11,433ms  p95=40,899ms  p99=98,508ms
2026-08-25 19:07:09.460 - records_manager - INFO -   intvty  p50=    106  p75=     129  p95=     164  p99=     287  (1/tpot tok/s)
2026-08-25 19:07:09.460 - records_manager - INFO -   isl     p50=104,582  p75= 172,250  p90= 250,930  p99= 718,693  (tokens)
2026-08-25 19:07:09.460 - records_manager - INFO -   osl     p50=    357  p75=   1,001  p90=   2,399  p99=   8,645  (tokens)
2026-08-25 19:07:09.460 - records_manager - INFO -   tot     in=367,618,569  out=2,636,817
2026-08-25 19:07:09.460 - records_manager - INFO -   trace  theoretical_prefix_cache_hit=97.2%
2026-08-25 19:07:09.460 - records_manager - INFO -   srv    prefix_cache_hit=94.5% unique_in_srv=20,274,405 ext_cache_hit=41.3% kv_usage=23.6% queue=10r/0w tput_in_srv=162,436/s tput_out_srv=1,165/s
2026-08-25 19:07:31.737 - aiperf.timing.replay_dependencies - INFO - Per-trace idle cap advanced replay root 9664426c-9b47-4f97-b3e4-bc28feaa5c8c by 352.290s
2026-08-25 19:07:35.880 - aiperf.timing.replay_dependencies - INFO - Per-trace idle cap advanced replay root d5c54c8f-bbd1-4d59-bf8d-006dde5b6ad8 by 3.512s
2026-08-25 19:07:42.434 - records_manager - INFO - [realtime 38:30 profiling]
2026-08-25 19:07:42.434 - records_manager - INFO -   rps=1.2 (avg 1.2)  tput_in=162,721/s  tput_out=1,157/s  done=2,785 ok=2,785 err=0
2026-08-25 19:07:42.434 - records_manager - INFO -   ttft    p50=  485ms  p75=   735ms  p95= 1,746ms  p99= 4,865ms
2026-08-25 19:07:42.434 - records_manager - INFO -   itl     p50=    9ms  p75=    12ms  p95=    18ms  p99=    32ms
2026-08-25 19:07:42.434 - records_manager - INFO -   e2e     p50=4,272ms  p75=11,386ms  p95=40,899ms  p99=98,218ms
2026-08-25 19:07:42.434 - records_manager - INFO -   intvty  p50=    106  p75=     129  p95=     164  p99=     288  (1/tpot tok/s)
2026-08-25 19:07:42.434 - records_manager - INFO -   isl     p50=105,094  p75= 173,081  p90= 252,204  p99= 716,922  (tokens)
2026-08-25 19:07:42.434 - records_manager - INFO -   osl     p50=    354  p75=   1,000  p90=   2,399  p99=   8,512  (tokens)
2026-08-25 19:07:42.434 - records_manager - INFO -   tot     in=375,547,041  out=2,669,412
2026-08-25 19:07:42.434 - records_manager - INFO -   trace  theoretical_prefix_cache_hit=97.2%
2026-08-25 19:07:42.434 - records_manager - INFO -   srv    prefix_cache_hit=94.6% unique_in_srv=20,612,888 ext_cache_hit=41.9% kv_usage=41.8% queue=14r/0w tput_in_srv=164,195/s tput_out_srv=1,163/s
2026-08-25 19:08:15.567 - records_manager - INFO - [realtime 39:04 profiling]
2026-08-25 19:08:15.567 - records_manager - INFO -   rps=1.2 (avg 1.2)  tput_in=164,222/s  tput_out=1,157/s  done=2,825 ok=2,825 err=0
2026-08-25 19:08:15.567 - records_manager - INFO -   ttft    p50=  487ms  p75=   740ms  p95= 1,744ms  p99= 4,824ms
2026-08-25 19:08:15.567 - records_manager - INFO -   itl     p50=    9ms  p75=    12ms  p95=    18ms  p99=    32ms
2026-08-25 19:08:15.567 - records_manager - INFO -   e2e     p50=4,307ms  p75=11,433ms  p95=40,899ms  p99=97,866ms
2026-08-25 19:08:15.567 - records_manager - INFO -   intvty  p50=    106  p75=     128  p95=     164  p99=     287  (1/tpot tok/s)
2026-08-25 19:08:15.567 - records_manager - INFO -   isl     p50=105,436  p75= 175,457  p90= 255,179  p99= 722,397  (tokens)
2026-08-25 19:08:15.567 - records_manager - INFO -   osl     p50=    358  p75=   1,001  p90=   2,411  p99=   8,445  (tokens)
2026-08-25 19:08:15.567 - records_manager - INFO -   tot     in=384,369,916  out=2,708,564
2026-08-25 19:08:15.567 - records_manager - INFO -   trace  theoretical_prefix_cache_hit=97.3%
2026-08-25 19:08:15.567 - records_manager - INFO -   srv    prefix_cache_hit=94.6% unique_in_srv=20,794,061 ext_cache_hit=41.5% kv_usage=28.5% queue=9r/0w tput_in_srv=165,195/s tput_out_srv=1,163/s
2026-08-25 19:08:19.586 - aiperf.timing.replay_dependencies - INFO - Per-trace idle cap advanced replay root 4c49a079-9763-4924-9afc-f8c5f52bdd81 by 2.987s
2026-08-25 19:08:48.821 - records_manager - INFO - [realtime 39:37 profiling]
2026-08-25 19:08:48.821 - records_manager - INFO -   rps=0.8 (avg 1.2)  tput_in=164,281/s  tput_out=1,155/s  done=2,852 ok=2,852 err=0
2026-08-25 19:08:48.821 - records_manager - INFO -   ttft    p50=  488ms  p75=   740ms  p95= 1,742ms  p99= 4,790ms
2026-08-25 19:08:48.821 - records_manager - INFO -   itl     p50=    9ms  p75=    12ms  p95=    18ms  p99=    32ms
2026-08-25 19:08:48.821 - records_manager - INFO -   e2e     p50=4,313ms  p75=11,439ms  p95=41,216ms  p99=97,601ms
2026-08-25 19:08:48.821 - records_manager - INFO -   intvty  p50=    106  p75=     128  p95=     164  p99=     287  (1/tpot tok/s)
2026-08-25 19:08:48.821 - records_manager - INFO -   isl     p50=105,700  p75= 176,217  p90= 258,086  p99= 724,650  (tokens)
2026-08-25 19:08:48.821 - records_manager - INFO -   osl     p50=    361  p75=   1,005  p90=   2,416  p99=   8,428  (tokens)
2026-08-25 19:08:48.821 - records_manager - INFO -   tot     in=389,605,011  out=2,738,003
2026-08-25 19:08:48.821 - records_manager - INFO -   trace  theoretical_prefix_cache_hit=97.3%
2026-08-25 19:08:48.821 - records_manager - INFO -   srv    prefix_cache_hit=94.7% unique_in_srv=20,944,477 ext_cache_hit=41.4% kv_usage=38.7% queue=13r/0w tput_in_srv=165,453/s tput_out_srv=1,162/s
2026-08-25 19:08:51.342 - aiperf.timing.replay_dependencies - INFO - Per-trace idle cap advanced replay root e2601616-0271-436c-a546-2b5ec90eb822 by 103.731s
2026-08-25 19:09:21.989 - records_manager - INFO - [realtime 40:10 profiling]
2026-08-25 19:09:21.989 - records_manager - INFO -   rps=1.0 (avg 1.2)  tput_in=164,276/s  tput_out=1,154/s  done=2,886 ok=2,886 err=0
2026-08-25 19:09:21.990 - records_manager - INFO -   ttft    p50=  489ms  p75=   744ms  p95= 1,744ms  p99= 4,747ms
2026-08-25 19:09:21.990 - records_manager - INFO -   itl     p50=    9ms  p75=    12ms  p95=    18ms  p99=    32ms
2026-08-25 19:09:21.990 - records_manager - INFO -   e2e     p50=4,329ms  p75=11,437ms  p95=41,829ms  p99=97,267ms
2026-08-25 19:09:21.990 - records_manager - INFO -   intvty  p50=    106  p75=     128  p95=     164  p99=     286  (1/tpot tok/s)
2026-08-25 19:09:21.990 - records_manager - INFO -   isl     p50=105,744  p75= 176,544  p90= 258,646  p99= 723,472  (tokens)
2026-08-25 19:09:21.990 - records_manager - INFO -   osl     p50=    362  p75=   1,005  p90=   2,441  p99=   8,408  (tokens)
2026-08-25 19:09:21.990 - records_manager - INFO -   tot     in=395,300,337  out=2,777,323
2026-08-25 19:09:21.990 - records_manager - INFO -   trace  theoretical_prefix_cache_hit=97.3%
2026-08-25 19:09:21.990 - records_manager - INFO -   srv    prefix_cache_hit=94.6% unique_in_srv=21,537,379 ext_cache_hit=41.9% kv_usage=37.2% queue=10r/0w tput_in_srv=165,184/s tput_out_srv=1,159/s
2026-08-25 19:09:24.179 - aiperf.timing.replay_dependencies - INFO - Per-trace idle cap advanced replay root 41b124b3-ea86-497b-b966-1165f9d880eb by 478.873s
2026-08-25 19:09:44.573 - aiperf.timing.replay_dependencies - INFO - Per-trace idle cap advanced replay root a682af97-0b30-4229-8916-c4d2781e2551 by 7133.038s
2026-08-25 19:09:55.395 - records_manager - INFO - [realtime 40:43 profiling]
2026-08-25 19:09:55.395 - records_manager - INFO -   rps=1.1 (avg 1.2)  tput_in=164,761/s  tput_out=1,154/s  done=2,923 ok=2,923 err=0
2026-08-25 19:09:55.395 - records_manager - INFO -   ttft    p50=  490ms  p75=   747ms  p95= 1,746ms  p99= 4,695ms
2026-08-25 19:09:55.395 - records_manager - INFO -   itl     p50=    9ms  p75=    12ms  p95=    18ms  p99=    32ms
2026-08-25 19:09:55.395 - records_manager - INFO -   e2e     p50=4,377ms  p75=11,523ms  p95=41,888ms  p99=96,952ms
2026-08-25 19:09:55.395 - records_manager - INFO -   intvty  p50=    105  p75=     128  p95=     163  p99=     282  (1/tpot tok/s)
2026-08-25 19:09:55.395 - records_manager - INFO -   isl     p50=105,785  p75= 176,990  p90= 260,639  p99= 722,443  (tokens)
2026-08-25 19:09:55.395 - records_manager - INFO -   osl     p50=    365  p75=   1,008  p90=   2,428  p99=   8,372  (tokens)
2026-08-25 19:09:55.395 - records_manager - INFO -   tot     in=401,991,564  out=2,815,700
2026-08-25 19:09:55.395 - records_manager - INFO -   trace  theoretical_prefix_cache_hit=97.3%
2026-08-25 19:09:55.395 - records_manager - INFO -   srv    prefix_cache_hit=94.5% unique_in_srv=22,232,426 ext_cache_hit=43.1% kv_usage=31.8% queue=16r/0w tput_in_srv=165,871/s tput_out_srv=1,159/s
2026-08-25 19:10:05.021 - aiperf.timing.replay_dependencies - INFO - Per-trace idle cap advanced replay root 2549f249-a6df-4517-9cb5-dbfa94f92697 by 1834.036s
2026-08-25 19:10:28.629 - records_manager - INFO - [realtime 41:17 profiling]
2026-08-25 19:10:28.629 - records_manager - INFO -   rps=1.8 (avg 1.2)  tput_in=166,156/s  tput_out=1,154/s  done=2,984 ok=2,984 err=0
2026-08-25 19:10:28.629 - records_manager - INFO -   ttft    p50=  493ms  p75=   754ms  p95= 1,749ms  p99= 4,603ms
2026-08-25 19:10:28.629 - records_manager - INFO -   itl     p50=   10ms  p75=    12ms  p95=    18ms  p99=    31ms
2026-08-25 19:10:28.629 - records_manager - INFO -   e2e     p50=4,457ms  p75=11,458ms  p95=41,476ms  p99=96,485ms
2026-08-25 19:10:28.629 - records_manager - INFO -   intvty  p50=    105  p75=     127  p95=     163  p99=     271  (1/tpot tok/s)
2026-08-25 19:10:28.629 - records_manager - INFO -   isl     p50=105,420  p75= 177,241  p90= 262,321  p99= 721,033  (tokens)
2026-08-25 19:10:28.629 - records_manager - INFO -   osl     p50=    368  p75=     998  p90=   2,385  p99=   8,298  (tokens)
2026-08-25 19:10:28.629 - records_manager - INFO -   tot     in=410,949,969  out=2,855,325
2026-08-25 19:10:28.629 - records_manager - INFO -   trace  theoretical_prefix_cache_hit=97.3%
2026-08-25 19:10:28.629 - records_manager - INFO -   srv    prefix_cache_hit=94.4% unique_in_srv=23,114,835 ext_cache_hit=44.3% kv_usage=43.0% queue=16r/0w tput_in_srv=167,578/s tput_out_srv=1,159/s
2026-08-25 19:11:01.870 - records_manager - INFO - [realtime 41:50 profiling]
2026-08-25 19:11:01.871 - records_manager - INFO -   rps=1.5 (avg 1.2)  tput_in=168,470/s  tput_out=1,157/s  done=3,035 ok=3,035 err=0
2026-08-25 19:11:01.871 - records_manager - INFO -   ttft    p50=  498ms  p75=   762ms  p95= 1,746ms  p99= 4,548ms
2026-08-25 19:11:01.871 - records_manager - INFO -   itl     p50=   10ms  p75=    12ms  p95=    18ms  p99=    31ms
2026-08-25 19:11:01.871 - records_manager - INFO -   e2e     p50=4,478ms  p75=11,497ms  p95=40,839ms  p99=95,930ms
2026-08-25 19:11:01.871 - records_manager - INFO -   intvty  p50=    105  p75=     126  p95=     162  p99=     268  (1/tpot tok/s)
2026-08-25 19:11:01.871 - records_manager - INFO -   isl     p50=105,697  p75= 179,198  p90= 267,737  p99= 725,239  (tokens)
2026-08-25 19:11:01.871 - records_manager - INFO -   osl     p50=    369  p75=   1,002  p90=   2,361  p99=   8,188  (tokens)
2026-08-25 19:11:01.871 - records_manager - INFO -   tot     in=422,364,567  out=2,900,543
2026-08-25 19:11:01.871 - records_manager - INFO -   trace  theoretical_prefix_cache_hit=97.3%
2026-08-25 19:11:01.871 - records_manager - INFO -   srv    prefix_cache_hit=94.5% unique_in_srv=23,423,323 ext_cache_hit=44.7% kv_usage=29.3% queue=14r/0w tput_in_srv=169,357/s tput_out_srv=1,163/s
2026-08-25 19:11:35.236 - records_manager - INFO - [realtime 42:23 profiling]
2026-08-25 19:11:35.236 - records_manager - INFO -   rps=1.0 (avg 1.2)  tput_in=169,275/s  tput_out=1,157/s  done=3,070 ok=3,070 err=0
2026-08-25 19:11:35.236 - records_manager - INFO -   ttft    p50=  498ms  p75=   766ms  p95= 1,748ms  p99= 4,517ms
2026-08-25 19:11:35.236 - records_manager - INFO -   itl     p50=   10ms  p75=    12ms  p95=    18ms  p99=    30ms
2026-08-25 19:11:35.236 - records_manager - INFO -   e2e     p50=4,513ms  p75=11,623ms  p95=40,789ms  p99=95,492ms
2026-08-25 19:11:35.236 - records_manager - INFO -   intvty  p50=    104  p75=     126  p95=     162  p99=     268  (1/tpot tok/s)
2026-08-25 19:11:35.236 - records_manager - INFO -   isl     p50=105,700  p75= 180,559  p90= 269,433  p99= 727,232  (tokens)
2026-08-25 19:11:35.236 - records_manager - INFO -   osl     p50=    372  p75=   1,006  p90=   2,374  p99=   8,097  (tokens)
2026-08-25 19:11:35.236 - records_manager - INFO -   tot     in=429,794,491  out=2,937,994
2026-08-25 19:11:35.236 - records_manager - INFO -   trace  theoretical_prefix_cache_hit=97.4%
2026-08-25 19:11:35.236 - records_manager - INFO -   srv    prefix_cache_hit=94.5% unique_in_srv=23,785,281 ext_cache_hit=45.2% kv_usage=29.6% queue=11r/0w tput_in_srv=170,177/s tput_out_srv=1,165/s
2026-08-25 19:12:08.664 - records_manager - INFO - [realtime 42:57 profiling]
2026-08-25 19:12:08.665 - records_manager - INFO -   rps=0.9 (avg 1.2)  tput_in=169,560/s  tput_out=1,160/s  done=3,100 ok=3,100 err=0
2026-08-25 19:12:08.665 - records_manager - INFO -   ttft    p50=  499ms  p75=   767ms  p95= 1,761ms  p99= 4,491ms
2026-08-25 19:12:08.665 - records_manager - INFO -   itl     p50=   10ms  p75=    12ms  p95=    18ms  p99=    30ms
2026-08-25 19:12:08.665 - records_manager - INFO -   e2e     p50=4,556ms  p75=11,726ms  p95=40,956ms  p99=95,117ms
2026-08-25 19:12:08.665 - records_manager - INFO -   intvty  p50=    104  p75=     126  p95=     162  p99=     268  (1/tpot tok/s)
2026-08-25 19:12:08.665 - records_manager - INFO -   isl     p50=105,792  p75= 181,400  p90= 270,516  p99= 729,066  (tokens)
2026-08-25 19:12:08.665 - records_manager - INFO -   osl     p50=    374  p75=   1,013  p90=   2,418  p99=   8,262  (tokens)
2026-08-25 19:12:08.665 - records_manager - INFO -   tot     in=436,372,928  out=2,986,405
2026-08-25 19:12:08.665 - records_manager - INFO -   trace  theoretical_prefix_cache_hit=97.4%
2026-08-25 19:12:08.665 - records_manager - INFO -   srv    prefix_cache_hit=94.5% unique_in_srv=24,117,778 ext_cache_hit=45.6% kv_usage=25.2% queue=11r/0w tput_in_srv=170,359/s tput_out_srv=1,167/s
2026-08-25 19:12:39.444 - aiperf.timing.replay_dependencies - INFO - Per-trace idle cap advanced replay root d5c54c8f-bbd1-4d59-bf8d-006dde5b6ad8 by 289.121s
2026-08-25 19:12:42.192 - records_manager - INFO - [realtime 43:30 profiling]
2026-08-25 19:12:42.192 - records_manager - INFO -   rps=0.9 (avg 1.2)  tput_in=170,545/s  tput_out=1,161/s  done=3,131 ok=3,131 err=0
2026-08-25 19:12:42.192 - records_manager - INFO -   ttft    p50=  502ms  p75=   768ms  p95= 1,764ms  p99= 4,468ms
2026-08-25 19:12:42.192 - records_manager - INFO -   itl     p50=   10ms  p75=    12ms  p95=    18ms  p99=    30ms
2026-08-25 19:12:42.192 - records_manager - INFO -   e2e     p50=4,587ms  p75=11,743ms  p95=41,441ms  p99=94,680ms
2026-08-25 19:12:42.192 - records_manager - INFO -   intvty  p50=    104  p75=     126  p95=     162  p99=     268  (1/tpot tok/s)
2026-08-25 19:12:42.192 - records_manager - INFO -   isl     p50=106,125  p75= 182,748  p90= 271,807  p99= 731,455  (tokens)
2026-08-25 19:12:42.192 - records_manager - INFO -   osl     p50=    376  p75=   1,022  p90=   2,431  p99=   8,188  (tokens)
2026-08-25 19:12:42.192 - records_manager - INFO -   tot     in=444,593,629  out=3,027,495
2026-08-25 19:12:42.192 - records_manager - INFO -   trace  theoretical_prefix_cache_hit=97.4%
2026-08-25 19:12:42.192 - records_manager - INFO -   srv    prefix_cache_hit=94.6% unique_in_srv=24,223,804 ext_cache_hit=45.5% kv_usage=24.9% queue=6r/0w tput_in_srv=171,239/s tput_out_srv=1,165/s
2026-08-25 19:13:15.687 - records_manager - INFO - [realtime 44:04 profiling]
2026-08-25 19:13:15.687 - records_manager - INFO -   rps=0.7 (avg 1.2)  tput_in=170,544/s  tput_out=1,157/s  done=3,154 ok=3,154 err=0
2026-08-25 19:13:15.687 - records_manager - INFO -   ttft    p50=  503ms  p75=   769ms  p95= 1,758ms  p99= 4,452ms
2026-08-25 19:13:15.687 - records_manager - INFO -   itl     p50=   10ms  p75=    12ms  p95=    18ms  p99=    30ms
2026-08-25 19:13:15.687 - records_manager - INFO -   e2e     p50=4,613ms  p75=11,735ms  p95=41,402ms  p99=94,355ms
2026-08-25 19:13:15.687 - records_manager - INFO -   intvty  p50=    105  p75=     126  p95=     162  p99=     277  (1/tpot tok/s)
2026-08-25 19:13:15.687 - records_manager - INFO -   isl     p50=106,950  p75= 184,016  p90= 272,726  p99= 731,277  (tokens)
2026-08-25 19:13:15.687 - records_manager - INFO -   osl     p50=    376  p75=   1,028  p90=   2,445  p99=   8,132  (tokens)
2026-08-25 19:13:15.687 - records_manager - INFO -   tot     in=450,245,271  out=3,054,214
2026-08-25 19:13:15.687 - records_manager - INFO -   trace  theoretical_prefix_cache_hit=97.4%
2026-08-25 19:13:15.687 - records_manager - INFO -   srv    prefix_cache_hit=94.6% unique_in_srv=24,419,031 ext_cache_hit=45.6% kv_usage=31.3% queue=7r/0w tput_in_srv=171,352/s tput_out_srv=1,161/s
2026-08-25 19:13:49.306 - records_manager - INFO - [realtime 44:37 profiling]
2026-08-25 19:13:49.306 - records_manager - INFO -   rps=0.6 (avg 1.2)  tput_in=171,221/s  tput_out=1,155/s  done=3,174 ok=3,174 err=0
2026-08-25 19:13:49.306 - records_manager - INFO -   ttft    p50=  506ms  p75=   774ms  p95= 1,752ms  p99= 4,438ms
2026-08-25 19:13:49.306 - records_manager - INFO -   itl     p50=   10ms  p75=    12ms  p95=    18ms  p99=    30ms
2026-08-25 19:13:49.306 - records_manager - INFO -   e2e     p50=4,603ms  p75=11,735ms  p95=41,355ms  p99=94,072ms
2026-08-25 19:13:49.306 - records_manager - INFO -   intvty  p50=    105  p75=     127  p95=     163  p99=     273  (1/tpot tok/s)
2026-08-25 19:13:49.306 - records_manager - INFO -   isl     p50=107,540  p75= 185,444  p90= 274,575  p99= 731,122  (tokens)
2026-08-25 19:13:49.306 - records_manager - INFO -   osl     p50=    379  p75=   1,028  p90=   2,453  p99=   8,082  (tokens)
2026-08-25 19:13:49.306 - records_manager - INFO -   tot     in=456,576,178  out=3,079,152
2026-08-25 19:13:49.306 - records_manager - INFO -   trace  theoretical_prefix_cache_hit=97.4%
2026-08-25 19:13:49.306 - records_manager - INFO -   srv    prefix_cache_hit=94.6% unique_in_srv=24,609,293 ext_cache_hit=45.7% kv_usage=30.9% queue=9r/0w tput_in_srv=171,698/s tput_out_srv=1,154/s
2026-08-25 19:13:58.276 - aiperf.timing.replay_dependencies - INFO - Per-trace idle cap advanced replay root 282c2f9c-8502-4e81-9409-3ae34ed7cc2a by 3308.226s
2026-08-25 19:14:22.906 - records_manager - INFO - [realtime 45:11 profiling]
2026-08-25 19:14:22.906 - records_manager - INFO -   rps=0.6 (avg 1.2)  tput_in=170,666/s  tput_out=1,147/s  done=3,194 ok=3,194 err=0
2026-08-25 19:14:22.906 - records_manager - INFO -   ttft    p50=  507ms  p75=   778ms  p95= 1,747ms  p99= 4,423ms
2026-08-25 19:14:22.906 - records_manager - INFO -   itl     p50=   10ms  p75=    12ms  p95=    18ms  p99=    30ms
2026-08-25 19:14:22.906 - records_manager - INFO -   e2e     p50=4,616ms  p75=11,754ms  p95=41,058ms  p99=93,789ms
2026-08-25 19:14:22.906 - records_manager - INFO -   intvty  p50=    105  p75=     127  p95=     163  p99=     270  (1/tpot tok/s)
2026-08-25 19:14:22.906 - records_manager - INFO -   isl     p50=107,824  p75= 186,749  p90= 275,747  p99= 730,967  (tokens)
2026-08-25 19:14:22.906 - records_manager - INFO -   osl     p50=    380  p75=   1,031  p90=   2,453  p99=   8,033  (tokens)
2026-08-25 19:14:22.906 - records_manager - INFO -   tot     in=461,394,102  out=3,102,127
2026-08-25 19:14:22.906 - records_manager - INFO -   trace  theoretical_prefix_cache_hit=97.4%
2026-08-25 19:14:22.906 - records_manager - INFO -   srv    prefix_cache_hit=94.6% unique_in_srv=24,881,349 ext_cache_hit=45.6% kv_usage=24.6% queue=8r/0w tput_in_srv=171,154/s tput_out_srv=1,149/s
2026-08-25 19:14:33.556 - aiperf.timing.replay_dependencies - INFO - Per-trace idle cap advanced replay root e2601616-0271-436c-a546-2b5ec90eb822 by 247.095s
2026-08-25 19:14:49.998 - aiperf.timing.replay_dependencies - INFO - Per-trace idle cap advanced replay root a682af97-0b30-4229-8916-c4d2781e2551 by 106.227s
2026-08-25 19:14:56.602 - records_manager - INFO - [realtime 45:45 profiling]
2026-08-25 19:14:56.602 - records_manager - INFO -   rps=0.7 (avg 1.2)  tput_in=170,562/s  tput_out=1,141/s  done=3,216 ok=3,216 err=0
2026-08-25 19:14:56.602 - records_manager - INFO -   ttft    p50=  509ms  p75=   779ms  p95= 1,747ms  p99= 4,408ms
2026-08-25 19:14:56.602 - records_manager - INFO -   itl     p50=   10ms  p75=    12ms  p95=    18ms  p99=    30ms
2026-08-25 19:14:56.602 - records_manager - INFO -   e2e     p50=4,642ms  p75=11,749ms  p95=41,020ms  p99=93,358ms
2026-08-25 19:14:56.602 - records_manager - INFO -   intvty  p50=    105  p75=     127  p95=     163  p99=     268  (1/tpot tok/s)
2026-08-25 19:14:56.602 - records_manager - INFO -   isl     p50=107,982  p75= 187,753  p90= 277,550  p99= 731,681  (tokens)
2026-08-25 19:14:56.602 - records_manager - INFO -   osl     p50=    382  p75=   1,032  p90=   2,452  p99=   7,987  (tokens)
2026-08-25 19:14:56.602 - records_manager - INFO -   tot     in=467,474,367  out=3,126,914
2026-08-25 19:14:56.602 - records_manager - INFO -   trace  theoretical_prefix_cache_hit=97.4%
2026-08-25 19:14:56.602 - records_manager - INFO -   srv    prefix_cache_hit=94.6% unique_in_srv=25,423,021 ext_cache_hit=46.5% kv_usage=15.0% queue=6r/0w tput_in_srv=170,978/s tput_out_srv=1,144/s
2026-08-25 19:15:07.482 - aiperf.timing.replay_dependencies - INFO - Per-trace idle cap advanced replay root 9ebb6b31-d8db-45e2-b407-c86b9584c5de by 451.771s
2026-08-25 19:15:21.775 - aiperf.timing.replay_dependencies - INFO - Per-trace idle cap advanced replay root e50b630e-c6fd-4235-bc90-088fde7f3c94 by 521.390s
2026-08-25 19:15:22.786 - aiperf.timing.replay_dependencies - INFO - Per-trace idle cap advanced replay root cfd9ef62-0d92-4bcc-8840-ac57982e22b7 by 608.892s
2026-08-25 19:15:24.191 - aiperf.timing.replay_dependencies - INFO - Per-trace idle cap advanced replay root 2fcf8a17-ff7a-493b-b361-6fc2f5bd94cb by 532.313s
2026-08-25 19:15:30.398 - records_manager - INFO - [realtime 46:18 profiling]
2026-08-25 19:15:30.398 - records_manager - INFO -   rps=0.7 (avg 1.2)  tput_in=170,709/s  tput_out=1,139/s  done=3,239 ok=3,239 err=0
2026-08-25 19:15:30.398 - records_manager - INFO -   ttft    p50=  509ms  p75=   780ms  p95= 1,751ms  p99= 4,393ms
2026-08-25 19:15:30.398 - records_manager - INFO -   itl     p50=    9ms  p75=    12ms  p95=    18ms  p99=    30ms
2026-08-25 19:15:30.398 - records_manager - INFO -   e2e     p50=4,650ms  p75=11,781ms  p95=40,816ms  p99=92,850ms
2026-08-25 19:15:30.398 - records_manager - INFO -   intvty  p50=    105  p75=     128  p95=     163  p99=     279  (1/tpot tok/s)
2026-08-25 19:15:30.398 - records_manager - INFO -   isl     p50=108,219  p75= 188,936  p90= 278,668  p99= 733,104  (tokens)
2026-08-25 19:15:30.398 - records_manager - INFO -   osl     p50=    383  p75=   1,038  p90=   2,455  p99=   7,943  (tokens)
2026-08-25 19:15:30.398 - records_manager - INFO -   tot     in=473,291,105  out=3,158,078
2026-08-25 19:15:30.398 - records_manager - INFO -   trace  theoretical_prefix_cache_hit=97.5%
2026-08-25 19:15:30.398 - records_manager - INFO -   srv    prefix_cache_hit=94.5% unique_in_srv=26,128,811 ext_cache_hit=47.8% kv_usage=22.5% queue=7r/1w tput_in_srv=171,087/s tput_out_srv=1,139/s
2026-08-25 19:15:49.086 - aiperf.timing.replay_dependencies - INFO - Per-trace idle cap advanced replay root 50f768c0-1d49-4aa9-9dec-158521501844 by 39579.660s
2026-08-25 19:16:03.976 - records_manager - INFO - [realtime 46:52 profiling]
2026-08-25 19:16:03.976 - records_manager - INFO -   rps=0.6 (avg 1.2)  tput_in=170,436/s  tput_out=1,131/s  done=3,259 ok=3,259 err=0
2026-08-25 19:16:03.976 - records_manager - INFO -   ttft    p50=  512ms  p75=   783ms  p95= 1,761ms  p99= 4,379ms
2026-08-25 19:16:03.976 - records_manager - INFO -   itl     p50=    9ms  p75=    12ms  p95=    18ms  p99=    30ms
2026-08-25 19:16:03.976 - records_manager - INFO -   e2e     p50=4,655ms  p75=11,812ms  p95=40,774ms  p99=92,408ms
2026-08-25 19:16:03.976 - records_manager - INFO -   intvty  p50=    105  p75=     128  p95=     164  p99=     276  (1/tpot tok/s)
2026-08-25 19:16:03.976 - records_manager - INFO -   isl     p50=108,670  p75= 189,930  p90= 280,296  p99= 732,961  (tokens)
2026-08-25 19:16:03.976 - records_manager - INFO -   osl     p50=    383  p75=   1,038  p90=   2,455  p99=   7,905  (tokens)
2026-08-25 19:16:03.976 - records_manager - INFO -   tot     in=478,690,064  out=3,176,622
2026-08-25 19:16:03.976 - records_manager - INFO -   trace  theoretical_prefix_cache_hit=97.5%
2026-08-25 19:16:03.976 - records_manager - INFO -   srv    prefix_cache_hit=94.5% unique_in_srv=26,547,125 ext_cache_hit=48.5% kv_usage=30.2% queue=10r/0w tput_in_srv=171,058/s tput_out_srv=1,135/s
2026-08-25 19:16:04.789 - aiperf.timing.replay_dependencies - INFO - Per-trace idle cap advanced replay root a3dea304-cdb7-49ad-a6a9-7b96a3e6db86 by 46485.223s
2026-08-25 19:16:19.251 - aiperf.timing.replay_dependencies - INFO - Per-trace idle cap advanced replay root 72e41fb8-8474-4a1d-8d2c-1251bf5a9577 by 1779.285s
2026-08-25 19:16:37.790 - records_manager - INFO - [realtime 47:26 profiling]
2026-08-25 19:16:37.790 - records_manager - INFO -   rps=0.8 (avg 1.2)  tput_in=171,044/s  tput_out=1,129/s  done=3,286 ok=3,286 err=0
2026-08-25 19:16:37.790 - records_manager - INFO -   ttft    p50=  514ms  p75=   789ms  p95= 1,783ms  p99= 4,361ms
2026-08-25 19:16:37.790 - records_manager - INFO -   itl     p50=    9ms  p75=    12ms  p95=    18ms  p99=    30ms
2026-08-25 19:16:37.790 - records_manager - INFO -   e2e     p50=4,657ms  p75=11,926ms  p95=40,700ms  p99=91,811ms
2026-08-25 19:16:37.790 - records_manager - INFO -   intvty  p50=    106  p75=     128  p95=     164  p99=     286  (1/tpot tok/s)
2026-08-25 19:16:37.790 - records_manager - INFO -   isl     p50=109,249  p75= 191,975  p90= 282,574  p99= 733,523  (tokens)
2026-08-25 19:16:37.790 - records_manager - INFO -   osl     p50=    384  p75=   1,044  p90=   2,472  p99=   7,853  (tokens)
2026-08-25 19:16:37.790 - records_manager - INFO -   tot     in=486,158,218  out=3,208,336
2026-08-25 19:16:37.790 - records_manager - INFO -   trace  theoretical_prefix_cache_hit=97.5%
2026-08-25 19:16:37.790 - records_manager - INFO -   srv    prefix_cache_hit=94.5% unique_in_srv=27,038,488 ext_cache_hit=49.1% kv_usage=26.8% queue=7r/0w tput_in_srv=171,738/s tput_out_srv=1,132/s
2026-08-25 19:16:47.184 - aiperf.timing.replay_dependencies - INFO - Per-trace idle cap advanced replay root c462b50c-b346-4fe3-9941-85cba38d72b1 by 87.190s
2026-08-25 19:17:11.613 - records_manager - INFO - [realtime 48:00 profiling]
2026-08-25 19:17:11.613 - records_manager - INFO -   rps=0.8 (avg 1.2)  tput_in=171,560/s  tput_out=1,127/s  done=3,313 ok=3,313 err=0
2026-08-25 19:17:11.613 - records_manager - INFO -   ttft    p50=  516ms  p75=   792ms  p95= 1,783ms  p99= 4,351ms
2026-08-25 19:17:11.613 - records_manager - INFO -   itl     p50=    9ms  p75=    12ms  p95=    18ms  p99=    30ms
2026-08-25 19:17:11.613 - records_manager - INFO -   e2e     p50=4,681ms  p75=11,938ms  p95=40,601ms  p99=91,026ms
2026-08-25 19:17:11.613 - records_manager - INFO -   intvty  p50=    106  p75=     128  p95=     164  p99=     284  (1/tpot tok/s)
2026-08-25 19:17:11.613 - records_manager - INFO -   isl     p50=109,674  p75= 193,317  p90= 284,740  p99= 734,231  (tokens)
2026-08-25 19:17:11.613 - records_manager - INFO -   osl     p50=    385  p75=   1,047  p90=   2,475  p99=   7,802  (tokens)
2026-08-25 19:17:11.613 - records_manager - INFO -   tot     in=493,312,031  out=3,240,377
2026-08-25 19:17:11.613 - records_manager - INFO -   trace  theoretical_prefix_cache_hit=97.5%
2026-08-25 19:17:11.613 - records_manager - INFO -   srv    prefix_cache_hit=94.5% unique_in_srv=27,404,546 ext_cache_hit=49.3% kv_usage=31.8% queue=10r/0w tput_in_srv=172,414/s tput_out_srv=1,131/s
2026-08-25 19:17:27.676 - aiperf.timing.replay_dependencies - INFO - Per-trace idle cap advanced replay root 902a5800-80f0-4b22-9b2e-1538ba39e1e9 by 196.141s
2026-08-25 19:17:41.554 - aiperf.timing.replay_dependencies - INFO - Per-trace idle cap advanced replay root 2549f249-a6df-4517-9cb5-dbfa94f92697 by 2382.315s
2026-08-25 19:17:45.482 - records_manager - INFO - [realtime 48:33 profiling]
2026-08-25 19:17:45.482 - records_manager - INFO -   rps=0.7 (avg 1.1)  tput_in=171,859/s  tput_out=1,121/s  done=3,336 ok=3,336 err=0
2026-08-25 19:17:45.482 - records_manager - INFO -   ttft    p50=  518ms  p75=   795ms  p95= 1,783ms  p99= 4,350ms
2026-08-25 19:17:45.482 - records_manager - INFO -   itl     p50=    9ms  p75=    12ms  p95=    18ms  p99=    31ms
2026-08-25 19:17:45.482 - records_manager - INFO -   e2e     p50=4,700ms  p75=11,939ms  p95=40,558ms  p99=90,157ms
2026-08-25 19:17:45.482 - records_manager - INFO -   intvty  p50=    106  p75=     128  p95=     164  p99=     280  (1/tpot tok/s)
2026-08-25 19:17:45.482 - records_manager - INFO -   isl     p50=110,360  p75= 194,174  p90= 286,150  p99= 734,972  (tokens)
2026-08-25 19:17:45.482 - records_manager - INFO -   osl     p50=    387  p75=   1,047  p90=   2,474  p99=   7,760  (tokens)
2026-08-25 19:17:45.482 - records_manager - INFO -   tot     in=500,053,535  out=3,262,268
2026-08-25 19:17:45.482 - records_manager - INFO -   trace  theoretical_prefix_cache_hit=97.5%
2026-08-25 19:17:45.482 - records_manager - INFO -   srv    prefix_cache_hit=94.4% unique_in_srv=28,240,934 ext_cache_hit=50.6% kv_usage=29.9% queue=8r/0w tput_in_srv=172,678/s tput_out_srv=1,129/s
2026-08-25 19:17:52.552 - aiperf.timing.replay_dependencies - INFO - Per-trace idle cap advanced replay root d5c54c8f-bbd1-4d59-bf8d-006dde5b6ad8 by 300.779s
2026-08-25 19:18:19.300 - records_manager - INFO - [realtime 49:07 profiling]
2026-08-25 19:18:19.300 - records_manager - INFO -   rps=0.6 (avg 1.1)  tput_in=171,985/s  tput_out=1,118/s  done=3,357 ok=3,357 err=0
2026-08-25 19:18:19.300 - records_manager - INFO -   ttft    p50=  519ms  p75=   797ms  p95= 1,791ms  p99= 4,349ms
2026-08-25 19:18:19.300 - records_manager - INFO -   itl     p50=    9ms  p75=    12ms  p95=    18ms  p99=    31ms
2026-08-25 19:18:19.300 - records_manager - INFO -   e2e     p50=4,683ms  p75=11,943ms  p95=40,828ms  p99=89,363ms
2026-08-25 19:18:19.300 - records_manager - INFO -   intvty  p50=    106  p75=     128  p95=     164  p99=     276  (1/tpot tok/s)
2026-08-25 19:18:19.300 - records_manager - INFO -   isl     p50=110,943  p75= 194,618  p90= 288,679  p99= 735,774  (tokens)
2026-08-25 19:18:19.300 - records_manager - INFO -   osl     p50=    385  p75=   1,047  p90=   2,477  p99=   7,722  (tokens)
2026-08-25 19:18:19.300 - records_manager - INFO -   tot     in=505,953,538  out=3,290,032
2026-08-25 19:18:19.300 - records_manager - INFO -   trace  theoretical_prefix_cache_hit=97.6%
2026-08-25 19:18:19.300 - records_manager - INFO -   srv    prefix_cache_hit=94.4% unique_in_srv=28,638,202 ext_cache_hit=51.1% kv_usage=47.6% queue=11r/0w tput_in_srv=173,180/s tput_out_srv=1,126/s
2026-08-25 19:18:52.983 - aiperf.timing.replay_dependencies - INFO - Per-trace idle cap advanced replay root c3537799-fecd-48c7-9822-30b0b0b18a3d by 5869.853s
2026-08-25 19:18:53.471 - records_manager - INFO - [realtime 49:41 profiling]
2026-08-25 19:18:53.471 - records_manager - INFO -   rps=0.7 (avg 1.1)  tput_in=172,437/s  tput_out=1,120/s  done=3,381 ok=3,381 err=0
2026-08-25 19:18:53.471 - records_manager - INFO -   ttft    p50=  521ms  p75=   800ms  p95= 1,791ms  p99= 4,365ms
2026-08-25 19:18:53.471 - records_manager - INFO -   itl     p50=    9ms  p75=    12ms  p95=    18ms  p99=    30ms
2026-08-25 19:18:53.471 - records_manager - INFO -   e2e     p50=4,710ms  p75=12,022ms  p95=41,310ms  p99=88,456ms
2026-08-25 19:18:53.471 - records_manager - INFO -   intvty  p50=    106  p75=     128  p95=     164  p99=     288  (1/tpot tok/s)
2026-08-25 19:18:53.471 - records_manager - INFO -   isl     p50=111,199  p75= 195,090  p90= 291,276  p99= 737,222  (tokens)
2026-08-25 19:18:53.471 - records_manager - INFO -   osl     p50=    387  p75=   1,058  p90=   2,486  p99=   7,678  (tokens)
2026-08-25 19:18:53.471 - records_manager - INFO -   tot     in=513,203,992  out=3,331,891
2026-08-25 19:18:53.471 - records_manager - INFO -   trace  theoretical_prefix_cache_hit=97.6%
2026-08-25 19:18:53.471 - records_manager - INFO -   srv    prefix_cache_hit=94.4% unique_in_srv=28,703,976 ext_cache_hit=51.0% kv_usage=34.1% queue=7r/0w tput_in_srv=173,282/s tput_out_srv=1,123/s
2026-08-25 19:18:54.194 - aiperf.timing.replay_dependencies - INFO - Per-trace idle cap advanced replay root c917dbb7-96ad-4237-9f1c-597f0a6a6a50 by 1666.487s
2026-08-25 19:19:27.239 - records_manager - INFO - [realtime 50:15 profiling]
2026-08-25 19:19:27.239 - records_manager - INFO -   rps=0.4 (avg 1.1)  tput_in=171,888/s  tput_out=1,115/s  done=3,395 ok=3,395 err=0
2026-08-25 19:19:27.239 - records_manager - INFO -   ttft    p50=  523ms  p75=   801ms  p95= 1,791ms  p99= 4,355ms
2026-08-25 19:19:27.239 - records_manager - INFO -   itl     p50=    9ms  p75=    12ms  p95=    18ms  p99=    30ms
2026-08-25 19:19:27.239 - records_manager - INFO -   e2e     p50=4,712ms  p75=12,093ms  p95=41,349ms  p99=87,927ms
2026-08-25 19:19:27.239 - records_manager - INFO -   intvty  p50=    106  p75=     128  p95=     164  p99=     288  (1/tpot tok/s)
2026-08-25 19:19:27.239 - records_manager - INFO -   isl     p50=111,751  p75= 195,304  p90= 291,658  p99= 738,417  (tokens)
2026-08-25 19:19:27.239 - records_manager - INFO -   osl     p50=    388  p75=   1,060  p90=   2,486  p99=   7,653  (tokens)
2026-08-25 19:19:27.239 - records_manager - INFO -   tot     in=516,971,773  out=3,354,621
2026-08-25 19:19:27.239 - records_manager - INFO -   trace  theoretical_prefix_cache_hit=97.6%
2026-08-25 19:19:27.239 - records_manager - INFO -   srv    prefix_cache_hit=94.3% unique_in_srv=29,564,331 ext_cache_hit=51.7% kv_usage=37.9% queue=11r/0w tput_in_srv=172,667/s tput_out_srv=1,120/s
2026-08-25 19:20:01.198 - records_manager - INFO - [realtime 50:49 profiling]
2026-08-25 19:20:01.198 - records_manager - INFO -   rps=0.9 (avg 1.1)  tput_in=171,931/s  tput_out=1,112/s  done=3,426 ok=3,426 err=0
2026-08-25 19:20:01.198 - records_manager - INFO -   ttft    p50=  523ms  p75=   801ms  p95= 1,791ms  p99= 4,402ms
2026-08-25 19:20:01.198 - records_manager - INFO -   itl     p50=    9ms  p75=    12ms  p95=    18ms  p99=    30ms
2026-08-25 19:20:01.198 - records_manager - INFO -   e2e     p50=4,714ms  p75=12,100ms  p95=41,282ms  p99=87,613ms
2026-08-25 19:20:01.198 - records_manager - INFO -   intvty  p50=    106  p75=     128  p95=     164  p99=     322  (1/tpot tok/s)
2026-08-25 19:20:01.198 - records_manager - INFO -   isl     p50=112,340  p75= 196,682  p90= 291,688  p99= 738,030  (tokens)
2026-08-25 19:20:01.198 - records_manager - INFO -   osl     p50=    389  p75=   1,063  p90=   2,486  p99=   7,621  (tokens)
2026-08-25 19:20:01.198 - records_manager - INFO -   tot     in=523,543,692  out=3,385,797
2026-08-25 19:20:01.198 - records_manager - INFO -   trace  theoretical_prefix_cache_hit=97.6%
2026-08-25 19:20:01.198 - records_manager - INFO -   srv    prefix_cache_hit=94.3% unique_in_srv=29,809,302 ext_cache_hit=52.0% kv_usage=33.7% queue=7r/0w tput_in_srv=172,802/s tput_out_srv=1,118/s
2026-08-25 19:20:18.663 - aiperf.timing.replay_dependencies - INFO - Per-trace idle cap advanced replay root 9ebb6b31-d8db-45e2-b407-c86b9584c5de by 18.296s
2026-08-25 19:20:20.093 - aiperf.timing.replay_dependencies - INFO - Per-trace idle cap advanced replay root 9664426c-9b47-4f97-b3e4-bc28feaa5c8c by 2062.008s
2026-08-25 19:20:35.034 - records_manager - INFO - [realtime 51:23 profiling]
2026-08-25 19:20:35.034 - records_manager - INFO -   rps=0.5 (avg 1.1)  tput_in=171,999/s  tput_out=1,108/s  done=3,444 ok=3,444 err=0
2026-08-25 19:20:35.034 - records_manager - INFO -   ttft    p50=  524ms  p75=   801ms  p95= 1,796ms  p99= 4,389ms
2026-08-25 19:20:35.034 - records_manager - INFO -   itl     p50=    9ms  p75=    12ms  p95=    18ms  p99=    31ms
2026-08-25 19:20:35.034 - records_manager - INFO -   e2e     p50=4,713ms  p75=12,101ms  p95=41,293ms  p99=89,854ms
2026-08-25 19:20:35.034 - records_manager - INFO -   intvty  p50=    106  p75=     128  p95=     164  p99=     322  (1/tpot tok/s)
2026-08-25 19:20:35.034 - records_manager - INFO -   isl     p50=112,557  p75= 197,525  p90= 293,149  p99= 740,904  (tokens)
2026-08-25 19:20:35.034 - records_manager - INFO -   osl     p50=    389  p75=   1,066  p90=   2,486  p99=   7,746  (tokens)
2026-08-25 19:20:35.034 - records_manager - INFO -   tot     in=529,412,512  out=3,410,567
2026-08-25 19:20:35.034 - records_manager - INFO -   trace  theoretical_prefix_cache_hit=97.6%
2026-08-25 19:20:35.034 - records_manager - INFO -   srv    prefix_cache_hit=94.2% unique_in_srv=30,737,034 ext_cache_hit=52.3% kv_usage=31.2% queue=9r/0w tput_in_srv=172,703/s tput_out_srv=1,112/s
2026-08-25 19:21:08.852 - records_manager - INFO - [realtime 51:57 profiling]
2026-08-25 19:21:08.852 - records_manager - INFO -   rps=0.6 (avg 1.1)  tput_in=171,868/s  tput_out=1,106/s  done=3,463 ok=3,463 err=0
2026-08-25 19:21:08.852 - records_manager - INFO -   ttft    p50=  525ms  p75=   805ms  p95= 1,814ms  p99= 4,608ms
2026-08-25 19:21:08.852 - records_manager - INFO -   itl     p50=    9ms  p75=    12ms  p95=    18ms  p99=    31ms
2026-08-25 19:21:08.852 - records_manager - INFO -   e2e     p50=4,717ms  p75=12,156ms  p95=41,560ms  p99=92,319ms
2026-08-25 19:21:08.852 - records_manager - INFO -   intvty  p50=    106  p75=     128  p95=     164  p99=     321  (1/tpot tok/s)
2026-08-25 19:21:08.852 - records_manager - INFO -   isl     p50=112,926  p75= 198,486  p90= 295,254  p99= 743,300  (tokens)
2026-08-25 19:21:08.852 - records_manager - INFO -   osl     p50=    391  p75=   1,067  p90=   2,498  p99=   7,897  (tokens)
2026-08-25 19:21:08.852 - records_manager - INFO -   tot     in=535,094,109  out=3,442,501
2026-08-25 19:21:08.852 - records_manager - INFO -   trace  theoretical_prefix_cache_hit=97.6%
2026-08-25 19:21:08.852 - records_manager - INFO -   srv    prefix_cache_hit=94.2% unique_in_srv=31,108,811 ext_cache_hit=52.6% kv_usage=40.2% queue=11r/0w tput_in_srv=172,838/s tput_out_srv=1,109/s
2026-08-25 19:21:22.972 - aiperf.timing.replay_dependencies - INFO - Per-trace idle cap advanced replay root a3dea304-cdb7-49ad-a6a9-7b96a3e6db86 by 4324.643s
2026-08-25 19:21:37.141 - aiperf.timing.replay_dependencies - INFO - Per-trace idle cap advanced replay root a757664f-2adb-40b5-8d02-9ebb108a76a9 by 58.489s
2026-08-25 19:21:42.803 - records_manager - INFO - [realtime 52:31 profiling]
2026-08-25 19:21:42.803 - records_manager - INFO -   rps=0.6 (avg 1.1)  tput_in=171,092/s  tput_out=1,099/s  done=3,485 ok=3,485 err=0
2026-08-25 19:21:42.803 - records_manager - INFO -   ttft    p50=  527ms  p75=   808ms  p95= 1,822ms  p99= 4,800ms
2026-08-25 19:21:42.803 - records_manager - INFO -   itl     p50=    9ms  p75=    12ms  p95=    18ms  p99=    31ms
2026-08-25 19:21:42.803 - records_manager - INFO -   e2e     p50=4,717ms  p75=12,178ms  p95=41,546ms  p99=91,833ms
2026-08-25 19:21:42.803 - records_manager - INFO -   intvty  p50=    106  p75=     128  p95=     164  p99=     324  (1/tpot tok/s)
2026-08-25 19:21:42.803 - records_manager - INFO -   isl     p50=112,643  p75= 198,781  p90= 295,446  p99= 743,071  (tokens)
2026-08-25 19:21:42.803 - records_manager - INFO -   osl     p50=    390  p75=   1,065  p90=   2,487  p99=   7,855  (tokens)
2026-08-25 19:21:42.803 - records_manager - INFO -   tot     in=538,012,409  out=3,455,764
2026-08-25 19:21:42.803 - records_manager - INFO -   trace  theoretical_prefix_cache_hit=97.6%
2026-08-25 19:21:42.803 - records_manager - INFO -   srv    prefix_cache_hit=94.1% unique_in_srv=31,878,197 ext_cache_hit=52.2% kv_usage=56.5% queue=19r/0w tput_in_srv=172,408/s tput_out_srv=1,105/s
2026-08-25 19:22:16.570 - records_manager - INFO - [realtime 53:05 profiling]
2026-08-25 19:22:16.570 - records_manager - INFO -   rps=1.1 (avg 1.1)  tput_in=171,256/s  tput_out=1,103/s  done=3,521 ok=3,521 err=0
2026-08-25 19:22:16.570 - records_manager - INFO -   ttft    p50=  528ms  p75=   812ms  p95= 1,842ms  p99= 4,946ms
2026-08-25 19:22:16.570 - records_manager - INFO -   itl     p50=    9ms  p75=    12ms  p95=    18ms  p99=    31ms
2026-08-25 19:22:16.570 - records_manager - INFO -   e2e     p50=4,737ms  p75=12,284ms  p95=42,260ms  p99=90,724ms
2026-08-25 19:22:16.570 - records_manager - INFO -   intvty  p50=    106  p75=     128  p95=     164  p99=     326  (1/tpot tok/s)
2026-08-25 19:22:16.570 - records_manager - INFO -   isl     p50=112,437  p75= 198,964  p90= 296,163  p99= 745,524  (tokens)
2026-08-25 19:22:16.570 - records_manager - INFO -   osl     p50=    393  p75=   1,078  p90=   2,529  p99=   7,788  (tokens)
2026-08-25 19:22:16.570 - records_manager - INFO -   tot     in=544,714,314  out=3,509,480
2026-08-25 19:22:16.570 - records_manager - INFO -   trace  theoretical_prefix_cache_hit=97.5%
2026-08-25 19:22:16.570 - records_manager - INFO -   srv    prefix_cache_hit=94.1% unique_in_srv=32,055,080 ext_cache_hit=52.0% kv_usage=31.9% queue=9r/0w tput_in_srv=171,996/s tput_out_srv=1,107/s
2026-08-25 19:22:32.635 - aiperf.timing.replay_dependencies - INFO - Per-trace idle cap advanced replay root 41b124b3-ea86-497b-b966-1165f9d880eb by 2358.358s
2026-08-25 19:22:50.667 - records_manager - INFO - [realtime 53:39 profiling]
2026-08-25 19:22:50.667 - records_manager - INFO -   rps=1.1 (avg 1.1)  tput_in=170,874/s  tput_out=1,097/s  done=3,558 ok=3,558 err=0
2026-08-25 19:22:50.667 - records_manager - INFO -   ttft    p50=  528ms  p75=   814ms  p95= 1,840ms  p99= 4,931ms
2026-08-25 19:22:50.667 - records_manager - INFO -   itl     p50=    9ms  p75=    12ms  p95=    18ms  p99=    32ms
2026-08-25 19:22:50.667 - records_manager - INFO -   e2e     p50=4,727ms  p75=12,196ms  p95=42,189ms  p99=89,325ms
2026-08-25 19:22:50.667 - records_manager - INFO -   intvty  p50=    106  p75=     128  p95=     164  p99=     337  (1/tpot tok/s)
2026-08-25 19:22:50.667 - records_manager - INFO -   isl     p50=112,386  p75= 198,961  p90= 296,442  p99= 745,353  (tokens)
2026-08-25 19:22:50.667 - records_manager - INFO -   osl     p50=    391  p75=   1,067  p90=   2,503  p99=   7,720  (tokens)
2026-08-25 19:22:50.667 - records_manager - INFO -   tot     in=549,361,710  out=3,527,688
2026-08-25 19:22:50.667 - records_manager - INFO -   trace  theoretical_prefix_cache_hit=97.5%
2026-08-25 19:22:50.667 - records_manager - INFO -   srv    prefix_cache_hit=94.0% unique_in_srv=32,954,719 ext_cache_hit=52.6% kv_usage=45.5% queue=18r/0w tput_in_srv=172,028/s tput_out_srv=1,104/s
2026-08-25 19:22:55.982 - aiperf.timing.replay_dependencies - INFO - Per-trace idle cap advanced replay root 2549f249-a6df-4517-9cb5-dbfa94f92697 by 3521.818s
2026-08-25 19:23:24.609 - records_manager - INFO - [realtime 54:13 profiling]
2026-08-25 19:23:24.610 - records_manager - INFO -   rps=1.9 (avg 1.1)  tput_in=172,020/s  tput_out=1,100/s  done=3,624 ok=3,624 err=0
2026-08-25 19:23:24.610 - records_manager - INFO -   ttft    p50=  530ms  p75=   814ms  p95= 1,865ms  p99= 4,910ms
2026-08-25 19:23:24.610 - records_manager - INFO -   itl     p50=    9ms  p75=    12ms  p95=    18ms  p99=    32ms
2026-08-25 19:23:24.610 - records_manager - INFO -   e2e     p50=4,742ms  p75=12,273ms  p95=41,893ms  p99=87,620ms
2026-08-25 19:23:24.610 - records_manager - INFO -   intvty  p50=    106  p75=     127  p95=     164  p99=     326  (1/tpot tok/s)
2026-08-25 19:23:24.610 - records_manager - INFO -   isl     p50=112,268  p75= 199,162  p90= 297,006  p99= 745,511  (tokens)
2026-08-25 19:23:24.610 - records_manager - INFO -   osl     p50=    390  p75=   1,062  p90=   2,486  p99=   7,622  (tokens)
2026-08-25 19:23:24.610 - records_manager - INFO -   tot     in=558,916,158  out=3,574,563
2026-08-25 19:23:24.610 - records_manager - INFO -   trace  theoretical_prefix_cache_hit=97.5%
2026-08-25 19:23:24.610 - records_manager - INFO -   srv    prefix_cache_hit=94.0% unique_in_srv=33,704,153 ext_cache_hit=53.1% kv_usage=31.5% queue=14r/0w tput_in_srv=172,727/s tput_out_srv=1,104/s
2026-08-25 19:23:38.000 - aiperf.timing.replay_dependencies - INFO - Per-trace idle cap advanced replay root 66b4e0f5-287c-4050-bcd6-3853a3a482c0 by 4651.588s
2026-08-25 19:23:39.446 - aiperf.timing.replay_dependencies - INFO - Per-trace idle cap advanced replay root 1ad7c6bb-0804-42fd-a512-7f69ec286169 by 37.674s
2026-08-25 19:23:58.624 - records_manager - INFO - [realtime 54:47 profiling]
2026-08-25 19:23:58.624 - records_manager - INFO -   rps=1.1 (avg 1.1)  tput_in=171,917/s  tput_out=1,097/s  done=3,660 ok=3,660 err=0
2026-08-25 19:23:58.624 - records_manager - INFO -   ttft    p50=  532ms  p75=   814ms  p95= 1,840ms  p99= 4,901ms
2026-08-25 19:23:58.624 - records_manager - INFO -   itl     p50=    9ms  p75=    12ms  p95=    19ms  p99=    33ms
2026-08-25 19:23:58.624 - records_manager - INFO -   e2e     p50=4,742ms  p75=12,191ms  p95=41,779ms  p99=89,250ms
2026-08-25 19:23:58.624 - records_manager - INFO -   intvty  p50=    105  p75=     127  p95=     164  p99=     336  (1/tpot tok/s)
2026-08-25 19:23:58.624 - records_manager - INFO -   isl     p50=112,234  p75= 199,200  p90= 297,644  p99= 745,344  (tokens)
2026-08-25 19:23:58.624 - records_manager - INFO -   osl     p50=    389  p75=   1,059  p90=   2,479  p99=   7,717  (tokens)
2026-08-25 19:23:58.624 - records_manager - INFO -   tot     in=564,289,379  out=3,601,081
2026-08-25 19:23:58.624 - records_manager - INFO -   trace  theoretical_prefix_cache_hit=97.5%
2026-08-25 19:23:58.624 - records_manager - INFO -   srv    prefix_cache_hit=93.9% unique_in_srv=34,733,595 ext_cache_hit=53.6% kv_usage=63.9% queue=19r/0w tput_in_srv=173,472/s tput_out_srv=1,102/s
2026-08-25 19:24:32.867 - records_manager - INFO - [realtime 55:21 profiling]
2026-08-25 19:24:32.867 - records_manager - INFO -   rps=1.4 (avg 1.1)  tput_in=173,142/s  tput_out=1,098/s  done=3,707 ok=3,707 err=0
2026-08-25 19:24:32.867 - records_manager - INFO -   ttft    p50=  533ms  p75=   816ms  p95= 1,839ms  p99= 4,914ms
2026-08-25 19:24:32.867 - records_manager - INFO -   itl     p50=   10ms  p75=    12ms  p95=    19ms  p99=    33ms
2026-08-25 19:24:32.867 - records_manager - INFO -   e2e     p50=4,754ms  p75=12,284ms  p95=41,872ms  p99=87,679ms
2026-08-25 19:24:32.867 - records_manager - INFO -   intvty  p50=    105  p75=     127  p95=     164  p99=     326  (1/tpot tok/s)
2026-08-25 19:24:32.867 - records_manager - INFO -   isl     p50=112,437  p75= 199,935  p90= 300,641  p99= 745,589  (tokens)
2026-08-25 19:24:32.867 - records_manager - INFO -   osl     p50=    390  p75=   1,060  p90=   2,477  p99=   7,637  (tokens)
2026-08-25 19:24:32.867 - records_manager - INFO -   tot     in=574,308,701  out=3,642,143
2026-08-25 19:24:32.867 - records_manager - INFO -   trace  theoretical_prefix_cache_hit=97.5%
2026-08-25 19:24:32.867 - records_manager - INFO -   srv    prefix_cache_hit=94.0% unique_in_srv=34,876,855 ext_cache_hit=53.4% kv_usage=53.1% queue=19r/0w tput_in_srv=174,426/s tput_out_srv=1,106/s
2026-08-25 19:24:44.310 - aiperf.timing.replay_dependencies - INFO - Per-trace idle cap advanced replay root c3537799-fecd-48c7-9822-30b0b0b18a3d by 1050.083s
2026-08-25 19:24:45.693 - EventLoopMonitor - WARNING - Event loop for worker_e869300a is taking too long to run. Overhead: 46.74ms
2026-08-25 19:24:56.604 - aiperf.timing.replay_dependencies - INFO - Per-trace idle cap advanced replay root 2fcf8a17-ff7a-493b-b361-6fc2f5bd94cb by 5236.483s
2026-08-25 19:25:06.867 - records_manager - INFO - [realtime 55:55 profiling]
2026-08-25 19:25:06.867 - records_manager - INFO -   rps=1.1 (avg 1.1)  tput_in=174,407/s  tput_out=1,097/s  done=3,745 ok=3,745 err=0
2026-08-25 19:25:06.867 - records_manager - INFO -   ttft    p50=  535ms  p75=   821ms  p95= 1,836ms  p99= 4,905ms
2026-08-25 19:25:06.867 - records_manager - INFO -   itl     p50=   10ms  p75=    12ms  p95=    19ms  p99=    33ms
2026-08-25 19:25:06.867 - records_manager - INFO -   e2e     p50=4,790ms  p75=12,284ms  p95=42,124ms  p99=87,547ms
2026-08-25 19:25:06.867 - records_manager - INFO -   intvty  p50=    105  p75=     126  p95=     164  p99=     362  (1/tpot tok/s)
2026-08-25 19:25:06.867 - records_manager - INFO -   isl     p50=113,552  p75= 201,583  p90= 303,777  p99= 745,990  (tokens)
2026-08-25 19:25:06.867 - records_manager - INFO -   osl     p50=    392  p75=   1,060  p90=   2,475  p99=   7,605  (tokens)
2026-08-25 19:25:06.867 - records_manager - INFO -   tot     in=584,366,440  out=3,676,740
2026-08-25 19:25:06.867 - records_manager - INFO -   trace  theoretical_prefix_cache_hit=97.6%
2026-08-25 19:25:06.867 - records_manager - INFO -   srv    prefix_cache_hit=93.9% unique_in_srv=35,623,764 ext_cache_hit=54.1% kv_usage=49.1% queue=17r/0w tput_in_srv=175,559/s tput_out_srv=1,108/s
2026-08-25 19:25:13.042 - aiperf.timing.replay_dependencies - INFO - Per-trace idle cap advanced replay root 72e41fb8-8474-4a1d-8d2c-1251bf5a9577 by 164.924s
2026-08-25 19:25:41.284 - records_manager - INFO - [realtime 56:29 profiling]
2026-08-25 19:25:41.284 - records_manager - INFO -   rps=1.0 (avg 1.1)  tput_in=175,007/s  tput_out=1,099/s  done=3,779 ok=3,779 err=0
2026-08-25 19:25:41.284 - records_manager - INFO -   ttft    p50=  537ms  p75=   822ms  p95= 1,836ms  p99= 4,897ms
2026-08-25 19:25:41.284 - records_manager - INFO -   itl     p50=   10ms  p75=    12ms  p95=    19ms  p99=    33ms
2026-08-25 19:25:41.284 - records_manager - INFO -   e2e     p50=4,810ms  p75=12,284ms  p95=42,185ms  p99=88,222ms
2026-08-25 19:25:41.284 - records_manager - INFO -   intvty  p50=    105  p75=     126  p95=     164  p99=     472  (1/tpot tok/s)
2026-08-25 19:25:41.284 - records_manager - INFO -   isl     p50=114,090  p75= 203,046  p90= 305,073  p99= 745,878  (tokens)
2026-08-25 19:25:41.284 - records_manager - INFO -   osl     p50=    394  p75=   1,062  p90=   2,476  p99=   7,576  (tokens)
2026-08-25 19:25:41.284 - records_manager - INFO -   tot     in=592,411,585  out=3,719,310
2026-08-25 19:25:41.284 - records_manager - INFO -   trace  theoretical_prefix_cache_hit=97.6%
2026-08-25 19:25:41.284 - records_manager - INFO -   srv    prefix_cache_hit=94.0% unique_in_srv=35,882,244 ext_cache_hit=54.2% kv_usage=30.4% queue=11r/0w tput_in_srv=175,727/s tput_out_srv=1,111/s
2026-08-25 19:26:15.328 - records_manager - INFO - [realtime 57:03 profiling]
2026-08-25 19:26:15.329 - records_manager - INFO -   rps=0.7 (avg 1.1)  tput_in=174,650/s  tput_out=1,102/s  done=3,802 ok=3,802 err=0
2026-08-25 19:26:15.329 - records_manager - INFO -   ttft    p50=  538ms  p75=   825ms  p95= 1,839ms  p99= 4,892ms
2026-08-25 19:26:15.329 - records_manager - INFO -   itl     p50=   10ms  p75=    12ms  p95=    19ms  p99=    33ms
2026-08-25 19:26:15.329 - records_manager - INFO -   e2e     p50=4,816ms  p75=12,322ms  p95=42,512ms  p99=91,465ms
2026-08-25 19:26:15.329 - records_manager - INFO -   intvty  p50=    105  p75=     126  p95=     164  p99=     467  (1/tpot tok/s)
2026-08-25 19:26:15.329 - records_manager - INFO -   isl     p50=114,411  p75= 203,270  p90= 306,026  p99= 745,803  (tokens)
2026-08-25 19:26:15.329 - records_manager - INFO -   osl     p50=    396  p75=   1,064  p90=   2,483  p99=   7,822  (tokens)
2026-08-25 19:26:15.329 - records_manager - INFO -   tot     in=597,018,501  out=3,768,633
2026-08-25 19:26:15.329 - records_manager - INFO -   trace  theoretical_prefix_cache_hit=97.6%
2026-08-25 19:26:15.329 - records_manager - INFO -   srv    prefix_cache_hit=94.0% unique_in_srv=36,269,212 ext_cache_hit=54.2% kv_usage=31.0% queue=10r/0w tput_in_srv=175,317/s tput_out_srv=1,112/s
2026-08-25 19:26:20.415 - aiperf.timing.replay_dependencies - INFO - Per-trace idle cap advanced replay root 0c7eb767-c753-46a7-b13e-f72d245426ee by 8.343s
2026-08-25 19:26:49.699 - records_manager - INFO - [realtime 57:38 profiling]
2026-08-25 19:26:49.699 - records_manager - INFO -   rps=0.9 (avg 1.1)  tput_in=174,724/s  tput_out=1,103/s  done=3,832 ok=3,832 err=0
2026-08-25 19:26:49.699 - records_manager - INFO -   ttft    p50=  539ms  p75=   825ms  p95= 1,838ms  p99= 4,887ms
2026-08-25 19:26:49.699 - records_manager - INFO -   itl     p50=   10ms  p75=    12ms  p95=    18ms  p99=    33ms
2026-08-25 19:26:49.699 - records_manager - INFO -   e2e     p50=4,821ms  p75=12,331ms  p95=42,576ms  p99=91,043ms
2026-08-25 19:26:49.699 - records_manager - INFO -   intvty  p50=    105  p75=     126  p95=     164  p99=     460  (1/tpot tok/s)
2026-08-25 19:26:49.699 - records_manager - INFO -   isl     p50=114,650  p75= 203,762  p90= 307,800  p99= 745,747  (tokens)
2026-08-25 19:26:49.699 - records_manager - INFO -   osl     p50=    398  p75=   1,066  p90=   2,486  p99=   7,956  (tokens)
2026-08-25 19:26:49.699 - records_manager - INFO -   tot     in=603,447,900  out=3,809,156
2026-08-25 19:26:49.699 - records_manager - INFO -   trace  theoretical_prefix_cache_hit=97.6%
2026-08-25 19:26:49.699 - records_manager - INFO -   srv    prefix_cache_hit=94.0% unique_in_srv=36,644,843 ext_cache_hit=54.5% kv_usage=33.5% queue=11r/0w tput_in_srv=175,482/s tput_out_srv=1,113/s
2026-08-25 19:26:50.644 - aiperf.timing.replay_dependencies - INFO - Per-trace idle cap advanced replay root db3987a7-aa88-4e3d-8fc2-7e41539f4204 by 1335.797s
2026-08-25 19:27:23.789 - records_manager - INFO - [realtime 58:12 profiling]
2026-08-25 19:27:23.789 - records_manager - INFO -   rps=0.6 (avg 1.1)  tput_in=174,592/s  tput_out=1,103/s  done=3,854 ok=3,854 err=0
2026-08-25 19:27:23.789 - records_manager - INFO -   ttft    p50=  539ms  p75=   827ms  p95= 1,838ms  p99= 4,883ms
2026-08-25 19:27:23.789 - records_manager - INFO -   itl     p50=   10ms  p75=    12ms  p95=    19ms  p99=    33ms
2026-08-25 19:27:23.789 - records_manager - INFO -   e2e     p50=4,816ms  p75=12,338ms  p95=42,782ms  p99=92,518ms
2026-08-25 19:27:23.789 - records_manager - INFO -   intvty  p50=    105  p75=     126  p95=     164  p99=     455  (1/tpot tok/s)
2026-08-25 19:27:23.789 - records_manager - INFO -   isl     p50=114,926  p75= 204,042  p90= 308,130  p99= 745,705  (tokens)
2026-08-25 19:27:23.789 - records_manager - INFO -   osl     p50=    397  p75=   1,064  p90=   2,487  p99=   8,132  (tokens)
2026-08-25 19:27:23.789 - records_manager - INFO -   tot     in=608,435,813  out=3,843,611
2026-08-25 19:27:23.789 - records_manager - INFO -   trace  theoretical_prefix_cache_hit=97.6%
2026-08-25 19:27:23.789 - records_manager - INFO -   srv    prefix_cache_hit=93.9% unique_in_srv=37,461,814 ext_cache_hit=55.3% kv_usage=35.3% queue=11r/0w tput_in_srv=175,254/s tput_out_srv=1,112/s
2026-08-25 19:27:58.114 - records_manager - INFO - [realtime 58:46 profiling]
2026-08-25 19:27:58.114 - records_manager - INFO -   rps=0.9 (avg 1.1)  tput_in=174,124/s  tput_out=1,106/s  done=3,885 ok=3,885 err=0
2026-08-25 19:27:58.114 - records_manager - INFO -   ttft    p50=  539ms  p75=   825ms  p95= 1,836ms  p99= 4,878ms
2026-08-25 19:27:58.114 - records_manager - INFO -   itl     p50=   10ms  p75=    12ms  p95=    18ms  p99=    32ms
2026-08-25 19:27:58.114 - records_manager - INFO -   e2e     p50=4,843ms  p75=12,328ms  p95=43,106ms  p99=93,916ms
2026-08-25 19:27:58.114 - records_manager - INFO -   intvty  p50=    105  p75=     126  p95=     163  p99=     449  (1/tpot tok/s)
2026-08-25 19:27:58.114 - records_manager - INFO -   isl     p50=115,163  p75= 204,508  p90= 308,714  p99= 745,647  (tokens)
2026-08-25 19:27:58.114 - records_manager - INFO -   osl     p50=    400  p75=   1,065  p90=   2,521  p99=   8,264  (tokens)
2026-08-25 19:27:58.114 - records_manager - INFO -   tot     in=613,212,374  out=3,895,183
2026-08-25 19:27:58.114 - records_manager - INFO -   trace  theoretical_prefix_cache_hit=97.6%
2026-08-25 19:27:58.114 - records_manager - INFO -   srv    prefix_cache_hit=93.9% unique_in_srv=37,813,337 ext_cache_hit=55.5% kv_usage=23.0% queue=7r/0w tput_in_srv=174,635/s tput_out_srv=1,113/s
2026-08-25 19:27:59.484 - aiperf.timing.replay_dependencies - INFO - Per-trace idle cap advanced replay root fff4dd29-7fd0-4d24-834d-2f1cadc05915 by 1157.164s
2026-08-25 19:28:05.047 - aiperf.timing.replay_dependencies - INFO - Per-trace idle cap advanced replay root d5c54c8f-bbd1-4d59-bf8d-006dde5b6ad8 by 301.367s
2026-08-25 19:28:24.084 - aiperf.timing.replay_dependencies - INFO - Per-trace idle cap advanced replay root 9ebb6b31-d8db-45e2-b407-c86b9584c5de by 253.238s
2026-08-25 19:28:32.377 - records_manager - INFO - [realtime 59:20 profiling]
2026-08-25 19:28:32.377 - records_manager - INFO -   rps=0.9 (avg 1.1)  tput_in=174,012/s  tput_out=1,106/s  done=3,916 ok=3,916 err=0
2026-08-25 19:28:32.377 - records_manager - INFO -   ttft    p50=  539ms  p75=   825ms  p95= 1,837ms  p99= 4,873ms
2026-08-25 19:28:32.377 - records_manager - INFO -   itl     p50=   10ms  p75=    12ms  p95=    18ms  p99=    32ms
2026-08-25 19:28:32.377 - records_manager - INFO -   e2e     p50=4,842ms  p75=12,288ms  p95=42,997ms  p99=94,892ms
2026-08-25 19:28:32.377 - records_manager - INFO -   intvty  p50=    105  p75=     126  p95=     163  p99=     435  (1/tpot tok/s)
2026-08-25 19:28:32.377 - records_manager - INFO -   isl     p50=115,502  p75= 205,174  p90= 309,722  p99= 745,777  (tokens)
2026-08-25 19:28:32.377 - records_manager - INFO -   osl     p50=    400  p75=   1,062  p90=   2,520  p99=   8,275  (tokens)
2026-08-25 19:28:32.377 - records_manager - INFO -   tot     in=618,589,415  out=3,931,028
2026-08-25 19:28:32.377 - records_manager - INFO -   trace  theoretical_prefix_cache_hit=97.6%
2026-08-25 19:28:32.377 - records_manager - INFO -   srv    prefix_cache_hit=93.8% unique_in_srv=38,410,965 ext_cache_hit=56.0% kv_usage=39.3% queue=13r/0w tput_in_srv=174,740/s tput_out_srv=1,112/s
2026-08-25 19:29:06.910 - records_manager - INFO - [realtime 59:55 profiling]
2026-08-25 19:29:06.910 - records_manager - INFO -   rps=0.8 (avg 1.1)  tput_in=173,942/s  tput_out=1,104/s  done=3,945 ok=3,945 err=0
2026-08-25 19:29:06.910 - records_manager - INFO -   ttft    p50=  539ms  p75=   827ms  p95= 1,839ms  p99= 4,885ms
2026-08-25 19:29:06.910 - records_manager - INFO -   itl     p50=   10ms  p75=    12ms  p95=    18ms  p99=    32ms
2026-08-25 19:29:06.910 - records_manager - INFO -   e2e     p50=4,856ms  p75=12,284ms  p95=42,921ms  p99=95,165ms
2026-08-25 19:29:06.910 - records_manager - INFO -   intvty  p50=    105  p75=     126  p95=     163  p99=     414  (1/tpot tok/s)
2026-08-25 19:29:06.910 - records_manager - INFO -   isl     p50=115,794  p75= 205,362  p90= 310,074  p99= 746,710  (tokens)
2026-08-25 19:29:06.910 - records_manager - INFO -   osl     p50=    402  p75=   1,063  p90=   2,521  p99=   8,345  (tokens)
2026-08-25 19:29:06.910 - records_manager - INFO -   tot     in=624,253,761  out=3,963,524
2026-08-25 19:29:06.910 - records_manager - INFO -   trace  theoretical_prefix_cache_hit=97.6%
2026-08-25 19:29:06.910 - records_manager - INFO -   srv    prefix_cache_hit=93.8% unique_in_srv=39,031,426 ext_cache_hit=56.5% kv_usage=40.8% queue=11r/0w tput_in_srv=174,773/s tput_out_srv=1,111/s
2026-08-25 19:29:11.509 - PhaseRunner - INFO - Timeout of 3599.997089177s elapsed for event 'profiling phase sending'
2026-08-25 19:29:11.510 - PhaseRunner - NOTICE - Phase profiling (profiling) sending complete | sent=3,961, completed=3,950, in_flight=11 | sessions: sent=57, completed=33 | timeout_triggered=True
2026-08-25 19:29:11.510 - PhaseRunner - INFO - Waiting for event 'profiling phase credits returned' with timeout of 29.99850381899978s
2026-08-25 19:29:11.511 - records_manager - INFO - Sent 3,961 requests. Waiting for all to complete...
2026-08-25 19:29:41.359 - records_manager - INFO - [realtime 1:00:29 profiling]
2026-08-25 19:29:41.359 - records_manager - INFO -   rps=0.5 (avg 1.1)  tput_in=173,625/s  tput_out=1,109/s  done=3,961 ok=3,961 err=0
2026-08-25 19:29:41.359 - records_manager - INFO -   ttft    p50=  539ms  p75=   827ms  p95= 1,840ms  p99= 4,882ms
2026-08-25 19:29:41.359 - records_manager - INFO -   itl     p50=   10ms  p75=    12ms  p95=    18ms  p99=    32ms
2026-08-25 19:29:41.359 - records_manager - INFO -   e2e     p50=4,876ms  p75=12,352ms  p95=43,199ms  p99=95,669ms
2026-08-25 19:29:41.359 - records_manager - INFO -   intvty  p50=    105  p75=     126  p95=     163  p99=     402  (1/tpot tok/s)
2026-08-25 19:29:41.359 - records_manager - INFO -   isl     p50=116,350  p75= 205,731  p90= 311,648  p99= 747,294  (tokens)
2026-08-25 19:29:41.359 - records_manager - INFO -   osl     p50=    403  p75=   1,076  p90=   2,555  p99=   8,423  (tokens)
2026-08-25 19:29:41.359 - records_manager - INFO -   tot     in=628,562,011  out=4,014,606
2026-08-25 19:29:41.359 - records_manager - INFO -   trace  theoretical_prefix_cache_hit=97.6%
2026-08-25 19:29:41.359 - records_manager - INFO -   srv    prefix_cache_hit=93.8% unique_in_srv=39,042,651 ext_cache_hit=56.5% kv_usage=0.1% queue=0r/0w tput_in_srv=173,393/s tput_out_srv=1,107/s
2026-08-25 19:29:41.510 - PhaseRunner - INFO - Timeout of 29.99850381899978s elapsed for event 'profiling phase credits returned'
2026-08-25 19:29:41.510 - PhaseRunner - WARNING - Phase profiling timed out, cancelling all credits. Stats: sent=3961, completed=3961, cancelled=0, in_flight=0
2026-08-25 19:29:41.510 - PhaseRunner - INFO - Waiting for all cancelled credits to be returned for phase profiling. Need 0 more credits.
2026-08-25 19:29:41.510 - PhaseRunner - INFO - All credits already returned after cancel for phase profiling. Skipping drain wait.
2026-08-25 19:29:41.510 - PhaseRunner - INFO - All cancelled credits returned for phase profiling
2026-08-25 19:29:41.510 - PhaseRunner - NOTICE - Phase profiling (profiling) complete | completed=3,961, cancelled=0, errors=0 | sessions: completed=33, cancelled=0 | elapsed=3630.00s | grace_period_timeout=True
2026-08-25 19:29:41.511 - AgenticReplayTiming - INFO - Global system-idle cap summary: limit=10s, jumps=0, skipped=0.000s
2026-08-25 19:29:41.511 - aiperf.timing.branch_orchestrator - INFO - BranchOrchestrator stats: spawned=220 completed=188 errored=0 suspended=52 resumed=49 parents_failed_due_to_child_error=0 joins_suppressed=2 delayed=140
2026-08-25 19:29:41.511 - aiperf.timing.branch_orchestrator - WARNING - BranchOrchestrator leaked state at cleanup: 1 active_joins, 0 future_joins, 27 tracked children, 10 parents with descendants
2026-08-25 19:29:41.511 - aiperf.timing.branch_orchestrator - WARNING - Abandoned pending join for parent 282c2f9c-8502-4e81-9409-3ae34ed7cc2a (outstanding=3, gated_turn_index=37, age_ms=140832)
2026-08-25 19:29:41.511 - PhaseRunner - INFO - Session-tree slots for phase profiling: peak_open=32 (target concurrency 32); released 32 still-open at teardown; late_events=0
2026-08-25 19:29:41.511 - PhaseOrchestrator_fc45fc56 - NOTICE - All credits completed
2026-08-25 19:29:41.511 - records_manager - INFO - Received CREDIT_PHASE_COMPLETE message, Phase complete: PhaseRecordsStats(phase=CreditPhase.PROFILING, phase_index=0, profiling_index=0, phase_name='profiling', phase_kind='profiling', start_ns=1787700551509374257, sent_end_ns=1787704151510098983, requests_end_ns=1787704181510584726, baseline_start_ns=1787700551509350468, baseline_end_ns=1787704181510592426, total_expected_requests=None, expected_duration_sec=None, expected_num_sessions=None, expected_grace_period_sec=None, final_requests_sent=None, final_requests_completed=3961, final_requests_cancelled=0, final_request_errors=0, final_sent_sessions=None, final_completed_sessions=None, final_cancelled_sessions=None, timeout_triggered=True, grace_period_timeout_triggered=True, was_cancelled=False, records_end_ns=None, success_records=3961, error_records=0)
2026-08-25 19:29:41.511 - records_manager - NOTICE - All requests have completed, please wait for the results to be processed (currently 3,961 of 3,961 records processed)...
2026-08-25 19:29:41.512 - records_manager - INFO - Processed 3961 valid requests and 0 errors (3961 total).
2026-08-25 19:29:41.511 - system_controller - INFO - Received credits complete from 'timing_manager'
2026-08-25 19:29:41.512 - records_manager - INFO - Received all records, processing now...
2026-08-25 19:29:41.512 - records_manager - INFO - All credits complete, please wait for the results to be processed...
2026-08-25 19:29:41.512 - server_metrics_manager - INFO - Server Metrics: Profiling complete, capturing final metrics...
2026-08-25 19:29:41.513 - records_manager - INFO - Waiting 2.0s for server metrics flush period...
2026-08-25 19:29:43.510 - records_manager - INFO - Processing records results...
2026-08-25 19:29:47.815 - records_manager - INFO - Profiling metric coverage passed for 'profiling': TTFT=100.0%, inter-token latency=100.0% (required=95.0%).
2026-08-25 19:29:48.307 - aiperf.server_metrics.export_stats - WARNING - Detected 1 counter reset(s) in counter metric with labels {'generation': '0'}. This typically indicates server restart(s) during profiling. Statistics may be inaccurate. Raw delta: 166853.00
2026-08-25 19:29:48.732 - aiperf.server_metrics.export_stats - WARNING - Detected 1 counter reset(s) in counter metric with labels {'generation': '0'}. This typically indicates server restart(s) during profiling. Statistics may be inaccurate. Raw delta: 2714.00
2026-08-25 19:29:49.257 - system_controller - INFO - Waiting for result domains: server_metrics
2026-08-25 19:29:54.817 - records_manager - INFO - _finalize_and_process_results completed
2026-08-25 19:29:56.597 - system_controller - INFO - All results received, initiating shutdown
2026-08-25 19:29:57.458 - MultiProcessServiceManager_5f171e46 - WARNING - Service worker process (pid: 1532835) still alive after bus shutdown grace; killing (SIGKILL / TerminateProcess — children ignore SIGTERM)
2026-08-25 19:29:57.630 - ExporterManager - INFO - Exporting all records
2026-08-25 19:30:02.513 - ExporterManager - INFO - Exporting console data
