Precompiling 23 AITER sparse top-k variants
  top-k slots=1 waves=1
[aiter] [pid=547693 pname=MainProcess] start build [module_aiter_core] under /tmp/inferencex-minimaxm3-1411/home/.aiter/jit/build/module_aiter_core
[aiter] Current hipcc not support: -mllvm -amdgpu-coerce-illegal-types=1, skip it.
[aiter] [pid=547693 pname=MainProcess] [32mfinish build [module_aiter_core], cost 10.1s [0m
[aiter] import [module_aiter_core] under /tmp/inferencex-minimaxm3-1411/home/.aiter/jit/module_aiter_core.so
[aiter] start build /tmp/inferencex-minimaxm3-1411/home/.aiter/build/pa_sparse_block_topk_f2f457d90816b43a851577b99cdb853f_77acf8df
clang (LLVM option parsing): Unknown command line argument '-amdgpu-coerce-illegal-types=1'.  Try: 'clang (LLVM option parsing) --help'
clang (LLVM option parsing): Did you mean '--amdgpu-mode-register=1'?
failed to execute:/opt/rocm/lib/llvm/bin/clang++  --offload-arch=gfx950 --offload-arch=gfx950 --offload-arch=gfx950 --offload-arch=gfx950 --offload-arch=gfx950 --offload-arch=gfx950 --offload-arch=gfx950 --offload-arch=gfx950 -O3  -mllvm -amdgpu-coerce-illegal-types=1 -x hip -c /dev/null -o "/dev/null"
[aiter] -mllvm -amdgpu-coerce-illegal-types=1 is not supported by hipcc.
[aiter] finish build /tmp/inferencex-minimaxm3-1411/home/.aiter/build/pa_sparse_block_topk_f2f457d90816b43a851577b99cdb853f_77acf8df, cost 32.79228564s
  top-k slots=2 waves=1
[aiter] compile_template_op func_name = 'pa_sparse_block_topk_ca440897978e376b009672cf0202b8ee' with {'src_template': <Template memory:7a4474c64590>, 'md_name': 'pa_sparse_block_topk', 'includes': ['/shared/data/R7N/andy_luo_3v7/minimaxm3-agentx/overlays/aiter-sparse-indexer-cache-fusion-545d97c-266922c/csrc/cpp_itfs/sparse_attn/pa_sparse_block_select_kernels.cuh', '/shared/data/R7N/andy_luo_3v7/minimaxm3-agentx/overlays/aiter-sparse-indexer-cache-fusion-545d97c-266922c/csrc/include', '/shared/data/R7N/andy_luo_3v7/minimaxm3-agentx/overlays/aiter-sparse-indexer-cache-fusion-545d97c-266922c/csrc/include/ck_tile/'], 'sources': [], 'cxxflags': [], 'func_name': 'pa_sparse_block_topk_ca440897978e376b009672cf0202b8ee', 'folder': 'pa_sparse_block_topk_ca440897978e376b009672cf0202b8ee_77acf8df', 'kwargs': OrderedDict({'block_size': 128, 'topk': 16, 'slots': 2, 'num_waves': 1, 'pages_per_block': 8})}...
[aiter] start build /tmp/inferencex-minimaxm3-1411/home/.aiter/build/pa_sparse_block_topk_ca440897978e376b009672cf0202b8ee_77acf8df
[aiter] finish build /tmp/inferencex-minimaxm3-1411/home/.aiter/build/pa_sparse_block_topk_ca440897978e376b009672cf0202b8ee_77acf8df, cost 2.79971686s
  top-k slots=4 waves=1
[aiter] compile_template_op func_name = 'pa_sparse_block_topk_acf34cd490864273aae6c5bc53b45926' with {'src_template': <Template memory:7a4474c64590>, 'md_name': 'pa_sparse_block_topk', 'includes': ['/shared/data/R7N/andy_luo_3v7/minimaxm3-agentx/overlays/aiter-sparse-indexer-cache-fusion-545d97c-266922c/csrc/cpp_itfs/sparse_attn/pa_sparse_block_select_kernels.cuh', '/shared/data/R7N/andy_luo_3v7/minimaxm3-agentx/overlays/aiter-sparse-indexer-cache-fusion-545d97c-266922c/csrc/include', '/shared/data/R7N/andy_luo_3v7/minimaxm3-agentx/overlays/aiter-sparse-indexer-cache-fusion-545d97c-266922c/csrc/include/ck_tile/'], 'sources': [], 'cxxflags': [], 'func_name': 'pa_sparse_block_topk_acf34cd490864273aae6c5bc53b45926', 'folder': 'pa_sparse_block_topk_acf34cd490864273aae6c5bc53b45926_77acf8df', 'kwargs': OrderedDict({'block_size': 128, 'topk': 16, 'slots': 4, 'num_waves': 1, 'pages_per_block': 8})}...
[aiter] start build /tmp/inferencex-minimaxm3-1411/home/.aiter/build/pa_sparse_block_topk_acf34cd490864273aae6c5bc53b45926_77acf8df
[aiter] finish build /tmp/inferencex-minimaxm3-1411/home/.aiter/build/pa_sparse_block_topk_acf34cd490864273aae6c5bc53b45926_77acf8df, cost 2.57141733s
  top-k slots=4 waves=2
[aiter] compile_template_op func_name = 'pa_sparse_block_topk_141febda4a23767df17c6d9995c2c18e' with {'src_template': <Template memory:7a4474c64590>, 'md_name': 'pa_sparse_block_topk', 'includes': ['/shared/data/R7N/andy_luo_3v7/minimaxm3-agentx/overlays/aiter-sparse-indexer-cache-fusion-545d97c-266922c/csrc/cpp_itfs/sparse_attn/pa_sparse_block_select_kernels.cuh', '/shared/data/R7N/andy_luo_3v7/minimaxm3-agentx/overlays/aiter-sparse-indexer-cache-fusion-545d97c-266922c/csrc/include', '/shared/data/R7N/andy_luo_3v7/minimaxm3-agentx/overlays/aiter-sparse-indexer-cache-fusion-545d97c-266922c/csrc/include/ck_tile/'], 'sources': [], 'cxxflags': [], 'func_name': 'pa_sparse_block_topk_141febda4a23767df17c6d9995c2c18e', 'folder': 'pa_sparse_block_topk_141febda4a23767df17c6d9995c2c18e_77acf8df', 'kwargs': OrderedDict({'block_size': 128, 'topk': 16, 'slots': 4, 'num_waves': 2, 'pages_per_block': 8})}...
[aiter] start build /tmp/inferencex-minimaxm3-1411/home/.aiter/build/pa_sparse_block_topk_141febda4a23767df17c6d9995c2c18e_77acf8df
[aiter] finish build /tmp/inferencex-minimaxm3-1411/home/.aiter/build/pa_sparse_block_topk_141febda4a23767df17c6d9995c2c18e_77acf8df, cost 2.63425589s
  top-k slots=8 waves=1
[aiter] compile_template_op func_name = 'pa_sparse_block_topk_7fd3508aef992d549dfc24debbe0c990' with {'src_template': <Template memory:7a4474c64590>, 'md_name': 'pa_sparse_block_topk', 'includes': ['/shared/data/R7N/andy_luo_3v7/minimaxm3-agentx/overlays/aiter-sparse-indexer-cache-fusion-545d97c-266922c/csrc/cpp_itfs/sparse_attn/pa_sparse_block_select_kernels.cuh', '/shared/data/R7N/andy_luo_3v7/minimaxm3-agentx/overlays/aiter-sparse-indexer-cache-fusion-545d97c-266922c/csrc/include', '/shared/data/R7N/andy_luo_3v7/minimaxm3-agentx/overlays/aiter-sparse-indexer-cache-fusion-545d97c-266922c/csrc/include/ck_tile/'], 'sources': [], 'cxxflags': [], 'func_name': 'pa_sparse_block_topk_7fd3508aef992d549dfc24debbe0c990', 'folder': 'pa_sparse_block_topk_7fd3508aef992d549dfc24debbe0c990_77acf8df', 'kwargs': OrderedDict({'block_size': 128, 'topk': 16, 'slots': 8, 'num_waves': 1, 'pages_per_block': 8})}...
[aiter] start build /tmp/inferencex-minimaxm3-1411/home/.aiter/build/pa_sparse_block_topk_7fd3508aef992d549dfc24debbe0c990_77acf8df
[aiter] finish build /tmp/inferencex-minimaxm3-1411/home/.aiter/build/pa_sparse_block_topk_7fd3508aef992d549dfc24debbe0c990_77acf8df, cost 2.56619219s
  top-k slots=8 waves=2
[aiter] compile_template_op func_name = 'pa_sparse_block_topk_2526ca830bdd2cc1bbd8fd5125b93dc4' with {'src_template': <Template memory:7a4474c64590>, 'md_name': 'pa_sparse_block_topk', 'includes': ['/shared/data/R7N/andy_luo_3v7/minimaxm3-agentx/overlays/aiter-sparse-indexer-cache-fusion-545d97c-266922c/csrc/cpp_itfs/sparse_attn/pa_sparse_block_select_kernels.cuh', '/shared/data/R7N/andy_luo_3v7/minimaxm3-agentx/overlays/aiter-sparse-indexer-cache-fusion-545d97c-266922c/csrc/include', '/shared/data/R7N/andy_luo_3v7/minimaxm3-agentx/overlays/aiter-sparse-indexer-cache-fusion-545d97c-266922c/csrc/include/ck_tile/'], 'sources': [], 'cxxflags': [], 'func_name': 'pa_sparse_block_topk_2526ca830bdd2cc1bbd8fd5125b93dc4', 'folder': 'pa_sparse_block_topk_2526ca830bdd2cc1bbd8fd5125b93dc4_77acf8df', 'kwargs': OrderedDict({'block_size': 128, 'topk': 16, 'slots': 8, 'num_waves': 2, 'pages_per_block': 8})}...
[aiter] start build /tmp/inferencex-minimaxm3-1411/home/.aiter/build/pa_sparse_block_topk_2526ca830bdd2cc1bbd8fd5125b93dc4_77acf8df
[aiter] finish build /tmp/inferencex-minimaxm3-1411/home/.aiter/build/pa_sparse_block_topk_2526ca830bdd2cc1bbd8fd5125b93dc4_77acf8df, cost 2.57310161s
  top-k slots=8 waves=4
[aiter] compile_template_op func_name = 'pa_sparse_block_topk_40e796de500a8448c6dd66f96f47b805' with {'src_template': <Template memory:7a4474c64590>, 'md_name': 'pa_sparse_block_topk', 'includes': ['/shared/data/R7N/andy_luo_3v7/minimaxm3-agentx/overlays/aiter-sparse-indexer-cache-fusion-545d97c-266922c/csrc/cpp_itfs/sparse_attn/pa_sparse_block_select_kernels.cuh', '/shared/data/R7N/andy_luo_3v7/minimaxm3-agentx/overlays/aiter-sparse-indexer-cache-fusion-545d97c-266922c/csrc/include', '/shared/data/R7N/andy_luo_3v7/minimaxm3-agentx/overlays/aiter-sparse-indexer-cache-fusion-545d97c-266922c/csrc/include/ck_tile/'], 'sources': [], 'cxxflags': [], 'func_name': 'pa_sparse_block_topk_40e796de500a8448c6dd66f96f47b805', 'folder': 'pa_sparse_block_topk_40e796de500a8448c6dd66f96f47b805_77acf8df', 'kwargs': OrderedDict({'block_size': 128, 'topk': 16, 'slots': 8, 'num_waves': 4, 'pages_per_block': 8})}...
[aiter] start build /tmp/inferencex-minimaxm3-1411/home/.aiter/build/pa_sparse_block_topk_40e796de500a8448c6dd66f96f47b805_77acf8df
[aiter] finish build /tmp/inferencex-minimaxm3-1411/home/.aiter/build/pa_sparse_block_topk_40e796de500a8448c6dd66f96f47b805_77acf8df, cost 2.49977815s
  top-k slots=16 waves=1
[aiter] compile_template_op func_name = 'pa_sparse_block_topk_26c80d61287b4f3ec0e4343ebc62f150' with {'src_template': <Template memory:7a4474c64590>, 'md_name': 'pa_sparse_block_topk', 'includes': ['/shared/data/R7N/andy_luo_3v7/minimaxm3-agentx/overlays/aiter-sparse-indexer-cache-fusion-545d97c-266922c/csrc/cpp_itfs/sparse_attn/pa_sparse_block_select_kernels.cuh', '/shared/data/R7N/andy_luo_3v7/minimaxm3-agentx/overlays/aiter-sparse-indexer-cache-fusion-545d97c-266922c/csrc/include', '/shared/data/R7N/andy_luo_3v7/minimaxm3-agentx/overlays/aiter-sparse-indexer-cache-fusion-545d97c-266922c/csrc/include/ck_tile/'], 'sources': [], 'cxxflags': [], 'func_name': 'pa_sparse_block_topk_26c80d61287b4f3ec0e4343ebc62f150', 'folder': 'pa_sparse_block_topk_26c80d61287b4f3ec0e4343ebc62f150_77acf8df', 'kwargs': OrderedDict({'block_size': 128, 'topk': 16, 'slots': 16, 'num_waves': 1, 'pages_per_block': 8})}...
[aiter] start build /tmp/inferencex-minimaxm3-1411/home/.aiter/build/pa_sparse_block_topk_26c80d61287b4f3ec0e4343ebc62f150_77acf8df
[aiter] finish build /tmp/inferencex-minimaxm3-1411/home/.aiter/build/pa_sparse_block_topk_26c80d61287b4f3ec0e4343ebc62f150_77acf8df, cost 2.59919968s
  top-k slots=16 waves=2
[aiter] compile_template_op func_name = 'pa_sparse_block_topk_49274e4243cbc0021bb2280dba5ae99c' with {'src_template': <Template memory:7a4474c64590>, 'md_name': 'pa_sparse_block_topk', 'includes': ['/shared/data/R7N/andy_luo_3v7/minimaxm3-agentx/overlays/aiter-sparse-indexer-cache-fusion-545d97c-266922c/csrc/cpp_itfs/sparse_attn/pa_sparse_block_select_kernels.cuh', '/shared/data/R7N/andy_luo_3v7/minimaxm3-agentx/overlays/aiter-sparse-indexer-cache-fusion-545d97c-266922c/csrc/include', '/shared/data/R7N/andy_luo_3v7/minimaxm3-agentx/overlays/aiter-sparse-indexer-cache-fusion-545d97c-266922c/csrc/include/ck_tile/'], 'sources': [], 'cxxflags': [], 'func_name': 'pa_sparse_block_topk_49274e4243cbc0021bb2280dba5ae99c', 'folder': 'pa_sparse_block_topk_49274e4243cbc0021bb2280dba5ae99c_77acf8df', 'kwargs': OrderedDict({'block_size': 128, 'topk': 16, 'slots': 16, 'num_waves': 2, 'pages_per_block': 8})}...
[aiter] start build /tmp/inferencex-minimaxm3-1411/home/.aiter/build/pa_sparse_block_topk_49274e4243cbc0021bb2280dba5ae99c_77acf8df
[aiter] finish build /tmp/inferencex-minimaxm3-1411/home/.aiter/build/pa_sparse_block_topk_49274e4243cbc0021bb2280dba5ae99c_77acf8df, cost 2.54778993s
  top-k slots=16 waves=4
[aiter] compile_template_op func_name = 'pa_sparse_block_topk_d95381ff6d11c6228c2cbfb2381542e5' with {'src_template': <Template memory:7a4474c64590>, 'md_name': 'pa_sparse_block_topk', 'includes': ['/shared/data/R7N/andy_luo_3v7/minimaxm3-agentx/overlays/aiter-sparse-indexer-cache-fusion-545d97c-266922c/csrc/cpp_itfs/sparse_attn/pa_sparse_block_select_kernels.cuh', '/shared/data/R7N/andy_luo_3v7/minimaxm3-agentx/overlays/aiter-sparse-indexer-cache-fusion-545d97c-266922c/csrc/include', '/shared/data/R7N/andy_luo_3v7/minimaxm3-agentx/overlays/aiter-sparse-indexer-cache-fusion-545d97c-266922c/csrc/include/ck_tile/'], 'sources': [], 'cxxflags': [], 'func_name': 'pa_sparse_block_topk_d95381ff6d11c6228c2cbfb2381542e5', 'folder': 'pa_sparse_block_topk_d95381ff6d11c6228c2cbfb2381542e5_77acf8df', 'kwargs': OrderedDict({'block_size': 128, 'topk': 16, 'slots': 16, 'num_waves': 4, 'pages_per_block': 8})}...
[aiter] start build /tmp/inferencex-minimaxm3-1411/home/.aiter/build/pa_sparse_block_topk_d95381ff6d11c6228c2cbfb2381542e5_77acf8df
[aiter] finish build /tmp/inferencex-minimaxm3-1411/home/.aiter/build/pa_sparse_block_topk_d95381ff6d11c6228c2cbfb2381542e5_77acf8df, cost 2.54382644s
  top-k slots=16 waves=8
[aiter] compile_template_op func_name = 'pa_sparse_block_topk_4d86fb2115622fb33beae050c761474d' with {'src_template': <Template memory:7a4474c64590>, 'md_name': 'pa_sparse_block_topk', 'includes': ['/shared/data/R7N/andy_luo_3v7/minimaxm3-agentx/overlays/aiter-sparse-indexer-cache-fusion-545d97c-266922c/csrc/cpp_itfs/sparse_attn/pa_sparse_block_select_kernels.cuh', '/shared/data/R7N/andy_luo_3v7/minimaxm3-agentx/overlays/aiter-sparse-indexer-cache-fusion-545d97c-266922c/csrc/include', '/shared/data/R7N/andy_luo_3v7/minimaxm3-agentx/overlays/aiter-sparse-indexer-cache-fusion-545d97c-266922c/csrc/include/ck_tile/'], 'sources': [], 'cxxflags': [], 'func_name': 'pa_sparse_block_topk_4d86fb2115622fb33beae050c761474d', 'folder': 'pa_sparse_block_topk_4d86fb2115622fb33beae050c761474d_77acf8df', 'kwargs': OrderedDict({'block_size': 128, 'topk': 16, 'slots': 16, 'num_waves': 8, 'pages_per_block': 8})}...
[aiter] start build /tmp/inferencex-minimaxm3-1411/home/.aiter/build/pa_sparse_block_topk_4d86fb2115622fb33beae050c761474d_77acf8df
[aiter] finish build /tmp/inferencex-minimaxm3-1411/home/.aiter/build/pa_sparse_block_topk_4d86fb2115622fb33beae050c761474d_77acf8df, cost 2.54119179s
  top-k slots=32 waves=1
[aiter] compile_template_op func_name = 'pa_sparse_block_topk_a91aaf90fc66c204e0a7b936dcf1f9a4' with {'src_template': <Template memory:7a4474c64590>, 'md_name': 'pa_sparse_block_topk', 'includes': ['/shared/data/R7N/andy_luo_3v7/minimaxm3-agentx/overlays/aiter-sparse-indexer-cache-fusion-545d97c-266922c/csrc/cpp_itfs/sparse_attn/pa_sparse_block_select_kernels.cuh', '/shared/data/R7N/andy_luo_3v7/minimaxm3-agentx/overlays/aiter-sparse-indexer-cache-fusion-545d97c-266922c/csrc/include', '/shared/data/R7N/andy_luo_3v7/minimaxm3-agentx/overlays/aiter-sparse-indexer-cache-fusion-545d97c-266922c/csrc/include/ck_tile/'], 'sources': [], 'cxxflags': [], 'func_name': 'pa_sparse_block_topk_a91aaf90fc66c204e0a7b936dcf1f9a4', 'folder': 'pa_sparse_block_topk_a91aaf90fc66c204e0a7b936dcf1f9a4_77acf8df', 'kwargs': OrderedDict({'block_size': 128, 'topk': 16, 'slots': 32, 'num_waves': 1, 'pages_per_block': 8})}...
[aiter] start build /tmp/inferencex-minimaxm3-1411/home/.aiter/build/pa_sparse_block_topk_a91aaf90fc66c204e0a7b936dcf1f9a4_77acf8df
[aiter] finish build /tmp/inferencex-minimaxm3-1411/home/.aiter/build/pa_sparse_block_topk_a91aaf90fc66c204e0a7b936dcf1f9a4_77acf8df, cost 2.61063227s
  top-k slots=32 waves=2
[aiter] compile_template_op func_name = 'pa_sparse_block_topk_a47a5abad39a9b15799572289cd2ad94' with {'src_template': <Template memory:7a4474c64590>, 'md_name': 'pa_sparse_block_topk', 'includes': ['/shared/data/R7N/andy_luo_3v7/minimaxm3-agentx/overlays/aiter-sparse-indexer-cache-fusion-545d97c-266922c/csrc/cpp_itfs/sparse_attn/pa_sparse_block_select_kernels.cuh', '/shared/data/R7N/andy_luo_3v7/minimaxm3-agentx/overlays/aiter-sparse-indexer-cache-fusion-545d97c-266922c/csrc/include', '/shared/data/R7N/andy_luo_3v7/minimaxm3-agentx/overlays/aiter-sparse-indexer-cache-fusion-545d97c-266922c/csrc/include/ck_tile/'], 'sources': [], 'cxxflags': [], 'func_name': 'pa_sparse_block_topk_a47a5abad39a9b15799572289cd2ad94', 'folder': 'pa_sparse_block_topk_a47a5abad39a9b15799572289cd2ad94_77acf8df', 'kwargs': OrderedDict({'block_size': 128, 'topk': 16, 'slots': 32, 'num_waves': 2, 'pages_per_block': 8})}...
[aiter] start build /tmp/inferencex-minimaxm3-1411/home/.aiter/build/pa_sparse_block_topk_a47a5abad39a9b15799572289cd2ad94_77acf8df
[aiter] finish build /tmp/inferencex-minimaxm3-1411/home/.aiter/build/pa_sparse_block_topk_a47a5abad39a9b15799572289cd2ad94_77acf8df, cost 2.53475403s
  top-k slots=32 waves=4
[aiter] compile_template_op func_name = 'pa_sparse_block_topk_aaf045ab52ceceb4330f4f070b33ee4b' with {'src_template': <Template memory:7a4474c64590>, 'md_name': 'pa_sparse_block_topk', 'includes': ['/shared/data/R7N/andy_luo_3v7/minimaxm3-agentx/overlays/aiter-sparse-indexer-cache-fusion-545d97c-266922c/csrc/cpp_itfs/sparse_attn/pa_sparse_block_select_kernels.cuh', '/shared/data/R7N/andy_luo_3v7/minimaxm3-agentx/overlays/aiter-sparse-indexer-cache-fusion-545d97c-266922c/csrc/include', '/shared/data/R7N/andy_luo_3v7/minimaxm3-agentx/overlays/aiter-sparse-indexer-cache-fusion-545d97c-266922c/csrc/include/ck_tile/'], 'sources': [], 'cxxflags': [], 'func_name': 'pa_sparse_block_topk_aaf045ab52ceceb4330f4f070b33ee4b', 'folder': 'pa_sparse_block_topk_aaf045ab52ceceb4330f4f070b33ee4b_77acf8df', 'kwargs': OrderedDict({'block_size': 128, 'topk': 16, 'slots': 32, 'num_waves': 4, 'pages_per_block': 8})}...
[aiter] start build /tmp/inferencex-minimaxm3-1411/home/.aiter/build/pa_sparse_block_topk_aaf045ab52ceceb4330f4f070b33ee4b_77acf8df
[aiter] finish build /tmp/inferencex-minimaxm3-1411/home/.aiter/build/pa_sparse_block_topk_aaf045ab52ceceb4330f4f070b33ee4b_77acf8df, cost 2.53874223s
  top-k slots=32 waves=8
[aiter] compile_template_op func_name = 'pa_sparse_block_topk_e6fd078e78264080f8f95684382a4260' with {'src_template': <Template memory:7a4474c64590>, 'md_name': 'pa_sparse_block_topk', 'includes': ['/shared/data/R7N/andy_luo_3v7/minimaxm3-agentx/overlays/aiter-sparse-indexer-cache-fusion-545d97c-266922c/csrc/cpp_itfs/sparse_attn/pa_sparse_block_select_kernels.cuh', '/shared/data/R7N/andy_luo_3v7/minimaxm3-agentx/overlays/aiter-sparse-indexer-cache-fusion-545d97c-266922c/csrc/include', '/shared/data/R7N/andy_luo_3v7/minimaxm3-agentx/overlays/aiter-sparse-indexer-cache-fusion-545d97c-266922c/csrc/include/ck_tile/'], 'sources': [], 'cxxflags': [], 'func_name': 'pa_sparse_block_topk_e6fd078e78264080f8f95684382a4260', 'folder': 'pa_sparse_block_topk_e6fd078e78264080f8f95684382a4260_77acf8df', 'kwargs': OrderedDict({'block_size': 128, 'topk': 16, 'slots': 32, 'num_waves': 8, 'pages_per_block': 8})}...
[aiter] start build /tmp/inferencex-minimaxm3-1411/home/.aiter/build/pa_sparse_block_topk_e6fd078e78264080f8f95684382a4260_77acf8df
[aiter] finish build /tmp/inferencex-minimaxm3-1411/home/.aiter/build/pa_sparse_block_topk_e6fd078e78264080f8f95684382a4260_77acf8df, cost 2.44661109s
  top-k slots=64 waves=1
[aiter] compile_template_op func_name = 'pa_sparse_block_topk_6f0b7dac6a99206b1929ed6551dc3c56' with {'src_template': <Template memory:7a4474c64590>, 'md_name': 'pa_sparse_block_topk', 'includes': ['/shared/data/R7N/andy_luo_3v7/minimaxm3-agentx/overlays/aiter-sparse-indexer-cache-fusion-545d97c-266922c/csrc/cpp_itfs/sparse_attn/pa_sparse_block_select_kernels.cuh', '/shared/data/R7N/andy_luo_3v7/minimaxm3-agentx/overlays/aiter-sparse-indexer-cache-fusion-545d97c-266922c/csrc/include', '/shared/data/R7N/andy_luo_3v7/minimaxm3-agentx/overlays/aiter-sparse-indexer-cache-fusion-545d97c-266922c/csrc/include/ck_tile/'], 'sources': [], 'cxxflags': [], 'func_name': 'pa_sparse_block_topk_6f0b7dac6a99206b1929ed6551dc3c56', 'folder': 'pa_sparse_block_topk_6f0b7dac6a99206b1929ed6551dc3c56_77acf8df', 'kwargs': OrderedDict({'block_size': 128, 'topk': 16, 'slots': 64, 'num_waves': 1, 'pages_per_block': 8})}...
[aiter] start build /tmp/inferencex-minimaxm3-1411/home/.aiter/build/pa_sparse_block_topk_6f0b7dac6a99206b1929ed6551dc3c56_77acf8df
[aiter] finish build /tmp/inferencex-minimaxm3-1411/home/.aiter/build/pa_sparse_block_topk_6f0b7dac6a99206b1929ed6551dc3c56_77acf8df, cost 2.73356579s
  top-k slots=64 waves=2
[aiter] compile_template_op func_name = 'pa_sparse_block_topk_ea576546bb3099348a83c48d8e21184c' with {'src_template': <Template memory:7a4474c64590>, 'md_name': 'pa_sparse_block_topk', 'includes': ['/shared/data/R7N/andy_luo_3v7/minimaxm3-agentx/overlays/aiter-sparse-indexer-cache-fusion-545d97c-266922c/csrc/cpp_itfs/sparse_attn/pa_sparse_block_select_kernels.cuh', '/shared/data/R7N/andy_luo_3v7/minimaxm3-agentx/overlays/aiter-sparse-indexer-cache-fusion-545d97c-266922c/csrc/include', '/shared/data/R7N/andy_luo_3v7/minimaxm3-agentx/overlays/aiter-sparse-indexer-cache-fusion-545d97c-266922c/csrc/include/ck_tile/'], 'sources': [], 'cxxflags': [], 'func_name': 'pa_sparse_block_topk_ea576546bb3099348a83c48d8e21184c', 'folder': 'pa_sparse_block_topk_ea576546bb3099348a83c48d8e21184c_77acf8df', 'kwargs': OrderedDict({'block_size': 128, 'topk': 16, 'slots': 64, 'num_waves': 2, 'pages_per_block': 8})}...
[aiter] start build /tmp/inferencex-minimaxm3-1411/home/.aiter/build/pa_sparse_block_topk_ea576546bb3099348a83c48d8e21184c_77acf8df
[aiter] finish build /tmp/inferencex-minimaxm3-1411/home/.aiter/build/pa_sparse_block_topk_ea576546bb3099348a83c48d8e21184c_77acf8df, cost 2.60875707s
  top-k slots=64 waves=4
[aiter] compile_template_op func_name = 'pa_sparse_block_topk_710cb450944328ce4ab904200cf78a47' with {'src_template': <Template memory:7a4474c64590>, 'md_name': 'pa_sparse_block_topk', 'includes': ['/shared/data/R7N/andy_luo_3v7/minimaxm3-agentx/overlays/aiter-sparse-indexer-cache-fusion-545d97c-266922c/csrc/cpp_itfs/sparse_attn/pa_sparse_block_select_kernels.cuh', '/shared/data/R7N/andy_luo_3v7/minimaxm3-agentx/overlays/aiter-sparse-indexer-cache-fusion-545d97c-266922c/csrc/include', '/shared/data/R7N/andy_luo_3v7/minimaxm3-agentx/overlays/aiter-sparse-indexer-cache-fusion-545d97c-266922c/csrc/include/ck_tile/'], 'sources': [], 'cxxflags': [], 'func_name': 'pa_sparse_block_topk_710cb450944328ce4ab904200cf78a47', 'folder': 'pa_sparse_block_topk_710cb450944328ce4ab904200cf78a47_77acf8df', 'kwargs': OrderedDict({'block_size': 128, 'topk': 16, 'slots': 64, 'num_waves': 4, 'pages_per_block': 8})}...
[aiter] start build /tmp/inferencex-minimaxm3-1411/home/.aiter/build/pa_sparse_block_topk_710cb450944328ce4ab904200cf78a47_77acf8df
[aiter] finish build /tmp/inferencex-minimaxm3-1411/home/.aiter/build/pa_sparse_block_topk_710cb450944328ce4ab904200cf78a47_77acf8df, cost 2.67958245s
  top-k slots=64 waves=8
[aiter] compile_template_op func_name = 'pa_sparse_block_topk_c5ffb2a2d564070d0f8bffbb2d1a5847' with {'src_template': <Template memory:7a4474c64590>, 'md_name': 'pa_sparse_block_topk', 'includes': ['/shared/data/R7N/andy_luo_3v7/minimaxm3-agentx/overlays/aiter-sparse-indexer-cache-fusion-545d97c-266922c/csrc/cpp_itfs/sparse_attn/pa_sparse_block_select_kernels.cuh', '/shared/data/R7N/andy_luo_3v7/minimaxm3-agentx/overlays/aiter-sparse-indexer-cache-fusion-545d97c-266922c/csrc/include', '/shared/data/R7N/andy_luo_3v7/minimaxm3-agentx/overlays/aiter-sparse-indexer-cache-fusion-545d97c-266922c/csrc/include/ck_tile/'], 'sources': [], 'cxxflags': [], 'func_name': 'pa_sparse_block_topk_c5ffb2a2d564070d0f8bffbb2d1a5847', 'folder': 'pa_sparse_block_topk_c5ffb2a2d564070d0f8bffbb2d1a5847_77acf8df', 'kwargs': OrderedDict({'block_size': 128, 'topk': 16, 'slots': 64, 'num_waves': 8, 'pages_per_block': 8})}...
[aiter] start build /tmp/inferencex-minimaxm3-1411/home/.aiter/build/pa_sparse_block_topk_c5ffb2a2d564070d0f8bffbb2d1a5847_77acf8df
[aiter] finish build /tmp/inferencex-minimaxm3-1411/home/.aiter/build/pa_sparse_block_topk_c5ffb2a2d564070d0f8bffbb2d1a5847_77acf8df, cost 2.59581181s
  top-k slots=128 waves=1
[aiter] compile_template_op func_name = 'pa_sparse_block_topk_ea1b4f600243d2e753b80e357c50b23e' with {'src_template': <Template memory:7a4474c64590>, 'md_name': 'pa_sparse_block_topk', 'includes': ['/shared/data/R7N/andy_luo_3v7/minimaxm3-agentx/overlays/aiter-sparse-indexer-cache-fusion-545d97c-266922c/csrc/cpp_itfs/sparse_attn/pa_sparse_block_select_kernels.cuh', '/shared/data/R7N/andy_luo_3v7/minimaxm3-agentx/overlays/aiter-sparse-indexer-cache-fusion-545d97c-266922c/csrc/include', '/shared/data/R7N/andy_luo_3v7/minimaxm3-agentx/overlays/aiter-sparse-indexer-cache-fusion-545d97c-266922c/csrc/include/ck_tile/'], 'sources': [], 'cxxflags': [], 'func_name': 'pa_sparse_block_topk_ea1b4f600243d2e753b80e357c50b23e', 'folder': 'pa_sparse_block_topk_ea1b4f600243d2e753b80e357c50b23e_77acf8df', 'kwargs': OrderedDict({'block_size': 128, 'topk': 16, 'slots': 128, 'num_waves': 1, 'pages_per_block': 8})}...
[aiter] start build /tmp/inferencex-minimaxm3-1411/home/.aiter/build/pa_sparse_block_topk_ea1b4f600243d2e753b80e357c50b23e_77acf8df
[aiter] finish build /tmp/inferencex-minimaxm3-1411/home/.aiter/build/pa_sparse_block_topk_ea1b4f600243d2e753b80e357c50b23e_77acf8df, cost 2.86878844s
  top-k slots=128 waves=2
[aiter] compile_template_op func_name = 'pa_sparse_block_topk_7ea18e0e5eef7735323600cc003fe250' with {'src_template': <Template memory:7a4474c64590>, 'md_name': 'pa_sparse_block_topk', 'includes': ['/shared/data/R7N/andy_luo_3v7/minimaxm3-agentx/overlays/aiter-sparse-indexer-cache-fusion-545d97c-266922c/csrc/cpp_itfs/sparse_attn/pa_sparse_block_select_kernels.cuh', '/shared/data/R7N/andy_luo_3v7/minimaxm3-agentx/overlays/aiter-sparse-indexer-cache-fusion-545d97c-266922c/csrc/include', '/shared/data/R7N/andy_luo_3v7/minimaxm3-agentx/overlays/aiter-sparse-indexer-cache-fusion-545d97c-266922c/csrc/include/ck_tile/'], 'sources': [], 'cxxflags': [], 'func_name': 'pa_sparse_block_topk_7ea18e0e5eef7735323600cc003fe250', 'folder': 'pa_sparse_block_topk_7ea18e0e5eef7735323600cc003fe250_77acf8df', 'kwargs': OrderedDict({'block_size': 128, 'topk': 16, 'slots': 128, 'num_waves': 2, 'pages_per_block': 8})}...
[aiter] start build /tmp/inferencex-minimaxm3-1411/home/.aiter/build/pa_sparse_block_topk_7ea18e0e5eef7735323600cc003fe250_77acf8df
[aiter] finish build /tmp/inferencex-minimaxm3-1411/home/.aiter/build/pa_sparse_block_topk_7ea18e0e5eef7735323600cc003fe250_77acf8df, cost 2.64049930s
  top-k slots=128 waves=4
[aiter] compile_template_op func_name = 'pa_sparse_block_topk_ba29094d64c345dbcf76712283c4c9b9' with {'src_template': <Template memory:7a4474c64590>, 'md_name': 'pa_sparse_block_topk', 'includes': ['/shared/data/R7N/andy_luo_3v7/minimaxm3-agentx/overlays/aiter-sparse-indexer-cache-fusion-545d97c-266922c/csrc/cpp_itfs/sparse_attn/pa_sparse_block_select_kernels.cuh', '/shared/data/R7N/andy_luo_3v7/minimaxm3-agentx/overlays/aiter-sparse-indexer-cache-fusion-545d97c-266922c/csrc/include', '/shared/data/R7N/andy_luo_3v7/minimaxm3-agentx/overlays/aiter-sparse-indexer-cache-fusion-545d97c-266922c/csrc/include/ck_tile/'], 'sources': [], 'cxxflags': [], 'func_name': 'pa_sparse_block_topk_ba29094d64c345dbcf76712283c4c9b9', 'folder': 'pa_sparse_block_topk_ba29094d64c345dbcf76712283c4c9b9_77acf8df', 'kwargs': OrderedDict({'block_size': 128, 'topk': 16, 'slots': 128, 'num_waves': 4, 'pages_per_block': 8})}...
[aiter] start build /tmp/inferencex-minimaxm3-1411/home/.aiter/build/pa_sparse_block_topk_ba29094d64c345dbcf76712283c4c9b9_77acf8df
[aiter] finish build /tmp/inferencex-minimaxm3-1411/home/.aiter/build/pa_sparse_block_topk_ba29094d64c345dbcf76712283c4c9b9_77acf8df, cost 2.59802310s
  top-k slots=128 waves=8
[aiter] compile_template_op func_name = 'pa_sparse_block_topk_ad22426619f62325b9c054225a90fa49' with {'src_template': <Template memory:7a4474c64590>, 'md_name': 'pa_sparse_block_topk', 'includes': ['/shared/data/R7N/andy_luo_3v7/minimaxm3-agentx/overlays/aiter-sparse-indexer-cache-fusion-545d97c-266922c/csrc/cpp_itfs/sparse_attn/pa_sparse_block_select_kernels.cuh', '/shared/data/R7N/andy_luo_3v7/minimaxm3-agentx/overlays/aiter-sparse-indexer-cache-fusion-545d97c-266922c/csrc/include', '/shared/data/R7N/andy_luo_3v7/minimaxm3-agentx/overlays/aiter-sparse-indexer-cache-fusion-545d97c-266922c/csrc/include/ck_tile/'], 'sources': [], 'cxxflags': [], 'func_name': 'pa_sparse_block_topk_ad22426619f62325b9c054225a90fa49', 'folder': 'pa_sparse_block_topk_ad22426619f62325b9c054225a90fa49_77acf8df', 'kwargs': OrderedDict({'block_size': 128, 'topk': 16, 'slots': 128, 'num_waves': 8, 'pages_per_block': 8})}...
[aiter] start build /tmp/inferencex-minimaxm3-1411/home/.aiter/build/pa_sparse_block_topk_ad22426619f62325b9c054225a90fa49_77acf8df
[aiter] finish build /tmp/inferencex-minimaxm3-1411/home/.aiter/build/pa_sparse_block_topk_ad22426619f62325b9c054225a90fa49_77acf8df, cost 2.54264157s
  score-decode waves=1 q_tiles=1
[aiter] compile_template_op func_name = 'pa_sparse_block_score_decode_b5e7f76efa629ab3e994fb1821f74bcc' with {'src_template': <Template memory:7a4474b7dc40>, 'md_name': 'pa_sparse_block_score_decode', 'includes': ['/shared/data/R7N/andy_luo_3v7/minimaxm3-agentx/overlays/aiter-sparse-indexer-cache-fusion-545d97c-266922c/csrc/cpp_itfs/sparse_attn/pa_sparse_block_select_kernels.cuh', '/shared/data/R7N/andy_luo_3v7/minimaxm3-agentx/overlays/aiter-sparse-indexer-cache-fusion-545d97c-266922c/csrc/include', '/shared/data/R7N/andy_luo_3v7/minimaxm3-agentx/overlays/aiter-sparse-indexer-cache-fusion-545d97c-266922c/csrc/include/ck_tile/'], 'sources': [], 'cxxflags': ['-mllvm -amdgpu-mfma-vgpr-form=1'], 'func_name': 'pa_sparse_block_score_decode_b5e7f76efa629ab3e994fb1821f74bcc', 'folder': 'pa_sparse_block_score_decode_a3296555132891089f84d2f9be095ed1_77acf8df', 'kwargs': OrderedDict({'block_size': 128, 'head_dim': 128, 'num_idx_heads': 1, 'num_waves': 1, 'q_tiles': 1, 'prefetch': 8, 'non_temporal': 'false'})}...
[aiter] start build /tmp/inferencex-minimaxm3-1411/home/.aiter/build/pa_sparse_block_score_decode_a3296555132891089f84d2f9be095ed1_77acf8df
[aiter] finish build /tmp/inferencex-minimaxm3-1411/home/.aiter/build/pa_sparse_block_score_decode_a3296555132891089f84d2f9be095ed1_77acf8df, cost 3.07310312s
  score-decode waves=2 q_tiles=1
[aiter] compile_template_op func_name = 'pa_sparse_block_score_decode_4aca51e16ad93621cb5aedb58f9ce7d8' with {'src_template': <Template memory:7a4474b7dc40>, 'md_name': 'pa_sparse_block_score_decode', 'includes': ['/shared/data/R7N/andy_luo_3v7/minimaxm3-agentx/overlays/aiter-sparse-indexer-cache-fusion-545d97c-266922c/csrc/cpp_itfs/sparse_attn/pa_sparse_block_select_kernels.cuh', '/shared/data/R7N/andy_luo_3v7/minimaxm3-agentx/overlays/aiter-sparse-indexer-cache-fusion-545d97c-266922c/csrc/include', '/shared/data/R7N/andy_luo_3v7/minimaxm3-agentx/overlays/aiter-sparse-indexer-cache-fusion-545d97c-266922c/csrc/include/ck_tile/'], 'sources': [], 'cxxflags': ['-mllvm -amdgpu-mfma-vgpr-form=1'], 'func_name': 'pa_sparse_block_score_decode_4aca51e16ad93621cb5aedb58f9ce7d8', 'folder': 'pa_sparse_block_score_decode_be7824a80454cac2ed9cc78bfdf61057_77acf8df', 'kwargs': OrderedDict({'block_size': 128, 'head_dim': 128, 'num_idx_heads': 1, 'num_waves': 2, 'q_tiles': 1, 'prefetch': 8, 'non_temporal': 'false'})}...
[aiter] start build /tmp/inferencex-minimaxm3-1411/home/.aiter/build/pa_sparse_block_score_decode_be7824a80454cac2ed9cc78bfdf61057_77acf8df
[aiter] finish build /tmp/inferencex-minimaxm3-1411/home/.aiter/build/pa_sparse_block_score_decode_be7824a80454cac2ed9cc78bfdf61057_77acf8df, cost 2.49994471s
  score-decode waves=4 q_tiles=1
[aiter] compile_template_op func_name = 'pa_sparse_block_score_decode_e77773b9e98a6959a86599d0b1b32b36' with {'src_template': <Template memory:7a4474b7dc40>, 'md_name': 'pa_sparse_block_score_decode', 'includes': ['/shared/data/R7N/andy_luo_3v7/minimaxm3-agentx/overlays/aiter-sparse-indexer-cache-fusion-545d97c-266922c/csrc/cpp_itfs/sparse_attn/pa_sparse_block_select_kernels.cuh', '/shared/data/R7N/andy_luo_3v7/minimaxm3-agentx/overlays/aiter-sparse-indexer-cache-fusion-545d97c-266922c/csrc/include', '/shared/data/R7N/andy_luo_3v7/minimaxm3-agentx/overlays/aiter-sparse-indexer-cache-fusion-545d97c-266922c/csrc/include/ck_tile/'], 'sources': [], 'cxxflags': ['-mllvm -amdgpu-mfma-vgpr-form=1'], 'func_name': 'pa_sparse_block_score_decode_e77773b9e98a6959a86599d0b1b32b36', 'folder': 'pa_sparse_block_score_decode_e931eb22d09937c61fe009f1749a7b94_77acf8df', 'kwargs': OrderedDict({'block_size': 128, 'head_dim': 128, 'num_idx_heads': 1, 'num_waves': 4, 'q_tiles': 1, 'prefetch': 8, 'non_temporal': 'false'})}...
[aiter] start build /tmp/inferencex-minimaxm3-1411/home/.aiter/build/pa_sparse_block_score_decode_e931eb22d09937c61fe009f1749a7b94_77acf8df
[aiter] finish build /tmp/inferencex-minimaxm3-1411/home/.aiter/build/pa_sparse_block_score_decode_e931eb22d09937c61fe009f1749a7b94_77acf8df, cost 2.50777006s
  score-prefill waves=4 q_tiles=1
[aiter] compile_template_op func_name = 'pa_sparse_block_score_prefill_251ea0a341a15b3dc6ede6b9ae4ca663' with {'src_template': <Template memory:7a4474e19d90>, 'md_name': 'pa_sparse_block_score_prefill', 'includes': ['/shared/data/R7N/andy_luo_3v7/minimaxm3-agentx/overlays/aiter-sparse-indexer-cache-fusion-545d97c-266922c/csrc/cpp_itfs/sparse_attn/pa_sparse_block_select_kernels.cuh', '/shared/data/R7N/andy_luo_3v7/minimaxm3-agentx/overlays/aiter-sparse-indexer-cache-fusion-545d97c-266922c/csrc/include', '/shared/data/R7N/andy_luo_3v7/minimaxm3-agentx/overlays/aiter-sparse-indexer-cache-fusion-545d97c-266922c/csrc/include/ck_tile/'], 'sources': [], 'cxxflags': ['-mllvm -amdgpu-mfma-vgpr-form=1'], 'func_name': 'pa_sparse_block_score_prefill_251ea0a341a15b3dc6ede6b9ae4ca663', 'folder': 'pa_sparse_block_score_prefill_251ea0a341a15b3dc6ede6b9ae4ca663_77acf8df', 'kwargs': OrderedDict({'block_size': 128, 'head_dim': 128, 'num_idx_heads': 1, 'num_waves': 4, 'q_tiles': 1})}...
[aiter] start build /tmp/inferencex-minimaxm3-1411/home/.aiter/build/pa_sparse_block_score_prefill_251ea0a341a15b3dc6ede6b9ae4ca663_77acf8df
[aiter] finish build /tmp/inferencex-minimaxm3-1411/home/.aiter/build/pa_sparse_block_score_prefill_251ea0a341a15b3dc6ede6b9ae4ca663_77acf8df, cost 2.46215020s
  score-prefill waves=4 q_tiles=2
[aiter] compile_template_op func_name = 'pa_sparse_block_score_prefill_e5393df7d9a2212c0f081bfbfa81123a' with {'src_template': <Template memory:7a4474e19d90>, 'md_name': 'pa_sparse_block_score_prefill', 'includes': ['/shared/data/R7N/andy_luo_3v7/minimaxm3-agentx/overlays/aiter-sparse-indexer-cache-fusion-545d97c-266922c/csrc/cpp_itfs/sparse_attn/pa_sparse_block_select_kernels.cuh', '/shared/data/R7N/andy_luo_3v7/minimaxm3-agentx/overlays/aiter-sparse-indexer-cache-fusion-545d97c-266922c/csrc/include', '/shared/data/R7N/andy_luo_3v7/minimaxm3-agentx/overlays/aiter-sparse-indexer-cache-fusion-545d97c-266922c/csrc/include/ck_tile/'], 'sources': [], 'cxxflags': ['-mllvm -amdgpu-mfma-vgpr-form=1'], 'func_name': 'pa_sparse_block_score_prefill_e5393df7d9a2212c0f081bfbfa81123a', 'folder': 'pa_sparse_block_score_prefill_e5393df7d9a2212c0f081bfbfa81123a_77acf8df', 'kwargs': OrderedDict({'block_size': 128, 'head_dim': 128, 'num_idx_heads': 1, 'num_waves': 4, 'q_tiles': 2})}...
[aiter] start build /tmp/inferencex-minimaxm3-1411/home/.aiter/build/pa_sparse_block_score_prefill_e5393df7d9a2212c0f081bfbfa81123a_77acf8df
[aiter] finish build /tmp/inferencex-minimaxm3-1411/home/.aiter/build/pa_sparse_block_score_prefill_e5393df7d9a2212c0f081bfbfa81123a_77acf8df, cost 2.54637171s
  score-prefill waves=4 q_tiles=4
[aiter] compile_template_op func_name = 'pa_sparse_block_score_prefill_fcf0f2c064778ed65bd4c394b79b219f' with {'src_template': <Template memory:7a4474e19d90>, 'md_name': 'pa_sparse_block_score_prefill', 'includes': ['/shared/data/R7N/andy_luo_3v7/minimaxm3-agentx/overlays/aiter-sparse-indexer-cache-fusion-545d97c-266922c/csrc/cpp_itfs/sparse_attn/pa_sparse_block_select_kernels.cuh', '/shared/data/R7N/andy_luo_3v7/minimaxm3-agentx/overlays/aiter-sparse-indexer-cache-fusion-545d97c-266922c/csrc/include', '/shared/data/R7N/andy_luo_3v7/minimaxm3-agentx/overlays/aiter-sparse-indexer-cache-fusion-545d97c-266922c/csrc/include/ck_tile/'], 'sources': [], 'cxxflags': ['-mllvm -amdgpu-mfma-vgpr-form=1'], 'func_name': 'pa_sparse_block_score_prefill_fcf0f2c064778ed65bd4c394b79b219f', 'folder': 'pa_sparse_block_score_prefill_fcf0f2c064778ed65bd4c394b79b219f_77acf8df', 'kwargs': OrderedDict({'block_size': 128, 'head_dim': 128, 'num_idx_heads': 1, 'num_waves': 4, 'q_tiles': 4})}...
[aiter] start build /tmp/inferencex-minimaxm3-1411/home/.aiter/build/pa_sparse_block_score_prefill_fcf0f2c064778ed65bd4c394b79b219f_77acf8df
[aiter] finish build /tmp/inferencex-minimaxm3-1411/home/.aiter/build/pa_sparse_block_score_prefill_fcf0f2c064778ed65bd4c394b79b219f_77acf8df, cost 2.56352947s
Precompiling fused EAGLE metadata kernels
WARNING 08-25 18:06:30 [rocm.py:123] Using CUDA_VISIBLE_DEVICES on ROCm is deprecated and support will be removed in vLLM v0.26.0. Please use HIP_VISIBLE_DEVICES instead.
  EAGLE prepare-inputs batch=1
  EAGLE prepare-next-token batch=1
  EAGLE step slot/metadata batch=1
  EAGLE prepare-inputs batch=2
  EAGLE prepare-next-token batch=2
  EAGLE step slot/metadata batch=2
  EAGLE prepare-inputs batch=4
  EAGLE prepare-next-token batch=4
  EAGLE step slot/metadata batch=4
  EAGLE prepare-inputs batch=8
  EAGLE prepare-next-token batch=8
  EAGLE step slot/metadata batch=8
  EAGLE prepare-inputs batch=16
  EAGLE prepare-next-token batch=16
  EAGLE step slot/metadata batch=16
  EAGLE prepare-inputs batch=32
  EAGLE prepare-next-token batch=32
  EAGLE step slot/metadata batch=32
Precompiling EAGLE3 draft BF16 GEMM tail buckets
  draft BF16 GEMM M=513 N=5120 K=2880
  draft BF16 GEMM M=513 N=2880 K=4096
  draft BF16 GEMM M=513 N=128 K=2880
  draft BF16 GEMM M=513 N=640 K=2880
  draft BF16 GEMM M=513 N=2880 K=512
  draft BF16 GEMM M=1024 N=5120 K=2880
  draft BF16 GEMM M=1024 N=2880 K=4096
  draft BF16 GEMM M=1024 N=128 K=2880
  draft BF16 GEMM M=1024 N=640 K=2880
  draft BF16 GEMM M=1024 N=2880 K=512
  draft BF16 GEMM M=1025 N=5120 K=2880
  draft BF16 GEMM M=1025 N=2880 K=4096
  draft BF16 GEMM M=1025 N=128 K=2880
  draft BF16 GEMM M=1025 N=640 K=2880
  draft BF16 GEMM M=1025 N=2880 K=512
  draft BF16 GEMM M=2048 N=5120 K=2880
  draft BF16 GEMM M=2048 N=2880 K=4096
  draft BF16 GEMM M=2048 N=128 K=2880
  draft BF16 GEMM M=2048 N=640 K=2880
  draft BF16 GEMM M=2048 N=2880 K=512
  draft BF16 GEMM M=2049 N=5120 K=2880
  draft BF16 GEMM M=2049 N=2880 K=4096
  draft BF16 GEMM M=2049 N=128 K=2880
  draft BF16 GEMM M=2049 N=640 K=2880
  draft BF16 GEMM M=2049 N=2880 K=512
  draft BF16 GEMM M=4096 N=5120 K=2880
  draft BF16 GEMM M=4096 N=2880 K=4096
  draft BF16 GEMM M=4096 N=128 K=2880
  draft BF16 GEMM M=4096 N=640 K=2880
  draft BF16 GEMM M=4096 N=2880 K=512
  draft BF16 GEMM M=4097 N=5120 K=2880
  draft BF16 GEMM M=4097 N=2880 K=4096
  draft BF16 GEMM M=4097 N=128 K=2880
  draft BF16 GEMM M=4097 N=640 K=2880
  draft BF16 GEMM M=4097 N=2880 K=512
  draft BF16 GEMM M=8192 N=5120 K=2880
  draft BF16 GEMM M=8192 N=2880 K=4096
  draft BF16 GEMM M=8192 N=128 K=2880
  draft BF16 GEMM M=8192 N=640 K=2880
  draft BF16 GEMM M=8192 N=2880 K=512
  draft BF16 GEMM M=8193 N=5120 K=2880
  draft BF16 GEMM M=8193 N=2880 K=4096
  draft BF16 GEMM M=8193 N=128 K=2880
  draft BF16 GEMM M=8193 N=640 K=2880
  draft BF16 GEMM M=8193 N=2880 K=512
  draft BF16 GEMM M=32768 N=5120 K=2880
  draft BF16 GEMM M=32768 N=2880 K=4096
  draft BF16 GEMM M=32768 N=128 K=2880
  draft BF16 GEMM M=32768 N=640 K=2880
  draft BF16 GEMM M=32768 N=2880 K=512
Precompiling native top-k/top-p sampler
  sampler top-p batch=1 vocab=200064
  sampler top-k batch=1 vocab=200064
  sampler top-k+top-p batch=1 vocab=200064
  sampler top-p batch=2 vocab=200064
  sampler top-k batch=2 vocab=200064
  sampler top-k+top-p batch=2 vocab=200064
  sampler top-p batch=4 vocab=200064
  sampler top-k batch=4 vocab=200064
  sampler top-k+top-p batch=4 vocab=200064
  sampler top-p batch=8 vocab=200064
  sampler top-k batch=8 vocab=200064
  sampler top-k+top-p batch=8 vocab=200064
  sampler top-p batch=16 vocab=200064
  sampler top-k batch=16 vocab=200064
  sampler top-k+top-p batch=16 vocab=200064
  sampler top-p batch=32 vocab=200064
  sampler top-k batch=32 vocab=200064
  sampler top-k+top-p batch=32 vocab=200064
MiniMax-M3 AgentX precompile complete
++ dirname /shared/data/R7N/andy_luo_3v7/minimaxm3-agentx/repos/InferenceX/benchmarks/single_node/agentic/minimaxm3_fp4_mi355x_mtp_full_indexer.sh
+ source /shared/data/R7N/andy_luo_3v7/minimaxm3-agentx/repos/InferenceX/benchmarks/single_node/agentic/../../benchmark_lib.sh
++ export PYTHONDONTWRITEBYTECODE=1
++ PYTHONDONTWRITEBYTECODE=1
++ export PYTHONPYCACHEPREFIX=/tmp/inferencex-minimaxm3-1411/tmp/inferencex-pycache
++ PYTHONPYCACHEPREFIX=/tmp/inferencex-minimaxm3-1411/tmp/inferencex-pycache
++ mkdir -p /tmp/inferencex-minimaxm3-1411/tmp/inferencex-pycache
++ export PORT=8886
++ PORT=8886
++ _benchmark_caller=/shared/data/R7N/andy_luo_3v7/minimaxm3-agentx/repos/InferenceX/benchmarks/single_node/agentic/minimaxm3_fp4_mi355x_mtp_full_indexer.sh
++ [[ /shared/data/R7N/andy_luo_3v7/minimaxm3-agentx/repos/InferenceX/benchmarks/single_node/agentic/minimaxm3_fp4_mi355x_mtp_full_indexer.sh == */agentic/* ]]
++ unset MAX_MODEL_LEN
++ [[ -z x ]]
++ [[ -z none ]]
++ case "$KV_OFFLOADING" in
++ [[ -n '' ]]
++ unset _benchmark_caller
++ GPU_MONITOR_PID=
++ GPU_MONITOR_VENDOR=
++ GPU_MONITOR_INTERVAL=1
++ GPU_METRICS_CSV=gpu_metrics.csv
++ NVIDIA_GPU_MONITOR_QUERY=timestamp,index,power.draw,temperature.gpu,clocks.current.sm,clocks.current.memory,utilization.gpu,utilization.memory
++ export GPU_METRICS_CSV
++ INFMAX_CONTAINER_WORKSPACE=/workspace
++ AGENTIC_DIR=/workspace/utils/agentic-benchmark
++ AIPERF_DIR=/workspace/utils/aiperf
++ AIPERF_RUNTIME_DIR=/tmp/inferencex-minimaxm3-1411/runs/mtp-k4-aiter-full-indexer-resident-v19-tp4-c10-full-indexer-complete-curve-20260825-r1
++ AIPERF_VENV=/tmp/inferencex-minimaxm3-1411/runs/mtp-k4-aiter-full-indexer-resident-v19-tp4-c10-full-indexer-complete-curve-20260825-r1/venv
++ AIPERF_UV_INSTALL_DIR=/tmp/inferencex-minimaxm3-1411/uv-bin
++ AIPERF_UV_CACHE_DIR=/tmp/inferencex-minimaxm3-1411/uv-cache
++ AIPERF_PYTHON=/tmp/inferencex-minimaxm3-1411/runs/mtp-k4-aiter-full-indexer-resident-v19-tp4-c10-full-indexer-complete-curve-20260825-r1/venv/bin/python
++ AIPERF_CLI=/tmp/inferencex-minimaxm3-1411/runs/mtp-k4-aiter-full-indexer-resident-v19-tp4-c10-full-indexer-complete-curve-20260825-r1/venv/bin/aiperf
++ AIPERF_HF_CLI=/tmp/inferencex-minimaxm3-1411/runs/mtp-k4-aiter-full-indexer-resident-v19-tp4-c10-full-indexer-complete-curve-20260825-r1/venv/bin/hf
++ AIPERF_DEPS_READY=0
++ AIPERF_FAILED_REQUEST_THRESHOLD=0.10
++ AIPERF_LIVE_FAILED_REQUEST_THRESHOLD=0.10
++ AIPERF_TRACE_IDLE_GAP_CAP_SECONDS=300
+ export EVAL_FRAMEWORK=lm-eval
+ EVAL_FRAMEWORK=lm-eval
+ check_env_vars MODEL TP CONC KV_OFFLOADING TOTAL_CPU_DRAM_GB RESULT_DIR DURATION EP_SIZE DP_ATTENTION
+ missing_vars=()
+ local missing_vars
+ for var_name in "$@"
+ [[ -z amd/MiniMax-M3-MXFP4 ]]
+ for var_name in "$@"
+ [[ -z 4 ]]
+ for var_name in "$@"
+ [[ -z 10 ]]
+ for var_name in "$@"
+ [[ -z none ]]
+ for var_name in "$@"
+ [[ -z 1499 ]]
+ for var_name in "$@"
+ [[ -z /shared/data/R7N/andy_luo_3v7/minimaxm3-agentx/results/mtp-k4-aiter-full-indexer-resident-v19-tp4-c10-full-indexer-complete-curve-20260825-r1 ]]
+ for var_name in "$@"
+ [[ -z 3600 ]]
+ for var_name in "$@"
+ [[ -z 1 ]]
+ for var_name in "$@"
+ [[ -z false ]]
+ [[ 0 -gt 0 ]]
+ echo 'MODEL=amd/MiniMax-M3-MXFP4 TP=4 CONC=10 KV_OFFLOADING=none TOTAL_CPU_DRAM_GB=1499 RESULT_DIR=/shared/data/R7N/andy_luo_3v7/minimaxm3-agentx/results/mtp-k4-aiter-full-indexer-resident-v19-tp4-c10-full-indexer-complete-curve-20260825-r1 DURATION=3600 EP_SIZE=1 DP_ATTENTION=false'
MODEL=amd/MiniMax-M3-MXFP4 TP=4 CONC=10 KV_OFFLOADING=none TOTAL_CPU_DRAM_GB=1499 RESULT_DIR=/shared/data/R7N/andy_luo_3v7/minimaxm3-agentx/results/mtp-k4-aiter-full-indexer-resident-v19-tp4-c10-full-indexer-complete-curve-20260825-r1 DURATION=3600 EP_SIZE=1 DP_ATTENTION=false
+ DRAFT_MODEL=Inferact/MiniMax-M3-EAGLE3-GQA
+ NUM_SPEC_TOKENS=4
+ SYNTHETIC_ACCEPT_LEN=3.02
+ [[ -n x ]]
+ echo 'JOB 1411 running on vultr-mi355x-6'
JOB 1411 running on vultr-mi355x-6
+ [[ -n x ]]
+ export HIP_VISIBLE_DEVICES=0,1,2,3,4,5,6,7
+ HIP_VISIBLE_DEVICES=0,1,2,3,4,5,6,7
+ MODEL_REVISION_ARGS=()
+ [[ -n b83d14e3d64bf373a207f3c2a7e9f0b0f1e7fc3a ]]
+ MODEL_REVISION_ARGS=(--revision "$MODEL_REVISION")
+ [[ -n /shared/data/R7N/andy_luo_3v7/minimaxm3-agentx/storage/models/amd--MiniMax-M3-MXFP4 ]]
+ checkpoint_is_complete /shared/data/R7N/andy_luo_3v7/minimaxm3-agentx/storage/models/amd--MiniMax-M3-MXFP4
+ local dir=/shared/data/R7N/andy_luo_3v7/minimaxm3-agentx/storage/models/amd--MiniMax-M3-MXFP4
+ [[ -d /shared/data/R7N/andy_luo_3v7/minimaxm3-agentx/storage/models/amd--MiniMax-M3-MXFP4 ]]
+ [[ -f /shared/data/R7N/andy_luo_3v7/minimaxm3-agentx/storage/models/amd--MiniMax-M3-MXFP4/config.json ]]
+ CKPT_DIR=/shared/data/R7N/andy_luo_3v7/minimaxm3-agentx/storage/models/amd--MiniMax-M3-MXFP4
+ python3 -
+ checkpoint_is_complete /shared/data/R7N/andy_luo_3v7/minimaxm3-agentx/storage/models/amd--MiniMax-M3-MXFP4
+ local dir=/shared/data/R7N/andy_luo_3v7/minimaxm3-agentx/storage/models/amd--MiniMax-M3-MXFP4
+ [[ -d /shared/data/R7N/andy_luo_3v7/minimaxm3-agentx/storage/models/amd--MiniMax-M3-MXFP4 ]]
+ [[ -f /shared/data/R7N/andy_luo_3v7/minimaxm3-agentx/storage/models/amd--MiniMax-M3-MXFP4/config.json ]]
+ CKPT_DIR=/shared/data/R7N/andy_luo_3v7/minimaxm3-agentx/storage/models/amd--MiniMax-M3-MXFP4
+ python3 -
+ [[ 0 != \1 ]]
+ DRAFT_MODEL_REVISION_ARGS=()
+ [[ -n 96692486b5fd38ebf8fd2a5f6bb53427d30819a8 ]]
+ DRAFT_MODEL_REVISION_ARGS=(--revision "$DRAFT_MODEL_REVISION")
+ DRAFT_MODEL_PATH=/shared/data/R7N/andy_luo_3v7/minimaxm3-agentx/storage/models/Inferact--MiniMax-M3-EAGLE3-GQA
+ [[ /shared/data/R7N/andy_luo_3v7/minimaxm3-agentx/storage/models/Inferact--MiniMax-M3-EAGLE3-GQA == \I\n\f\e\r\a\c\t\/\M\i\n\i\M\a\x\-\M\3\-\E\A\G\L\E\3\-\G\Q\A ]]
+ checkpoint_is_complete /shared/data/R7N/andy_luo_3v7/minimaxm3-agentx/storage/models/Inferact--MiniMax-M3-EAGLE3-GQA
+ local dir=/shared/data/R7N/andy_luo_3v7/minimaxm3-agentx/storage/models/Inferact--MiniMax-M3-EAGLE3-GQA
+ [[ -d /shared/data/R7N/andy_luo_3v7/minimaxm3-agentx/storage/models/Inferact--MiniMax-M3-EAGLE3-GQA ]]
+ [[ -f /shared/data/R7N/andy_luo_3v7/minimaxm3-agentx/storage/models/Inferact--MiniMax-M3-EAGLE3-GQA/config.json ]]
+ CKPT_DIR=/shared/data/R7N/andy_luo_3v7/minimaxm3-agentx/storage/models/Inferact--MiniMax-M3-EAGLE3-GQA
+ python3 -
+ rocm-smi


============================================= ROCm System Management Interface =============================================
======================================================= Concise Info =======================================================
Device  Node  IDs              Temp        Power     Partitions          SCLK    MCLK     Fan  Perf  PwrCap   VRAM%  GPU%  
[3m              (DID,     GUID)  (Junction)  (Socket)  (Mem, Compute, ID)                                                    [0m
============================================================================================================================
0       3     0x75a3,   42583  48.0°C      258.0W    NPS1, SPX, 0        161Mhz  2000Mhz  0%   auto  1400.0W  0%     0%    
1       5     0x75a3,   27226  51.0°C      251.0W    NPS1, SPX, 0        160Mhz  2000Mhz  0%   auto  1400.0W  0%     0%    
2       4     0x75a3,   36479  52.0°C      254.0W    NPS1, SPX, 0        160Mhz  2000Mhz  0%   auto  1400.0W  0%     0%    
3       2     0x75a3,   17010  50.0°C      256.0W    NPS1, SPX, 0        179Mhz  2000Mhz  0%   auto  1400.0W  0%     0%    
4       7     0x75a3,   1590   47.0°C      250.0W    NPS1, SPX, 0        160Mhz  2000Mhz  0%   auto  1400.0W  0%     0%    
5       9     0x75a3,   51771  47.0°C      251.0W    NPS1, SPX, 0        160Mhz  2000Mhz  0%   auto  1400.0W  0%     0%    
6       8     0x75a3,   11806  45.0°C      251.0W    NPS1, SPX, 0        161Mhz  2000Mhz  0%   auto  1400.0W  0%     0%    
7       6     0x75a3,   57875  48.0°C      249.0W    NPS1, SPX, 0        161Mhz  2000Mhz  0%   auto  1400.0W  0%     0%    
============================================================================================================================
=================================================== End of ROCm SMI Log ====================================================
+ amd-smi
+------------------------------------------------------------------------------+
| AMD-SMI 26.2.2+c2d9476115    amdgpu version: 6.14.14  ROCm version: 7.2.3    |
| VBIOS version: 023.040.001.008.000001                                        |
| Platform: Linux Baremetal                                                    |
|-------------------------------------+----------------------------------------|
| BDF                        GPU-Name | Mem-Uti   Temp   UEC       Power-Usage |
| GPU  HIP-ID  OAM-ID  Partition-Mode | GFX-Uti    Fan               Mem-Usage |
|=====================================+========================================|
| 0000:05:00.0 AMD Instinct MI355 OAM | 0 %      48 °C   0          258/1400 W |
|   0       1       6        SPX/NPS1 | 0 %        N/A           283/294896 MB |
|-------------------------------------+----------------------------------------|
| 0000:15:00.0 AMD Instinct MI355 OAM | 0 %      51 °C   0          250/1400 W |
|   1       3       7        SPX/NPS1 | 0 %        N/A           283/294896 MB |
|-------------------------------------+----------------------------------------|
| 0000:65:00.0 AMD Instinct MI355 OAM | 0 %      52 °C   0          254/1400 W |
|   2       2       5        SPX/NPS1 | 0 %        N/A           283/294896 MB |
|-------------------------------------+----------------------------------------|
| 0000:75:00.0 AMD Instinct MI355 OAM | 0 %      50 °C   0          255/1400 W |
|   3       0       4        SPX/NPS1 | 0 %        N/A           283/294896 MB |
|-------------------------------------+----------------------------------------|
| 0000:85:00.0 AMD Instinct MI355 OAM | 0 %      47 °C   0          250/1400 W |
|   4       5       2        SPX/NPS1 | 0 %        N/A           283/294896 MB |
|-------------------------------------+----------------------------------------|
| 0000:95:00.0 AMD Instinct MI355 OAM | 0 %      47 °C   0          251/1400 W |
|   5       7       3        SPX/NPS1 | 0 %        N/A           283/294896 MB |
|-------------------------------------+----------------------------------------|
| 0000:e5:00.0 AMD Instinct MI355 OAM | 0 %      45 °C   0          250/1400 W |
|   6       6       1        SPX/NPS1 | 0 %        N/A           283/294896 MB |
|-------------------------------------+----------------------------------------|
| 0000:f5:00.0 AMD Instinct MI355 OAM | 0 %      48 °C   0          250/1400 W |
|   7       4       0        SPX/NPS1 | 0 %        N/A           283/294896 MB |
+-------------------------------------+----------------------------------------+
+------------------------------------------------------------------------------+
| Processes:                                                                   |
|  GPU        PID  Process Name          GTT_MEM  VRAM_MEM  MEM_USAGE     CU % |
|==============================================================================|
|  No running processes found                                                  |
+------------------------------------------------------------------------------+
+ resolve_trace_source
+ local default_loader
+ case "${MODEL_PREFIX:-}" in
+ default_loader=semianalysis_cc_traces_weka_062126
+ local loader=semianalysis_cc_traces_weka_062126
+ local dataset
+ case "$loader" in
+ dataset=semianalysisai/cc-traces-weka-062126
+ TRACE_SOURCE_FLAG='--public-dataset semianalysis_cc_traces_weka_062126'
+ echo 'Loading traces via aiperf public-dataset: semianalysis_cc_traces_weka_062126 (semianalysisai/cc-traces-weka-062126) [MODEL_PREFIX=minimaxm3]'
Loading traces via aiperf public-dataset: semianalysis_cc_traces_weka_062126 (semianalysisai/cc-traces-weka-062126) [MODEL_PREFIX=minimaxm3]
+ ensure_hf_cli
+ install_agentic_deps
+ '[' 0 = 1 ']'
+ command -v git
+ ensure_agentic_uv
+ command -v uv
++ command -v uv
+ AIPERF_UV_BIN=/usr/local/bin/uv
+ return
+ rm -rf /tmp/inferencex-minimaxm3-1411/runs/mtp-k4-aiter-full-indexer-resident-v19-tp4-c10-full-indexer-complete-curve-20260825-r1/venv
+ mkdir -p /tmp/inferencex-minimaxm3-1411/uv-cache
+ UV_CACHE_DIR=/tmp/inferencex-minimaxm3-1411/uv-cache
+ /usr/local/bin/uv venv --python 3.11 /tmp/inferencex-minimaxm3-1411/runs/mtp-k4-aiter-full-indexer-resident-v19-tp4-c10-full-indexer-complete-curve-20260825-r1/venv
Downloading cpython-3.11.15-linux-x86_64-gnu (download) (29.5MiB)
 Downloaded cpython-3.11.15-linux-x86_64-gnu (download)
Using CPython 3.11.15
Creating virtual environment at: /tmp/inferencex-minimaxm3-1411/runs/mtp-k4-aiter-full-indexer-resident-v19-tp4-c10-full-indexer-complete-curve-20260825-r1/venv
Activate with: source /tmp/inferencex-minimaxm3-1411/runs/mtp-k4-aiter-full-indexer-resident-v19-tp4-c10-full-indexer-complete-curve-20260825-r1/venv/bin/activate
+ UV_CACHE_DIR=/tmp/inferencex-minimaxm3-1411/uv-cache
+ /usr/local/bin/uv pip install --python /tmp/inferencex-minimaxm3-1411/runs/mtp-k4-aiter-full-indexer-resident-v19-tp4-c10-full-indexer-complete-curve-20260825-r1/venv/bin/python -r /workspace/utils/agentic-benchmark/requirements.txt -e /workspace/utils/aiperf 'datasets>=4.7.0' 'huggingface_hub[cli]>=0.25.0' urllib3 requests
Using Python 3.11.15 environment at: /tmp/inferencex-minimaxm3-1411/runs/mtp-k4-aiter-full-indexer-resident-v19-tp4-c10-full-indexer-complete-curve-20260825-r1/venv
Resolved 132 packages in 458ms
   Building aiperf @ file:///workspace/utils/aiperf
Downloading numpy (16.1MiB)
Downloading fonttools (4.8MiB)
Downloading brotli (1.4MiB)
Downloading pygments (1.2MiB)
Downloading scipy (33.7MiB)
Downloading hf-xet (4.3MiB)
Downloading pyarrow (47.7MiB)
Downloading tokenizers (3.1MiB)
Downloading transformers (11.2MiB)
Downloading pydantic-core (2.0MiB)
Downloading sentencepiece (1.3MiB)
Downloading crick (1.7MiB)
Downloading tiktoken (1.2MiB)
Downloading soundfile (1.3MiB)
Downloading uvloop (3.6MiB)
Downloading dash (7.5MiB)
Downloading aiohttp (1.7MiB)
Downloading pandas (12.2MiB)
Downloading sqlalchemy (3.2MiB)
Downloading kiwisolver (1.4MiB)
Downloading matplotlib (9.6MiB)
Downloading zstandard (5.3MiB)
Downloading plotly (9.4MiB)
Downloading pillow (6.8MiB)
 Downloaded soundfile
 Downloaded tiktoken
 Downloaded sentencepiece
 Downloaded brotli
 Downloaded kiwisolver
 Downloaded crick
 Downloaded aiohttp
 Downloaded pydantic-core
 Downloaded tokenizers
 Downloaded pygments
 Downloaded sqlalchemy
 Downloaded uvloop
 Downloaded hf-xet
 Downloaded fonttools
 Downloaded zstandard
 Downloaded pillow
 Downloaded dash
      Built aiperf @ file:///workspace/utils/aiperf
 Downloaded matplotlib
 Downloaded plotly
 Downloaded numpy
 Downloaded scipy
 Downloaded pandas
 Downloaded transformers
 Downloaded pyarrow
Prepared 132 packages in 1.55s
Installed 132 packages in 349ms
 + aiofiles==24.1.0
 + aiohappyeyeballs==2.7.1
 + aiohttp==3.13.5
 + aiosignal==1.4.0
 + aiperf==0.12.0 (from file:///workspace/utils/aiperf)
 + alembic==1.19.1
 + annotated-doc==0.0.5
 + annotated-types==0.8.0
 + anyio==4.14.2
 + attrs==26.1.0
 + blinker==1.9.0
 + brotli==1.2.0
 + certifi==2026.7.22
 + cffi==2.1.1
 + charset-normalizer==3.5.1
 + choreographer==1.3.0
 + click==8.4.2
 + colorlog==6.12.0
 + contourpy==1.3.3
 + crick==0.0.8
 + cycler==0.12.1
 + cyclopts==4.23.2
 + dash==3.1.1
 + dash-bootstrap-components==2.0.4
 + datasets==5.0.1
 + dill==0.4.1
 + docstring-parser==0.18.0
 + fastapi==0.141.1
 + ffmpeg-python==0.2.0
 + filelock==3.32.4
 + flask==3.1.3
 + fonttools==4.63.0
 + frozenlist==1.8.0
 + fsspec==2026.6.0
 + future==1.0.0
 + greenlet==3.5.5
 + h11==0.16.0
 + hf-xet==1.6.0
 + httpcore==1.0.9
 + httptools==0.8.0
 + httpx==0.28.1
 + huggingface-hub==1.28.0
 + idna==3.19
 + importlib-metadata==9.0.0
 + iniconfig==2.3.0
 + itsdangerous==2.2.0
 + jinja2==3.1.6
 + jmespath==1.0.1
 + kaleido==1.2.0
 + kiwisolver==1.5.0
 + linkify-it-py==2.1.1
 + logistro==2.0.1
 + mako==1.4.1
 + markdown-it-py==4.2.0
 + markupsafe==3.0.3
 + matplotlib==3.11.1
 + mdit-py-plugins==0.6.1
 + mdurl==0.1.2
 + msgspec==0.21.1
 + multidict==6.7.1
 + multiprocess==0.70.19
 + narwhals==2.25.0
 + nest-asyncio==1.6.0
 + numpy==2.4.6
 + nvidia-ml-py==13.610.43
 + optuna==4.9.0
 + orjson==3.11.9
 + packaging==26.3
 + pandas==2.3.3
 + pillow==12.2.0
 + platformdirs==4.11.4
 + plotly==6.4.0
 + pluggy==1.6.0
 + prometheus-client==0.23.1
 + propcache==0.5.2
 + protobuf==7.36.0
 + psutil==7.0.0
 + pyarrow==25.0.1
 + pycparser==3.0
 + pydantic==2.13.4
 + pydantic-core==2.46.4
 + pydantic-settings==2.15.0
 + pygments==2.21.0
 + pyparsing==3.3.2
 + pytest==9.1.1
 + pytest-timeout==2.4.0
 + python-dateutil==2.9.0.post0
 + python-dotenv==1.2.3
 + pytz==2026.3.post1
 + pyyaml==6.0.3
 + pyzmq==26.4.0
 + regex==2026.7.19
 + requests==2.34.2
 + retrying==1.4.2
 + rich==14.1.0
 + rich-rst==2.1.0
 + ruamel-yaml==0.18.17
 + ruamel-yaml-clib==0.2.15
 + safetensors==0.8.0
 + scipy==1.17.1
 + seaborn==0.13.2
 + sentencepiece==0.2.2
 + setproctitle==1.3.7
 + setuptools==84.0.0
 + shellingham==1.5.4
 + simplejson==4.1.1
 + six==1.17.0
 + soundfile==0.13.1
 + sqlalchemy==2.0.52
 + starlette==1.6.0
 + starlette-compress==1.8.0
 + textual==5.3.0
 + tiktoken==0.14.0
 + tokenizers==0.22.2
 + tqdm==4.70.0
 + transformers==5.15.1
 + typer==0.27.1
 + typing-extensions==4.16.0
 + typing-inspection==0.4.4
 + tzdata==2026.3
 + uc-micro-py==2.0.0
 + urllib3==2.7.0
 + uvicorn==0.52.4
 + uvloop==0.22.1
 + watchfiles==1.2.0
 + websockets==17.0.1
 + werkzeug==3.1.8
 + xlsxwriter==3.2.9
 + xxhash==4.0.1
 + yarl==1.24.5
 + zipp==4.1.0
 + zstandard==0.25.0
warning: The package `huggingface-hub==1.28.0` does not have an extra named `cli`
+ '[' '!' -x /tmp/inferencex-minimaxm3-1411/runs/mtp-k4-aiter-full-indexer-resident-v19-tp4-c10-full-indexer-complete-curve-20260825-r1/venv/bin/aiperf ']'
+ '[' '!' -x /tmp/inferencex-minimaxm3-1411/runs/mtp-k4-aiter-full-indexer-resident-v19-tp4-c10-full-indexer-complete-curve-20260825-r1/venv/bin/hf ']'
+ AIPERF_DEPS_READY=1
+ /tmp/inferencex-minimaxm3-1411/runs/mtp-k4-aiter-full-indexer-resident-v19-tp4-c10-full-indexer-complete-curve-20260825-r1/venv/bin/hf download --repo-type dataset semianalysisai/cc-traces-weka-062126
Fetching 8 files:   0%|          | 0/8 [00:00<?, ?it/s]Fetching 8 files: 100%|██████████| 8/8 [00:00<00:00, 1210.83it/s]
[32m✓ Downloaded[0m
  path: /shared/data/R7N/andy_luo_3v7/minimaxm3-agentx/storage/hf/hub/datasets--semianalysisai--cc-traces-weka-062126/snapshots/23f152f6f0f9399a85901b89a6458def0ef16729
+ install_agentic_deps
+ '[' 1 = 1 ']'
+ return
+ export AIPERF_SERVER_METRICS_URLS=http://localhost:8886/metrics
+ AIPERF_SERVER_METRICS_URLS=http://localhost:8886/metrics
+ export AIPERF_REQUIRED_SERVER_METRIC_PREFIX=vllm:
+ AIPERF_REQUIRED_SERVER_METRIC_PREFIX=vllm:
+ export VLLM_HTTP_TIMEOUT_KEEP_ALIVE=900
+ VLLM_HTTP_TIMEOUT_KEEP_ALIVE=900
+ export AIPERF_HTTP_TCP_USER_TIMEOUT=900000
+ AIPERF_HTTP_TCP_USER_TIMEOUT=900000
+ SERVER_LOG=/shared/data/R7N/andy_luo_3v7/minimaxm3-agentx/results/mtp-k4-aiter-full-indexer-resident-v19-tp4-c10-full-indexer-complete-curve-20260825-r1/server.log
+ mkdir -p /shared/data/R7N/andy_luo_3v7/minimaxm3-agentx/results/mtp-k4-aiter-full-indexer-resident-v19-tp4-c10-full-indexer-complete-curve-20260825-r1
+ SERVER_PID=
+ trap cleanup_agentic_services EXIT
+ trap 'exit 130' INT
+ trap 'exit 143' TERM
+ OFFLOAD_ARGS=()
+ case "${KV_OFFLOAD_BACKEND:-}" in
+ require_agentic_kv_offload_none
+ agentic_kv_offload_enabled
+ [[ -z x ]]
+ [[ -z none ]]
+ [[ none != \n\o\n\e ]]
+ [[ -n '' ]]
+ PARALLEL_ARGS=(--tensor-parallel-size "$TP")
+ '[' 1 -gt 1 ']'
+ SPECULATIVE_ARGS=()
+ [[ 0 != \1 ]]
+ [[ -z ROCM_AITER_UNIFIED_ATTN ]]
+ DRAFT_MAX_MODEL_LEN_FIELD=
+ [[ -n '' ]]
+ DRAFT_ATTENTION_WINDOW_FIELD=
+ [[ -n 32768 ]]
+ [[ ! 32768 =~ ^[1-9][0-9]*$ ]]
+ DRAFT_ATTENTION_WINDOW_FIELD=', "draft_attention_window": 32768'
+ case "${DRAFT_USE_LOCAL_ARGMAX_REDUCTION:-0}" in
+ DRAFT_LOCAL_ARGMAX_FIELD=
+ '[' false = true ']'
+ SPEC_CONFIG='{"method": "eagle3", "model": "/shared/data/R7N/andy_luo_3v7/minimaxm3-agentx/storage/models/Inferact--MiniMax-M3-EAGLE3-GQA", "num_speculative_tokens": 4, "attention_backend": "ROCM_AITER_UNIFIED_ATTN", "draft_attention_window": 32768, "rejection_sample_method": "synthetic", "synthetic_acceptance_length": 3.02}'
+ SPECULATIVE_ARGS=(--speculative-config "$SPEC_CONFIG")
+ echo 'Starting vllm server...'
Starting vllm server...
+ export PYTHONNOUSERSITE=1
+ PYTHONNOUSERSITE=1
+ export VLLM_ENGINE_READY_TIMEOUT_S=3600
+ VLLM_ENGINE_READY_TIMEOUT_S=3600
+ export VLLM_EXECUTE_MODEL_TIMEOUT_SECONDS=1800
+ VLLM_EXECUTE_MODEL_TIMEOUT_SECONDS=1800
+ export VLLM_USE_BREAKABLE_CUDAGRAPH=0
+ VLLM_USE_BREAKABLE_CUDAGRAPH=0
+ export VLLM_ROCM_USE_AITER=1
+ VLLM_ROCM_USE_AITER=1
+ export VLLM_ROCM_USE_AITER_MOE=1
+ VLLM_ROCM_USE_AITER_MOE=1
+ export VLLM_ROCM_USE_AITER_FUSION_SHARED_EXPERTS=1
+ VLLM_ROCM_USE_AITER_FUSION_SHARED_EXPERTS=1
+ '[' 4 -eq 4 ']'
+ export VLLM_ROCM_SHUFFLE_KV_CACHE_LAYOUT=1
+ VLLM_ROCM_SHUFFLE_KV_CACHE_LAYOUT=1
+ export VLLM_ROCM_QUICK_REDUCE_QUANTIZATION=INT4
+ VLLM_ROCM_QUICK_REDUCE_QUANTIZATION=INT4
+ export VLLM_ROCM_QUICK_REDUCE_CAST_BF16_TO_FP16=0
+ VLLM_ROCM_QUICK_REDUCE_CAST_BF16_TO_FP16=0
+ export VLLM_ROCM_QUICK_REDUCE_QUANTIZATION_MIN_SIZE_KB=256
+ VLLM_ROCM_QUICK_REDUCE_QUANTIZATION_MIN_SIZE_KB=256
+ GPU_MEMORY_UTILIZATION=0.85
+ MAX_NUM_BATCHED_TOKENS=32768
+ MAX_NUM_SEQS=256
+ KV_CACHE_DTYPE=fp8
+ MAX_CUDAGRAPH_ARGS=()
+ [[ -n 512 ]]
+ MAX_CUDAGRAPH_ARGS=(--max-cudagraph-capture-size "$MAX_CUDAGRAPH_CAPTURE_SIZE")
+ JIT_MONITOR_ARGS=()
+ case "${JIT_MONITOR_VERBOSE:-1}" in
+ JIT_MONITOR_ARGS=(--jit-monitor-verbose)
+ ATTENTION_CONFIG_ARGS=()
+ TARGET_ATTENTION_BACKEND=ROCM_AITER_UNIFIED_ATTN
+ [[ -n fp8 ]]
+ case "$INDEXER_KV_DTYPE" in
+ ATTENTION_CONFIG_ARGS=(--attention-config "{\"indexer_kv_dtype\":\"$INDEXER_KV_DTYPE\"}")
+ VLLM_CMD=(vllm serve "$MODEL_PATH" --served-model-name "$MODEL" --host 0.0.0.0 --port "$PORT" "${PARALLEL_ARGS[@]}" --trust-remote-code --block-size 128 --gpu-memory-utilization "$GPU_MEMORY_UTILIZATION" --enable-chunked-prefill --max-num-batched-tokens "$MAX_NUM_BATCHED_TOKENS" --language-model-only --enable-prefix-caching --enable-prompt-tokens-details --attention-backend "$TARGET_ATTENTION_BACKEND" "${ATTENTION_CONFIG_ARGS[@]}" --moe-backend aiter --kv-cache-dtype "$KV_CACHE_DTYPE" --tool-call-parser minimax_m3 --reasoning-parser minimax_m3 --enable-auto-tool-choice --default-chat-template-kwargs '{"thinking_mode":"enabled"}' --max-num-seqs "$MAX_NUM_SEQS" "${MAX_CUDAGRAPH_ARGS[@]}" "${JIT_MONITOR_ARGS[@]}" --stream-interval 20 "${SPECULATIVE_ARGS[@]}" "${OFFLOAD_ARGS[@]}")
+ printf '%q ' vllm serve /shared/data/R7N/andy_luo_3v7/minimaxm3-agentx/storage/models/amd--MiniMax-M3-MXFP4 --served-model-name amd/MiniMax-M3-MXFP4 --host 0.0.0.0 --port 8886 --tensor-parallel-size 4 --trust-remote-code --block-size 128 --gpu-memory-utilization 0.85 --enable-chunked-prefill --max-num-batched-tokens 32768 --language-model-only --enable-prefix-caching --enable-prompt-tokens-details --attention-backend ROCM_AITER_UNIFIED_ATTN --attention-config '{"indexer_kv_dtype":"fp8"}' --moe-backend aiter --kv-cache-dtype fp8 --tool-call-parser minimax_m3 --reasoning-parser minimax_m3 --enable-auto-tool-choice --default-chat-template-kwargs '{"thinking_mode":"enabled"}' --max-num-seqs 256 --max-cudagraph-capture-size 512 --jit-monitor-verbose --stream-interval 20 --speculative-config '{"method": "eagle3", "model": "/shared/data/R7N/andy_luo_3v7/minimaxm3-agentx/storage/models/Inferact--MiniMax-M3-EAGLE3-GQA", "num_speculative_tokens": 4, "attention_backend": "ROCM_AITER_UNIFIED_ATTN", "draft_attention_window": 32768, "rejection_sample_method": "synthetic", "synthetic_acceptance_length": 3.02}'
+ tee /shared/data/R7N/andy_luo_3v7/minimaxm3-agentx/results/mtp-k4-aiter-full-indexer-resident-v19-tp4-c10-full-indexer-complete-curve-20260825-r1/vllm_command.txt
vllm serve /shared/data/R7N/andy_luo_3v7/minimaxm3-agentx/storage/models/amd--MiniMax-M3-MXFP4 --served-model-name amd/MiniMax-M3-MXFP4 --host 0.0.0.0 --port 8886 --tensor-parallel-size 4 --trust-remote-code --block-size 128 --gpu-memory-utilization 0.85 --enable-chunked-prefill --max-num-batched-tokens 32768 --language-model-only --enable-prefix-caching --enable-prompt-tokens-details --attention-backend ROCM_AITER_UNIFIED_ATTN --attention-config \{\"indexer_kv_dtype\":\"fp8\"\} --moe-backend aiter --kv-cache-dtype fp8 --tool-call-parser minimax_m3 --reasoning-parser minimax_m3 --enable-auto-tool-choice --default-chat-template-kwargs \{\"thinking_mode\":\"enabled\"\} --max-num-seqs 256 --max-cudagraph-capture-size 512 --jit-monitor-verbose --stream-interval 20 --speculative-config \{\"method\":\ \"eagle3\"\,\ \"model\":\ \"/shared/data/R7N/andy_luo_3v7/minimaxm3-agentx/storage/models/Inferact--MiniMax-M3-EAGLE3-GQA\"\,\ \"num_speculative_tokens\":\ 4\,\ \"attention_backend\":\ \"ROCM_AITER_UNIFIED_ATTN\"\,\ \"draft_attention_window\":\ 32768\,\ \"rejection_sample_method\":\ \"synthetic\"\,\ \"synthetic_acceptance_length\":\ 3.02\} + printf '\n'
+ tee -a /shared/data/R7N/andy_luo_3v7/minimaxm3-agentx/results/mtp-k4-aiter-full-indexer-resident-v19-tp4-c10-full-indexer-complete-curve-20260825-r1/vllm_command.txt

+ SERVER_PID=551677
+ echo 'Server PID: 551677'
Server PID: 551677
+ wait_for_server_ready --port 8886 --server-log /shared/data/R7N/andy_luo_3v7/minimaxm3-agentx/results/mtp-k4-aiter-full-indexer-resident-v19-tp4-c10-full-indexer-complete-curve-20260825-r1/server.log --server-pid 551677
+ local port=
+ local server_log=
+ local server_pid=
+ local sleep_interval=5
+ [[ 6 -gt 0 ]]
+ case $1 in
+ port=8886
+ shift 2
+ [[ 4 -gt 0 ]]
+ case $1 in
+ server_log=/shared/data/R7N/andy_luo_3v7/minimaxm3-agentx/results/mtp-k4-aiter-full-indexer-resident-v19-tp4-c10-full-indexer-complete-curve-20260825-r1/server.log
+ shift 2
+ [[ 2 -gt 0 ]]
+ case $1 in
+ server_pid=551677
+ shift 2
+ [[ 0 -gt 0 ]]
+ [[ -z 8886 ]]
+ [[ -z /shared/data/R7N/andy_luo_3v7/minimaxm3-agentx/results/mtp-k4-aiter-full-indexer-resident-v19-tp4-c10-full-indexer-complete-curve-20260825-r1/server.log ]]
+ [[ -z 551677 ]]
+ wait_for_ready --endpoint http://0.0.0.0:8886/health --log /shared/data/R7N/andy_luo_3v7/minimaxm3-agentx/results/mtp-k4-aiter-full-indexer-resident-v19-tp4-c10-full-indexer-complete-curve-20260825-r1/server.log --pid 551677 --sleep-interval 5
+ set +x
+ vllm serve /shared/data/R7N/andy_luo_3v7/minimaxm3-agentx/storage/models/amd--MiniMax-M3-MXFP4 --served-model-name amd/MiniMax-M3-MXFP4 --host 0.0.0.0 --port 8886 --tensor-parallel-size 4 --trust-remote-code --block-size 128 --gpu-memory-utilization 0.85 --enable-chunked-prefill --max-num-batched-tokens 32768 --language-model-only --enable-prefix-caching --enable-prompt-tokens-details --attention-backend ROCM_AITER_UNIFIED_ATTN --attention-config '{"indexer_kv_dtype":"fp8"}' --moe-backend aiter --kv-cache-dtype fp8 --tool-call-parser minimax_m3 --reasoning-parser minimax_m3 --enable-auto-tool-choice --default-chat-template-kwargs '{"thinking_mode":"enabled"}' --max-num-seqs 256 --max-cudagraph-capture-size 512 --jit-monitor-verbose --stream-interval 20 --speculative-config '{"method": "eagle3", "model": "/shared/data/R7N/andy_luo_3v7/minimaxm3-agentx/storage/models/Inferact--MiniMax-M3-EAGLE3-GQA", "num_speculative_tokens": 4, "attention_backend": "ROCM_AITER_UNIFIED_ATTN", "draft_attention_window": 32768, "rejection_sample_method": "synthetic", "synthetic_acceptance_length": 3.02}'
WARNING 08-25 18:06:59 [rocm.py:123] Using CUDA_VISIBLE_DEVICES on ROCm is deprecated and support will be removed in vLLM v0.26.0. Please use HIP_VISIBLE_DEVICES instead.
(APIServer pid=551677) INFO 08-25 18:07:21 [api_utils.py:345] 
(APIServer pid=551677) INFO 08-25 18:07:21 [api_utils.py:345]        █     █     █▄   ▄█
(APIServer pid=551677) INFO 08-25 18:07:21 [api_utils.py:345]  ▄▄ ▄█ █     █     █ ▀▄▀ █  version 0.27.1
(APIServer pid=551677) INFO 08-25 18:07:21 [api_utils.py:345]   █▄█▀ █     █     █     █  model   /shared/data/R7N/andy_luo_3v7/minimaxm3-agentx/storage/models/amd--MiniMax-M3-MXFP4
(APIServer pid=551677) INFO 08-25 18:07:21 [api_utils.py:345]    ▀▀  ▀▀▀▀▀ ▀▀▀▀▀ ▀     ▀
(APIServer pid=551677) INFO 08-25 18:07:21 [api_utils.py:345] 
(APIServer pid=551677) INFO 08-25 18:07:21 [api_utils.py:273] non-default args: {'model_tag': '/shared/data/R7N/andy_luo_3v7/minimaxm3-agentx/storage/models/amd--MiniMax-M3-MXFP4', 'default_chat_template_kwargs': {'thinking_mode': 'enabled'}, 'enable_auto_tool_choice': True, 'tool_call_parser': 'minimax_m3', 'enable_prompt_tokens_details': True, 'host': '0.0.0.0', 'port': 8886, 'model': '/shared/data/R7N/andy_luo_3v7/minimaxm3-agentx/storage/models/amd--MiniMax-M3-MXFP4', 'trust_remote_code': True, 'served_model_name': ['amd/MiniMax-M3-MXFP4'], 'attention_backend': 'ROCM_AITER_UNIFIED_ATTN', 'reasoning_parser': 'minimax_m3', 'tensor_parallel_size': 4, 'block_size': 128, 'gpu_memory_utilization': 0.85, 'kv_cache_dtype': 'fp8', 'enable_prefix_caching': True, 'language_model_only': True, 'jit_monitor_verbose': True, 'max_num_batched_tokens': 32768, 'max_num_seqs': 256, 'enable_chunked_prefill': True, 'stream_interval': 20, 'max_cudagraph_capture_size': 512, 'moe_backend': 'aiter', 'speculative_config': {'method': 'eagle3', 'model': '/shared/data/R7N/andy_luo_3v7/minimaxm3-agentx/storage/models/Inferact--MiniMax-M3-EAGLE3-GQA', 'num_speculative_tokens': 4, 'attention_backend': 'ROCM_AITER_UNIFIED_ATTN', 'draft_attention_window': 32768, 'rejection_sample_method': 'synthetic', 'synthetic_acceptance_length': 3.02}, 'attention_config': AttentionConfig(backend=None, minimax_m3_msa_decode_backend='triton', backend_per_kind={}, flash_attn_version=None, use_prefill_decode_attention=False, flash_attn_max_num_splits_for_cuda_graph=32, tq_max_kv_splits_for_cuda_graph=32, use_trtllm_attention=None, disable_flashinfer_q_quantization=False, mla_prefill_backend=None, use_prefill_query_quantization=False, use_fp4_indexer_cache=False, indexer_kv_dtype='fp8', use_non_causal=False, sparse_mla_force_mqa=False, flex_attn_block_m=None, flex_attn_block_n=None, flex_attn_q_block_size=None, flex_attn_kv_block_size=None)}
(APIServer pid=551677) WARNING 08-25 18:07:21 [envs.py:2128] Unknown vLLM environment variable detected: VLLM_ROCM_AITER_UNIFIED_ATTN_KERNEL
(APIServer pid=551677) WARNING 08-25 18:07:21 [envs.py:2128] Unknown vLLM environment variable detected: VLLM_MINIMAX_M3_ASM_SPARSE_ATTN
(APIServer pid=551677) WARNING 08-25 18:07:21 [envs.py:2128] Unknown vLLM environment variable detected: VLLM_ROCM_AITER_UNIFIED_ATTN_QUANT_OUTPUT
(APIServer pid=551677) WARNING 08-25 18:07:21 [envs.py:2128] Unknown vLLM environment variable detected: VLLM_MINIMAX_M3_ROCM_FP32_ROUTER_GEMM
(APIServer pid=551677) WARNING 08-25 18:07:21 [envs.py:2128] Unknown vLLM environment variable detected: VLLM_AITER_UNIFIED_ATTN_OVERLAY
(APIServer pid=551677) WARNING 08-25 18:07:21 [envs.py:2128] Unknown vLLM environment variable detected: VLLM_MINIMAX_M3_WARMUP_OVERLAY
(APIServer pid=551677) WARNING 08-25 18:07:21 [envs.py:2128] Unknown vLLM environment variable detected: VLLM_ROCM_AITER_UNIFIED_ATTN_QUANT_QUERY
(APIServer pid=551677) WARNING 08-25 18:07:21 [envs.py:2128] Unknown vLLM environment variable detected: VLLM_ROCM_AITER_UNIFIED_ATTN_CACHE_WRITER
(APIServer pid=551677) WARNING 08-25 18:07:21 [envs.py:2128] Unknown vLLM environment variable detected: VLLM_MINIMAX_M3_FUSED_CACHE_INSERT
(APIServer pid=551677) WARNING 08-25 18:07:21 [envs.py:2128] Unknown vLLM environment variable detected: VLLM_MINIMAX_M3_AITER_FUSED_AR_GEMMA
(APIServer pid=551677) WARNING 08-25 18:07:21 [envs.py:2128] Unknown vLLM environment variable detected: VLLM_MINIMAX_M3_AGENTX_JIT_WARMUP
(APIServer pid=551677) INFO 08-25 18:07:33 [model.py:645] Resolved architecture: MiniMaxM3SparseForConditionalGeneration
(APIServer pid=551677) INFO 08-25 18:07:33 [model.py:1883] Using max model len 1048576
(APIServer pid=551677) INFO 08-25 18:07:34 [registry.py:134] All limits of multimodal modalities supported by the model are set to 0, running in text-only mode.
(APIServer pid=551677) INFO 08-25 18:07:34 [model.py:842] Disabled mm_prefix attention mode because multimodal inputs are configuration-disabled. Attention backends without mm_prefix support may now be selected.
(APIServer pid=551677) INFO 08-25 18:07:35 [cache.py:296] Using fp8 data type to store kv cache. It reduces the GPU memory footprint and boosts the performance. Meanwhile, it may cause accuracy drop without a proper scaling factor
(APIServer pid=551677) INFO 08-25 18:07:47 [model.py:645] Resolved architecture: LlamaForCausalLMEagle3
(APIServer pid=551677) INFO 08-25 18:07:47 [model.py:1883] Using max model len 1048576
(APIServer pid=551677) INFO 08-25 18:07:47 [scheduler.py:242] Chunked prefill is enabled with max_num_batched_tokens=32768.
(APIServer pid=551677) INFO 08-25 18:07:47 [kernel.py:306] Final IR op priority after setting platform defaults: IrOpPriorityConfig(rms_norm=['aiter', 'native'], fused_add_rms_norm=['aiter', 'native'])
(APIServer pid=551677) INFO 08-25 18:07:47 [compilation.py:329] Enabled custom fusions: norm_quant, act_quant, allreduce_rms, mla_dual_rms_norm
WARNING 08-25 18:07:49 [rocm.py:123] Using CUDA_VISIBLE_DEVICES on ROCm is deprecated and support will be removed in vLLM v0.26.0. Please use HIP_VISIBLE_DEVICES instead.
(EngineCore pid=552608) INFO 08-25 18:07:58 [core.py:121] Initializing a V1 LLM engine (v0.27.1) with config: model='/shared/data/R7N/andy_luo_3v7/minimaxm3-agentx/storage/models/amd--MiniMax-M3-MXFP4', speculative_config=SpeculativeConfig(method='eagle3', model='/shared/data/R7N/andy_luo_3v7/minimaxm3-agentx/storage/models/Inferact--MiniMax-M3-EAGLE3-GQA', num_spec_tokens=4), tokenizer='/shared/data/R7N/andy_luo_3v7/minimaxm3-agentx/storage/models/amd--MiniMax-M3-MXFP4', skip_tokenizer_init=False, tokenizer_mode=auto, revision=None, tokenizer_revision=None, trust_remote_code=True, dtype=torch.bfloat16, max_seq_len=1048576, download_dir=None, load_format=auto, tensor_parallel_size=4, pipeline_parallel_size=1, data_parallel_size=1, decode_context_parallel_size=1, dcp_comm_backend=ag_rs, disable_custom_all_reduce=False, quantization=quark, quantization_config=None, enforce_eager=False, enable_return_routed_experts=False, kv_cache_dtype=fp8, device_config=cuda, structured_outputs_config=StructuredOutputsConfig(backend='auto', disable_any_whitespace=False, disable_additional_properties=False, reasoning_parser='minimax_m3', reasoning_parser_plugin='', enable_in_reasoning=False), observability_config=ObservabilityConfig(show_hidden_metrics_for_version=None, otlp_traces_endpoint=None, collect_detailed_traces=None, kv_cache_metrics=False, kv_cache_metrics_sample=0.01, cudagraph_metrics=False, enable_layerwise_nvtx_tracing=False, enable_mfu_metrics=False, enable_mm_processor_stats=False, enable_logging_iteration_details=False, jit_monitor_mode='warn', jit_monitor_verbose=True), seed=0, served_model_name=amd/MiniMax-M3-MXFP4, enable_prefix_caching=True, enable_chunked_prefill=True, pooler_config=None, compilation_config={'mode': <CompilationMode.VLLM_COMPILE: 3>, 'debug_dump_path': None, 'cache_dir': '', 'compile_cache_save_format': 'binary', 'backend': 'inductor', 'custom_ops': ['+quant_fp8', '+grouped_topk', '+sparse_attn_indexer', 'none'], 'ir_enable_torch_wrap': True, 'splitting_ops': ['vllm::unified_attention_with_output', 'vllm::unified_mla_attention_with_output', 'vllm::mamba_mixer2', 'vllm::mamba_mixer', 'vllm::short_conv', 'vllm::linear_attention', 'vllm::qwen_gdn_attention_core', 'vllm::gdn_attention_core_xpu', 'vllm::olmo_hybrid_gdn_full_forward', 'vllm::sparse_attn_indexer', 'vllm::rocm_aiter_sparse_attn_indexer', 'vllm::deepseek_v4_attention', 'vllm::hpc_rope_norm_forward', 'vllm::unified_kv_cache_update', 'vllm::unified_mla_kv_cache_update'], 'compile_mm_encoder': False, 'cudagraph_mm_encoder': False, 'encoder_cudagraph_token_budgets': [], 'encoder_cudagraph_max_vision_items_per_batch': 0, 'encoder_cudagraph_max_frames_per_batch': None, 'compile_sizes': [], 'compile_ranges_endpoints': [5461, 32768], 'inductor_compile_config': {'enable_auto_functionalized_v2': False, 'size_asserts': False, 'alignment_asserts': False, 'scalar_asserts': False, 'combo_kernels': True, 'benchmark_combo_kernel': True}, 'inductor_passes': {}, 'cudagraph_mode': <CUDAGraphMode.FULL_AND_PIECEWISE: (2, 1)>, 'cudagraph_num_of_warmups': 1, 'cudagraph_capture_sizes': [1, 2, 4, 8, 16, 24, 32, 40, 48, 56, 64, 72, 80, 88, 96, 104, 112, 120, 128, 136, 144, 152, 160, 168, 176, 184, 192, 200, 208, 216, 224, 232, 240, 248, 256, 272, 288, 304, 320, 336, 352, 368, 384, 400, 416, 432, 448, 464, 480, 496, 512], 'cudagraph_copy_inputs': False, 'cudagraph_specialize_lora': True, 'use_inductor_graph_partition': False, 'pass_config': {'fuse_norm_quant': True, 'fuse_act_quant': True, 'fuse_attn_quant': False, 'enable_sp': False, 'fuse_gemm_comms': False, 'fuse_allreduce_rms': True, 'enable_qk_norm_rope_fusion': False, 'fuse_rope_kvcache_cat_mla': False, 'fuse_act_padding': False, 'fuse_mla_dual_rms_norm': True, 'fuse_rope_kvcache': False, 'fuse_qk_norm_rope_kvcache': False}, 'max_cudagraph_capture_size': 512, 'dynamic_shapes_config': {'type': <DynamicShapesType.BACKED: 'backed'>, 'evaluate_guards': False, 'assume_32_bit_indexing': False}, 'local_cache_dir': None, 'fast_moe_cold_start': False, 'static_all_moe_layers': []}, kernel_config=KernelConfig(ir_op_priority=IrOpPriorityConfig(rms_norm=['aiter', 'native'], fused_add_rms_norm=['aiter', 'native']), enable_flashinfer_autotune=True, enable_cutedsl_warmup=True, enable_jit_warmup=True, enable_bf16x3_router_gemm=False, moe_backend='aiter', linear_backend='auto')
(EngineCore pid=552608) WARNING 08-25 18:07:58 [multiproc_executor.py:1081] Reducing Torch parallelism from 128 threads to 1 to avoid unnecessary CPU contention. Set OMP_NUM_THREADS in the external environment to tune this value as needed.
(EngineCore pid=552608) INFO 08-25 18:07:58 [multiproc_executor.py:140] DP group leader: node_rank=0, node_rank_within_dp=0, master_addr=127.0.0.1, mq_connect_ip=45.76.25.144 (local), world_size=4, local_world_size=4
WARNING 08-25 18:08:00 [rocm.py:123] Using CUDA_VISIBLE_DEVICES on ROCm is deprecated and support will be removed in vLLM v0.26.0. Please use HIP_VISIBLE_DEVICES instead.
WARNING 08-25 18:08:00 [rocm.py:123] Using CUDA_VISIBLE_DEVICES on ROCm is deprecated and support will be removed in vLLM v0.26.0. Please use HIP_VISIBLE_DEVICES instead.
WARNING 08-25 18:08:00 [rocm.py:123] Using CUDA_VISIBLE_DEVICES on ROCm is deprecated and support will be removed in vLLM v0.26.0. Please use HIP_VISIBLE_DEVICES instead.
WARNING 08-25 18:08:00 [rocm.py:123] Using CUDA_VISIBLE_DEVICES on ROCm is deprecated and support will be removed in vLLM v0.26.0. Please use HIP_VISIBLE_DEVICES instead.
INFO 08-25 18:08:10 [registry.py:134] All limits of multimodal modalities supported by the model are set to 0, running in text-only mode.
INFO 08-25 18:08:10 [registry.py:134] All limits of multimodal modalities supported by the model are set to 0, running in text-only mode.
INFO 08-25 18:08:10 [registry.py:134] All limits of multimodal modalities supported by the model are set to 0, running in text-only mode.
(Worker pid=552887) INFO 08-25 18:08:10 [parallel_state.py:1640] world_size=4 rank=0 local_rank=0 distributed_init_method=tcp://127.0.0.1:59469 backend=nccl
(Worker pid=552889) INFO 08-25 18:08:10 [parallel_state.py:1640] world_size=4 rank=2 local_rank=2 distributed_init_method=tcp://127.0.0.1:59469 backend=nccl
(Worker pid=552890) INFO 08-25 18:08:10 [parallel_state.py:1640] world_size=4 rank=3 local_rank=3 distributed_init_method=tcp://127.0.0.1:59469 backend=nccl
INFO 08-25 18:08:11 [registry.py:134] All limits of multimodal modalities supported by the model are set to 0, running in text-only mode.
(Worker pid=552888) INFO 08-25 18:08:11 [parallel_state.py:1640] world_size=4 rank=1 local_rank=1 distributed_init_method=tcp://127.0.0.1:59469 backend=nccl
(Worker pid=552887) INFO 08-25 18:08:11 [pynccl.py:113] vLLM is using nccl==2.27.7
(Worker pid=552887) [aiter] import [module_aiter_core] under /tmp/inferencex-minimaxm3-1411/home/.aiter/jit/module_aiter_core.so
(Worker pid=552890) [aiter] import [module_aiter_core] under /tmp/inferencex-minimaxm3-1411/home/.aiter/jit/module_aiter_core.so
(Worker pid=552888) [aiter] import [module_aiter_core] under /tmp/inferencex-minimaxm3-1411/home/.aiter/jit/module_aiter_core.so
(Worker pid=552889) [aiter] import [module_aiter_core] under /tmp/inferencex-minimaxm3-1411/home/.aiter/jit/module_aiter_core.so
(Worker pid=552887) [aiter] [pid=552887 pname=VllmWorker-0] start build [module_custom_all_reduce] under /tmp/inferencex-minimaxm3-1411/home/.aiter/jit/build/module_custom_all_reduce
(Worker pid=552890) [aiter] [pid=552890 pname=VllmWorker-3] waiting for baton release at /tmp/inferencex-minimaxm3-1411/home/.aiter/jit/build/lock_module_custom_all_reduce
(Worker pid=552888) [aiter] [pid=552888 pname=VllmWorker-1] waiting for baton release at /tmp/inferencex-minimaxm3-1411/home/.aiter/jit/build/lock_module_custom_all_reduce
(Worker pid=552889) [aiter] [pid=552889 pname=VllmWorker-2] waiting for baton release at /tmp/inferencex-minimaxm3-1411/home/.aiter/jit/build/lock_module_custom_all_reduce
(Worker pid=552887) [aiter] Current hipcc not support: -mllvm -amdgpu-coerce-illegal-types=1, skip it.
(Worker pid=552887) [aiter] [pid=552887 pname=VllmWorker-0] [32mfinish build [module_custom_all_reduce], cost 14.0s [0m
(Worker pid=552887) [aiter] import [module_custom_all_reduce] under /tmp/inferencex-minimaxm3-1411/home/.aiter/jit/module_custom_all_reduce.so
(Worker pid=552890) [aiter] import [module_custom_all_reduce] under /tmp/inferencex-minimaxm3-1411/home/.aiter/jit/module_custom_all_reduce.so
(Worker pid=552889) [aiter] import [module_custom_all_reduce] under /tmp/inferencex-minimaxm3-1411/home/.aiter/jit/module_custom_all_reduce.so
(Worker pid=552888) [aiter] import [module_custom_all_reduce] under /tmp/inferencex-minimaxm3-1411/home/.aiter/jit/module_custom_all_reduce.so
(Worker pid=552888) INFO 08-25 18:08:33 [quick_all_reduce.py:254] Custom quick allreduce: quantization codec threshold = 256 KB
(Worker pid=552889) INFO 08-25 18:08:33 [quick_all_reduce.py:254] Custom quick allreduce: quantization codec threshold = 256 KB
(Worker pid=552890) INFO 08-25 18:08:33 [quick_all_reduce.py:254] Custom quick allreduce: quantization codec threshold = 256 KB
(Worker pid=552887) INFO 08-25 18:08:33 [quick_all_reduce.py:254] Custom quick allreduce: quantization codec threshold = 256 KB
(Worker pid=552887) INFO 08-25 18:08:33 [cuda_communicator.py:266] Using ['QUICK_REDUCE', 'AITER_CUSTOM', 'PYNCCL'] all-reduce backends (in dispatch order) for group 'tp:0' out of potential backends: ['NCCL_SYMM_MEM', 'QUICK_REDUCE', 'FLASHINFER', 'AITER_CUSTOM', 'CUSTOM', 'SYMM_MEM', 'PYNCCL'].
(Worker pid=552887) INFO 08-25 18:08:34 [cuda_communicator.py:266] Using ['PYNCCL'] all-reduce backends (in dispatch order) for group 'ep:0' out of potential backends: ['NCCL_SYMM_MEM', 'QUICK_REDUCE', 'FLASHINFER', 'AITER_CUSTOM', 'CUSTOM', 'SYMM_MEM', 'PYNCCL'].
(Worker pid=552887) INFO 08-25 18:08:34 [parallel_state.py:1977] rank 0 in world size 4 is assigned as DP rank 0, PP rank 0, PCP rank 0, TP rank 0, EP rank 0, EPLB rank N/A
(Worker pid=552887) INFO 08-25 18:08:34 [topk_topp_sampler.py:124] Using aiter sampler on ROCm (lazy import, sampling-only).
(Worker pid=552890) WARNING 08-25 18:08:35 [__init__.py:205] min_p and logit_bias parameters won't work with speculative decoding.
(Worker pid=552887) WARNING 08-25 18:08:35 [__init__.py:205] min_p and logit_bias parameters won't work with speculative decoding.
(Worker_TP0 pid=552887) INFO 08-25 18:08:35 [gpu_model_runner.py:5308] Starting to load model /shared/data/R7N/andy_luo_3v7/minimaxm3-agentx/storage/models/amd--MiniMax-M3-MXFP4...
(Worker pid=552888) WARNING 08-25 18:08:35 [__init__.py:205] min_p and logit_bias parameters won't work with speculative decoding.
(Worker pid=552889) WARNING 08-25 18:08:35 [__init__.py:205] min_p and logit_bias parameters won't work with speculative decoding.
(Worker_TP0 pid=552887) INFO 08-25 18:08:36 [rocm.py:697] Using AITER Flash Attention backend for ViT model.
(Worker_TP0 pid=552887) INFO 08-25 18:08:36 [mm_encoder_attention.py:375] Using AttentionBackendEnum.ROCM_AITER_FA for MMEncoderAttention.
(Worker_TP3 pid=552890) INFO 08-25 18:08:36 [kernel.py:306] Final IR op priority after setting platform defaults: IrOpPriorityConfig(rms_norm=['aiter', 'native'], fused_add_rms_norm=['aiter', 'native'])
(Worker_TP0 pid=552887) INFO 08-25 18:08:36 [kernel.py:306] Final IR op priority after setting platform defaults: IrOpPriorityConfig(rms_norm=['aiter', 'native'], fused_add_rms_norm=['aiter', 'native'])
(Worker_TP0 pid=552887) INFO 08-25 18:08:36 [compilation.py:329] Enabled custom fusions: norm_quant, act_quant, allreduce_rms, mla_dual_rms_norm
(Worker_TP0 pid=552887) INFO 08-25 18:08:36 [rocm.py:606] Using ROCM_AITER_UNIFIED_ATTN backend (selected via --attention-backend).
(Worker_TP0 pid=552887) INFO 08-25 18:08:36 [rocm_aiter_unified_attn.py:175] Using aiter unified attention for RocmAiterUnifiedAttentionImpl
(Worker_TP0 pid=552887) INFO 08-25 18:08:36 [rocm_aiter_unified_attn.py:217] AITER unified-attention kernel is aiter; quantized query input is enabled; quantized output is enabled; cache writer is aiter.
(Worker_TP0 pid=552887) INFO 08-25 18:08:36 [sparse_attention.py:483] MiniMax M3 sparse attention selected AITER_SPARSE_PA (kv_cache_dtype=fp8, topk_blocks=16)
(Worker_TP0 pid=552887) INFO 08-25 18:08:36 [indexer.py:570] MiniMax M3 indexer: selected AITER (fp8 MFMA score + top-k) [topk_blocks=16, indexer_kv_dtype=fp8]
(Worker_TP0 pid=552887) INFO 08-25 18:08:36 [mxfp4.py:425] Using 'AITER_MXFP4_MXFP4' Mxfp4 MoE backend.
(Worker_TP0 pid=552887) INFO 08-25 18:08:36 [quark_moe.py:1139] Using AITER_MXFP4_MXFP4 backend for OCP_MX_Scheme.w_mxfp4_a_mxfp4
(Worker_TP1 pid=552888) INFO 08-25 18:08:36 [kernel.py:306] Final IR op priority after setting platform defaults: IrOpPriorityConfig(rms_norm=['aiter', 'native'], fused_add_rms_norm=['aiter', 'native'])
(Worker_TP3 pid=552890) WARNING 08-25 18:08:36 [vllm.py:2415] `torch.compile` is turned on, but the model /shared/data/R7N/andy_luo_3v7/minimaxm3-agentx/storage/models/amd--MiniMax-M3-MXFP4 does not support it. Please open an issue on GitHub if you want it to be supported.
(Worker_TP0 pid=552887) WARNING 08-25 18:08:36 [compilation.py:1347] Op 'grouped_topk' not present in model, enabling with '+grouped_topk' has no effect
(Worker_TP0 pid=552887) WARNING 08-25 18:08:36 [compilation.py:1347] Op 'sparse_attn_indexer' not present in model, enabling with '+sparse_attn_indexer' has no effect
(Worker_TP0 pid=552887) WARNING 08-25 18:08:36 [vllm.py:2415] `torch.compile` is turned on, but the model /shared/data/R7N/andy_luo_3v7/minimaxm3-agentx/storage/models/amd--MiniMax-M3-MXFP4 does not support it. Please open an issue on GitHub if you want it to be supported.
(Worker_TP3 pid=552890) WARNING 08-25 18:08:36 [vllm.py:2415] `torch.compile` is turned on, but the model /shared/data/R7N/andy_luo_3v7/minimaxm3-agentx/storage/models/amd--MiniMax-M3-MXFP4 does not support it. Please open an issue on GitHub if you want it to be supported.
(Worker_TP0 pid=552887) WARNING 08-25 18:08:36 [vllm.py:2415] `torch.compile` is turned on, but the model /shared/data/R7N/andy_luo_3v7/minimaxm3-agentx/storage/models/amd--MiniMax-M3-MXFP4 does not support it. Please open an issue on GitHub if you want it to be supported.
(Worker_TP2 pid=552889) INFO 08-25 18:08:36 [kernel.py:306] Final IR op priority after setting platform defaults: IrOpPriorityConfig(rms_norm=['aiter', 'native'], fused_add_rms_norm=['aiter', 'native'])
(Worker_TP0 pid=552887) INFO 08-25 18:08:36 [weight_utils.py:867] Filesystem type for checkpoints: NFS. Checkpoint size: 226.00 GiB. Available RAM: 2948.60 GiB.
(Worker_TP0 pid=552887) INFO 08-25 18:08:36 [weight_utils.py:829] Prefetching checkpoint files into page cache started (in background, num_threads=8, block_size=16777216 bytes)
(Worker_TP0 pid=552887) Loading safetensors checkpoint shards:   0% Completed | 0/59 [00:00<?, ?it/s]
(Worker_TP3 pid=552890) INFO 08-25 18:08:36 [weight_utils.py:829] Prefetching checkpoint files into page cache started (in background, num_threads=8, block_size=16777216 bytes)
(Worker_TP1 pid=552888) WARNING 08-25 18:08:36 [vllm.py:2415] `torch.compile` is turned on, but the model /shared/data/R7N/andy_luo_3v7/minimaxm3-agentx/storage/models/amd--MiniMax-M3-MXFP4 does not support it. Please open an issue on GitHub if you want it to be supported.
(Worker_TP1 pid=552888) WARNING 08-25 18:08:36 [vllm.py:2415] `torch.compile` is turned on, but the model /shared/data/R7N/andy_luo_3v7/minimaxm3-agentx/storage/models/amd--MiniMax-M3-MXFP4 does not support it. Please open an issue on GitHub if you want it to be supported.
(Worker_TP1 pid=552888) INFO 08-25 18:08:36 [weight_utils.py:829] Prefetching checkpoint files into page cache started (in background, num_threads=8, block_size=16777216 bytes)
(Worker_TP2 pid=552889) WARNING 08-25 18:08:36 [vllm.py:2415] `torch.compile` is turned on, but the model /shared/data/R7N/andy_luo_3v7/minimaxm3-agentx/storage/models/amd--MiniMax-M3-MXFP4 does not support it. Please open an issue on GitHub if you want it to be supported.
(Worker_TP2 pid=552889) WARNING 08-25 18:08:36 [vllm.py:2415] `torch.compile` is turned on, but the model /shared/data/R7N/andy_luo_3v7/minimaxm3-agentx/storage/models/amd--MiniMax-M3-MXFP4 does not support it. Please open an issue on GitHub if you want it to be supported.
(Worker_TP2 pid=552889) INFO 08-25 18:08:36 [weight_utils.py:829] Prefetching checkpoint files into page cache started (in background, num_threads=8, block_size=16777216 bytes)
(Worker_TP1 pid=552888) INFO 08-25 18:08:45 [weight_utils.py:801] Prefetching checkpoint files: 10% (2/15)
(Worker_TP1 pid=552888) INFO 08-25 18:08:45 [weight_utils.py:801] Prefetching checkpoint files: 20% (3/15)
(Worker_TP3 pid=552890) INFO 08-25 18:08:46 [weight_utils.py:801] Prefetching checkpoint files: 10% (2/14)
(Worker_TP1 pid=552888) INFO 08-25 18:08:47 [weight_utils.py:801] Prefetching checkpoint files: 30% (5/15)
(Worker_TP1 pid=552888) INFO 08-25 18:08:47 [weight_utils.py:801] Prefetching checkpoint files: 40% (6/15)
(Worker_TP0 pid=552887) INFO 08-25 18:08:48 [weight_utils.py:801] Prefetching checkpoint files: 10% (2/15)
(Worker_TP2 pid=552889) INFO 08-25 18:08:48 [weight_utils.py:801] Prefetching checkpoint files: 10% (2/15)
(Worker_TP2 pid=552889) INFO 08-25 18:08:48 [weight_utils.py:801] Prefetching checkpoint files: 20% (3/15)
(Worker_TP1 pid=552888) INFO 08-25 18:08:48 [weight_utils.py:801] Prefetching checkpoint files: 50% (8/15)
(Worker_TP3 pid=552890) INFO 08-25 18:08:49 [weight_utils.py:801] Prefetching checkpoint files: 20% (3/14)
(Worker_TP0 pid=552887) INFO 08-25 18:08:49 [weight_utils.py:801] Prefetching checkpoint files: 20% (3/15)
(Worker_TP3 pid=552890) INFO 08-25 18:08:49 [weight_utils.py:801] Prefetching checkpoint files: 30% (5/14)
(Worker_TP1 pid=552888) INFO 08-25 18:08:49 [weight_utils.py:801] Prefetching checkpoint files: 60% (9/15)
(Worker_TP1 pid=552888) INFO 08-25 18:08:50 [weight_utils.py:801] Prefetching checkpoint files: 70% (11/15)
(Worker_TP2 pid=552889) INFO 08-25 18:08:50 [weight_utils.py:801] Prefetching checkpoint files: 30% (5/15)
(Worker_TP0 pid=552887) Loading safetensors checkpoint shards:   2% Completed | 1/59 [00:13<13:30, 13.97s/it]
(Worker_TP0 pid=552887) INFO 08-25 18:08:50 [weight_utils.py:801] Prefetching checkpoint files: 30% (5/15)
(Worker_TP0 pid=552887) Loading safetensors checkpoint shards:   3% Completed | 2/59 [00:14<05:36,  5.91s/it]
(Worker_TP0 pid=552887) Loading safetensors checkpoint shards:   5% Completed | 3/59 [00:14<03:08,  3.37s/it]
(Worker_TP0 pid=552887) INFO 08-25 18:08:51 [weight_utils.py:801] Prefetching checkpoint files: 40% (6/15)
(Worker_TP3 pid=552890) INFO 08-25 18:08:51 [weight_utils.py:801] Prefetching checkpoint files: 40% (6/14)
(Worker_TP2 pid=552889) INFO 08-25 18:08:51 [weight_utils.py:801] Prefetching checkpoint files: 40% (6/15)
(Worker_TP3 pid=552890) INFO 08-25 18:08:51 [weight_utils.py:801] Prefetching checkpoint files: 50% (7/14)
(Worker_TP3 pid=552890) INFO 08-25 18:08:53 [weight_utils.py:801] Prefetching checkpoint files: 60% (9/14)
(Worker_TP0 pid=552887) INFO 08-25 18:08:53 [weight_utils.py:801] Prefetching checkpoint files: 50% (8/15)
(Worker_TP2 pid=552889) INFO 08-25 18:08:53 [weight_utils.py:801] Prefetching checkpoint files: 50% (8/15)
(Worker_TP2 pid=552889) INFO 08-25 18:08:53 [weight_utils.py:801] Prefetching checkpoint files: 60% (9/15)
(Worker_TP1 pid=552888) INFO 08-25 18:08:53 [weight_utils.py:801] Prefetching checkpoint files: 80% (12/15)
(Worker_TP3 pid=552890) INFO 08-25 18:08:54 [weight_utils.py:801] Prefetching checkpoint files: 70% (10/14)
(Worker_TP0 pid=552887) INFO 08-25 18:08:57 [weight_utils.py:801] Prefetching checkpoint files: 60% (9/15)
(Worker_TP1 pid=552888) INFO 08-25 18:09:03 [weight_utils.py:801] Prefetching checkpoint files: 90% (14/15)
(Worker_TP0 pid=552887) INFO 08-25 18:09:06 [weight_utils.py:801] Prefetching checkpoint files: 70% (11/15)
(Worker_TP2 pid=552889) INFO 08-25 18:09:06 [weight_utils.py:801] Prefetching checkpoint files: 70% (11/15)
(Worker_TP0 pid=552887) INFO 08-25 18:09:07 [weight_utils.py:801] Prefetching checkpoint files: 80% (12/15)
(Worker_TP1 pid=552888) INFO 08-25 18:09:07 [weight_utils.py:801] Prefetching checkpoint files: 100% (15/15)
(Worker_TP1 pid=552888) INFO 08-25 18:09:07 [weight_utils.py:824] Prefetching checkpoint files into page cache finished in 30.28s
(Worker_TP3 pid=552890) INFO 08-25 18:09:07 [weight_utils.py:801] Prefetching checkpoint files: 80% (12/14)
(Worker_TP2 pid=552889) INFO 08-25 18:09:08 [weight_utils.py:801] Prefetching checkpoint files: 80% (12/15)
(Worker_TP0 pid=552887) INFO 08-25 18:09:08 [weight_utils.py:801] Prefetching checkpoint files: 90% (14/15)
(Worker_TP3 pid=552890) INFO 08-25 18:09:08 [weight_utils.py:801] Prefetching checkpoint files: 90% (13/14)
(Worker_TP2 pid=552889) INFO 08-25 18:09:09 [weight_utils.py:801] Prefetching checkpoint files: 90% (14/15)
(Worker_TP0 pid=552887) INFO 08-25 18:09:09 [weight_utils.py:801] Prefetching checkpoint files: 100% (15/15)
(Worker_TP0 pid=552887) INFO 08-25 18:09:09 [weight_utils.py:824] Prefetching checkpoint files into page cache finished in 32.94s
(Worker_TP2 pid=552889) INFO 08-25 18:09:09 [weight_utils.py:801] Prefetching checkpoint files: 100% (15/15)
(Worker_TP2 pid=552889) INFO 08-25 18:09:09 [weight_utils.py:824] Prefetching checkpoint files into page cache finished in 32.68s
(Worker_TP3 pid=552890) INFO 08-25 18:09:10 [weight_utils.py:801] Prefetching checkpoint files: 100% (14/14)
(Worker_TP3 pid=552890) INFO 08-25 18:09:10 [weight_utils.py:824] Prefetching checkpoint files into page cache finished in 34.36s
(Worker_TP0 pid=552887) Loading safetensors checkpoint shards:   7% Completed | 4/59 [00:34<09:01,  9.85s/it]
(Worker_TP0 pid=552887) Loading safetensors checkpoint shards:   8% Completed | 5/59 [00:34<05:46,  6.42s/it]
(Worker_TP0 pid=552887) Loading safetensors checkpoint shards:  10% Completed | 6/59 [00:35<03:50,  4.34s/it]
(Worker_TP0 pid=552887) Loading safetensors checkpoint shards:  12% Completed | 7/59 [00:35<02:37,  3.03s/it]
(Worker_TP0 pid=552887) Loading safetensors checkpoint shards:  14% Completed | 8/59 [00:35<01:51,  2.18s/it]
(Worker_TP0 pid=552887) Loading safetensors checkpoint shards:  15% Completed | 9/59 [00:36<01:20,  1.61s/it]
(Worker_TP0 pid=552887) Loading safetensors checkpoint shards:  17% Completed | 10/59 [00:36<00:59,  1.21s/it]
(Worker_TP0 pid=552887) Loading safetensors checkpoint shards:  19% Completed | 11/59 [00:36<00:44,  1.07it/s]
(Worker_TP0 pid=552887) Loading safetensors checkpoint shards:  20% Completed | 12/59 [00:37<00:35,  1.32it/s]
(Worker_TP0 pid=552887) Loading safetensors checkpoint shards:  22% Completed | 13/59 [00:37<00:28,  1.60it/s]
(Worker_TP0 pid=552887) Loading safetensors checkpoint shards:  24% Completed | 14/59 [00:37<00:24,  1.85it/s]
(Worker_TP0 pid=552887) Loading safetensors checkpoint shards:  25% Completed | 15/59 [00:38<00:20,  2.12it/s]
(Worker_TP0 pid=552887) Loading safetensors checkpoint shards:  27% Completed | 16/59 [00:38<00:18,  2.34it/s]
(Worker_TP0 pid=552887) Loading safetensors checkpoint shards:  29% Completed | 17/59 [00:38<00:16,  2.54it/s]
(Worker_TP0 pid=552887) Loading safetensors checkpoint shards:  31% Completed | 18/59 [00:38<00:15,  2.68it/s]
(Worker_TP0 pid=552887) Loading safetensors checkpoint shards:  32% Completed | 19/59 [00:39<00:14,  2.69it/s]
(Worker_TP0 pid=552887) Loading safetensors checkpoint shards:  34% Completed | 20/59 [00:39<00:14,  2.78it/s]
(Worker_TP0 pid=552887) Loading safetensors checkpoint shards:  36% Completed | 21/59 [00:40<00:13,  2.82it/s]
(Worker_TP0 pid=552887) Loading safetensors checkpoint shards:  37% Completed | 22/59 [00:40<00:13,  2.84it/s]
(Worker_TP0 pid=552887) Loading safetensors checkpoint shards:  39% Completed | 23/59 [00:40<00:12,  2.93it/s]
(Worker_TP0 pid=552887) Loading safetensors checkpoint shards:  41% Completed | 24/59 [00:40<00:11,  3.00it/s]
(Worker_TP0 pid=552887) Loading safetensors checkpoint shards:  42% Completed | 25/59 [00:41<00:09,  3.56it/s]
(Worker_TP0 pid=552887) Loading safetensors checkpoint shards:  44% Completed | 26/59 [00:41<00:09,  3.57it/s]
(Worker_TP0 pid=552887) Loading safetensors checkpoint shards:  46% Completed | 27/59 [00:41<00:09,  3.39it/s]
(Worker_TP0 pid=552887) Loading safetensors checkpoint shards:  47% Completed | 28/59 [00:42<00:09,  3.29it/s]
(Worker_TP0 pid=552887) Loading safetensors checkpoint shards:  49% Completed | 29/59 [00:42<00:09,  3.20it/s]
(Worker_TP0 pid=552887) Loading safetensors checkpoint shards:  51% Completed | 30/59 [00:42<00:09,  3.15it/s]
(Worker_TP0 pid=552887) Loading safetensors checkpoint shards:  53% Completed | 31/59 [00:43<00:08,  3.11it/s]
(Worker_TP0 pid=552887) Loading safetensors checkpoint shards:  54% Completed | 32/59 [00:43<00:08,  3.10it/s]
(Worker_TP0 pid=552887) Loading safetensors checkpoint shards:  56% Completed | 33/59 [00:43<00:08,  3.11it/s]
(Worker_TP0 pid=552887) Loading safetensors checkpoint shards:  58% Completed | 34/59 [00:44<00:08,  3.11it/s]
(Worker_TP0 pid=552887) Loading safetensors checkpoint shards:  59% Completed | 35/59 [00:44<00:07,  3.08it/s]
(Worker_TP0 pid=552887) Loading safetensors checkpoint shards:  61% Completed | 36/59 [00:44<00:07,  3.18it/s]
(Worker_TP0 pid=552887) Loading safetensors checkpoint shards:  63% Completed | 37/59 [00:44<00:06,  3.21it/s]
(Worker_TP0 pid=552887) Loading safetensors checkpoint shards:  64% Completed | 38/59 [00:45<00:06,  3.23it/s]
(Worker_TP0 pid=552887) Loading safetensors checkpoint shards:  66% Completed | 39/59 [00:45<00:06,  3.24it/s]
(Worker_TP0 pid=552887) Loading safetensors checkpoint shards:  68% Completed | 40/59 [00:45<00:05,  3.26it/s]
(Worker_TP0 pid=552887) Loading safetensors checkpoint shards:  69% Completed | 41/59 [00:46<00:05,  3.26it/s]
(Worker_TP0 pid=552887) Loading safetensors checkpoint shards:  71% Completed | 42/59 [00:46<00:05,  3.38it/s]
(Worker_TP0 pid=552887) Loading safetensors checkpoint shards:  73% Completed | 43/59 [00:46<00:04,  3.37it/s]
(Worker_TP0 pid=552887) Loading safetensors checkpoint shards:  75% Completed | 44/59 [00:47<00:04,  3.36it/s]
(Worker_TP0 pid=552887) Loading safetensors checkpoint shards:  76% Completed | 45/59 [00:47<00:04,  3.35it/s]
(Worker_TP0 pid=552887) Loading safetensors checkpoint shards:  78% Completed | 46/59 [00:47<00:03,  3.45it/s]
(Worker_TP0 pid=552887) Loading safetensors checkpoint shards:  80% Completed | 47/59 [00:47<00:03,  3.39it/s]
(Worker_TP0 pid=552887) Loading safetensors checkpoint shards:  81% Completed | 48/59 [00:48<00:03,  3.47it/s]
(Worker_TP0 pid=552887) Loading safetensors checkpoint shards:  83% Completed | 49/59 [00:48<00:02,  3.42it/s]
(Worker_TP0 pid=552887) Loading safetensors checkpoint shards:  85% Completed | 50/59 [00:48<00:02,  3.50it/s]
(Worker_TP0 pid=552887) Loading safetensors checkpoint shards:  86% Completed | 51/59 [00:49<00:02,  3.45it/s]
(Worker_TP0 pid=552887) Loading safetensors checkpoint shards:  88% Completed | 52/59 [00:49<00:02,  3.42it/s]
(Worker_TP0 pid=552887) Loading safetensors checkpoint shards:  90% Completed | 53/59 [00:49<00:01,  3.39it/s]
(Worker_TP0 pid=552887) Loading safetensors checkpoint shards:  92% Completed | 54/59 [00:49<00:01,  3.36it/s]
(Worker_TP0 pid=552887) Loading safetensors checkpoint shards:  93% Completed | 55/59 [00:50<00:01,  3.34it/s]
(Worker_TP0 pid=552887) Loading safetensors checkpoint shards:  95% Completed | 56/59 [00:50<00:00,  3.31it/s]
(Worker_TP0 pid=552887) Loading safetensors checkpoint shards:  97% Completed | 57/59 [00:50<00:00,  3.28it/s]
(Worker_TP0 pid=552887) Loading safetensors checkpoint shards:  98% Completed | 58/59 [00:51<00:00,  3.22it/s]
(Worker_TP2 pid=552889) INFO 08-25 18:09:27 [kernel.py:306] Final IR op priority after setting platform defaults: IrOpPriorityConfig(rms_norm=['aiter', 'native'], fused_add_rms_norm=['aiter', 'native'])
(Worker_TP2 pid=552889) INFO 08-25 18:09:27 [llama_eagle3.py:47] Using a 32768-token sliding attention window with full KV retention for all 1 Llama EAGLE3 draft layers.
(Worker_TP1 pid=552888) INFO 08-25 18:09:27 [kernel.py:306] Final IR op priority after setting platform defaults: IrOpPriorityConfig(rms_norm=['aiter', 'native'], fused_add_rms_norm=['aiter', 'native'])
(Worker_TP1 pid=552888) INFO 08-25 18:09:27 [llama_eagle3.py:47] Using a 32768-token sliding attention window with full KV retention for all 1 Llama EAGLE3 draft layers.
(Worker_TP2 pid=552889) INFO 08-25 18:09:27 [weight_utils.py:829] Prefetching checkpoint files into page cache started (in background, num_threads=8, block_size=16777216 bytes)
(Worker_TP1 pid=552888) INFO 08-25 18:09:27 [weight_utils.py:829] Prefetching checkpoint files into page cache started (in background, num_threads=8, block_size=16777216 bytes)
(Worker_TP1 pid=552888) INFO 08-25 18:09:27 [weight_utils.py:824] Prefetching checkpoint files into page cache finished in 0.01s
(Worker_TP2 pid=552889) INFO 08-25 18:09:27 [weight_utils.py:824] Prefetching checkpoint files into page cache finished in 0.03s
(Worker_TP0 pid=552887) Loading safetensors checkpoint shards: 100% Completed | 59/59 [00:51<00:00,  3.05it/s]
(Worker_TP0 pid=552887) Loading safetensors checkpoint shards: 100% Completed | 59/59 [00:51<00:00,  1.14it/s]
(Worker_TP0 pid=552887) 
(Worker_TP0 pid=552887) INFO 08-25 18:09:28 [default_loader.py:430] Loading weights took 51.69 seconds
(Worker_TP0 pid=552887) WARNING 08-25 18:09:28 [kv_cache.py:134] Checkpoint does not provide a q scaling factor. Setting it to k_scale. This only matters for FP8 Attention backends (flash-attn or flashinfer).
(Worker_TP0 pid=552887) WARNING 08-25 18:09:28 [kv_cache.py:151] Using KV cache scaling factor 1.0 for fp8_e4m3. If this is unintended, verify that k/v_scale scaling factors are properly set in the checkpoint.
(Worker_TP0 pid=552887) WARNING 08-25 18:09:28 [kv_cache.py:190] Using uncalibrated q_scale 1.0 and/or prob_scale 1.0 with fp8 attention. This may cause accuracy issues. Please make sure q/prob scaling factors are available in the fp8 checkpoint.
(Worker_TP0 pid=552887) INFO 08-25 18:09:28 [mxfp4.py:1730] Using MoEPrepareAndFinalizeNoDPEPModular
(Worker_TP0 pid=552887) INFO 08-25 18:09:28 [mxfp4.py:1731] Using AiterExperts
(Worker_TP0 pid=552887) INFO 08-25 18:09:28 [gpu_model_runner.py:5332] Loading drafter model...
(Worker_TP0 pid=552887) INFO 08-25 18:09:28 [kernel.py:306] Final IR op priority after setting platform defaults: IrOpPriorityConfig(rms_norm=['aiter', 'native'], fused_add_rms_norm=['aiter', 'native'])
(Worker_TP0 pid=552887) INFO 08-25 18:09:28 [llama_eagle3.py:47] Using a 32768-token sliding attention window with full KV retention for all 1 Llama EAGLE3 draft layers.
(Worker_TP0 pid=552887) INFO 08-25 18:09:28 [weight_utils.py:867] Filesystem type for checkpoints: NFS. Checkpoint size: 5.73 GiB. Available RAM: 2937.55 GiB.
(Worker_TP0 pid=552887) INFO 08-25 18:09:28 [weight_utils.py:829] Prefetching checkpoint files into page cache started (in background, num_threads=8, block_size=16777216 bytes)
(Worker_TP0 pid=552887) Loading safetensors checkpoint shards:   0% Completed | 0/1 [00:00<?, ?it/s]
(Worker_TP0 pid=552887) Loading safetensors checkpoint shards: 100% Completed | 1/1 [00:00<00:00, 346.06it/s]
(Worker_TP0 pid=552887) 
(Worker_TP3 pid=552890) INFO 08-25 18:09:28 [kernel.py:306] Final IR op priority after setting platform defaults: IrOpPriorityConfig(rms_norm=['aiter', 'native'], fused_add_rms_norm=['aiter', 'native'])
(Worker_TP3 pid=552890) INFO 08-25 18:09:28 [llama_eagle3.py:47] Using a 32768-token sliding attention window with full KV retention for all 1 Llama EAGLE3 draft layers.
(Worker_TP3 pid=552890) INFO 08-25 18:09:28 [weight_utils.py:829] Prefetching checkpoint files into page cache started (in background, num_threads=8, block_size=16777216 bytes)
(Worker_TP3 pid=552890) INFO 08-25 18:09:28 [weight_utils.py:824] Prefetching checkpoint files into page cache finished in 0.01s
(Worker_TP0 pid=552887) INFO 08-25 18:09:34 [default_loader.py:430] Loading weights took 5.44 seconds
(Worker_TP0 pid=552887) INFO 08-25 18:09:34 [llm_base_proposer.py:1465] Detected EAGLE model with embed_tokens identical to the target model. Sharing target model embedding weights with the draft model.
(Worker_TP0 pid=552887) INFO 08-25 18:09:34 [llm_base_proposer.py:1551] Detected EAGLE model with distinct lm_head weights. Keeping separate lm_head weights from the target model.
(Worker_TP0 pid=552887) INFO 08-25 18:09:34 [llm_base_proposer.py:1597] Detected MTP model with topk_indices_buffer. Sharing target model topk_indices_buffer with the draft model.
(Worker_TP0 pid=552887) INFO 08-25 18:09:35 [gpu_model_runner.py:5405] Model loading took 57.7 GiB memory and 58.425987 seconds
(Worker_TP1 pid=552888) INFO 08-25 18:09:35 [llm_base_proposer.py:1465] Detected EAGLE model with embed_tokens identical to the target model. Sharing target model embedding weights with the draft model.
(Worker_TP1 pid=552888) INFO 08-25 18:09:35 [llm_base_proposer.py:1551] Detected EAGLE model with distinct lm_head weights. Keeping separate lm_head weights from the target model.
(Worker_TP1 pid=552888) INFO 08-25 18:09:35 [llm_base_proposer.py:1597] Detected MTP model with topk_indices_buffer. Sharing target model topk_indices_buffer with the draft model.
(Worker_TP0 pid=552887) INFO 08-25 18:09:35 [weight_utils.py:801] Prefetching checkpoint files: 10% (1/1)
(Worker_TP0 pid=552887) INFO 08-25 18:09:35 [weight_utils.py:824] Prefetching checkpoint files into page cache finished in 7.18s
(Worker_TP2 pid=552889) INFO 08-25 18:09:35 [llm_base_proposer.py:1465] Detected EAGLE model with embed_tokens identical to the target model. Sharing target model embedding weights with the draft model.
(Worker_TP2 pid=552889) INFO 08-25 18:09:36 [llm_base_proposer.py:1551] Detected EAGLE model with distinct lm_head weights. Keeping separate lm_head weights from the target model.
(Worker_TP2 pid=552889) INFO 08-25 18:09:36 [llm_base_proposer.py:1597] Detected MTP model with topk_indices_buffer. Sharing target model topk_indices_buffer with the draft model.
(Worker_TP3 pid=552890) INFO 08-25 18:09:36 [llm_base_proposer.py:1465] Detected EAGLE model with embed_tokens identical to the target model. Sharing target model embedding weights with the draft model.
(Worker_TP3 pid=552890) INFO 08-25 18:09:36 [llm_base_proposer.py:1551] Detected EAGLE model with distinct lm_head weights. Keeping separate lm_head weights from the target model.
(Worker_TP3 pid=552890) INFO 08-25 18:09:36 [llm_base_proposer.py:1597] Detected MTP model with topk_indices_buffer. Sharing target model topk_indices_buffer with the draft model.
(Worker_TP0 pid=552887) [aiter] merge tuned file under model_configs/ and configs/ /usr/local/lib/python3.12/dist-packages/aiter/configs/bf16_tuned_gemm.csv:/usr/local/lib/python3.12/dist-packages/aiter/configs/model_configs/dsv3_bf16_tuned_gemm.csv:/usr/local/lib/python3.12/dist-packages/aiter/configs/model_configs/dsv4_bf16_tuned_gemm.csv:/usr/local/lib/python3.12/dist-packages/aiter/configs/model_configs/glm47_bf16_tuned_gemm.csv:/usr/local/lib/python3.12/dist-packages/aiter/configs/model_configs/glm5_bf16_tuned_gemm.csv:/usr/local/lib/python3.12/dist-packages/aiter/configs/model_configs/gptoss_bf16_tuned_gemm.csv:/usr/local/lib/python3.12/dist-packages/aiter/configs/model_configs/kimi_bf16_tuned_gemm.csv:/usr/local/lib/python3.12/dist-packages/aiter/configs/model_configs/kimik2_bf16_tuned_gemm.csv:/usr/local/lib/python3.12/dist-packages/aiter/configs/model_configs/kimik3_bf16_tuned_gemm.csv:/usr/local/lib/python3.12/dist-packages/aiter/configs/model_configs/llama405B_bf16_tuned_gemm.csv:/usr/local/lib/python3.12/dist-packages/aiter/configs/model_configs/llama70B_bf16_tuned_gemm.csv:/usr/local/lib/python3.12/dist-packages/aiter/configs/model_configs/minimax_m3_eagle_bf16_tuned_gemm.csv:/usr/local/lib/python3.12/dist-packages/aiter/configs/model_configs/qwen32B_bf16_tuned_gemm.csv:/usr/local/lib/python3.12/dist-packages/aiter/configs/model_configs/qwen3_5_397b_bf16_tuned_gemm.csv
(Worker_TP1 pid=552888) [aiter] merge tuned file under model_configs/ and configs/ /usr/local/lib/python3.12/dist-packages/aiter/configs/bf16_tuned_gemm.csv:/usr/local/lib/python3.12/dist-packages/aiter/configs/model_configs/dsv3_bf16_tuned_gemm.csv:/usr/local/lib/python3.12/dist-packages/aiter/configs/model_configs/dsv4_bf16_tuned_gemm.csv:/usr/local/lib/python3.12/dist-packages/aiter/configs/model_configs/glm47_bf16_tuned_gemm.csv:/usr/local/lib/python3.12/dist-packages/aiter/configs/model_configs/glm5_bf16_tuned_gemm.csv:/usr/local/lib/python3.12/dist-packages/aiter/configs/model_configs/gptoss_bf16_tuned_gemm.csv:/usr/local/lib/python3.12/dist-packages/aiter/configs/model_configs/kimi_bf16_tuned_gemm.csv:/usr/local/lib/python3.12/dist-packages/aiter/configs/model_configs/kimik2_bf16_tuned_gemm.csv:/usr/local/lib/python3.12/dist-packages/aiter/configs/model_configs/kimik3_bf16_tuned_gemm.csv:/usr/local/lib/python3.12/dist-packages/aiter/configs/model_configs/llama405B_bf16_tuned_gemm.csv:/usr/local/lib/python3.12/dist-packages/aiter/configs/model_configs/llama70B_bf16_tuned_gemm.csv:/usr/local/lib/python3.12/dist-packages/aiter/configs/model_configs/minimax_m3_eagle_bf16_tuned_gemm.csv:/usr/local/lib/python3.12/dist-packages/aiter/configs/model_configs/qwen32B_bf16_tuned_gemm.csv:/usr/local/lib/python3.12/dist-packages/aiter/configs/model_configs/qwen3_5_397b_bf16_tuned_gemm.csv
(Worker_TP2 pid=552889) [aiter] merge tuned file under model_configs/ and configs/ /usr/local/lib/python3.12/dist-packages/aiter/configs/bf16_tuned_gemm.csv:/usr/local/lib/python3.12/dist-packages/aiter/configs/model_configs/dsv3_bf16_tuned_gemm.csv:/usr/local/lib/python3.12/dist-packages/aiter/configs/model_configs/dsv4_bf16_tuned_gemm.csv:/usr/local/lib/python3.12/dist-packages/aiter/configs/model_configs/glm47_bf16_tuned_gemm.csv:/usr/local/lib/python3.12/dist-packages/aiter/configs/model_configs/glm5_bf16_tuned_gemm.csv:/usr/local/lib/python3.12/dist-packages/aiter/configs/model_configs/gptoss_bf16_tuned_gemm.csv:/usr/local/lib/python3.12/dist-packages/aiter/configs/model_configs/kimi_bf16_tuned_gemm.csv:/usr/local/lib/python3.12/dist-packages/aiter/configs/model_configs/kimik2_bf16_tuned_gemm.csv:/usr/local/lib/python3.12/dist-packages/aiter/configs/model_configs/kimik3_bf16_tuned_gemm.csv:/usr/local/lib/python3.12/dist-packages/aiter/configs/model_configs/llama405B_bf16_tuned_gemm.csv:/usr/local/lib/python3.12/dist-packages/aiter/configs/model_configs/llama70B_bf16_tuned_gemm.csv:/usr/local/lib/python3.12/dist-packages/aiter/configs/model_configs/minimax_m3_eagle_bf16_tuned_gemm.csv:/usr/local/lib/python3.12/dist-packages/aiter/configs/model_configs/qwen32B_bf16_tuned_gemm.csv:/usr/local/lib/python3.12/dist-packages/aiter/configs/model_configs/qwen3_5_397b_bf16_tuned_gemm.csv
(Worker_TP0 pid=552887) [aiter] [pid=552887 pname=VllmWorker-0] start build [module_gemm_a16w16_asm] under /tmp/inferencex-minimaxm3-1411/home/.aiter/jit/build/module_gemm_a16w16_asm
(Worker_TP3 pid=552890) [aiter] merge tuned file under model_configs/ and configs/ /usr/local/lib/python3.12/dist-packages/aiter/configs/bf16_tuned_gemm.csv:/usr/local/lib/python3.12/dist-packages/aiter/configs/model_configs/dsv3_bf16_tuned_gemm.csv:/usr/local/lib/python3.12/dist-packages/aiter/configs/model_configs/dsv4_bf16_tuned_gemm.csv:/usr/local/lib/python3.12/dist-packages/aiter/configs/model_configs/glm47_bf16_tuned_gemm.csv:/usr/local/lib/python3.12/dist-packages/aiter/configs/model_configs/glm5_bf16_tuned_gemm.csv:/usr/local/lib/python3.12/dist-packages/aiter/configs/model_configs/gptoss_bf16_tuned_gemm.csv:/usr/local/lib/python3.12/dist-packages/aiter/configs/model_configs/kimi_bf16_tuned_gemm.csv:/usr/local/lib/python3.12/dist-packages/aiter/configs/model_configs/kimik2_bf16_tuned_gemm.csv:/usr/local/lib/python3.12/dist-packages/aiter/configs/model_configs/kimik3_bf16_tuned_gemm.csv:/usr/local/lib/python3.12/dist-packages/aiter/configs/model_configs/llama405B_bf16_tuned_gemm.csv:/usr/local/lib/python3.12/dist-packages/aiter/configs/model_configs/llama70B_bf16_tuned_gemm.csv:/usr/local/lib/python3.12/dist-packages/aiter/configs/model_configs/minimax_m3_eagle_bf16_tuned_gemm.csv:/usr/local/lib/python3.12/dist-packages/aiter/configs/model_configs/qwen32B_bf16_tuned_gemm.csv:/usr/local/lib/python3.12/dist-packages/aiter/configs/model_configs/qwen3_5_397b_bf16_tuned_gemm.csv
(Worker_TP1 pid=552888) [aiter] [pid=552888 pname=VllmWorker-1] waiting for baton release at /tmp/inferencex-minimaxm3-1411/home/.aiter/jit/build/lock_module_gemm_a16w16_asm
(Worker_TP2 pid=552889) [aiter] [pid=552889 pname=VllmWorker-2] waiting for baton release at /tmp/inferencex-minimaxm3-1411/home/.aiter/jit/build/lock_module_gemm_a16w16_asm
(Worker_TP3 pid=552890) [aiter] [pid=552890 pname=VllmWorker-3] waiting for baton release at /tmp/inferencex-minimaxm3-1411/home/.aiter/jit/build/lock_module_gemm_a16w16_asm
/usr/local/lib/python3.12/dist-packages/aiter_meta/hsa/codegen.py:14: Pandas4Warning: 'future.no_silent_downcasting' is deprecated, please refrain from using it.
  pd.set_option("future.no_silent_downcasting", True)
/usr/local/lib/python3.12/dist-packages/aiter_meta/hsa/codegen.py:153: Pandas4Warning: The copy keyword is deprecated and will be removed in a future version. Copy-on-Write is active in pandas since 3.0 which utilizes a lazy copy mechanism that defers copies until necessary. Use .copy() to make an eager copy if necessary.
  pd.concat(dfs, ignore_index=True).fillna(0).infer_objects(copy=False)
(Worker_TP0 pid=552887) [aiter] [pid=552887 pname=VllmWorker-0] [32mfinish build [module_gemm_a16w16_asm], cost 3.3s [0m
[aiter] LoadKernel: _ZN5aiter24bf16gemm_bf16_tn_256x256E hsaco: /usr/local/lib/python3.12/dist-packages/aiter_meta/hsa//gfx950/bf16gemm/bf16gemm_bf16_tn_256x256.co
[aiter] LoadKernel: _ZN5aiter24bf16gemm_bf16_tn_256x256E hsaco: /usr/local/lib/python3.12/dist-packages/aiter_meta/hsa//gfx950/bf16gemm/bf16gemm_bf16_tn_256x256.co
[aiter] LoadKernel: _ZN5aiter24bf16gemm_bf16_tn_256x256E hsaco: /usr/local/lib/python3.12/dist-packages/aiter_meta/hsa//gfx950/bf16gemm/bf16gemm_bf16_tn_256x256.co
[aiter] LoadKernel: _ZN5aiter24bf16gemm_bf16_tn_256x256E hsaco: /usr/local/lib/python3.12/dist-packages/aiter_meta/hsa//gfx950/bf16gemm/bf16gemm_bf16_tn_256x256.co
(Worker_TP1 pid=552888) [aiter] [pid=552888 pname=VllmWorker-1] start build [module_gemm_common] under /tmp/inferencex-minimaxm3-1411/home/.aiter/jit/build/module_gemm_common
(Worker_TP0 pid=552887) [aiter] [pid=552887 pname=VllmWorker-0] waiting for baton release at /tmp/inferencex-minimaxm3-1411/home/.aiter/jit/build/lock_module_gemm_common
(Worker_TP2 pid=552889) [aiter] [pid=552889 pname=VllmWorker-2] waiting for baton release at /tmp/inferencex-minimaxm3-1411/home/.aiter/jit/build/lock_module_gemm_common
(Worker_TP3 pid=552890) [aiter] [pid=552890 pname=VllmWorker-3] waiting for baton release at /tmp/inferencex-minimaxm3-1411/home/.aiter/jit/build/lock_module_gemm_common
(Worker_TP1 pid=552888) [aiter] Current hipcc not support: -mllvm -amdgpu-coerce-illegal-types=1, skip it.
(Worker_TP1 pid=552888) [aiter] [pid=552888 pname=VllmWorker-1] [32mfinish build [module_gemm_common], cost 4.3s [0m
(Worker_TP1 pid=552888) [aiter] shape is M:32768, N:128, K:6144 dtype='torch.float32' otype='torch.float32' bias=False, scaleAB=False, bpreshuffle=False, not found tuned config in /tmp/aiter_configs/bf16_tuned_gemm.csv, will use default config! using torch solution:0
(Worker_TP3 pid=552890) [aiter] shape is M:32768, N:128, K:6144 dtype='torch.float32' otype='torch.float32' bias=False, scaleAB=False, bpreshuffle=False, not found tuned config in /tmp/aiter_configs/bf16_tuned_gemm.csv, will use default config! using torch solution:0
(Worker_TP0 pid=552887) [aiter] shape is M:32768, N:128, K:6144 dtype='torch.float32' otype='torch.float32' bias=False, scaleAB=False, bpreshuffle=False, not found tuned config in /tmp/aiter_configs/bf16_tuned_gemm.csv, will use default config! using torch solution:0
(Worker_TP2 pid=552889) [aiter] shape is M:32768, N:128, K:6144 dtype='torch.float32' otype='torch.float32' bias=False, scaleAB=False, bpreshuffle=False, not found tuned config in /tmp/aiter_configs/bf16_tuned_gemm.csv, will use default config! using torch solution:0
(Worker_TP1 pid=552888) [aiter] [pid=552888 pname=VllmWorker-1] start build [module_moe_asm] under /tmp/inferencex-minimaxm3-1411/home/.aiter/jit/build/module_moe_asm
(Worker_TP2 pid=552889) [aiter] [pid=552889 pname=VllmWorker-2] waiting for baton release at /tmp/inferencex-minimaxm3-1411/home/.aiter/jit/build/lock_module_moe_asm
(Worker_TP3 pid=552890) [aiter] [pid=552890 pname=VllmWorker-3] waiting for baton release at /tmp/inferencex-minimaxm3-1411/home/.aiter/jit/build/lock_module_moe_asm
(Worker_TP0 pid=552887) [aiter] [pid=552887 pname=VllmWorker-0] waiting for baton release at /tmp/inferencex-minimaxm3-1411/home/.aiter/jit/build/lock_module_moe_asm
(Worker_TP1 pid=552888) [aiter] [pid=552888 pname=VllmWorker-1] [32mfinish build [module_moe_asm], cost 12.0s [0m
(Worker_TP0 pid=552887) [aiter] import [module_moe_asm] under /tmp/inferencex-minimaxm3-1411/home/.aiter/jit/module_moe_asm.so
(Worker_TP1 pid=552888) [aiter] import [module_moe_asm] under /tmp/inferencex-minimaxm3-1411/home/.aiter/jit/module_moe_asm.so
(Worker_TP0 pid=552887) [aiter] merge tuned file under model_configs/ and configs/ /usr/local/lib/python3.12/dist-packages/aiter/configs/tuned_fmoe.csv:/usr/local/lib/python3.12/dist-packages/aiter/configs/model_configs/a8w8_blockscale_tuned_fmoe_ds_v3.csv:/usr/local/lib/python3.12/dist-packages/aiter/configs/model_configs/a8w8_blockscale_tuned_fmoe_glm5.csv:/usr/local/lib/python3.12/dist-packages/aiter/configs/model_configs/a8w8_blockscale_tuned_fmoe_glm5_1.csv:/usr/local/lib/python3.12/dist-packages/aiter/configs/model_configs/a8w8_blockscale_tuned_fmoe_minimax-m2_5.csv:/usr/local/lib/python3.12/dist-packages/aiter/configs/model_configs/a8w8_blockscale_tuned_fmoe_qwen3_235b.csv:/usr/local/lib/python3.12/dist-packages/aiter/configs/model_configs/a8w8_blockscale_tuned_fmoe_qwen3_5_397b.csv:/usr/local/lib/python3.12/dist-packages/aiter/configs/model_configs/dsv3_fp4_tuned_fmoe.csv:/usr/local/lib/python3.12/dist-packages/aiter/configs/model_configs/dsv4_fp8fp4_tuned_fmoe.csv:/usr/local/lib/python3.12/dist-packages/aiter/configs/model_configs/glm47_fp8_tuned_fmoe.csv:/usr/local/lib/python3.12/dist-packages/aiter/configs/model_configs/glm5_fp4_tuned_fmoe.csv:/usr/local/lib/python3.12/dist-packages/aiter/configs/model_configs/glm5_mxfp8_tuned_fmoe.csv:/usr/local/lib/python3.12/dist-packages/aiter/configs/model_configs/glm5_ptpc_tuned_fmoe.csv:/usr/local/lib/python3.12/dist-packages/aiter/configs/model_configs/gptoss_a16w4_tuned_fmoe.csv:/usr/local/lib/python3.12/dist-packages/aiter/configs/model_configs/gptoss_fp4_tuned_fmoe.csv:/usr/local/lib/python3.12/dist-packages/aiter/configs/model_configs/gptoss_fp8fp4_tuned_fmoe.csv:/usr/local/lib/python3.12/dist-packages/aiter/configs/model_configs/kimik2_fp4_tuned_fmoe.csv:/usr/local/lib/python3.12/dist-packages/aiter/configs/model_configs/kimik2_fp8fp4_tuned_fmoe.csv:/usr/local/lib/python3.12/dist-packages/aiter/configs/model_configs/kimik2_i4_tuned_fmoe.csv:/usr/local/lib/python3.12/dist-packages/aiter/configs/model_configs/kimik3_a8w4_tuned_fmoe.csv:/usr/local/lib/python3.12/dist-packages/aiter/configs/model_configs/kimik3_fp4_tuned_fmoe.csv:/usr/local/lib/python3.12/dist-packages/aiter/configs/model_configs/mimo_v2_5_pro_tuned_fmoe.csv:/usr/local/lib/python3.12/dist-packages/aiter/configs/model_configs/minimax_m25_fp4_tuned_fmoe.csv:/usr/local/lib/python3.12/dist-packages/aiter/configs/model_configs/minimax_m3_fp4_tuned_fmoe.csv:/usr/local/lib/python3.12/dist-packages/aiter/configs/model_configs/minimax_m3_mxfp8_tuned_fmoe.csv:/usr/local/lib/python3.12/dist-packages/aiter/configs/model_configs/qwen3_235b_bf16_tuned_fmoe.csv:/usr/local/lib/python3.12/dist-packages/aiter/configs/model_configs/qwen3_5_397b_fp4_tuned_fmoe.csv:/usr/local/lib/python3.12/dist-packages/aiter/configs/model_configs/qwen3next_80b_fp8_tuned_fmoe.csv
(Worker_TP1 pid=552888) [aiter] merge tuned file under model_configs/ and configs/ /usr/local/lib/python3.12/dist-packages/aiter/configs/tuned_fmoe.csv:/usr/local/lib/python3.12/dist-packages/aiter/configs/model_configs/a8w8_blockscale_tuned_fmoe_ds_v3.csv:/usr/local/lib/python3.12/dist-packages/aiter/configs/model_configs/a8w8_blockscale_tuned_fmoe_glm5.csv:/usr/local/lib/python3.12/dist-packages/aiter/configs/model_configs/a8w8_blockscale_tuned_fmoe_glm5_1.csv:/usr/local/lib/python3.12/dist-packages/aiter/configs/model_configs/a8w8_blockscale_tuned_fmoe_minimax-m2_5.csv:/usr/local/lib/python3.12/dist-packages/aiter/configs/model_configs/a8w8_blockscale_tuned_fmoe_qwen3_235b.csv:/usr/local/lib/python3.12/dist-packages/aiter/configs/model_configs/a8w8_blockscale_tuned_fmoe_qwen3_5_397b.csv:/usr/local/lib/python3.12/dist-packages/aiter/configs/model_configs/dsv3_fp4_tuned_fmoe.csv:/usr/local/lib/python3.12/dist-packages/aiter/configs/model_configs/dsv4_fp8fp4_tuned_fmoe.csv:/usr/local/lib/python3.12/dist-packages/aiter/configs/model_configs/glm47_fp8_tuned_fmoe.csv:/usr/local/lib/python3.12/dist-packages/aiter/configs/model_configs/glm5_fp4_tuned_fmoe.csv:/usr/local/lib/python3.12/dist-packages/aiter/configs/model_configs/glm5_mxfp8_tuned_fmoe.csv:/usr/local/lib/python3.12/dist-packages/aiter/configs/model_configs/glm5_ptpc_tuned_fmoe.csv:/usr/local/lib/python3.12/dist-packages/aiter/configs/model_configs/gptoss_a16w4_tuned_fmoe.csv:/usr/local/lib/python3.12/dist-packages/aiter/configs/model_configs/gptoss_fp4_tuned_fmoe.csv:/usr/local/lib/python3.12/dist-packages/aiter/configs/model_configs/gptoss_fp8fp4_tuned_fmoe.csv:/usr/local/lib/python3.12/dist-packages/aiter/configs/model_configs/kimik2_fp4_tuned_fmoe.csv:/usr/local/lib/python3.12/dist-packages/aiter/configs/model_configs/kimik2_fp8fp4_tuned_fmoe.csv:/usr/local/lib/python3.12/dist-packages/aiter/configs/model_configs/kimik2_i4_tuned_fmoe.csv:/usr/local/lib/python3.12/dist-packages/aiter/configs/model_configs/kimik3_a8w4_tuned_fmoe.csv:/usr/local/lib/python3.12/dist-packages/aiter/configs/model_configs/kimik3_fp4_tuned_fmoe.csv:/usr/local/lib/python3.12/dist-packages/aiter/configs/model_configs/mimo_v2_5_pro_tuned_fmoe.csv:/usr/local/lib/python3.12/dist-packages/aiter/configs/model_configs/minimax_m25_fp4_tuned_fmoe.csv:/usr/local/lib/python3.12/dist-packages/aiter/configs/model_configs/minimax_m3_fp4_tuned_fmoe.csv:/usr/local/lib/python3.12/dist-packages/aiter/configs/model_configs/minimax_m3_mxfp8_tuned_fmoe.csv:/usr/local/lib/python3.12/dist-packages/aiter/configs/model_configs/qwen3_235b_bf16_tuned_fmoe.csv:/usr/local/lib/python3.12/dist-packages/aiter/configs/model_configs/qwen3_5_397b_fp4_tuned_fmoe.csv:/usr/local/lib/python3.12/dist-packages/aiter/configs/model_configs/qwen3next_80b_fp8_tuned_fmoe.csv
(Worker_TP2 pid=552889) [aiter] import [module_moe_asm] under /tmp/inferencex-minimaxm3-1411/home/.aiter/jit/module_moe_asm.so
(Worker_TP0 pid=552887) [aiter] [fused_moe] duplicate tuned rows after disabling act_type in /tmp/aiter_configs/tuned_fmoe.csv; keeping first match for 449 rows
(Worker_TP0 pid=552887) [aiter] [fused_moe] using 2stage (kernelName1='flydsl_moe1_afp4_wfp4_bf16_t128x128x256_w3_bnt0_xcd4', kernelName2='flydsl_moe2_afp4_wfp4_bf16_t64x256x256_reduce_xcd4_persist_sbm128') for ('gfx950', 256, 32768, 6144, 768, 129, 5, 'ActivationType.Swiglu', 'torch.bfloat16', 'torch.float4_e2m1fn_x2', 'torch.float4_e2m1fn_x2', 'QuantType.per_1x32', True, False) 
(Worker_TP0 pid=552887) [aiter] [pid=552887 pname=VllmWorker-0] start build [module_moe_sorting_opus] under /tmp/inferencex-minimaxm3-1411/home/.aiter/jit/build/module_moe_sorting_opus
(Worker_TP1 pid=552888) [aiter] [fused_moe] duplicate tuned rows after disabling act_type in /tmp/aiter_configs/tuned_fmoe.csv; keeping first match for 449 rows
(Worker_TP1 pid=552888) [aiter] [fused_moe] using 2stage (kernelName1='flydsl_moe1_afp4_wfp4_bf16_t128x128x256_w3_bnt0_xcd4', kernelName2='flydsl_moe2_afp4_wfp4_bf16_t64x256x256_reduce_xcd4_persist_sbm128') for ('gfx950', 256, 32768, 6144, 768, 129, 5, 'ActivationType.Swiglu', 'torch.bfloat16', 'torch.float4_e2m1fn_x2', 'torch.float4_e2m1fn_x2', 'QuantType.per_1x32', True, False) 
(Worker_TP1 pid=552888) [aiter] [pid=552888 pname=VllmWorker-1] waiting for baton release at /tmp/inferencex-minimaxm3-1411/home/.aiter/jit/build/lock_module_moe_sorting_opus
(Worker_TP2 pid=552889) [aiter] merge tuned file under model_configs/ and configs/ /usr/local/lib/python3.12/dist-packages/aiter/configs/tuned_fmoe.csv:/usr/local/lib/python3.12/dist-packages/aiter/configs/model_configs/a8w8_blockscale_tuned_fmoe_ds_v3.csv:/usr/local/lib/python3.12/dist-packages/aiter/configs/model_configs/a8w8_blockscale_tuned_fmoe_glm5.csv:/usr/local/lib/python3.12/dist-packages/aiter/configs/model_configs/a8w8_blockscale_tuned_fmoe_glm5_1.csv:/usr/local/lib/python3.12/dist-packages/aiter/configs/model_configs/a8w8_blockscale_tuned_fmoe_minimax-m2_5.csv:/usr/local/lib/python3.12/dist-packages/aiter/configs/model_configs/a8w8_blockscale_tuned_fmoe_qwen3_235b.csv:/usr/local/lib/python3.12/dist-packages/aiter/configs/model_configs/a8w8_blockscale_tuned_fmoe_qwen3_5_397b.csv:/usr/local/lib/python3.12/dist-packages/aiter/configs/model_configs/dsv3_fp4_tuned_fmoe.csv:/usr/local/lib/python3.12/dist-packages/aiter/configs/model_configs/dsv4_fp8fp4_tuned_fmoe.csv:/usr/local/lib/python3.12/dist-packages/aiter/configs/model_configs/glm47_fp8_tuned_fmoe.csv:/usr/local/lib/python3.12/dist-packages/aiter/configs/model_configs/glm5_fp4_tuned_fmoe.csv:/usr/local/lib/python3.12/dist-packages/aiter/configs/model_configs/glm5_mxfp8_tuned_fmoe.csv:/usr/local/lib/python3.12/dist-packages/aiter/configs/model_configs/glm5_ptpc_tuned_fmoe.csv:/usr/local/lib/python3.12/dist-packages/aiter/configs/model_configs/gptoss_a16w4_tuned_fmoe.csv:/usr/local/lib/python3.12/dist-packages/aiter/configs/model_configs/gptoss_fp4_tuned_fmoe.csv:/usr/local/lib/python3.12/dist-packages/aiter/configs/model_configs/gptoss_fp8fp4_tuned_fmoe.csv:/usr/local/lib/python3.12/dist-packages/aiter/configs/model_configs/kimik2_fp4_tuned_fmoe.csv:/usr/local/lib/python3.12/dist-packages/aiter/configs/model_configs/kimik2_fp8fp4_tuned_fmoe.csv:/usr/local/lib/python3.12/dist-packages/aiter/configs/model_configs/kimik2_i4_tuned_fmoe.csv:/usr/local/lib/python3.12/dist-packages/aiter/configs/model_configs/kimik3_a8w4_tuned_fmoe.csv:/usr/local/lib/python3.12/dist-packages/aiter/configs/model_configs/kimik3_fp4_tuned_fmoe.csv:/usr/local/lib/python3.12/dist-packages/aiter/configs/model_configs/mimo_v2_5_pro_tuned_fmoe.csv:/usr/local/lib/python3.12/dist-packages/aiter/configs/model_configs/minimax_m25_fp4_tuned_fmoe.csv:/usr/local/lib/python3.12/dist-packages/aiter/configs/model_configs/minimax_m3_fp4_tuned_fmoe.csv:/usr/local/lib/python3.12/dist-packages/aiter/configs/model_configs/minimax_m3_mxfp8_tuned_fmoe.csv:/usr/local/lib/python3.12/dist-packages/aiter/configs/model_configs/qwen3_235b_bf16_tuned_fmoe.csv:/usr/local/lib/python3.12/dist-packages/aiter/configs/model_configs/qwen3_5_397b_fp4_tuned_fmoe.csv:/usr/local/lib/python3.12/dist-packages/aiter/configs/model_configs/qwen3next_80b_fp8_tuned_fmoe.csv
(Worker_TP3 pid=552890) [aiter] import [module_moe_asm] under /tmp/inferencex-minimaxm3-1411/home/.aiter/jit/module_moe_asm.so
(Worker_TP2 pid=552889) [aiter] [fused_moe] duplicate tuned rows after disabling act_type in /tmp/aiter_configs/tuned_fmoe.csv; keeping first match for 449 rows
(Worker_TP2 pid=552889) [aiter] [fused_moe] using 2stage (kernelName1='flydsl_moe1_afp4_wfp4_bf16_t128x128x256_w3_bnt0_xcd4', kernelName2='flydsl_moe2_afp4_wfp4_bf16_t64x256x256_reduce_xcd4_persist_sbm128') for ('gfx950', 256, 32768, 6144, 768, 129, 5, 'ActivationType.Swiglu', 'torch.bfloat16', 'torch.float4_e2m1fn_x2', 'torch.float4_e2m1fn_x2', 'QuantType.per_1x32', True, False) 
(Worker_TP2 pid=552889) [aiter] [pid=552889 pname=VllmWorker-2] waiting for baton release at /tmp/inferencex-minimaxm3-1411/home/.aiter/jit/build/lock_module_moe_sorting_opus
(Worker_TP3 pid=552890) [aiter] merge tuned file under model_configs/ and configs/ /usr/local/lib/python3.12/dist-packages/aiter/configs/tuned_fmoe.csv:/usr/local/lib/python3.12/dist-packages/aiter/configs/model_configs/a8w8_blockscale_tuned_fmoe_ds_v3.csv:/usr/local/lib/python3.12/dist-packages/aiter/configs/model_configs/a8w8_blockscale_tuned_fmoe_glm5.csv:/usr/local/lib/python3.12/dist-packages/aiter/configs/model_configs/a8w8_blockscale_tuned_fmoe_glm5_1.csv:/usr/local/lib/python3.12/dist-packages/aiter/configs/model_configs/a8w8_blockscale_tuned_fmoe_minimax-m2_5.csv:/usr/local/lib/python3.12/dist-packages/aiter/configs/model_configs/a8w8_blockscale_tuned_fmoe_qwen3_235b.csv:/usr/local/lib/python3.12/dist-packages/aiter/configs/model_configs/a8w8_blockscale_tuned_fmoe_qwen3_5_397b.csv:/usr/local/lib/python3.12/dist-packages/aiter/configs/model_configs/dsv3_fp4_tuned_fmoe.csv:/usr/local/lib/python3.12/dist-packages/aiter/configs/model_configs/dsv4_fp8fp4_tuned_fmoe.csv:/usr/local/lib/python3.12/dist-packages/aiter/configs/model_configs/glm47_fp8_tuned_fmoe.csv:/usr/local/lib/python3.12/dist-packages/aiter/configs/model_configs/glm5_fp4_tuned_fmoe.csv:/usr/local/lib/python3.12/dist-packages/aiter/configs/model_configs/glm5_mxfp8_tuned_fmoe.csv:/usr/local/lib/python3.12/dist-packages/aiter/configs/model_configs/glm5_ptpc_tuned_fmoe.csv:/usr/local/lib/python3.12/dist-packages/aiter/configs/model_configs/gptoss_a16w4_tuned_fmoe.csv:/usr/local/lib/python3.12/dist-packages/aiter/configs/model_configs/gptoss_fp4_tuned_fmoe.csv:/usr/local/lib/python3.12/dist-packages/aiter/configs/model_configs/gptoss_fp8fp4_tuned_fmoe.csv:/usr/local/lib/python3.12/dist-packages/aiter/configs/model_configs/kimik2_fp4_tuned_fmoe.csv:/usr/local/lib/python3.12/dist-packages/aiter/configs/model_configs/kimik2_fp8fp4_tuned_fmoe.csv:/usr/local/lib/python3.12/dist-packages/aiter/configs/model_configs/kimik2_i4_tuned_fmoe.csv:/usr/local/lib/python3.12/dist-packages/aiter/configs/model_configs/kimik3_a8w4_tuned_fmoe.csv:/usr/local/lib/python3.12/dist-packages/aiter/configs/model_configs/kimik3_fp4_tuned_fmoe.csv:/usr/local/lib/python3.12/dist-packages/aiter/configs/model_configs/mimo_v2_5_pro_tuned_fmoe.csv:/usr/local/lib/python3.12/dist-packages/aiter/configs/model_configs/minimax_m25_fp4_tuned_fmoe.csv:/usr/local/lib/python3.12/dist-packages/aiter/configs/model_configs/minimax_m3_fp4_tuned_fmoe.csv:/usr/local/lib/python3.12/dist-packages/aiter/configs/model_configs/minimax_m3_mxfp8_tuned_fmoe.csv:/usr/local/lib/python3.12/dist-packages/aiter/configs/model_configs/qwen3_235b_bf16_tuned_fmoe.csv:/usr/local/lib/python3.12/dist-packages/aiter/configs/model_configs/qwen3_5_397b_fp4_tuned_fmoe.csv:/usr/local/lib/python3.12/dist-packages/aiter/configs/model_configs/qwen3next_80b_fp8_tuned_fmoe.csv
(Worker_TP3 pid=552890) [aiter] [fused_moe] duplicate tuned rows after disabling act_type in /tmp/aiter_configs/tuned_fmoe.csv; keeping first match for 449 rows
(Worker_TP3 pid=552890) [aiter] [fused_moe] using 2stage (kernelName1='flydsl_moe1_afp4_wfp4_bf16_t128x128x256_w3_bnt0_xcd4', kernelName2='flydsl_moe2_afp4_wfp4_bf16_t64x256x256_reduce_xcd4_persist_sbm128') for ('gfx950', 256, 32768, 6144, 768, 129, 5, 'ActivationType.Swiglu', 'torch.bfloat16', 'torch.float4_e2m1fn_x2', 'torch.float4_e2m1fn_x2', 'QuantType.per_1x32', True, False) 
(Worker_TP3 pid=552890) [aiter] [pid=552890 pname=VllmWorker-3] waiting for baton release at /tmp/inferencex-minimaxm3-1411/home/.aiter/jit/build/lock_module_moe_sorting_opus
(Worker_TP0 pid=552887) [aiter] [pid=552887 pname=VllmWorker-0] [32mfinish build [module_moe_sorting_opus], cost 6.3s [0m
(Worker_TP0 pid=552887) [aiter] import [module_moe_sorting_opus] under /tmp/inferencex-minimaxm3-1411/home/.aiter/jit/module_moe_sorting_opus.so
(Worker_TP0 pid=552887) [aiter] [pid=552887 pname=VllmWorker-0] start build [module_quant] under /tmp/inferencex-minimaxm3-1411/home/.aiter/jit/build/module_quant
(Worker_TP3 pid=552890) [aiter] import [module_moe_sorting_opus] under /tmp/inferencex-minimaxm3-1411/home/.aiter/jit/module_moe_sorting_opus.so
(Worker_TP1 pid=552888) [aiter] import [module_moe_sorting_opus] under /tmp/inferencex-minimaxm3-1411/home/.aiter/jit/module_moe_sorting_opus.so
(Worker_TP3 pid=552890) [aiter] [pid=552890 pname=VllmWorker-3] waiting for baton release at /tmp/inferencex-minimaxm3-1411/home/.aiter/jit/build/lock_module_quant
(Worker_TP1 pid=552888) [aiter] [pid=552888 pname=VllmWorker-1] waiting for baton release at /tmp/inferencex-minimaxm3-1411/home/.aiter/jit/build/lock_module_quant
(Worker_TP2 pid=552889) [aiter] import [module_moe_sorting_opus] under /tmp/inferencex-minimaxm3-1411/home/.aiter/jit/module_moe_sorting_opus.so
(Worker_TP2 pid=552889) [aiter] [pid=552889 pname=VllmWorker-2] waiting for baton release at /tmp/inferencex-minimaxm3-1411/home/.aiter/jit/build/lock_module_quant
(Worker_TP0 pid=552887) [aiter] [pid=552887 pname=VllmWorker-0] [32mfinish build [module_quant], cost 12.4s [0m
(Worker_TP0 pid=552887) [aiter] import [module_quant] under /tmp/inferencex-minimaxm3-1411/home/.aiter/jit/module_quant.so
(Worker_TP2 pid=552889) [aiter] import [module_quant] under /tmp/inferencex-minimaxm3-1411/home/.aiter/jit/module_quant.so
(Worker_TP3 pid=552890) [aiter] import [module_quant] under /tmp/inferencex-minimaxm3-1411/home/.aiter/jit/module_quant.so
(Worker_TP1 pid=552888) [aiter] import [module_quant] under /tmp/inferencex-minimaxm3-1411/home/.aiter/jit/module_quant.so
(Worker_TP0 pid=552887) INFO 08-25 18:10:23 [backends.py:1094] Using cache directory: /tmp/inferencex-minimaxm3-1411/home/.cache/vllm/torch_compile_cache/d3453d8e6c/rank_0_0/eagle_head for vLLM's torch.compile
(Worker_TP0 pid=552887) INFO 08-25 18:10:23 [backends.py:1155] Dynamo bytecode transform time: 0.42 s
(Worker_TP0 pid=552887) INFO 08-25 18:10:25 [backends.py:378] Cache the graph of compile range (1, 5461) for later use
(Worker_TP0 pid=552887) INFO 08-25 18:10:26 [backends.py:378] Cache the graph of compile range (5462, 32768) for later use
(Worker_TP0 pid=552887) INFO 08-25 18:10:26 [backends.py:393] Compiling a graph for compile range (1, 5461) takes 1.09 s
(Worker_TP0 pid=552887) INFO 08-25 18:10:27 [backends.py:393] Compiling a graph for compile range (5462, 32768) takes 1.26 s
(Worker_TP0 pid=552887) INFO 08-25 18:10:27 [decorators.py:708] saved AOT compiled function to /tmp/inferencex-minimaxm3-1411/home/.cache/vllm/torch_compile_cache/torch_aot_compile/936ea74d63b14f3d2f59fa72ba2b47975503ad198ca5156dca9e549b3290bba6/rank_0_0/model
(Worker_TP0 pid=552887) INFO 08-25 18:10:27 [monitor.py:53] torch.compile took 4.37 s in total
(Worker_TP0 pid=552887) [aiter] [pid=552887 pname=VllmWorker-0] start build [module_rmsnorm_quant] under /tmp/inferencex-minimaxm3-1411/home/.aiter/jit/build/module_rmsnorm_quant
(Worker_TP2 pid=552889) [aiter] [pid=552889 pname=VllmWorker-2] waiting for baton release at /tmp/inferencex-minimaxm3-1411/home/.aiter/jit/build/lock_module_rmsnorm_quant
(Worker_TP1 pid=552888) [aiter] [pid=552888 pname=VllmWorker-1] waiting for baton release at /tmp/inferencex-minimaxm3-1411/home/.aiter/jit/build/lock_module_rmsnorm_quant
(Worker_TP3 pid=552890) [aiter] [pid=552890 pname=VllmWorker-3] waiting for baton release at /tmp/inferencex-minimaxm3-1411/home/.aiter/jit/build/lock_module_rmsnorm_quant
(EngineCore pid=552608) INFO 08-25 18:10:38 [shm_broadcast.py:802] No available shared memory broadcast block found in 60 seconds. This typically happens when some processes are hanging or doing some time-consuming work (e.g. compilation, weight/kv cache quantization).
(Worker_TP0 pid=552887) [aiter] [pid=552887 pname=VllmWorker-0] [32mfinish build [module_rmsnorm_quant], cost 28.8s [0m
(Worker_TP0 pid=552887) [aiter] import [module_rmsnorm_quant] under /tmp/inferencex-minimaxm3-1411/home/.aiter/jit/module_rmsnorm_quant.so
(Worker_TP2 pid=552889) [aiter] import [module_rmsnorm_quant] under /tmp/inferencex-minimaxm3-1411/home/.aiter/jit/module_rmsnorm_quant.so
(Worker_TP1 pid=552888) [aiter] import [module_rmsnorm_quant] under /tmp/inferencex-minimaxm3-1411/home/.aiter/jit/module_rmsnorm_quant.so
(Worker_TP0 pid=552887) [aiter] shape is M:32768, N:2304, K:12288 dtype='torch.bfloat16' otype='torch.bfloat16' bias=False, scaleAB=False, bpreshuffle=False, not found tuned config in /tmp/aiter_configs/bf16_tuned_gemm.csv, will use default config! using torch solution:0
(Worker_TP2 pid=552889) [aiter] shape is M:32768, N:2304, K:12288 dtype='torch.bfloat16' otype='torch.bfloat16' bias=False, scaleAB=False, bpreshuffle=False, not found tuned config in /tmp/aiter_configs/bf16_tuned_gemm.csv, will use default config! using torch solution:0
(Worker_TP0 pid=552887) [aiter] type hints mismatch, override to --> static_per_tensor_quant(arg0: aiter_tensor_t, arg1: aiter_tensor_t, arg2: aiter_tensor_t) -> None
(Worker_TP3 pid=552890) [aiter] import [module_rmsnorm_quant] under /tmp/inferencex-minimaxm3-1411/home/.aiter/jit/module_rmsnorm_quant.so
(Worker_TP2 pid=552889) [aiter] type hints mismatch, override to --> static_per_tensor_quant(arg0: aiter_tensor_t, arg1: aiter_tensor_t, arg2: aiter_tensor_t) -> None
(Worker_TP1 pid=552888) [aiter] shape is M:32768, N:2304, K:12288 dtype='torch.bfloat16' otype='torch.bfloat16' bias=False, scaleAB=False, bpreshuffle=False, not found tuned config in /tmp/aiter_configs/bf16_tuned_gemm.csv, will use default config! using torch solution:0
(Worker_TP1 pid=552888) [aiter] type hints mismatch, override to --> static_per_tensor_quant(arg0: aiter_tensor_t, arg1: aiter_tensor_t, arg2: aiter_tensor_t) -> None
(Worker_TP3 pid=552890) [aiter] shape is M:32768, N:2304, K:12288 dtype='torch.bfloat16' otype='torch.bfloat16' bias=False, scaleAB=False, bpreshuffle=False, not found tuned config in /tmp/aiter_configs/bf16_tuned_gemm.csv, will use default config! using torch solution:0
(Worker_TP3 pid=552890) [aiter] type hints mismatch, override to --> static_per_tensor_quant(arg0: aiter_tensor_t, arg1: aiter_tensor_t, arg2: aiter_tensor_t) -> None
(Worker_TP0 pid=552887) INFO 08-25 18:10:56 [monitor.py:81] Initial profiling/warmup run took 29.15 s
(Worker_TP0 pid=552887) [aiter] compile_template_op func_name = 'top_k_top_p_sampling_from_probs_51f5779b2644c0a61347d39ea3295db7' with {'src_template': <Template memory:7f031c94d820>, 'md_name': 'top_k_top_p_sampling_from_probs', 'includes': ['/shared/data/R7N/andy_luo_3v7/minimaxm3-agentx/overlays/aiter-sparse-indexer-cache-fusion-545d97c-266922c/csrc/cpp_itfs/utils.h', '/shared/data/R7N/andy_luo_3v7/minimaxm3-agentx/overlays/aiter-sparse-indexer-cache-fusion-545d97c-266922c/csrc/cpp_itfs/sampling/sampling.cuh', '/shared/data/R7N/andy_luo_3v7/minimaxm3-agentx/overlays/aiter-sparse-indexer-cache-fusion-545d97c-266922c/csrc/cpp_itfs/sampling/vec_dtypes.cuh'], 'sources': [], 'cxxflags': [], 'func_name': 'top_k_top_p_sampling_from_probs_51f5779b2644c0a61347d39ea3295db7', 'folder': 'top_k_top_p_sampling_from_probs_51f5779b2644c0a61347d39ea3295db7', 'kwargs': OrderedDict({'vec_size': 4, 'deterministic': True})}...
(Worker_TP2 pid=552889) [aiter] compile_template_op func_name = 'top_k_top_p_sampling_from_probs_51f5779b2644c0a61347d39ea3295db7' with {'src_template': <Template memory:71859c81a900>, 'md_name': 'top_k_top_p_sampling_from_probs', 'includes': ['/shared/data/R7N/andy_luo_3v7/minimaxm3-agentx/overlays/aiter-sparse-indexer-cache-fusion-545d97c-266922c/csrc/cpp_itfs/utils.h', '/shared/data/R7N/andy_luo_3v7/minimaxm3-agentx/overlays/aiter-sparse-indexer-cache-fusion-545d97c-266922c/csrc/cpp_itfs/sampling/sampling.cuh', '/shared/data/R7N/andy_luo_3v7/minimaxm3-agentx/overlays/aiter-sparse-indexer-cache-fusion-545d97c-266922c/csrc/cpp_itfs/sampling/vec_dtypes.cuh'], 'sources': [], 'cxxflags': [], 'func_name': 'top_k_top_p_sampling_from_probs_51f5779b2644c0a61347d39ea3295db7', 'folder': 'top_k_top_p_sampling_from_probs_51f5779b2644c0a61347d39ea3295db7', 'kwargs': OrderedDict({'vec_size': 4, 'deterministic': True})}...
(Worker_TP0 pid=552887) [aiter] [pid=552887 pname=VllmWorker-0] waiting for baton release at /tmp/inferencex-minimaxm3-1411/home/.aiter/build/top_k_top_p_sampling_from_probs_51f5779b2644c0a61347d39ea3295db7/lock
(Worker_TP1 pid=552888) [aiter] compile_template_op func_name = 'top_k_top_p_sampling_from_probs_51f5779b2644c0a61347d39ea3295db7' with {'src_template': <Template memory:787d01412240>, 'md_name': 'top_k_top_p_sampling_from_probs', 'includes': ['/shared/data/R7N/andy_luo_3v7/minimaxm3-agentx/overlays/aiter-sparse-indexer-cache-fusion-545d97c-266922c/csrc/cpp_itfs/utils.h', '/shared/data/R7N/andy_luo_3v7/minimaxm3-agentx/overlays/aiter-sparse-indexer-cache-fusion-545d97c-266922c/csrc/cpp_itfs/sampling/sampling.cuh', '/shared/data/R7N/andy_luo_3v7/minimaxm3-agentx/overlays/aiter-sparse-indexer-cache-fusion-545d97c-266922c/csrc/cpp_itfs/sampling/vec_dtypes.cuh'], 'sources': [], 'cxxflags': [], 'func_name': 'top_k_top_p_sampling_from_probs_51f5779b2644c0a61347d39ea3295db7', 'folder': 'top_k_top_p_sampling_from_probs_51f5779b2644c0a61347d39ea3295db7', 'kwargs': OrderedDict({'vec_size': 4, 'deterministic': True})}...
(Worker_TP2 pid=552889) [aiter] start build /tmp/inferencex-minimaxm3-1411/home/.aiter/build/top_k_top_p_sampling_from_probs_51f5779b2644c0a61347d39ea3295db7
(Worker_TP3 pid=552890) [aiter] compile_template_op func_name = 'top_k_top_p_sampling_from_probs_51f5779b2644c0a61347d39ea3295db7' with {'src_template': <Template memory:7e6e27435640>, 'md_name': 'top_k_top_p_sampling_from_probs', 'includes': ['/shared/data/R7N/andy_luo_3v7/minimaxm3-agentx/overlays/aiter-sparse-indexer-cache-fusion-545d97c-266922c/csrc/cpp_itfs/utils.h', '/shared/data/R7N/andy_luo_3v7/minimaxm3-agentx/overlays/aiter-sparse-indexer-cache-fusion-545d97c-266922c/csrc/cpp_itfs/sampling/sampling.cuh', '/shared/data/R7N/andy_luo_3v7/minimaxm3-agentx/overlays/aiter-sparse-indexer-cache-fusion-545d97c-266922c/csrc/cpp_itfs/sampling/vec_dtypes.cuh'], 'sources': [], 'cxxflags': [], 'func_name': 'top_k_top_p_sampling_from_probs_51f5779b2644c0a61347d39ea3295db7', 'folder': 'top_k_top_p_sampling_from_probs_51f5779b2644c0a61347d39ea3295db7', 'kwargs': OrderedDict({'vec_size': 4, 'deterministic': True})}...
(Worker_TP1 pid=552888) [aiter] [pid=552888 pname=VllmWorker-1] waiting for baton release at /tmp/inferencex-minimaxm3-1411/home/.aiter/build/top_k_top_p_sampling_from_probs_51f5779b2644c0a61347d39ea3295db7/lock
(Worker_TP3 pid=552890) [aiter] [pid=552890 pname=VllmWorker-3] waiting for baton release at /tmp/inferencex-minimaxm3-1411/home/.aiter/build/top_k_top_p_sampling_from_probs_51f5779b2644c0a61347d39ea3295db7/lock
clang (LLVM option parsing): Unknown command line argument '-amdgpu-coerce-illegal-types=1'.  Try: 'clang (LLVM option parsing) --help'
clang (LLVM option parsing): Did you mean '--amdgpu-mode-register=1'?
failed to execute:/opt/rocm/lib/llvm/bin/clang++  --offload-arch=gfx950 --offload-arch=gfx950 --offload-arch=gfx950 --offload-arch=gfx950 --offload-arch=gfx950 --offload-arch=gfx950 --offload-arch=gfx950 --offload-arch=gfx950 -O3  -mllvm -amdgpu-coerce-illegal-types=1 -x hip -c /dev/null -o "/dev/null"
(Worker_TP2 pid=552889) [aiter] -mllvm -amdgpu-coerce-illegal-types=1 is not supported by hipcc.
(Worker_TP2 pid=552889) [aiter] finish build /tmp/inferencex-minimaxm3-1411/home/.aiter/build/top_k_top_p_sampling_from_probs_51f5779b2644c0a61347d39ea3295db7, cost 15.54446183s
(Worker_TP0 pid=552887) WARNING 08-25 18:11:13 [topk_topp_sampler.py:240] aiter sampler does not support per-request generators; falling back to PyTorch-native.
(Worker_TP1 pid=552888) INFO 08-25 18:11:16 [gpu_model_runner.py:6681] Profiling CUDA graph memory: PIECEWISE=48 (largest=500), FULL=48 (largest=500)
(Worker_TP2 pid=552889) INFO 08-25 18:11:16 [gpu_model_runner.py:6681] Profiling CUDA graph memory: PIECEWISE=48 (largest=500), FULL=48 (largest=500)
(Worker_TP3 pid=552890) INFO 08-25 18:11:16 [gpu_model_runner.py:6681] Profiling CUDA graph memory: PIECEWISE=48 (largest=500), FULL=48 (largest=500)
(Worker_TP0 pid=552887) INFO 08-25 18:11:16 [gpu_model_runner.py:6681] Profiling CUDA graph memory: PIECEWISE=48 (largest=500), FULL=48 (largest=500)
(Worker_TP1 pid=552888) [aiter] [pid=552888 pname=VllmWorker-1] start build [module_minimax_m3_fused_qknorm_rope_cache_shuffle] under /tmp/inferencex-minimaxm3-1411/home/.aiter/jit/build/module_minimax_m3_fused_qknorm_rope_cache_shuffle
(Worker_TP2 pid=552889) [aiter] [pid=552889 pname=VllmWorker-2] waiting for baton release at /tmp/inferencex-minimaxm3-1411/home/.aiter/jit/build/lock_module_minimax_m3_fused_qknorm_rope_cache_shuffle
(Worker_TP3 pid=552890) [aiter] [pid=552890 pname=VllmWorker-3] waiting for baton release at /tmp/inferencex-minimaxm3-1411/home/.aiter/jit/build/lock_module_minimax_m3_fused_qknorm_rope_cache_shuffle
(Worker_TP0 pid=552887) [aiter] [pid=552887 pname=VllmWorker-0] waiting for baton release at /tmp/inferencex-minimaxm3-1411/home/.aiter/jit/build/lock_module_minimax_m3_fused_qknorm_rope_cache_shuffle
(Worker_TP1 pid=552888) [aiter] [pid=552888 pname=VllmWorker-1] [32mfinish build [module_minimax_m3_fused_qknorm_rope_cache_shuffle], cost 5.7s [0m
(Worker_TP1 pid=552888) [aiter] import [module_minimax_m3_fused_qknorm_rope_cache_shuffle] under /tmp/inferencex-minimaxm3-1411/home/.aiter/jit/module_minimax_m3_fused_qknorm_rope_cache_shuffle.so
(Worker_TP1 pid=552888) [aiter] shape is M:500, N:128, K:6144 dtype='torch.float32' otype='torch.float32' bias=False, scaleAB=False, bpreshuffle=False, not found tuned config in /tmp/aiter_configs/bf16_tuned_gemm.csv, will use default config! using torch solution:0
(Worker_TP1 pid=552888) [aiter] [fused_moe] using 2stage (kernelName1='flydsl_moe1_afp4_wfp4_bf16_t32x128x256_w2_fp4', kernelName2='flydsl_moe2_afp4_wfp4_bf16_t32x128x256_atomic_persist') for ('gfx950', 256, 512, 6144, 768, 129, 5, 'ActivationType.Swiglu', 'torch.bfloat16', 'torch.float4_e2m1fn_x2', 'torch.float4_e2m1fn_x2', 'QuantType.per_1x32', True, False) 
(Worker_TP2 pid=552889) [aiter] import [module_minimax_m3_fused_qknorm_rope_cache_shuffle] under /tmp/inferencex-minimaxm3-1411/home/.aiter/jit/module_minimax_m3_fused_qknorm_rope_cache_shuffle.so
(Worker_TP3 pid=552890) [aiter] import [module_minimax_m3_fused_qknorm_rope_cache_shuffle] under /tmp/inferencex-minimaxm3-1411/home/.aiter/jit/module_minimax_m3_fused_qknorm_rope_cache_shuffle.so
(Worker_TP2 pid=552889) [aiter] shape is M:500, N:128, K:6144 dtype='torch.float32' otype='torch.float32' bias=False, scaleAB=False, bpreshuffle=False, not found tuned config in /tmp/aiter_configs/bf16_tuned_gemm.csv, will use default config! using torch solution:0
(Worker_TP0 pid=552887) [aiter] import [module_minimax_m3_fused_qknorm_rope_cache_shuffle] under /tmp/inferencex-minimaxm3-1411/home/.aiter/jit/module_minimax_m3_fused_qknorm_rope_cache_shuffle.so
(Worker_TP2 pid=552889) [aiter] [fused_moe] using 2stage (kernelName1='flydsl_moe1_afp4_wfp4_bf16_t32x128x256_w2_fp4', kernelName2='flydsl_moe2_afp4_wfp4_bf16_t32x128x256_atomic_persist') for ('gfx950', 256, 512, 6144, 768, 129, 5, 'ActivationType.Swiglu', 'torch.bfloat16', 'torch.float4_e2m1fn_x2', 'torch.float4_e2m1fn_x2', 'QuantType.per_1x32', True, False) 
(Worker_TP3 pid=552890) [aiter] shape is M:500, N:128, K:6144 dtype='torch.float32' otype='torch.float32' bias=False, scaleAB=False, bpreshuffle=False, not found tuned config in /tmp/aiter_configs/bf16_tuned_gemm.csv, will use default config! using torch solution:0
(Worker_TP3 pid=552890) [aiter] [fused_moe] using 2stage (kernelName1='flydsl_moe1_afp4_wfp4_bf16_t32x128x256_w2_fp4', kernelName2='flydsl_moe2_afp4_wfp4_bf16_t32x128x256_atomic_persist') for ('gfx950', 256, 512, 6144, 768, 129, 5, 'ActivationType.Swiglu', 'torch.bfloat16', 'torch.float4_e2m1fn_x2', 'torch.float4_e2m1fn_x2', 'QuantType.per_1x32', True, False) 
(Worker_TP0 pid=552887) [aiter] shape is M:500, N:128, K:6144 dtype='torch.float32' otype='torch.float32' bias=False, scaleAB=False, bpreshuffle=False, not found tuned config in /tmp/aiter_configs/bf16_tuned_gemm.csv, will use default config! using torch solution:0
(Worker_TP0 pid=552887) [aiter] [fused_moe] using 2stage (kernelName1='flydsl_moe1_afp4_wfp4_bf16_t32x128x256_w2_fp4', kernelName2='flydsl_moe2_afp4_wfp4_bf16_t32x128x256_atomic_persist') for ('gfx950', 256, 512, 6144, 768, 129, 5, 'ActivationType.Swiglu', 'torch.bfloat16', 'torch.float4_e2m1fn_x2', 'torch.float4_e2m1fn_x2', 'QuantType.per_1x32', True, False) 
(Worker_TP1 pid=552888) [aiter] shape is M:500, N:2304, K:12288 dtype='torch.bfloat16' otype='torch.bfloat16' bias=False, scaleAB=False, bpreshuffle=False, not found tuned config in /tmp/aiter_configs/bf16_tuned_gemm.csv, will use default config! using torch solution:0
(Worker_TP2 pid=552889) [aiter] shape is M:500, N:2304, K:12288 dtype='torch.bfloat16' otype='torch.bfloat16' bias=False, scaleAB=False, bpreshuffle=False, not found tuned config in /tmp/aiter_configs/bf16_tuned_gemm.csv, will use default config! using torch solution:0
(Worker_TP3 pid=552890) [aiter] shape is M:500, N:2304, K:12288 dtype='torch.bfloat16' otype='torch.bfloat16' bias=False, scaleAB=False, bpreshuffle=False, not found tuned config in /tmp/aiter_configs/bf16_tuned_gemm.csv, will use default config! using torch solution:0
(Worker_TP0 pid=552887) [aiter] shape is M:500, N:2304, K:12288 dtype='torch.bfloat16' otype='torch.bfloat16' bias=False, scaleAB=False, bpreshuffle=False, not found tuned config in /tmp/aiter_configs/bf16_tuned_gemm.csv, will use default config! using torch solution:0
(Worker_TP1 pid=552888) [aiter] shape is M:480, N:128, K:6144 dtype='torch.float32' otype='torch.float32' bias=False, scaleAB=False, bpreshuffle=False, not found tuned config in /tmp/aiter_configs/bf16_tuned_gemm.csv, will use default config! using torch solution:0
(Worker_TP1 pid=552888) [aiter] shape is M:480, N:2304, K:12288 dtype='torch.bfloat16' otype='torch.bfloat16' bias=False, scaleAB=False, bpreshuffle=False, not found tuned config in /tmp/aiter_configs/bf16_tuned_gemm.csv, will use default config! using torch solution:0
(Worker_TP2 pid=552889) [aiter] shape is M:480, N:128, K:6144 dtype='torch.float32' otype='torch.float32' bias=False, scaleAB=False, bpreshuffle=False, not found tuned config in /tmp/aiter_configs/bf16_tuned_gemm.csv, will use default config! using torch solution:0
(Worker_TP2 pid=552889) [aiter] shape is M:480, N:2304, K:12288 dtype='torch.bfloat16' otype='torch.bfloat16' bias=False, scaleAB=False, bpreshuffle=False, not found tuned config in /tmp/aiter_configs/bf16_tuned_gemm.csv, will use default config! using torch solution:0
(Worker_TP3 pid=552890) [aiter] shape is M:480, N:128, K:6144 dtype='torch.float32' otype='torch.float32' bias=False, scaleAB=False, bpreshuffle=False, not found tuned config in /tmp/aiter_configs/bf16_tuned_gemm.csv, will use default config! using torch solution:0
(Worker_TP0 pid=552887) [aiter] shape is M:480, N:128, K:6144 dtype='torch.float32' otype='torch.float32' bias=False, scaleAB=False, bpreshuffle=False, not found tuned config in /tmp/aiter_configs/bf16_tuned_gemm.csv, will use default config! using torch solution:0
(Worker_TP3 pid=552890) [aiter] shape is M:480, N:2304, K:12288 dtype='torch.bfloat16' otype='torch.bfloat16' bias=False, scaleAB=False, bpreshuffle=False, not found tuned config in /tmp/aiter_configs/bf16_tuned_gemm.csv, will use default config! using torch solution:0
(Worker_TP0 pid=552887) [aiter] shape is M:480, N:2304, K:12288 dtype='torch.bfloat16' otype='torch.bfloat16' bias=False, scaleAB=False, bpreshuffle=False, not found tuned config in /tmp/aiter_configs/bf16_tuned_gemm.csv, will use default config! using torch solution:0
(Worker_TP1 pid=552888) [aiter] compile_template_op func_name = 'pa_ps_a326c53e1b25c0f509d02cae5ec55dd0' with {'src_template': <Template memory:78bdc83c4d70>, 'md_name': 'pa_ps', 'includes': ['/shared/data/R7N/andy_luo_3v7/minimaxm3-agentx/overlays/aiter-sparse-indexer-cache-fusion-545d97c-266922c/csrc/cpp_itfs/pa/pa_ps.cuh'], 'sources': [], 'cxxflags': [], 'func_name': 'pa_ps_a326c53e1b25c0f509d02cae5ec55dd0', 'folder': 'pa_ps_a326c53e1b25c0f509d02cae5ec55dd0', 'kwargs': OrderedDict({'head_size': 128, 'query_group_size': 16, 'context_partition_num': 2, 'out_dtype': '__hip_bfloat16', 'logits_dtype': '__hip_bfloat16', 'sink_dtype': '__hip_bfloat16', 'use_sinks': False})}...
(Worker_TP1 pid=552888) [aiter] start build /tmp/inferencex-minimaxm3-1411/home/.aiter/build/pa_ps_a326c53e1b25c0f509d02cae5ec55dd0
(Worker_TP2 pid=552889) [aiter] compile_template_op func_name = 'pa_ps_a326c53e1b25c0f509d02cae5ec55dd0' with {'src_template': <Template memory:719e5b4af620>, 'md_name': 'pa_ps', 'includes': ['/shared/data/R7N/andy_luo_3v7/minimaxm3-agentx/overlays/aiter-sparse-indexer-cache-fusion-545d97c-266922c/csrc/cpp_itfs/pa/pa_ps.cuh'], 'sources': [], 'cxxflags': [], 'func_name': 'pa_ps_a326c53e1b25c0f509d02cae5ec55dd0', 'folder': 'pa_ps_a326c53e1b25c0f509d02cae5ec55dd0', 'kwargs': OrderedDict({'head_size': 128, 'query_group_size': 16, 'context_partition_num': 2, 'out_dtype': '__hip_bfloat16', 'logits_dtype': '__hip_bfloat16', 'sink_dtype': '__hip_bfloat16', 'use_sinks': False})}...
(Worker_TP2 pid=552889) [aiter] [pid=552889 pname=VllmWorker-2] waiting for baton release at /tmp/inferencex-minimaxm3-1411/home/.aiter/build/pa_ps_a326c53e1b25c0f509d02cae5ec55dd0/lock
(Worker_TP3 pid=552890) [aiter] compile_template_op func_name = 'pa_ps_a326c53e1b25c0f509d02cae5ec55dd0' with {'src_template': <Template memory:7e8ee769cd70>, 'md_name': 'pa_ps', 'includes': ['/shared/data/R7N/andy_luo_3v7/minimaxm3-agentx/overlays/aiter-sparse-indexer-cache-fusion-545d97c-266922c/csrc/cpp_itfs/pa/pa_ps.cuh'], 'sources': [], 'cxxflags': [], 'func_name': 'pa_ps_a326c53e1b25c0f509d02cae5ec55dd0', 'folder': 'pa_ps_a326c53e1b25c0f509d02cae5ec55dd0', 'kwargs': OrderedDict({'head_size': 128, 'query_group_size': 16, 'context_partition_num': 2, 'out_dtype': '__hip_bfloat16', 'logits_dtype': '__hip_bfloat16', 'sink_dtype': '__hip_bfloat16', 'use_sinks': False})}...
(Worker_TP3 pid=552890) [aiter] [pid=552890 pname=VllmWorker-3] waiting for baton release at /tmp/inferencex-minimaxm3-1411/home/.aiter/build/pa_ps_a326c53e1b25c0f509d02cae5ec55dd0/lock
(Worker_TP0 pid=552887) [aiter] compile_template_op func_name = 'pa_ps_a326c53e1b25c0f509d02cae5ec55dd0' with {'src_template': <Template memory:7f23db624080>, 'md_name': 'pa_ps', 'includes': ['/shared/data/R7N/andy_luo_3v7/minimaxm3-agentx/overlays/aiter-sparse-indexer-cache-fusion-545d97c-266922c/csrc/cpp_itfs/pa/pa_ps.cuh'], 'sources': [], 'cxxflags': [], 'func_name': 'pa_ps_a326c53e1b25c0f509d02cae5ec55dd0', 'folder': 'pa_ps_a326c53e1b25c0f509d02cae5ec55dd0', 'kwargs': OrderedDict({'head_size': 128, 'query_group_size': 16, 'context_partition_num': 2, 'out_dtype': '__hip_bfloat16', 'logits_dtype': '__hip_bfloat16', 'sink_dtype': '__hip_bfloat16', 'use_sinks': False})}...
(Worker_TP0 pid=552887) [aiter] [pid=552887 pname=VllmWorker-0] waiting for baton release at /tmp/inferencex-minimaxm3-1411/home/.aiter/build/pa_ps_a326c53e1b25c0f509d02cae5ec55dd0/lock
clang (LLVM option parsing): Unknown command line argument '-amdgpu-coerce-illegal-types=1'.  Try: 'clang (LLVM option parsing) --help'
clang (LLVM option parsing): Did you mean '--amdgpu-mode-register=1'?
failed to execute:/opt/rocm/lib/llvm/bin/clang++  --offload-arch=gfx950 --offload-arch=gfx950 --offload-arch=gfx950 --offload-arch=gfx950 --offload-arch=gfx950 --offload-arch=gfx950 --offload-arch=gfx950 --offload-arch=gfx950 -O3  -mllvm -amdgpu-coerce-illegal-types=1 -x hip -c /dev/null -o "/dev/null"
(Worker_TP1 pid=552888) [aiter] -mllvm -amdgpu-coerce-illegal-types=1 is not supported by hipcc.
(Worker_TP1 pid=552888) [aiter] finish build /tmp/inferencex-minimaxm3-1411/home/.aiter/build/pa_ps_a326c53e1b25c0f509d02cae5ec55dd0, cost 14.03949262s
(EngineCore pid=552608) INFO 08-25 18:11:38 [shm_broadcast.py:802] No available shared memory broadcast block found in 60 seconds. This typically happens when some processes are hanging or doing some time-consuming work (e.g. compilation, weight/kv cache quantization).
(Worker_TP0 pid=552887) [aiter] Registering 248 cuda graph addresses
(Worker_TP2 pid=552889) [aiter] Registering 248 cuda graph addresses
(Worker_TP1 pid=552888) [aiter] Registering 248 cuda graph addresses
(Worker_TP3 pid=552890) [aiter] Registering 248 cuda graph addresses
(Worker_TP2 pid=552889) INFO 08-25 18:11:41 [gpu_model_runner.py:6806] Estimated CUDA graph memory: 2.31 GiB total
(Worker_TP2 pid=552889) INFO 08-25 18:11:41 [gpu_worker.py:578] CUDA graph memory profiling is enabled (default since v0.21.0). The current --gpu-memory-utilization=0.8500 is equivalent to --gpu-memory-utilization=0.8420 without CUDA graph memory profiling. To maintain the same effective KV cache size as before, increase --gpu-memory-utilization to 0.8580. To disable, set VLLM_MEMORY_PROFILER_ESTIMATE_CUDAGRAPHS=0.
(Worker_TP1 pid=552888) INFO 08-25 18:11:41 [gpu_model_runner.py:6806] Estimated CUDA graph memory: 2.31 GiB total
(Worker_TP1 pid=552888) INFO 08-25 18:11:41 [gpu_worker.py:578] CUDA graph memory profiling is enabled (default since v0.21.0). The current --gpu-memory-utilization=0.8500 is equivalent to --gpu-memory-utilization=0.8420 without CUDA graph memory profiling. To maintain the same effective KV cache size as before, increase --gpu-memory-utilization to 0.8580. To disable, set VLLM_MEMORY_PROFILER_ESTIMATE_CUDAGRAPHS=0.
(Worker_TP0 pid=552887) INFO 08-25 18:11:41 [gpu_model_runner.py:6806] Estimated CUDA graph memory: 2.31 GiB total
(Worker_TP0 pid=552887) INFO 08-25 18:11:41 [gpu_worker.py:563] Available KV cache memory: 174.78 GiB
(Worker_TP0 pid=552887) INFO 08-25 18:11:41 [gpu_worker.py:578] CUDA graph memory profiling is enabled (default since v0.21.0). The current --gpu-memory-utilization=0.8500 is equivalent to --gpu-memory-utilization=0.8420 without CUDA graph memory profiling. To maintain the same effective KV cache size as before, increase --gpu-memory-utilization to 0.8580. To disable, set VLLM_MEMORY_PROFILER_ESTIMATE_CUDAGRAPHS=0.
(Worker_TP3 pid=552890) INFO 08-25 18:11:41 [gpu_model_runner.py:6806] Estimated CUDA graph memory: 2.31 GiB total
(Worker_TP3 pid=552890) INFO 08-25 18:11:41 [gpu_worker.py:578] CUDA graph memory profiling is enabled (default since v0.21.0). The current --gpu-memory-utilization=0.8500 is equivalent to --gpu-memory-utilization=0.8420 without CUDA graph memory profiling. To maintain the same effective KV cache size as before, increase --gpu-memory-utilization to 0.8580. To disable, set VLLM_MEMORY_PROFILER_ESTIMATE_CUDAGRAPHS=0.
(EngineCore pid=552608) INFO 08-25 18:11:41 [kv_cache_utils.py:2235] GPU KV cache size: 8,184,960 tokens
(EngineCore pid=552608) INFO 08-25 18:11:41 [kv_cache_utils.py:2236] Maximum concurrency for 1,048,576 tokens per request: 7.81x
(Worker_TP3 pid=552890) INFO 08-25 18:11:41 [gpu_worker.py:707] Compile and warming up model for size 32768
(Worker_TP2 pid=552889) INFO 08-25 18:11:41 [gpu_worker.py:707] Compile and warming up model for size 32768
(Worker_TP0 pid=552887) INFO 08-25 18:11:41 [gpu_worker.py:707] Compile and warming up model for size 32768
(Worker_TP1 pid=552888) INFO 08-25 18:11:41 [gpu_worker.py:707] Compile and warming up model for size 32768
(Worker_TP2 pid=552889) INFO 08-25 18:11:42 [ll_bf16.py:30] cuteDSL (CUTLASS Python) not available, ll_bf16_gemm disabled
(Worker_TP0 pid=552887) INFO 08-25 18:11:42 [ll_bf16.py:30] cuteDSL (CUTLASS Python) not available, ll_bf16_gemm disabled
(Worker_TP3 pid=552890) INFO 08-25 18:11:42 [ll_bf16.py:30] cuteDSL (CUTLASS Python) not available, ll_bf16_gemm disabled
(Worker_TP1 pid=552888) INFO 08-25 18:11:42 [ll_bf16.py:30] cuteDSL (CUTLASS Python) not available, ll_bf16_gemm disabled
(Worker_TP2 pid=552889) INFO 08-25 18:11:42 [minimax_m3_msa_warmup.py:455] Warming MiniMax M3 ROCm AgentX dynamic kernels in-process.
(Worker_TP2 pid=552889) INFO 08-25 18:11:42 [minimax_m3_msa_warmup.py:225] Warming 128 MiniMax M3 AITER unified-attention configurations twice.
(Worker_TP3 pid=552890) INFO 08-25 18:11:42 [minimax_m3_msa_warmup.py:455] Warming MiniMax M3 ROCm AgentX dynamic kernels in-process.
(Worker_TP0 pid=552887) INFO 08-25 18:11:42 [minimax_m3_msa_warmup.py:455] Warming MiniMax M3 ROCm AgentX dynamic kernels in-process.
(Worker_TP3 pid=552890) INFO 08-25 18:11:42 [minimax_m3_msa_warmup.py:225] Warming 128 MiniMax M3 AITER unified-attention configurations twice.
(Worker_TP0 pid=552887) INFO 08-25 18:11:42 [minimax_m3_msa_warmup.py:225] Warming 128 MiniMax M3 AITER unified-attention configurations twice.
(Worker_TP1 pid=552888) INFO 08-25 18:11:42 [minimax_m3_msa_warmup.py:455] Warming MiniMax M3 ROCm AgentX dynamic kernels in-process.
(Worker_TP1 pid=552888) INFO 08-25 18:11:42 [minimax_m3_msa_warmup.py:225] Warming 128 MiniMax M3 AITER unified-attention configurations twice.
(Worker_TP2 pid=552889) INFO 08-25 18:12:08 [minimax_m3_msa_warmup.py:346] Warming MiniMax M3 AITER sparse paged-attention prefills (32, 818, 820) with int32 context offsets (0, 1, 2, 3) twice.
(Worker_TP2 pid=552889) [aiter] compile_template_op func_name = 'pa_ps_a55a84d8af60d1de6986294da4009911' with {'src_template': <Template memory:719e5b4af620>, 'md_name': 'pa_ps', 'includes': ['/shared/data/R7N/andy_luo_3v7/minimaxm3-agentx/overlays/aiter-sparse-indexer-cache-fusion-545d97c-266922c/csrc/cpp_itfs/pa/pa_ps.cuh'], 'sources': [], 'cxxflags': [], 'func_name': 'pa_ps_a55a84d8af60d1de6986294da4009911', 'folder': 'pa_ps_a55a84d8af60d1de6986294da4009911', 'kwargs': OrderedDict({'head_size': 128, 'query_group_size': 16, 'context_partition_num': 8, 'out_dtype': '__hip_bfloat16', 'logits_dtype': '__hip_bfloat16', 'sink_dtype': '__hip_bfloat16', 'use_sinks': False})}...
(Worker_TP3 pid=552890) INFO 08-25 18:12:08 [minimax_m3_msa_warmup.py:346] Warming MiniMax M3 AITER sparse paged-attention prefills (32, 818, 820) with int32 context offsets (0, 1, 2, 3) twice.
(Worker_TP3 pid=552890) [aiter] compile_template_op func_name = 'pa_ps_a55a84d8af60d1de6986294da4009911' with {'src_template': <Template memory:7e8ee769cd70>, 'md_name': 'pa_ps', 'includes': ['/shared/data/R7N/andy_luo_3v7/minimaxm3-agentx/overlays/aiter-sparse-indexer-cache-fusion-545d97c-266922c/csrc/cpp_itfs/pa/pa_ps.cuh'], 'sources': [], 'cxxflags': [], 'func_name': 'pa_ps_a55a84d8af60d1de6986294da4009911', 'folder': 'pa_ps_a55a84d8af60d1de6986294da4009911', 'kwargs': OrderedDict({'head_size': 128, 'query_group_size': 16, 'context_partition_num': 8, 'out_dtype': '__hip_bfloat16', 'logits_dtype': '__hip_bfloat16', 'sink_dtype': '__hip_bfloat16', 'use_sinks': False})}...
(Worker_TP3 pid=552890) [aiter] [pid=552890 pname=VllmWorker-3] waiting for baton release at /tmp/inferencex-minimaxm3-1411/home/.aiter/build/pa_ps_a55a84d8af60d1de6986294da4009911/lock
(Worker_TP2 pid=552889) [aiter] start build /tmp/inferencex-minimaxm3-1411/home/.aiter/build/pa_ps_a55a84d8af60d1de6986294da4009911
(Worker_TP1 pid=552888) INFO 08-25 18:12:08 [minimax_m3_msa_warmup.py:346] Warming MiniMax M3 AITER sparse paged-attention prefills (32, 818, 820) with int32 context offsets (0, 1, 2, 3) twice.
(Worker_TP1 pid=552888) [aiter] compile_template_op func_name = 'pa_ps_a55a84d8af60d1de6986294da4009911' with {'src_template': <Template memory:78bdc83c4d70>, 'md_name': 'pa_ps', 'includes': ['/shared/data/R7N/andy_luo_3v7/minimaxm3-agentx/overlays/aiter-sparse-indexer-cache-fusion-545d97c-266922c/csrc/cpp_itfs/pa/pa_ps.cuh'], 'sources': [], 'cxxflags': [], 'func_name': 'pa_ps_a55a84d8af60d1de6986294da4009911', 'folder': 'pa_ps_a55a84d8af60d1de6986294da4009911', 'kwargs': OrderedDict({'head_size': 128, 'query_group_size': 16, 'context_partition_num': 8, 'out_dtype': '__hip_bfloat16', 'logits_dtype': '__hip_bfloat16', 'sink_dtype': '__hip_bfloat16', 'use_sinks': False})}...
(Worker_TP1 pid=552888) [aiter] [pid=552888 pname=VllmWorker-1] waiting for baton release at /tmp/inferencex-minimaxm3-1411/home/.aiter/build/pa_ps_a55a84d8af60d1de6986294da4009911/lock
(Worker_TP0 pid=552887) INFO 08-25 18:12:08 [minimax_m3_msa_warmup.py:346] Warming MiniMax M3 AITER sparse paged-attention prefills (32, 818, 820) with int32 context offsets (0, 1, 2, 3) twice.
(Worker_TP0 pid=552887) [aiter] compile_template_op func_name = 'pa_ps_a55a84d8af60d1de6986294da4009911' with {'src_template': <Template memory:7f23db624080>, 'md_name': 'pa_ps', 'includes': ['/shared/data/R7N/andy_luo_3v7/minimaxm3-agentx/overlays/aiter-sparse-indexer-cache-fusion-545d97c-266922c/csrc/cpp_itfs/pa/pa_ps.cuh'], 'sources': [], 'cxxflags': [], 'func_name': 'pa_ps_a55a84d8af60d1de6986294da4009911', 'folder': 'pa_ps_a55a84d8af60d1de6986294da4009911', 'kwargs': OrderedDict({'head_size': 128, 'query_group_size': 16, 'context_partition_num': 8, 'out_dtype': '__hip_bfloat16', 'logits_dtype': '__hip_bfloat16', 'sink_dtype': '__hip_bfloat16', 'use_sinks': False})}...
(Worker_TP0 pid=552887) [aiter] [pid=552887 pname=VllmWorker-0] waiting for baton release at /tmp/inferencex-minimaxm3-1411/home/.aiter/build/pa_ps_a55a84d8af60d1de6986294da4009911/lock
(Worker_TP2 pid=552889) [aiter] finish build /tmp/inferencex-minimaxm3-1411/home/.aiter/build/pa_ps_a55a84d8af60d1de6986294da4009911, cost 1.61846270s
(Worker_TP0 pid=552887) INFO 08-25 18:12:12 [minimax_m3_msa_warmup.py:419] MiniMax M3 AgentX drafter BF16 GEMM warmup shapes: (('model.layers.0.self_attn.qkv_proj.weight', (2304, 12288)), ('model.layers.0.self_attn.o_proj.weight', (6144, 2048)), ('model.layers.0.mlp.down_proj.weight', (6144, 4608)), ('model.fc.weight', (6144, 18432)), ('model.layers.0.mlp.gate_up_proj.weight', (9216, 6144)))
(Worker_TP2 pid=552889) INFO 08-25 18:12:12 [minimax_m3_msa_warmup.py:419] MiniMax M3 AgentX drafter BF16 GEMM warmup shapes: (('model.layers.0.self_attn.qkv_proj.weight', (2304, 12288)), ('model.layers.0.self_attn.o_proj.weight', (6144, 2048)), ('model.layers.0.mlp.down_proj.weight', (6144, 4608)), ('model.fc.weight', (6144, 18432)), ('model.layers.0.mlp.gate_up_proj.weight', (9216, 6144)))
(Worker_TP1 pid=552888) INFO 08-25 18:12:12 [minimax_m3_msa_warmup.py:419] MiniMax M3 AgentX drafter BF16 GEMM warmup shapes: (('model.layers.0.self_attn.qkv_proj.weight', (2304, 12288)), ('model.layers.0.self_attn.o_proj.weight', (6144, 2048)), ('model.layers.0.mlp.down_proj.weight', (6144, 4608)), ('model.fc.weight', (6144, 18432)), ('model.layers.0.mlp.gate_up_proj.weight', (9216, 6144)))
(Worker_TP3 pid=552890) INFO 08-25 18:12:12 [minimax_m3_msa_warmup.py:419] MiniMax M3 AgentX drafter BF16 GEMM warmup shapes: (('model.layers.0.self_attn.qkv_proj.weight', (2304, 12288)), ('model.layers.0.self_attn.o_proj.weight', (6144, 2048)), ('model.layers.0.mlp.down_proj.weight', (6144, 4608)), ('model.fc.weight', (6144, 18432)), ('model.layers.0.mlp.gate_up_proj.weight', (9216, 6144)))
(Worker_TP2 pid=552889) INFO 08-25 18:12:29 [minimax_m3_msa_warmup.py:609] MiniMax M3 ROCm AgentX dynamic-kernel warmup complete.
(Worker_TP0 pid=552887) INFO 08-25 18:12:29 [minimax_m3_msa_warmup.py:609] MiniMax M3 ROCm AgentX dynamic-kernel warmup complete.
(Worker_TP0 pid=552887) INFO 08-25 18:12:29 [gpu_model_runner.py:6867] Rank 0: Torch profiler disabled for CUDA graph capture
(Worker_TP1 pid=552888) INFO 08-25 18:12:29 [minimax_m3_msa_warmup.py:609] MiniMax M3 ROCm AgentX dynamic-kernel warmup complete.
(Worker_TP3 pid=552890) INFO 08-25 18:12:29 [minimax_m3_msa_warmup.py:609] MiniMax M3 ROCm AgentX dynamic-kernel warmup complete.
(Worker_TP0 pid=552887) Capturing CUDA graphs (mixed prefill-decode, PIECEWISE):   0%|          | 0/48 [00:00<?, ?it/s](Worker_TP2 pid=552889) [aiter] shape is M:465, N:128, K:6144 dtype='torch.float32' otype='torch.float32' bias=False, scaleAB=False, bpreshuffle=False, not found tuned config in /tmp/aiter_configs/bf16_tuned_gemm.csv, will use default config! using torch solution:0
(Worker_TP2 pid=552889) [aiter] shape is M:465, N:2304, K:12288 dtype='torch.bfloat16' otype='torch.bfloat16' bias=False, scaleAB=False, bpreshuffle=False, not found tuned config in /tmp/aiter_configs/bf16_tuned_gemm.csv, will use default config! using torch solution:0
(Worker_TP2 pid=552889) [aiter] shape is M:450, N:128, K:6144 dtype='torch.float32' otype='torch.float32' bias=False, scaleAB=False, bpreshuffle=False, not found tuned config in /tmp/aiter_configs/bf16_tuned_gemm.csv, will use default config! using torch solution:0
Capturing CUDA graphs (mixed prefill-decode, PIECEWISE):   2%|▏         | 1/48 [00:00<00:06,  7.74it/s](Worker_TP2 pid=552889) [aiter] shape is M:450, N:2304, K:12288 dtype='torch.bfloat16' otype='torch.bfloat16' bias=False, scaleAB=False, bpreshuffle=False, not found tuned config in /tmp/aiter_configs/bf16_tuned_gemm.csv, will use default config! using torch solution:0
(Worker_TP2 pid=552889) [aiter] shape is M:435, N:128, K:6144 dtype='torch.float32' otype='torch.float32' bias=False, scaleAB=False, bpreshuffle=False, not found tuned config in /tmp/aiter_configs/bf16_tuned_gemm.csv, will use default config! using torch solution:0
[aiter] shape is M:465, N:128, K:6144 dtype='torch.float32' otype='torch.float32' bias=False, scaleAB=False, bpreshuffle=False, not found tuned config in /tmp/aiter_configs/bf16_tuned_gemm.csv, will use default config! using torch solution:0
(Worker_TP2 pid=552889) [aiter] shape is M:435, N:2304, K:12288 dtype='torch.bfloat16' otype='torch.bfloat16' bias=False, scaleAB=False, bpreshuffle=False, not found tuned config in /tmp/aiter_configs/bf16_tuned_gemm.csv, will use default config! using torch solution:0
(Worker_TP0 pid=552887) [aiter] shape is M:465, N:2304, K:12288 dtype='torch.bfloat16' otype='torch.bfloat16' bias=False, scaleAB=False, bpreshuffle=False, not found tuned config in /tmp/aiter_configs/bf16_tuned_gemm.csv, will use default config! using torch solution:0
(Worker_TP2 pid=552889) [aiter] shape is M:420, N:128, K:6144 dtype='torch.float32' otype='torch.float32' bias=False, scaleAB=False, bpreshuffle=False, not found tuned config in /tmp/aiter_configs/bf16_tuned_gemm.csv, will use default config! using torch solution:0
(Worker_TP0 pid=552887) Capturing CUDA graphs (mixed prefill-decode, PIECEWISE):   6%|▋         | 3/48 [00:00<00:04,  9.51it/s][aiter] shape is M:450, N:128, K:6144 dtype='torch.float32' otype='torch.float32' bias=False, scaleAB=False, bpreshuffle=False, not found tuned config in /tmp/aiter_configs/bf16_tuned_gemm.csv, will use default config! using torch solution:0
(Worker_TP2 pid=552889) [aiter] shape is M:420, N:2304, K:12288 dtype='torch.bfloat16' otype='torch.bfloat16' bias=False, scaleAB=False, bpreshuffle=False, not found tuned config in /tmp/aiter_configs/bf16_tuned_gemm.csv, will use default config! using torch solution:0
(Worker_TP0 pid=552887) [aiter] shape is M:450, N:2304, K:12288 dtype='torch.bfloat16' otype='torch.bfloat16' bias=False, scaleAB=False, bpreshuffle=False, not found tuned config in /tmp/aiter_configs/bf16_tuned_gemm.csv, will use default config! using torch solution:0
(Worker_TP2 pid=552889) [aiter] shape is M:400, N:128, K:6144 dtype='torch.float32' otype='torch.float32' bias=False, scaleAB=False, bpreshuffle=False, not found tuned config in /tmp/aiter_configs/bf16_tuned_gemm.csv, will use default config! using torch solution:0
(Worker_TP1 pid=552888) [aiter] shape is M:465, N:128, K:6144 dtype='torch.float32' otype='torch.float32' bias=False, scaleAB=False, bpreshuffle=False, not found tuned config in /tmp/aiter_configs/bf16_tuned_gemm.csv, will use default config! using torch solution:0
(Worker_TP0 pid=552887) [aiter] shape is M:435, N:128, K:6144 dtype='torch.float32' otype='torch.float32' bias=False, scaleAB=False, bpreshuffle=False, not found tuned config in /tmp/aiter_configs/bf16_tuned_gemm.csv, will use default config! using torch solution:0
(Worker_TP2 pid=552889) [aiter] shape is M:400, N:2304, K:12288 dtype='torch.bfloat16' otype='torch.bfloat16' bias=False, scaleAB=False, bpreshuffle=False, not found tuned config in /tmp/aiter_configs/bf16_tuned_gemm.csv, will use default config! using torch solution:0
(Worker_TP1 pid=552888) [aiter] shape is M:465, N:2304, K:12288 dtype='torch.bfloat16' otype='torch.bfloat16' bias=False, scaleAB=False, bpreshuffle=False, not found tuned config in /tmp/aiter_configs/bf16_tuned_gemm.csv, will use default config! using torch solution:0
(Worker_TP0 pid=552887) [aiter] shape is M:435, N:2304, K:12288 dtype='torch.bfloat16' otype='torch.bfloat16' bias=False, scaleAB=False, bpreshuffle=False, not found tuned config in /tmp/aiter_configs/bf16_tuned_gemm.csv, will use default config! using torch solution:0
(Worker_TP2 pid=552889) [aiter] shape is M:385, N:128, K:6144 dtype='torch.float32' otype='torch.float32' bias=False, scaleAB=False, bpreshuffle=False, not found tuned config in /tmp/aiter_configs/bf16_tuned_gemm.csv, will use default config! using torch solution:0
(Worker_TP0 pid=552887) Capturing CUDA graphs (mixed prefill-decode, PIECEWISE):  10%|█         | 5/48 [00:00<00:04,  9.92it/s](Worker_TP1 pid=552888) [aiter] shape is M:450, N:128, K:6144 dtype='torch.float32' otype='torch.float32' bias=False, scaleAB=False, bpreshuffle=False, not found tuned config in /tmp/aiter_configs/bf16_tuned_gemm.csv, will use default config! using torch solution:0
[aiter] shape is M:420, N:128, K:6144 dtype='torch.float32' otype='torch.float32' bias=False, scaleAB=False, bpreshuffle=False, not found tuned config in /tmp/aiter_configs/bf16_tuned_gemm.csv, will use default config! using torch solution:0
(Worker_TP2 pid=552889) [aiter] shape is M:385, N:2304, K:12288 dtype='torch.bfloat16' otype='torch.bfloat16' bias=False, scaleAB=False, bpreshuffle=False, not found tuned config in /tmp/aiter_configs/bf16_tuned_gemm.csv, will use default config! using torch solution:0
(Worker_TP1 pid=552888) [aiter] shape is M:450, N:2304, K:12288 dtype='torch.bfloat16' otype='torch.bfloat16' bias=False, scaleAB=False, bpreshuffle=False, not found tuned config in /tmp/aiter_configs/bf16_tuned_gemm.csv, will use default config! using torch solution:0
(Worker_TP0 pid=552887) [aiter] shape is M:420, N:2304, K:12288 dtype='torch.bfloat16' otype='torch.bfloat16' bias=False, scaleAB=False, bpreshuffle=False, not found tuned config in /tmp/aiter_configs/bf16_tuned_gemm.csv, will use default config! using torch solution:0
(Worker_TP2 pid=552889) [aiter] shape is M:370, N:128, K:6144 dtype='torch.float32' otype='torch.float32' bias=False, scaleAB=False, bpreshuffle=False, not found tuned config in /tmp/aiter_configs/bf16_tuned_gemm.csv, will use default config! using torch solution:0
(Worker_TP0 pid=552887) [aiter] shape is M:400, N:128, K:6144 dtype='torch.float32' otype='torch.float32' bias=False, scaleAB=False, bpreshuffle=False, not found tuned config in /tmp/aiter_configs/bf16_tuned_gemm.csv, will use default config! using torch solution:0
(Worker_TP1 pid=552888) [aiter] shape is M:435, N:128, K:6144 dtype='torch.float32' otype='torch.float32' bias=False, scaleAB=False, bpreshuffle=False, not found tuned config in /tmp/aiter_configs/bf16_tuned_gemm.csv, will use default config! using torch solution:0
(Worker_TP2 pid=552889) [aiter] shape is M:370, N:2304, K:12288 dtype='torch.bfloat16' otype='torch.bfloat16' bias=False, scaleAB=False, bpreshuffle=False, not found tuned config in /tmp/aiter_configs/bf16_tuned_gemm.csv, will use default config! using torch solution:0
(Worker_TP0 pid=552887) [aiter] shape is M:400, N:2304, K:12288 dtype='torch.bfloat16' otype='torch.bfloat16' bias=False, scaleAB=False, bpreshuffle=False, not found tuned config in /tmp/aiter_configs/bf16_tuned_gemm.csv, will use default config! using torch solution:0
(Worker_TP1 pid=552888) [aiter] shape is M:435, N:2304, K:12288 dtype='torch.bfloat16' otype='torch.bfloat16' bias=False, scaleAB=False, bpreshuffle=False, not found tuned config in /tmp/aiter_configs/bf16_tuned_gemm.csv, will use default config! using torch solution:0
(Worker_TP2 pid=552889) [aiter] shape is M:355, N:128, K:6144 dtype='torch.float32' otype='torch.float32' bias=False, scaleAB=False, bpreshuffle=False, not found tuned config in /tmp/aiter_configs/bf16_tuned_gemm.csv, will use default config! using torch solution:0
(Worker_TP0 pid=552887) Capturing CUDA graphs (mixed prefill-decode, PIECEWISE):  15%|█▍        | 7/48 [00:00<00:04, 10.23it/s][aiter] shape is M:385, N:128, K:6144 dtype='torch.float32' otype='torch.float32' bias=False, scaleAB=False, bpreshuffle=False, not found tuned config in /tmp/aiter_configs/bf16_tuned_gemm.csv, will use default config! using torch solution:0
(Worker_TP1 pid=552888) [aiter] shape is M:420, N:128, K:6144 dtype='torch.float32' otype='torch.float32' bias=False, scaleAB=False, bpreshuffle=False, not found tuned config in /tmp/aiter_configs/bf16_tuned_gemm.csv, will use default config! using torch solution:0
(Worker_TP2 pid=552889) [aiter] shape is M:355, N:2304, K:12288 dtype='torch.bfloat16' otype='torch.bfloat16' bias=False, scaleAB=False, bpreshuffle=False, not found tuned config in /tmp/aiter_configs/bf16_tuned_gemm.csv, will use default config! using torch solution:0
(Worker_TP0 pid=552887) [aiter] shape is M:385, N:2304, K:12288 dtype='torch.bfloat16' otype='torch.bfloat16' bias=False, scaleAB=False, bpreshuffle=False, not found tuned config in /tmp/aiter_configs/bf16_tuned_gemm.csv, will use default config! using torch solution:0
(Worker_TP3 pid=552890) [aiter] shape is M:465, N:128, K:6144 dtype='torch.float32' otype='torch.float32' bias=False, scaleAB=False, bpreshuffle=False, not found tuned config in /tmp/aiter_configs/bf16_tuned_gemm.csv, will use default config! using torch solution:0
(Worker_TP1 pid=552888) [aiter] shape is M:420, N:2304, K:12288 dtype='torch.bfloat16' otype='torch.bfloat16' bias=False, scaleAB=False, bpreshuffle=False, not found tuned config in /tmp/aiter_configs/bf16_tuned_gemm.csv, will use default config! using torch solution:0
(Worker_TP2 pid=552889) [aiter] shape is M:340, N:128, K:6144 dtype='torch.float32' otype='torch.float32' bias=False, scaleAB=False, bpreshuffle=False, not found tuned config in /tmp/aiter_configs/bf16_tuned_gemm.csv, will use default config! using torch solution:0
(Worker_TP3 pid=552890) [aiter] shape is M:465, N:2304, K:12288 dtype='torch.bfloat16' otype='torch.bfloat16' bias=False, scaleAB=False, bpreshuffle=False, not found tuned config in /tmp/aiter_configs/bf16_tuned_gemm.csv, will use default config! using torch solution:0
(Worker_TP0 pid=552887) [aiter] shape is M:370, N:128, K:6144 dtype='torch.float32' otype='torch.float32' bias=False, scaleAB=False, bpreshuffle=False, not found tuned config in /tmp/aiter_configs/bf16_tuned_gemm.csv, will use default config! using torch solution:0
(Worker_TP2 pid=552889) [aiter] shape is M:340, N:2304, K:12288 dtype='torch.bfloat16' otype='torch.bfloat16' bias=False, scaleAB=False, bpreshuffle=False, not found tuned config in /tmp/aiter_configs/bf16_tuned_gemm.csv, will use default config! using torch solution:0
(Worker_TP1 pid=552888) [aiter] shape is M:400, N:128, K:6144 dtype='torch.float32' otype='torch.float32' bias=False, scaleAB=False, bpreshuffle=False, not found tuned config in /tmp/aiter_configs/bf16_tuned_gemm.csv, will use default config! using torch solution:0
(Worker_TP0 pid=552887) [aiter] shape is M:370, N:2304, K:12288 dtype='torch.bfloat16' otype='torch.bfloat16' bias=False, scaleAB=False, bpreshuffle=False, not found tuned config in /tmp/aiter_configs/bf16_tuned_gemm.csv, will use default config! using torch solution:0
(Worker_TP3 pid=552890) [aiter] shape is M:450, N:128, K:6144 dtype='torch.float32' otype='torch.float32' bias=False, scaleAB=False, bpreshuffle=False, not found tuned config in /tmp/aiter_configs/bf16_tuned_gemm.csv, will use default config! using torch solution:0
(Worker_TP1 pid=552888) [aiter] shape is M:400, N:2304, K:12288 dtype='torch.bfloat16' otype='torch.bfloat16' bias=False, scaleAB=False, bpreshuffle=False, not found tuned config in /tmp/aiter_configs/bf16_tuned_gemm.csv, will use default config! using torch solution:0
(Worker_TP0 pid=552887) Capturing CUDA graphs (mixed prefill-decode, PIECEWISE):  19%|█▉        | 9/48 [00:00<00:03, 10.51it/s][aiter] shape is M:355, N:128, K:6144 dtype='torch.float32' otype='torch.float32' bias=False, scaleAB=False, bpreshuffle=False, not found tuned config in /tmp/aiter_configs/bf16_tuned_gemm.csv, will use default config! using torch solution:0
(Worker_TP3 pid=552890) [aiter] shape is M:450, N:2304, K:12288 dtype='torch.bfloat16' otype='torch.bfloat16' bias=False, scaleAB=False, bpreshuffle=False, not found tuned config in /tmp/aiter_configs/bf16_tuned_gemm.csv, will use default config! using torch solution:0
(Worker_TP1 pid=552888) [aiter] shape is M:385, N:128, K:6144 dtype='torch.float32' otype='torch.float32' bias=False, scaleAB=False, bpreshuffle=False, not found tuned config in /tmp/aiter_configs/bf16_tuned_gemm.csv, will use default config! using torch solution:0
(Worker_TP0 pid=552887) [aiter] shape is M:355, N:2304, K:12288 dtype='torch.bfloat16' otype='torch.bfloat16' bias=False, scaleAB=False, bpreshuffle=False, not found tuned config in /tmp/aiter_configs/bf16_tuned_gemm.csv, will use default config! using torch solution:0
(Worker_TP1 pid=552888) [aiter] shape is M:385, N:2304, K:12288 dtype='torch.bfloat16' otype='torch.bfloat16' bias=False, scaleAB=False, bpreshuffle=False, not found tuned config in /tmp/aiter_configs/bf16_tuned_gemm.csv, will use default config! using torch solution:0
(Worker_TP3 pid=552890) [aiter] shape is M:435, N:128, K:6144 dtype='torch.float32' otype='torch.float32' bias=False, scaleAB=False, bpreshuffle=False, not found tuned config in /tmp/aiter_configs/bf16_tuned_gemm.csv, will use default config! using torch solution:0
(Worker_TP0 pid=552887) [aiter] shape is M:340, N:128, K:6144 dtype='torch.float32' otype='torch.float32' bias=False, scaleAB=False, bpreshuffle=False, not found tuned config in /tmp/aiter_configs/bf16_tuned_gemm.csv, will use default config! using torch solution:0
(Worker_TP3 pid=552890) [aiter] shape is M:435, N:2304, K:12288 dtype='torch.bfloat16' otype='torch.bfloat16' bias=False, scaleAB=False, bpreshuffle=False, not found tuned config in /tmp/aiter_configs/bf16_tuned_gemm.csv, will use default config! using torch solution:0
(Worker_TP1 pid=552888) [aiter] shape is M:370, N:128, K:6144 dtype='torch.float32' otype='torch.float32' bias=False, scaleAB=False, bpreshuffle=False, not found tuned config in /tmp/aiter_configs/bf16_tuned_gemm.csv, will use default config! using torch solution:0
(Worker_TP0 pid=552887) [aiter] shape is M:340, N:2304, K:12288 dtype='torch.bfloat16' otype='torch.bfloat16' bias=False, scaleAB=False, bpreshuffle=False, not found tuned config in /tmp/aiter_configs/bf16_tuned_gemm.csv, will use default config! using torch solution:0
(Worker_TP1 pid=552888) [aiter] shape is M:370, N:2304, K:12288 dtype='torch.bfloat16' otype='torch.bfloat16' bias=False, scaleAB=False, bpreshuffle=False, not found tuned config in /tmp/aiter_configs/bf16_tuned_gemm.csv, will use default config! using torch solution:0
(Worker_TP3 pid=552890) [aiter] shape is M:420, N:128, K:6144 dtype='torch.float32' otype='torch.float32' bias=False, scaleAB=False, bpreshuffle=False, not found tuned config in /tmp/aiter_configs/bf16_tuned_gemm.csv, will use default config! using torch solution:0
(Worker_TP0 pid=552887) Capturing CUDA graphs (mixed prefill-decode, PIECEWISE):  23%|██▎       | 11/48 [00:01<00:03, 10.68it/s](Worker_TP1 pid=552888) [aiter] shape is M:355, N:128, K:6144 dtype='torch.float32' otype='torch.float32' bias=False, scaleAB=False, bpreshuffle=False, not found tuned config in /tmp/aiter_configs/bf16_tuned_gemm.csv, will use default config! using torch solution:0
(Worker_TP3 pid=552890) [aiter] shape is M:420, N:2304, K:12288 dtype='torch.bfloat16' otype='torch.bfloat16' bias=False, scaleAB=False, bpreshuffle=False, not found tuned config in /tmp/aiter_configs/bf16_tuned_gemm.csv, will use default config! using torch solution:0
(Worker_TP1 pid=552888) [aiter] shape is M:355, N:2304, K:12288 dtype='torch.bfloat16' otype='torch.bfloat16' bias=False, scaleAB=False, bpreshuffle=False, not found tuned config in /tmp/aiter_configs/bf16_tuned_gemm.csv, will use default config! using torch solution:0
(Worker_TP3 pid=552890) [aiter] shape is M:400, N:128, K:6144 dtype='torch.float32' otype='torch.float32' bias=False, scaleAB=False, bpreshuffle=False, not found tuned config in /tmp/aiter_configs/bf16_tuned_gemm.csv, will use default config! using torch solution:0
(Worker_TP1 pid=552888) [aiter] shape is M:340, N:128, K:6144 dtype='torch.float32' otype='torch.float32' bias=False, scaleAB=False, bpreshuffle=False, not found tuned config in /tmp/aiter_configs/bf16_tuned_gemm.csv, will use default config! using torch solution:0
(Worker_TP2 pid=552889) [aiter] shape is M:320, N:128, K:6144 dtype='torch.float32' otype='torch.float32' bias=False, scaleAB=False, bpreshuffle=False, not found tuned config in /tmp/aiter_configs/bf16_tuned_gemm.csv, will use default config! using torch solution:0
(Worker_TP3 pid=552890) [aiter] shape is M:400, N:2304, K:12288 dtype='torch.bfloat16' otype='torch.bfloat16' bias=False, scaleAB=False, bpreshuffle=False, not found tuned config in /tmp/aiter_configs/bf16_tuned_gemm.csv, will use default config! using torch solution:0
(Worker_TP1 pid=552888) [aiter] shape is M:340, N:2304, K:12288 dtype='torch.bfloat16' otype='torch.bfloat16' bias=False, scaleAB=False, bpreshuffle=False, not found tuned config in /tmp/aiter_configs/bf16_tuned_gemm.csv, will use default config! using torch solution:0
(Worker_TP2 pid=552889) [aiter] shape is M:320, N:2304, K:12288 dtype='torch.bfloat16' otype='torch.bfloat16' bias=False, scaleAB=False, bpreshuffle=False, not found tuned config in /tmp/aiter_configs/bf16_tuned_gemm.csv, will use default config! using torch solution:0
(Worker_TP3 pid=552890) [aiter] shape is M:385, N:128, K:6144 dtype='torch.float32' otype='torch.float32' bias=False, scaleAB=False, bpreshuffle=False, not found tuned config in /tmp/aiter_configs/bf16_tuned_gemm.csv, will use default config! using torch solution:0
(Worker_TP3 pid=552890) [aiter] shape is M:385, N:2304, K:12288 dtype='torch.bfloat16' otype='torch.bfloat16' bias=False, scaleAB=False, bpreshuffle=False, not found tuned config in /tmp/aiter_configs/bf16_tuned_gemm.csv, will use default config! using torch solution:0
(Worker_TP3 pid=552890) [aiter] shape is M:370, N:128, K:6144 dtype='torch.float32' otype='torch.float32' bias=False, scaleAB=False, bpreshuffle=False, not found tuned config in /tmp/aiter_configs/bf16_tuned_gemm.csv, will use default config! using torch solution:0
(Worker_TP3 pid=552890) [aiter] shape is M:370, N:2304, K:12288 dtype='torch.bfloat16' otype='torch.bfloat16' bias=False, scaleAB=False, bpreshuffle=False, not found tuned config in /tmp/aiter_configs/bf16_tuned_gemm.csv, will use default config! using torch solution:0
[aiter] shape is M:320, N:128, K:6144 dtype='torch.float32' otype='torch.float32' bias=False, scaleAB=False, bpreshuffle=False, not found tuned config in /tmp/aiter_configs/bf16_tuned_gemm.csv, will use default config! using torch solution:0
(Worker_TP3 pid=552890) [aiter] shape is M:355, N:128, K:6144 dtype='torch.float32' otype='torch.float32' bias=False, scaleAB=False, bpreshuffle=False, not found tuned config in /tmp/aiter_configs/bf16_tuned_gemm.csv, will use default config! using torch solution:0
(Worker_TP0 pid=552887) [aiter] shape is M:320, N:2304, K:12288 dtype='torch.bfloat16' otype='torch.bfloat16' bias=False, scaleAB=False, bpreshuffle=False, not found tuned config in /tmp/aiter_configs/bf16_tuned_gemm.csv, will use default config! using torch solution:0
(Worker_TP2 pid=552889) [aiter] shape is M:305, N:128, K:6144 dtype='torch.float32' otype='torch.float32' bias=False, scaleAB=False, bpreshuffle=False, not found tuned config in /tmp/aiter_configs/bf16_tuned_gemm.csv, will use default config! using torch solution:0
(Worker_TP3 pid=552890) [aiter] shape is M:355, N:2304, K:12288 dtype='torch.bfloat16' otype='torch.bfloat16' bias=False, scaleAB=False, bpreshuffle=False, not found tuned config in /tmp/aiter_configs/bf16_tuned_gemm.csv, will use default config! using torch solution:0
(Worker_TP2 pid=552889) [aiter] shape is M:305, N:2304, K:12288 dtype='torch.bfloat16' otype='torch.bfloat16' bias=False, scaleAB=False, bpreshuffle=False, not found tuned config in /tmp/aiter_configs/bf16_tuned_gemm.csv, will use default config! using torch solution:0
(Worker_TP3 pid=552890) [aiter] shape is M:340, N:128, K:6144 dtype='torch.float32' otype='torch.float32' bias=False, scaleAB=False, bpreshuffle=False, not found tuned config in /tmp/aiter_configs/bf16_tuned_gemm.csv, will use default config! using torch solution:0
(Worker_TP2 pid=552889) [aiter] shape is M:290, N:128, K:6144 dtype='torch.float32' otype='torch.float32' bias=False, scaleAB=False, bpreshuffle=False, not found tuned config in /tmp/aiter_configs/bf16_tuned_gemm.csv, will use default config! using torch solution:0
(Worker_TP3 pid=552890) [aiter] shape is M:340, N:2304, K:12288 dtype='torch.bfloat16' otype='torch.bfloat16' bias=False, scaleAB=False, bpreshuffle=False, not found tuned config in /tmp/aiter_configs/bf16_tuned_gemm.csv, will use default config! using torch solution:0
(Worker_TP2 pid=552889) [aiter] shape is M:290, N:2304, K:12288 dtype='torch.bfloat16' otype='torch.bfloat16' bias=False, scaleAB=False, bpreshuffle=False, not found tuned config in /tmp/aiter_configs/bf16_tuned_gemm.csv, will use default config! using torch solution:0
(Worker_TP1 pid=552888) [aiter] shape is M:320, N:128, K:6144 dtype='torch.float32' otype='torch.float32' bias=False, scaleAB=False, bpreshuffle=False, not found tuned config in /tmp/aiter_configs/bf16_tuned_gemm.csv, will use default config! using torch solution:0
(Worker_TP2 pid=552889) [aiter] shape is M:275, N:128, K:6144 dtype='torch.float32' otype='torch.float32' bias=False, scaleAB=False, bpreshuffle=False, not found tuned config in /tmp/aiter_configs/bf16_tuned_gemm.csv, will use default config! using torch solution:0
(Worker_TP1 pid=552888) [aiter] shape is M:320, N:2304, K:12288 dtype='torch.bfloat16' otype='torch.bfloat16' bias=False, scaleAB=False, bpreshuffle=False, not found tuned config in /tmp/aiter_configs/bf16_tuned_gemm.csv, will use default config! using torch solution:0
(Worker_TP0 pid=552887) [aiter] shape is M:305, N:128, K:6144 dtype='torch.float32' otype='torch.float32' bias=False, scaleAB=False, bpreshuffle=False, not found tuned config in /tmp/aiter_configs/bf16_tuned_gemm.csv, will use default config! using torch solution:0
(Worker_TP2 pid=552889) [aiter] shape is M:275, N:2304, K:12288 dtype='torch.bfloat16' otype='torch.bfloat16' bias=False, scaleAB=False, bpreshuffle=False, not found tuned config in /tmp/aiter_configs/bf16_tuned_gemm.csv, will use default config! using torch solution:0
(Worker_TP0 pid=552887) [aiter] shape is M:305, N:2304, K:12288 dtype='torch.bfloat16' otype='torch.bfloat16' bias=False, scaleAB=False, bpreshuffle=False, not found tuned config in /tmp/aiter_configs/bf16_tuned_gemm.csv, will use default config! using torch solution:0
(Worker_TP2 pid=552889) [aiter] shape is M:260, N:128, K:6144 dtype='torch.float32' otype='torch.float32' bias=False, scaleAB=False, bpreshuffle=False, not found tuned config in /tmp/aiter_configs/bf16_tuned_gemm.csv, will use default config! using torch solution:0
(Worker_TP0 pid=552887) Capturing CUDA graphs (mixed prefill-decode, PIECEWISE):  27%|██▋       | 13/48 [00:01<00:06,  5.70it/s][aiter] shape is M:290, N:128, K:6144 dtype='torch.float32' otype='torch.float32' bias=False, scaleAB=False, bpreshuffle=False, not found tuned config in /tmp/aiter_configs/bf16_tuned_gemm.csv, will use default config! using torch solution:0
(Worker_TP2 pid=552889) [aiter] shape is M:260, N:2304, K:12288 dtype='torch.bfloat16' otype='torch.bfloat16' bias=False, scaleAB=False, bpreshuffle=False, not found tuned config in /tmp/aiter_configs/bf16_tuned_gemm.csv, will use default config! using torch solution:0
(Worker_TP0 pid=552887) [aiter] shape is M:290, N:2304, K:12288 dtype='torch.bfloat16' otype='torch.bfloat16' bias=False, scaleAB=False, bpreshuffle=False, not found tuned config in /tmp/aiter_configs/bf16_tuned_gemm.csv, will use default config! using torch solution:0
(Worker_TP0 pid=552887) [aiter] shape is M:275, N:128, K:6144 dtype='torch.float32' otype='torch.float32' bias=False, scaleAB=False, bpreshuffle=False, not found tuned config in /tmp/aiter_configs/bf16_tuned_gemm.csv, will use default config! using torch solution:0
(Worker_TP1 pid=552888) [aiter] shape is M:305, N:128, K:6144 dtype='torch.float32' otype='torch.float32' bias=False, scaleAB=False, bpreshuffle=False, not found tuned config in /tmp/aiter_configs/bf16_tuned_gemm.csv, will use default config! using torch solution:0
(Worker_TP0 pid=552887) [aiter] shape is M:275, N:2304, K:12288 dtype='torch.bfloat16' otype='torch.bfloat16' bias=False, scaleAB=False, bpreshuffle=False, not found tuned config in /tmp/aiter_configs/bf16_tuned_gemm.csv, will use default config! using torch solution:0
(Worker_TP1 pid=552888) [aiter] shape is M:305, N:2304, K:12288 dtype='torch.bfloat16' otype='torch.bfloat16' bias=False, scaleAB=False, bpreshuffle=False, not found tuned config in /tmp/aiter_configs/bf16_tuned_gemm.csv, will use default config! using torch solution:0
(Worker_TP0 pid=552887) Capturing CUDA graphs (mixed prefill-decode, PIECEWISE):  31%|███▏      | 15/48 [00:01<00:04,  6.68it/s][aiter] shape is M:260, N:128, K:6144 dtype='torch.float32' otype='torch.float32' bias=False, scaleAB=False, bpreshuffle=False, not found tuned config in /tmp/aiter_configs/bf16_tuned_gemm.csv, will use default config! using torch solution:0
(Worker_TP1 pid=552888) [aiter] shape is M:290, N:128, K:6144 dtype='torch.float32' otype='torch.float32' bias=False, scaleAB=False, bpreshuffle=False, not found tuned config in /tmp/aiter_configs/bf16_tuned_gemm.csv, will use default config! using torch solution:0
(Worker_TP3 pid=552890) [aiter] shape is M:320, N:128, K:6144 dtype='torch.float32' otype='torch.float32' bias=False, scaleAB=False, bpreshuffle=False, not found tuned config in /tmp/aiter_configs/bf16_tuned_gemm.csv, will use default config! using torch solution:0
[aiter] LoadKernel: _ZN5aiter39bf16gemm_fp32bf16_tn_96x64_splitk_cleanE hsaco: /usr/local/lib/python3.12/dist-packages/aiter_meta/hsa//gfx950/bf16gemm/bf16gemm_fp32bf16_tn_96x64_splitk_clean.co
(Worker_TP2 pid=552889) [aiter] shape is M:250, N:128, K:6144 dtype='torch.float32' otype='torch.float32' bias=False, scaleAB=False, bpreshuffle=False, not found tuned config in /tmp/aiter_configs/bf16_tuned_gemm.csv, will use default config! using torch solution:0
(Worker_TP2 pid=552889) [aiter] run_1stage = False, xbf16 = False, ksplit = 0 q_type = QuantType.per_1x32 block_m = 32 use_nt = True, estimated_m_per_expert = 9
(Worker_TP2 pid=552889) [aiter] [fused_moe] using 2stage default for ('gfx950', 256, 256, 6144, 768, 129, 5, 'ActivationType.Swiglu', 'torch.bfloat16', 'torch.bfloat16', 'torch.float4_e2m1fn_x2', 'QuantType.per_1x32', True, False) 
(Worker_TP2 pid=552889) [aiter] [pid=552889 pname=VllmWorker-2] start build [module_moe_cktile2stages] under /tmp/inferencex-minimaxm3-1411/home/.aiter/jit/build/module_moe_cktile2stages
(Worker_TP0 pid=552887) [aiter] shape is M:260, N:2304, K:12288 dtype='torch.bfloat16' otype='torch.bfloat16' bias=False, scaleAB=False, bpreshuffle=False, not found tuned config in /tmp/aiter_configs/bf16_tuned_gemm.csv, will use default config! using torch solution:0
(Worker_TP1 pid=552888) [aiter] shape is M:290, N:2304, K:12288 dtype='torch.bfloat16' otype='torch.bfloat16' bias=False, scaleAB=False, bpreshuffle=False, not found tuned config in /tmp/aiter_configs/bf16_tuned_gemm.csv, will use default config! using torch solution:0
(Worker_TP3 pid=552890) [aiter] shape is M:320, N:2304, K:12288 dtype='torch.bfloat16' otype='torch.bfloat16' bias=False, scaleAB=False, bpreshuffle=False, not found tuned config in /tmp/aiter_configs/bf16_tuned_gemm.csv, will use default config! using torch solution:0
(Worker_TP1 pid=552888) [aiter] shape is M:275, N:128, K:6144 dtype='torch.float32' otype='torch.float32' bias=False, scaleAB=False, bpreshuffle=False, not found tuned config in /tmp/aiter_configs/bf16_tuned_gemm.csv, will use default config! using torch solution:0
(Worker_TP1 pid=552888) [aiter] shape is M:275, N:2304, K:12288 dtype='torch.bfloat16' otype='torch.bfloat16' bias=False, scaleAB=False, bpreshuffle=False, not found tuned config in /tmp/aiter_configs/bf16_tuned_gemm.csv, will use default config! using torch solution:0
(Worker_TP1 pid=552888) [aiter] shape is M:260, N:128, K:6144 dtype='torch.float32' otype='torch.float32' bias=False, scaleAB=False, bpreshuffle=False, not found tuned config in /tmp/aiter_configs/bf16_tuned_gemm.csv, will use default config! using torch solution:0
[aiter] LoadKernel: _ZN5aiter39bf16gemm_fp32bf16_tn_96x64_splitk_cleanE hsaco: /usr/local/lib/python3.12/dist-packages/aiter_meta/hsa//gfx950/bf16gemm/bf16gemm_fp32bf16_tn_96x64_splitk_clean.co
(Worker_TP0 pid=552887) [aiter] shape is M:250, N:128, K:6144 dtype='torch.float32' otype='torch.float32' bias=False, scaleAB=False, bpreshuffle=False, not found tuned config in /tmp/aiter_configs/bf16_tuned_gemm.csv, will use default config! using torch solution:0
(Worker_TP0 pid=552887) [aiter] run_1stage = False, xbf16 = False, ksplit = 0 q_type = QuantType.per_1x32 block_m = 32 use_nt = True, estimated_m_per_expert = 9
(Worker_TP0 pid=552887) [aiter] [fused_moe] using 2stage default for ('gfx950', 256, 256, 6144, 768, 129, 5, 'ActivationType.Swiglu', 'torch.bfloat16', 'torch.bfloat16', 'torch.float4_e2m1fn_x2', 'QuantType.per_1x32', True, False) 
(Worker_TP0 pid=552887) [aiter] [pid=552887 pname=VllmWorker-0] waiting for baton release at /tmp/inferencex-minimaxm3-1411/home/.aiter/jit/build/lock_module_moe_cktile2stages
(Worker_TP1 pid=552888) [aiter] shape is M:260, N:2304, K:12288 dtype='torch.bfloat16' otype='torch.bfloat16' bias=False, scaleAB=False, bpreshuffle=False, not found tuned config in /tmp/aiter_configs/bf16_tuned_gemm.csv, will use default config! using torch solution:0
(Worker_TP3 pid=552890) [aiter] shape is M:305, N:128, K:6144 dtype='torch.float32' otype='torch.float32' bias=False, scaleAB=False, bpreshuffle=False, not found tuned config in /tmp/aiter_configs/bf16_tuned_gemm.csv, will use default config! using torch solution:0
(Worker_TP3 pid=552890) [aiter] shape is M:305, N:2304, K:12288 dtype='torch.bfloat16' otype='torch.bfloat16' bias=False, scaleAB=False, bpreshuffle=False, not found tuned config in /tmp/aiter_configs/bf16_tuned_gemm.csv, will use default config! using torch solution:0
(Worker_TP3 pid=552890) [aiter] shape is M:290, N:128, K:6144 dtype='torch.float32' otype='torch.float32' bias=False, scaleAB=False, bpreshuffle=False, not found tuned config in /tmp/aiter_configs/bf16_tuned_gemm.csv, will use default config! using torch solution:0
[aiter] LoadKernel: _ZN5aiter39bf16gemm_fp32bf16_tn_96x64_splitk_cleanE hsaco: /usr/local/lib/python3.12/dist-packages/aiter_meta/hsa//gfx950/bf16gemm/bf16gemm_fp32bf16_tn_96x64_splitk_clean.co
(Worker_TP1 pid=552888) [aiter] shape is M:250, N:128, K:6144 dtype='torch.float32' otype='torch.float32' bias=False, scaleAB=False, bpreshuffle=False, not found tuned config in /tmp/aiter_configs/bf16_tuned_gemm.csv, will use default config! using torch solution:0
(Worker_TP1 pid=552888) [aiter] run_1stage = False, xbf16 = False, ksplit = 0 q_type = QuantType.per_1x32 block_m = 32 use_nt = True, estimated_m_per_expert = 9
(Worker_TP1 pid=552888) [aiter] [fused_moe] using 2stage default for ('gfx950', 256, 256, 6144, 768, 129, 5, 'ActivationType.Swiglu', 'torch.bfloat16', 'torch.bfloat16', 'torch.float4_e2m1fn_x2', 'QuantType.per_1x32', True, False) 
(Worker_TP1 pid=552888) [aiter] [pid=552888 pname=VllmWorker-1] waiting for baton release at /tmp/inferencex-minimaxm3-1411/home/.aiter/jit/build/lock_module_moe_cktile2stages
(Worker_TP3 pid=552890) [aiter] shape is M:290, N:2304, K:12288 dtype='torch.bfloat16' otype='torch.bfloat16' bias=False, scaleAB=False, bpreshuffle=False, not found tuned config in /tmp/aiter_configs/bf16_tuned_gemm.csv, will use default config! using torch solution:0
(Worker_TP3 pid=552890) [aiter] shape is M:275, N:128, K:6144 dtype='torch.float32' otype='torch.float32' bias=False, scaleAB=False, bpreshuffle=False, not found tuned config in /tmp/aiter_configs/bf16_tuned_gemm.csv, will use default config! using torch solution:0
(Worker_TP3 pid=552890) [aiter] shape is M:275, N:2304, K:12288 dtype='torch.bfloat16' otype='torch.bfloat16' bias=False, scaleAB=False, bpreshuffle=False, not found tuned config in /tmp/aiter_configs/bf16_tuned_gemm.csv, will use default config! using torch solution:0
(Worker_TP3 pid=552890) [aiter] shape is M:260, N:128, K:6144 dtype='torch.float32' otype='torch.float32' bias=False, scaleAB=False, bpreshuffle=False, not found tuned config in /tmp/aiter_configs/bf16_tuned_gemm.csv, will use default config! using torch solution:0
(Worker_TP3 pid=552890) [aiter] shape is M:260, N:2304, K:12288 dtype='torch.bfloat16' otype='torch.bfloat16' bias=False, scaleAB=False, bpreshuffle=False, not found tuned config in /tmp/aiter_configs/bf16_tuned_gemm.csv, will use default config! using torch solution:0
[aiter] LoadKernel: _ZN5aiter39bf16gemm_fp32bf16_tn_96x64_splitk_cleanE hsaco: /usr/local/lib/python3.12/dist-packages/aiter_meta/hsa//gfx950/bf16gemm/bf16gemm_fp32bf16_tn_96x64_splitk_clean.co
(Worker_TP3 pid=552890) [aiter] shape is M:250, N:128, K:6144 dtype='torch.float32' otype='torch.float32' bias=False, scaleAB=False, bpreshuffle=False, not found tuned config in /tmp/aiter_configs/bf16_tuned_gemm.csv, will use default config! using torch solution:0
(Worker_TP3 pid=552890) [aiter] run_1stage = False, xbf16 = False, ksplit = 0 q_type = QuantType.per_1x32 block_m = 32 use_nt = True, estimated_m_per_expert = 9
(Worker_TP3 pid=552890) [aiter] [fused_moe] using 2stage default for ('gfx950', 256, 256, 6144, 768, 129, 5, 'ActivationType.Swiglu', 'torch.bfloat16', 'torch.bfloat16', 'torch.float4_e2m1fn_x2', 'QuantType.per_1x32', True, False) 
(Worker_TP3 pid=552890) [aiter] [pid=552890 pname=VllmWorker-3] waiting for baton release at /tmp/inferencex-minimaxm3-1411/home/.aiter/jit/build/lock_module_moe_cktile2stages
(Worker_TP2 pid=552889) [aiter] Current hipcc not support: -mllvm -amdgpu-coerce-illegal-types=1, skip it.
(EngineCore pid=552608) INFO 08-25 18:12:42 [shm_broadcast.py:802] No available shared memory broadcast block found in 60 seconds. This typically happens when some processes are hanging or doing some time-consuming work (e.g. compilation, weight/kv cache quantization).
(EngineCore pid=552608) INFO 08-25 18:13:42 [shm_broadcast.py:802] No available shared memory broadcast block found in 60 seconds. This typically happens when some processes are hanging or doing some time-consuming work (e.g. compilation, weight/kv cache quantization).
(EngineCore pid=552608) INFO 08-25 18:14:42 [shm_broadcast.py:802] No available shared memory broadcast block found in 60 seconds. This typically happens when some processes are hanging or doing some time-consuming work (e.g. compilation, weight/kv cache quantization).
(EngineCore pid=552608) INFO 08-25 18:15:42 [shm_broadcast.py:802] No available shared memory broadcast block found in 60 seconds. This typically happens when some processes are hanging or doing some time-consuming work (e.g. compilation, weight/kv cache quantization).
(Worker_TP2 pid=552889) [aiter] [pid=552889 pname=VllmWorker-2] [32mfinish build [module_moe_cktile2stages], cost 244.7s [0m
(Worker_TP2 pid=552889) [aiter] import [module_moe_cktile2stages] under /tmp/inferencex-minimaxm3-1411/home/.aiter/jit/module_moe_cktile2stages.so
(Worker_TP3 pid=552890) [aiter] import [module_moe_cktile2stages] under /tmp/inferencex-minimaxm3-1411/home/.aiter/jit/module_moe_cktile2stages.so
(Worker_TP2 pid=552889) [aiter] [pid=552889 pname=VllmWorker-2] start build [module_activation] under /tmp/inferencex-minimaxm3-1411/home/.aiter/jit/build/module_activation
(Worker_TP3 pid=552890) [aiter] [pid=552890 pname=VllmWorker-3] waiting for baton release at /tmp/inferencex-minimaxm3-1411/home/.aiter/jit/build/lock_module_activation
(Worker_TP1 pid=552888) [aiter] import [module_moe_cktile2stages] under /tmp/inferencex-minimaxm3-1411/home/.aiter/jit/module_moe_cktile2stages.so
(Worker_TP1 pid=552888) [aiter] [pid=552888 pname=VllmWorker-1] waiting for baton release at /tmp/inferencex-minimaxm3-1411/home/.aiter/jit/build/lock_module_activation
(Worker_TP0 pid=552887) [aiter] import [module_moe_cktile2stages] under /tmp/inferencex-minimaxm3-1411/home/.aiter/jit/module_moe_cktile2stages.so
(Worker_TP0 pid=552887) [aiter] [pid=552887 pname=VllmWorker-0] waiting for baton release at /tmp/inferencex-minimaxm3-1411/home/.aiter/jit/build/lock_module_activation
(EngineCore pid=552608) INFO 08-25 18:16:42 [shm_broadcast.py:802] No available shared memory broadcast block found in 60 seconds. This typically happens when some processes are hanging or doing some time-consuming work (e.g. compilation, weight/kv cache quantization).
(Worker_TP2 pid=552889) [aiter] [pid=552889 pname=VllmWorker-2] [32mfinish build [module_activation], cost 16.7s [0m
(Worker_TP2 pid=552889) [aiter] import [module_activation] under /tmp/inferencex-minimaxm3-1411/home/.aiter/jit/module_activation.so
(Worker_TP1 pid=552888) [aiter] import [module_activation] under /tmp/inferencex-minimaxm3-1411/home/.aiter/jit/module_activation.so
(Worker_TP2 pid=552889) [aiter] shape is M:250, N:2304, K:12288 dtype='torch.bfloat16' otype='torch.bfloat16' bias=False, scaleAB=False, bpreshuffle=False, not found tuned config in /tmp/aiter_configs/bf16_tuned_gemm.csv, will use default config! using torch solution:0
(Worker_TP0 pid=552887) [aiter] import [module_activation] under /tmp/inferencex-minimaxm3-1411/home/.aiter/jit/module_activation.so
(Worker_TP2 pid=552889) [aiter] shape is M:240, N:128, K:6144 dtype='torch.float32' otype='torch.float32' bias=False, scaleAB=False, bpreshuffle=False, not found tuned config in /tmp/aiter_configs/bf16_tuned_gemm.csv, will use default config! using torch solution:0
(Worker_TP1 pid=552888) [aiter] shape is M:250, N:2304, K:12288 dtype='torch.bfloat16' otype='torch.bfloat16' bias=False, scaleAB=False, bpreshuffle=False, not found tuned config in /tmp/aiter_configs/bf16_tuned_gemm.csv, will use default config! using torch solution:0
(Worker_TP3 pid=552890) [aiter] import [module_activation] under /tmp/inferencex-minimaxm3-1411/home/.aiter/jit/module_activation.so
(Worker_TP2 pid=552889) [aiter] shape is M:240, N:2304, K:12288 dtype='torch.bfloat16' otype='torch.bfloat16' bias=False, scaleAB=False, bpreshuffle=False, not found tuned config in /tmp/aiter_configs/bf16_tuned_gemm.csv, will use default config! using torch solution:0
(Worker_TP1 pid=552888) [aiter] shape is M:240, N:128, K:6144 dtype='torch.float32' otype='torch.float32' bias=False, scaleAB=False, bpreshuffle=False, not found tuned config in /tmp/aiter_configs/bf16_tuned_gemm.csv, will use default config! using torch solution:0
(Worker_TP0 pid=552887) [aiter] shape is M:250, N:2304, K:12288 dtype='torch.bfloat16' otype='torch.bfloat16' bias=False, scaleAB=False, bpreshuffle=False, not found tuned config in /tmp/aiter_configs/bf16_tuned_gemm.csv, will use default config! using torch solution:0
(Worker_TP2 pid=552889) [aiter] shape is M:235, N:128, K:6144 dtype='torch.float32' otype='torch.float32' bias=False, scaleAB=False, bpreshuffle=False, not found tuned config in /tmp/aiter_configs/bf16_tuned_gemm.csv, will use default config! using torch solution:0
(Worker_TP1 pid=552888) [aiter] shape is M:240, N:2304, K:12288 dtype='torch.bfloat16' otype='torch.bfloat16' bias=False, scaleAB=False, bpreshuffle=False, not found tuned config in /tmp/aiter_configs/bf16_tuned_gemm.csv, will use default config! using torch solution:0
(Worker_TP3 pid=552890) [aiter] shape is M:250, N:2304, K:12288 dtype='torch.bfloat16' otype='torch.bfloat16' bias=False, scaleAB=False, bpreshuffle=False, not found tuned config in /tmp/aiter_configs/bf16_tuned_gemm.csv, will use default config! using torch solution:0
(Worker_TP2 pid=552889) [aiter] shape is M:235, N:2304, K:12288 dtype='torch.bfloat16' otype='torch.bfloat16' bias=False, scaleAB=False, bpreshuffle=False, not found tuned config in /tmp/aiter_configs/bf16_tuned_gemm.csv, will use default config! using torch solution:0
(Worker_TP0 pid=552887) Capturing CUDA graphs (mixed prefill-decode, PIECEWISE):  35%|███▌      | 17/48 [04:23<21:23, 41.40s/it][aiter] shape is M:240, N:128, K:6144 dtype='torch.float32' otype='torch.float32' bias=False, scaleAB=False, bpreshuffle=False, not found tuned config in /tmp/aiter_configs/bf16_tuned_gemm.csv, will use default config! using torch solution:0
(Worker_TP1 pid=552888) [aiter] shape is M:235, N:128, K:6144 dtype='torch.float32' otype='torch.float32' bias=False, scaleAB=False, bpreshuffle=False, not found tuned config in /tmp/aiter_configs/bf16_tuned_gemm.csv, will use default config! using torch solution:0
(Worker_TP3 pid=552890) [aiter] shape is M:240, N:128, K:6144 dtype='torch.float32' otype='torch.float32' bias=False, scaleAB=False, bpreshuffle=False, not found tuned config in /tmp/aiter_configs/bf16_tuned_gemm.csv, will use default config! using torch solution:0
(Worker_TP0 pid=552887) [aiter] shape is M:240, N:2304, K:12288 dtype='torch.bfloat16' otype='torch.bfloat16' bias=False, scaleAB=False, bpreshuffle=False, not found tuned config in /tmp/aiter_configs/bf16_tuned_gemm.csv, will use default config! using torch solution:0
(Worker_TP2 pid=552889) [aiter] shape is M:225, N:128, K:6144 dtype='torch.float32' otype='torch.float32' bias=False, scaleAB=False, bpreshuffle=False, not found tuned config in /tmp/aiter_configs/bf16_tuned_gemm.csv, will use default config! using torch solution:0
(Worker_TP1 pid=552888) [aiter] shape is M:235, N:2304, K:12288 dtype='torch.bfloat16' otype='torch.bfloat16' bias=False, scaleAB=False, bpreshuffle=False, not found tuned config in /tmp/aiter_configs/bf16_tuned_gemm.csv, will use default config! using torch solution:0
(Worker_TP3 pid=552890) [aiter] shape is M:240, N:2304, K:12288 dtype='torch.bfloat16' otype='torch.bfloat16' bias=False, scaleAB=False, bpreshuffle=False, not found tuned config in /tmp/aiter_configs/bf16_tuned_gemm.csv, will use default config! using torch solution:0
(Worker_TP2 pid=552889) [aiter] shape is M:225, N:2304, K:12288 dtype='torch.bfloat16' otype='torch.bfloat16' bias=False, scaleAB=False, bpreshuffle=False, not found tuned config in /tmp/aiter_configs/bf16_tuned_gemm.csv, will use default config! using torch solution:0
(Worker_TP0 pid=552887) [aiter] shape is M:235, N:128, K:6144 dtype='torch.float32' otype='torch.float32' bias=False, scaleAB=False, bpreshuffle=False, not found tuned config in /tmp/aiter_configs/bf16_tuned_gemm.csv, will use default config! using torch solution:0
(Worker_TP1 pid=552888) [aiter] shape is M:225, N:128, K:6144 dtype='torch.float32' otype='torch.float32' bias=False, scaleAB=False, bpreshuffle=False, not found tuned config in /tmp/aiter_configs/bf16_tuned_gemm.csv, will use default config! using torch solution:0
(Worker_TP3 pid=552890) [aiter] shape is M:235, N:128, K:6144 dtype='torch.float32' otype='torch.float32' bias=False, scaleAB=False, bpreshuffle=False, not found tuned config in /tmp/aiter_configs/bf16_tuned_gemm.csv, will use default config! using torch solution:0
(Worker_TP0 pid=552887) [aiter] shape is M:235, N:2304, K:12288 dtype='torch.bfloat16' otype='torch.bfloat16' bias=False, scaleAB=False, bpreshuffle=False, not found tuned config in /tmp/aiter_configs/bf16_tuned_gemm.csv, will use default config! using torch solution:0
(Worker_TP2 pid=552889) [aiter] shape is M:220, N:128, K:6144 dtype='torch.float32' otype='torch.float32' bias=False, scaleAB=False, bpreshuffle=False, not found tuned config in /tmp/aiter_configs/bf16_tuned_gemm.csv, will use default config! using torch solution:0
(Worker_TP1 pid=552888) [aiter] shape is M:225, N:2304, K:12288 dtype='torch.bfloat16' otype='torch.bfloat16' bias=False, scaleAB=False, bpreshuffle=False, not found tuned config in /tmp/aiter_configs/bf16_tuned_gemm.csv, will use default config! using torch solution:0
(Worker_TP3 pid=552890) [aiter] shape is M:235, N:2304, K:12288 dtype='torch.bfloat16' otype='torch.bfloat16' bias=False, scaleAB=False, bpreshuffle=False, not found tuned config in /tmp/aiter_configs/bf16_tuned_gemm.csv, will use default config! using torch solution:0
(Worker_TP0 pid=552887) Capturing CUDA graphs (mixed prefill-decode, PIECEWISE):  40%|███▉      | 19/48 [04:23<13:48, 28.56s/it][aiter] shape is M:225, N:128, K:6144 dtype='torch.float32' otype='torch.float32' bias=False, scaleAB=False, bpreshuffle=False, not found tuned config in /tmp/aiter_configs/bf16_tuned_gemm.csv, will use default config! using torch solution:0
(Worker_TP2 pid=552889) [aiter] shape is M:220, N:2304, K:12288 dtype='torch.bfloat16' otype='torch.bfloat16' bias=False, scaleAB=False, bpreshuffle=False, not found tuned config in /tmp/aiter_configs/bf16_tuned_gemm.csv, will use default config! using torch solution:0
(Worker_TP1 pid=552888) [aiter] shape is M:220, N:128, K:6144 dtype='torch.float32' otype='torch.float32' bias=False, scaleAB=False, bpreshuffle=False, not found tuned config in /tmp/aiter_configs/bf16_tuned_gemm.csv, will use default config! using torch solution:0
(Worker_TP3 pid=552890) [aiter] shape is M:225, N:128, K:6144 dtype='torch.float32' otype='torch.float32' bias=False, scaleAB=False, bpreshuffle=False, not found tuned config in /tmp/aiter_configs/bf16_tuned_gemm.csv, will use default config! using torch solution:0
(Worker_TP0 pid=552887) [aiter] shape is M:225, N:2304, K:12288 dtype='torch.bfloat16' otype='torch.bfloat16' bias=False, scaleAB=False, bpreshuffle=False, not found tuned config in /tmp/aiter_configs/bf16_tuned_gemm.csv, will use default config! using torch solution:0
(Worker_TP1 pid=552888) [aiter] shape is M:220, N:2304, K:12288 dtype='torch.bfloat16' otype='torch.bfloat16' bias=False, scaleAB=False, bpreshuffle=False, not found tuned config in /tmp/aiter_configs/bf16_tuned_gemm.csv, will use default config! using torch solution:0
(Worker_TP2 pid=552889) [aiter] shape is M:210, N:128, K:6144 dtype='torch.float32' otype='torch.float32' bias=False, scaleAB=False, bpreshuffle=False, not found tuned config in /tmp/aiter_configs/bf16_tuned_gemm.csv, will use default config! using torch solution:0
(Worker_TP3 pid=552890) [aiter] shape is M:225, N:2304, K:12288 dtype='torch.bfloat16' otype='torch.bfloat16' bias=False, scaleAB=False, bpreshuffle=False, not found tuned config in /tmp/aiter_configs/bf16_tuned_gemm.csv, will use default config! using torch solution:0
(Worker_TP0 pid=552887) [aiter] shape is M:220, N:128, K:6144 dtype='torch.float32' otype='torch.float32' bias=False, scaleAB=False, bpreshuffle=False, not found tuned config in /tmp/aiter_configs/bf16_tuned_gemm.csv, will use default config! using torch solution:0
(Worker_TP2 pid=552889) [aiter] shape is M:210, N:2304, K:12288 dtype='torch.bfloat16' otype='torch.bfloat16' bias=False, scaleAB=False, bpreshuffle=False, not found tuned config in /tmp/aiter_configs/bf16_tuned_gemm.csv, will use default config! using torch solution:0
(Worker_TP1 pid=552888) [aiter] shape is M:210, N:128, K:6144 dtype='torch.float32' otype='torch.float32' bias=False, scaleAB=False, bpreshuffle=False, not found tuned config in /tmp/aiter_configs/bf16_tuned_gemm.csv, will use default config! using torch solution:0
(Worker_TP3 pid=552890) [aiter] shape is M:220, N:128, K:6144 dtype='torch.float32' otype='torch.float32' bias=False, scaleAB=False, bpreshuffle=False, not found tuned config in /tmp/aiter_configs/bf16_tuned_gemm.csv, will use default config! using torch solution:0
(Worker_TP0 pid=552887) [aiter] shape is M:220, N:2304, K:12288 dtype='torch.bfloat16' otype='torch.bfloat16' bias=False, scaleAB=False, bpreshuffle=False, not found tuned config in /tmp/aiter_configs/bf16_tuned_gemm.csv, will use default config! using torch solution:0
(Worker_TP1 pid=552888) [aiter] shape is M:210, N:2304, K:12288 dtype='torch.bfloat16' otype='torch.bfloat16' bias=False, scaleAB=False, bpreshuffle=False, not found tuned config in /tmp/aiter_configs/bf16_tuned_gemm.csv, will use default config! using torch solution:0
(Worker_TP2 pid=552889) [aiter] shape is M:200, N:128, K:6144 dtype='torch.float32' otype='torch.float32' bias=False, scaleAB=False, bpreshuffle=False, not found tuned config in /tmp/aiter_configs/bf16_tuned_gemm.csv, will use default config! using torch solution:0
(Worker_TP3 pid=552890) [aiter] shape is M:220, N:2304, K:12288 dtype='torch.bfloat16' otype='torch.bfloat16' bias=False, scaleAB=False, bpreshuffle=False, not found tuned config in /tmp/aiter_configs/bf16_tuned_gemm.csv, will use default config! using torch solution:0
(Worker_TP0 pid=552887) Capturing CUDA graphs (mixed prefill-decode, PIECEWISE):  44%|████▍     | 21/48 [04:24<08:54, 19.81s/it][aiter] shape is M:210, N:128, K:6144 dtype='torch.float32' otype='torch.float32' bias=False, scaleAB=False, bpreshuffle=False, not found tuned config in /tmp/aiter_configs/bf16_tuned_gemm.csv, will use default config! using torch solution:0
(Worker_TP2 pid=552889) [aiter] shape is M:200, N:2304, K:12288 dtype='torch.bfloat16' otype='torch.bfloat16' bias=False, scaleAB=False, bpreshuffle=False, not found tuned config in /tmp/aiter_configs/bf16_tuned_gemm.csv, will use default config! using torch solution:0
(Worker_TP1 pid=552888) [aiter] shape is M:200, N:128, K:6144 dtype='torch.float32' otype='torch.float32' bias=False, scaleAB=False, bpreshuffle=False, not found tuned config in /tmp/aiter_configs/bf16_tuned_gemm.csv, will use default config! using torch solution:0
(Worker_TP3 pid=552890) [aiter] shape is M:210, N:128, K:6144 dtype='torch.float32' otype='torch.float32' bias=False, scaleAB=False, bpreshuffle=False, not found tuned config in /tmp/aiter_configs/bf16_tuned_gemm.csv, will use default config! using torch solution:0
(Worker_TP0 pid=552887) [aiter] shape is M:210, N:2304, K:12288 dtype='torch.bfloat16' otype='torch.bfloat16' bias=False, scaleAB=False, bpreshuffle=False, not found tuned config in /tmp/aiter_configs/bf16_tuned_gemm.csv, will use default config! using torch solution:0
(Worker_TP1 pid=552888) [aiter] shape is M:200, N:2304, K:12288 dtype='torch.bfloat16' otype='torch.bfloat16' bias=False, scaleAB=False, bpreshuffle=False, not found tuned config in /tmp/aiter_configs/bf16_tuned_gemm.csv, will use default config! using torch solution:0
(Worker_TP2 pid=552889) [aiter] shape is M:195, N:128, K:6144 dtype='torch.float32' otype='torch.float32' bias=False, scaleAB=False, bpreshuffle=False, not found tuned config in /tmp/aiter_configs/bf16_tuned_gemm.csv, will use default config! using torch solution:0
(Worker_TP3 pid=552890) [aiter] shape is M:210, N:2304, K:12288 dtype='torch.bfloat16' otype='torch.bfloat16' bias=False, scaleAB=False, bpreshuffle=False, not found tuned config in /tmp/aiter_configs/bf16_tuned_gemm.csv, will use default config! using torch solution:0
(Worker_TP0 pid=552887) [aiter] shape is M:200, N:128, K:6144 dtype='torch.float32' otype='torch.float32' bias=False, scaleAB=False, bpreshuffle=False, not found tuned config in /tmp/aiter_configs/bf16_tuned_gemm.csv, will use default config! using torch solution:0
(Worker_TP1 pid=552888) [aiter] shape is M:195, N:128, K:6144 dtype='torch.float32' otype='torch.float32' bias=False, scaleAB=False, bpreshuffle=False, not found tuned config in /tmp/aiter_configs/bf16_tuned_gemm.csv, will use default config! using torch solution:0
(Worker_TP2 pid=552889) [aiter] shape is M:195, N:2304, K:12288 dtype='torch.bfloat16' otype='torch.bfloat16' bias=False, scaleAB=False, bpreshuffle=False, not found tuned config in /tmp/aiter_configs/bf16_tuned_gemm.csv, will use default config! using torch solution:0
(Worker_TP3 pid=552890) [aiter] shape is M:200, N:128, K:6144 dtype='torch.float32' otype='torch.float32' bias=False, scaleAB=False, bpreshuffle=False, not found tuned config in /tmp/aiter_configs/bf16_tuned_gemm.csv, will use default config! using torch solution:0
(Worker_TP0 pid=552887) [aiter] shape is M:200, N:2304, K:12288 dtype='torch.bfloat16' otype='torch.bfloat16' bias=False, scaleAB=False, bpreshuffle=False, not found tuned config in /tmp/aiter_configs/bf16_tuned_gemm.csv, will use default config! using torch solution:0
(Worker_TP1 pid=552888) [aiter] shape is M:195, N:2304, K:12288 dtype='torch.bfloat16' otype='torch.bfloat16' bias=False, scaleAB=False, bpreshuffle=False, not found tuned config in /tmp/aiter_configs/bf16_tuned_gemm.csv, will use default config! using torch solution:0
(Worker_TP2 pid=552889) [aiter] shape is M:185, N:128, K:6144 dtype='torch.float32' otype='torch.float32' bias=False, scaleAB=False, bpreshuffle=False, not found tuned config in /tmp/aiter_configs/bf16_tuned_gemm.csv, will use default config! using torch solution:0
(Worker_TP3 pid=552890) [aiter] shape is M:200, N:2304, K:12288 dtype='torch.bfloat16' otype='torch.bfloat16' bias=False, scaleAB=False, bpreshuffle=False, not found tuned config in /tmp/aiter_configs/bf16_tuned_gemm.csv, will use default config! using torch solution:0
(Worker_TP0 pid=552887) Capturing CUDA graphs (mixed prefill-decode, PIECEWISE):  48%|████▊     | 23/48 [04:24<05:44, 13.79s/it][aiter] shape is M:195, N:128, K:6144 dtype='torch.float32' otype='torch.float32' bias=False, scaleAB=False, bpreshuffle=False, not found tuned config in /tmp/aiter_configs/bf16_tuned_gemm.csv, will use default config! using torch solution:0
(Worker_TP1 pid=552888) [aiter] shape is M:185, N:128, K:6144 dtype='torch.float32' otype='torch.float32' bias=False, scaleAB=False, bpreshuffle=False, not found tuned config in /tmp/aiter_configs/bf16_tuned_gemm.csv, will use default config! using torch solution:0
(Worker_TP2 pid=552889) [aiter] shape is M:185, N:2304, K:12288 dtype='torch.bfloat16' otype='torch.bfloat16' bias=False, scaleAB=False, bpreshuffle=False, not found tuned config in /tmp/aiter_configs/bf16_tuned_gemm.csv, will use default config! using torch solution:0
(Worker_TP0 pid=552887) [aiter] shape is M:195, N:2304, K:12288 dtype='torch.bfloat16' otype='torch.bfloat16' bias=False, scaleAB=False, bpreshuffle=False, not found tuned config in /tmp/aiter_configs/bf16_tuned_gemm.csv, will use default config! using torch solution:0
(Worker_TP3 pid=552890) [aiter] shape is M:195, N:128, K:6144 dtype='torch.float32' otype='torch.float32' bias=False, scaleAB=False, bpreshuffle=False, not found tuned config in /tmp/aiter_configs/bf16_tuned_gemm.csv, will use default config! using torch solution:0
(Worker_TP1 pid=552888) [aiter] shape is M:185, N:2304, K:12288 dtype='torch.bfloat16' otype='torch.bfloat16' bias=False, scaleAB=False, bpreshuffle=False, not found tuned config in /tmp/aiter_configs/bf16_tuned_gemm.csv, will use default config! using torch solution:0
(Worker_TP2 pid=552889) [aiter] shape is M:180, N:128, K:6144 dtype='torch.float32' otype='torch.float32' bias=False, scaleAB=False, bpreshuffle=False, not found tuned config in /tmp/aiter_configs/bf16_tuned_gemm.csv, will use default config! using torch solution:0
(Worker_TP3 pid=552890) [aiter] shape is M:195, N:2304, K:12288 dtype='torch.bfloat16' otype='torch.bfloat16' bias=False, scaleAB=False, bpreshuffle=False, not found tuned config in /tmp/aiter_configs/bf16_tuned_gemm.csv, will use default config! using torch solution:0
(Worker_TP0 pid=552887) [aiter] shape is M:185, N:128, K:6144 dtype='torch.float32' otype='torch.float32' bias=False, scaleAB=False, bpreshuffle=False, not found tuned config in /tmp/aiter_configs/bf16_tuned_gemm.csv, will use default config! using torch solution:0
(Worker_TP1 pid=552888) [aiter] shape is M:180, N:128, K:6144 dtype='torch.float32' otype='torch.float32' bias=False, scaleAB=False, bpreshuffle=False, not found tuned config in /tmp/aiter_configs/bf16_tuned_gemm.csv, will use default config! using torch solution:0
(Worker_TP2 pid=552889) [aiter] shape is M:180, N:2304, K:12288 dtype='torch.bfloat16' otype='torch.bfloat16' bias=False, scaleAB=False, bpreshuffle=False, not found tuned config in /tmp/aiter_configs/bf16_tuned_gemm.csv, will use default config! using torch solution:0
(Worker_TP3 pid=552890) [aiter] shape is M:185, N:128, K:6144 dtype='torch.float32' otype='torch.float32' bias=False, scaleAB=False, bpreshuffle=False, not found tuned config in /tmp/aiter_configs/bf16_tuned_gemm.csv, will use default config! using torch solution:0
(Worker_TP0 pid=552887) [aiter] shape is M:185, N:2304, K:12288 dtype='torch.bfloat16' otype='torch.bfloat16' bias=False, scaleAB=False, bpreshuffle=False, not found tuned config in /tmp/aiter_configs/bf16_tuned_gemm.csv, will use default config! using torch solution:0
(Worker_TP1 pid=552888) [aiter] shape is M:180, N:2304, K:12288 dtype='torch.bfloat16' otype='torch.bfloat16' bias=False, scaleAB=False, bpreshuffle=False, not found tuned config in /tmp/aiter_configs/bf16_tuned_gemm.csv, will use default config! using torch solution:0
(Worker_TP2 pid=552889) [aiter] shape is M:170, N:128, K:6144 dtype='torch.float32' otype='torch.float32' bias=False, scaleAB=False, bpreshuffle=False, not found tuned config in /tmp/aiter_configs/bf16_tuned_gemm.csv, will use default config! using torch solution:0
(Worker_TP3 pid=552890) [aiter] shape is M:185, N:2304, K:12288 dtype='torch.bfloat16' otype='torch.bfloat16' bias=False, scaleAB=False, bpreshuffle=False, not found tuned config in /tmp/aiter_configs/bf16_tuned_gemm.csv, will use default config! using torch solution:0
(Worker_TP0 pid=552887) Capturing CUDA graphs (mixed prefill-decode, PIECEWISE):  52%|█████▏    | 25/48 [04:24<03:41,  9.63s/it][aiter] shape is M:180, N:128, K:6144 dtype='torch.float32' otype='torch.float32' bias=False, scaleAB=False, bpreshuffle=False, not found tuned config in /tmp/aiter_configs/bf16_tuned_gemm.csv, will use default config! using torch solution:0
(Worker_TP1 pid=552888) [aiter] shape is M:170, N:128, K:6144 dtype='torch.float32' otype='torch.float32' bias=False, scaleAB=False, bpreshuffle=False, not found tuned config in /tmp/aiter_configs/bf16_tuned_gemm.csv, will use default config! using torch solution:0
(Worker_TP2 pid=552889) [aiter] shape is M:170, N:2304, K:12288 dtype='torch.bfloat16' otype='torch.bfloat16' bias=False, scaleAB=False, bpreshuffle=False, not found tuned config in /tmp/aiter_configs/bf16_tuned_gemm.csv, will use default config! using torch solution:0
(Worker_TP3 pid=552890) [aiter] shape is M:180, N:128, K:6144 dtype='torch.float32' otype='torch.float32' bias=False, scaleAB=False, bpreshuffle=False, not found tuned config in /tmp/aiter_configs/bf16_tuned_gemm.csv, will use default config! using torch solution:0
(Worker_TP0 pid=552887) [aiter] shape is M:180, N:2304, K:12288 dtype='torch.bfloat16' otype='torch.bfloat16' bias=False, scaleAB=False, bpreshuffle=False, not found tuned config in /tmp/aiter_configs/bf16_tuned_gemm.csv, will use default config! using torch solution:0
(Worker_TP1 pid=552888) [aiter] shape is M:170, N:2304, K:12288 dtype='torch.bfloat16' otype='torch.bfloat16' bias=False, scaleAB=False, bpreshuffle=False, not found tuned config in /tmp/aiter_configs/bf16_tuned_gemm.csv, will use default config! using torch solution:0
(Worker_TP2 pid=552889) [aiter] shape is M:160, N:128, K:6144 dtype='torch.float32' otype='torch.float32' bias=False, scaleAB=False, bpreshuffle=False, not found tuned config in /tmp/aiter_configs/bf16_tuned_gemm.csv, will use default config! using torch solution:0
(Worker_TP3 pid=552890) [aiter] shape is M:180, N:2304, K:12288 dtype='torch.bfloat16' otype='torch.bfloat16' bias=False, scaleAB=False, bpreshuffle=False, not found tuned config in /tmp/aiter_configs/bf16_tuned_gemm.csv, will use default config! using torch solution:0
(Worker_TP0 pid=552887) [aiter] shape is M:170, N:128, K:6144 dtype='torch.float32' otype='torch.float32' bias=False, scaleAB=False, bpreshuffle=False, not found tuned config in /tmp/aiter_configs/bf16_tuned_gemm.csv, will use default config! using torch solution:0
(Worker_TP1 pid=552888) [aiter] shape is M:160, N:128, K:6144 dtype='torch.float32' otype='torch.float32' bias=False, scaleAB=False, bpreshuffle=False, not found tuned config in /tmp/aiter_configs/bf16_tuned_gemm.csv, will use default config! using torch solution:0
(Worker_TP2 pid=552889) [aiter] shape is M:160, N:2304, K:12288 dtype='torch.bfloat16' otype='torch.bfloat16' bias=False, scaleAB=False, bpreshuffle=False, not found tuned config in /tmp/aiter_configs/bf16_tuned_gemm.csv, will use default config! using torch solution:0
(Worker_TP0 pid=552887) [aiter] shape is M:170, N:2304, K:12288 dtype='torch.bfloat16' otype='torch.bfloat16' bias=False, scaleAB=False, bpreshuffle=False, not found tuned config in /tmp/aiter_configs/bf16_tuned_gemm.csv, will use default config! using torch solution:0
(Worker_TP3 pid=552890) [aiter] shape is M:170, N:128, K:6144 dtype='torch.float32' otype='torch.float32' bias=False, scaleAB=False, bpreshuffle=False, not found tuned config in /tmp/aiter_configs/bf16_tuned_gemm.csv, will use default config! using torch solution:0
(Worker_TP1 pid=552888) [aiter] shape is M:160, N:2304, K:12288 dtype='torch.bfloat16' otype='torch.bfloat16' bias=False, scaleAB=False, bpreshuffle=False, not found tuned config in /tmp/aiter_configs/bf16_tuned_gemm.csv, will use default config! using torch solution:0
(Worker_TP2 pid=552889) [aiter] shape is M:155, N:128, K:6144 dtype='torch.float32' otype='torch.float32' bias=False, scaleAB=False, bpreshuffle=False, not found tuned config in /tmp/aiter_configs/bf16_tuned_gemm.csv, will use default config! using torch solution:0
(Worker_TP3 pid=552890) [aiter] shape is M:170, N:2304, K:12288 dtype='torch.bfloat16' otype='torch.bfloat16' bias=False, scaleAB=False, bpreshuffle=False, not found tuned config in /tmp/aiter_configs/bf16_tuned_gemm.csv, will use default config! using torch solution:0
(Worker_TP0 pid=552887) Capturing CUDA graphs (mixed prefill-decode, PIECEWISE):  56%|█████▋    | 27/48 [04:24<02:21,  6.75s/it][aiter] shape is M:160, N:128, K:6144 dtype='torch.float32' otype='torch.float32' bias=False, scaleAB=False, bpreshuffle=False, not found tuned config in /tmp/aiter_configs/bf16_tuned_gemm.csv, will use default config! using torch solution:0
(Worker_TP1 pid=552888) [aiter] shape is M:155, N:128, K:6144 dtype='torch.float32' otype='torch.float32' bias=False, scaleAB=False, bpreshuffle=False, not found tuned config in /tmp/aiter_configs/bf16_tuned_gemm.csv, will use default config! using torch solution:0
(Worker_TP2 pid=552889) [aiter] shape is M:155, N:2304, K:12288 dtype='torch.bfloat16' otype='torch.bfloat16' bias=False, scaleAB=False, bpreshuffle=False, not found tuned config in /tmp/aiter_configs/bf16_tuned_gemm.csv, will use default config! using torch solution:0
(Worker_TP0 pid=552887) [aiter] shape is M:160, N:2304, K:12288 dtype='torch.bfloat16' otype='torch.bfloat16' bias=False, scaleAB=False, bpreshuffle=False, not found tuned config in /tmp/aiter_configs/bf16_tuned_gemm.csv, will use default config! using torch solution:0
(Worker_TP3 pid=552890) [aiter] shape is M:160, N:128, K:6144 dtype='torch.float32' otype='torch.float32' bias=False, scaleAB=False, bpreshuffle=False, not found tuned config in /tmp/aiter_configs/bf16_tuned_gemm.csv, will use default config! using torch solution:0
(Worker_TP1 pid=552888) [aiter] shape is M:155, N:2304, K:12288 dtype='torch.bfloat16' otype='torch.bfloat16' bias=False, scaleAB=False, bpreshuffle=False, not found tuned config in /tmp/aiter_configs/bf16_tuned_gemm.csv, will use default config! using torch solution:0
(Worker_TP2 pid=552889) [aiter] shape is M:145, N:128, K:6144 dtype='torch.float32' otype='torch.float32' bias=False, scaleAB=False, bpreshuffle=False, not found tuned config in /tmp/aiter_configs/bf16_tuned_gemm.csv, will use default config! using torch solution:0
(Worker_TP3 pid=552890) [aiter] shape is M:160, N:2304, K:12288 dtype='torch.bfloat16' otype='torch.bfloat16' bias=False, scaleAB=False, bpreshuffle=False, not found tuned config in /tmp/aiter_configs/bf16_tuned_gemm.csv, will use default config! using torch solution:0
(Worker_TP0 pid=552887) [aiter] shape is M:155, N:128, K:6144 dtype='torch.float32' otype='torch.float32' bias=False, scaleAB=False, bpreshuffle=False, not found tuned config in /tmp/aiter_configs/bf16_tuned_gemm.csv, will use default config! using torch solution:0
(Worker_TP1 pid=552888) [aiter] shape is M:145, N:128, K:6144 dtype='torch.float32' otype='torch.float32' bias=False, scaleAB=False, bpreshuffle=False, not found tuned config in /tmp/aiter_configs/bf16_tuned_gemm.csv, will use default config! using torch solution:0
(Worker_TP2 pid=552889) [aiter] shape is M:145, N:2304, K:12288 dtype='torch.bfloat16' otype='torch.bfloat16' bias=False, scaleAB=False, bpreshuffle=False, not found tuned config in /tmp/aiter_configs/bf16_tuned_gemm.csv, will use default config! using torch solution:0
(Worker_TP0 pid=552887) [aiter] shape is M:155, N:2304, K:12288 dtype='torch.bfloat16' otype='torch.bfloat16' bias=False, scaleAB=False, bpreshuffle=False, not found tuned config in /tmp/aiter_configs/bf16_tuned_gemm.csv, will use default config! using torch solution:0
(Worker_TP3 pid=552890) [aiter] shape is M:155, N:128, K:6144 dtype='torch.float32' otype='torch.float32' bias=False, scaleAB=False, bpreshuffle=False, not found tuned config in /tmp/aiter_configs/bf16_tuned_gemm.csv, will use default config! using torch solution:0
(Worker_TP1 pid=552888) [aiter] shape is M:145, N:2304, K:12288 dtype='torch.bfloat16' otype='torch.bfloat16' bias=False, scaleAB=False, bpreshuffle=False, not found tuned config in /tmp/aiter_configs/bf16_tuned_gemm.csv, will use default config! using torch solution:0
(Worker_TP2 pid=552889) [aiter] shape is M:140, N:128, K:6144 dtype='torch.float32' otype='torch.float32' bias=False, scaleAB=False, bpreshuffle=False, not found tuned config in /tmp/aiter_configs/bf16_tuned_gemm.csv, will use default config! using torch solution:0
(Worker_TP0 pid=552887) Capturing CUDA graphs (mixed prefill-decode, PIECEWISE):  60%|██████    | 29/48 [04:24<01:29,  4.74s/it][aiter] shape is M:145, N:128, K:6144 dtype='torch.float32' otype='torch.float32' bias=False, scaleAB=False, bpreshuffle=False, not found tuned config in /tmp/aiter_configs/bf16_tuned_gemm.csv, will use default config! using torch solution:0
(Worker_TP3 pid=552890) [aiter] shape is M:155, N:2304, K:12288 dtype='torch.bfloat16' otype='torch.bfloat16' bias=False, scaleAB=False, bpreshuffle=False, not found tuned config in /tmp/aiter_configs/bf16_tuned_gemm.csv, will use default config! using torch solution:0
(Worker_TP1 pid=552888) [aiter] shape is M:140, N:128, K:6144 dtype='torch.float32' otype='torch.float32' bias=False, scaleAB=False, bpreshuffle=False, not found tuned config in /tmp/aiter_configs/bf16_tuned_gemm.csv, will use default config! using torch solution:0
(Worker_TP2 pid=552889) [aiter] shape is M:140, N:2304, K:12288 dtype='torch.bfloat16' otype='torch.bfloat16' bias=False, scaleAB=False, bpreshuffle=False, not found tuned config in /tmp/aiter_configs/bf16_tuned_gemm.csv, will use default config! using torch solution:0
(Worker_TP0 pid=552887) [aiter] shape is M:145, N:2304, K:12288 dtype='torch.bfloat16' otype='torch.bfloat16' bias=False, scaleAB=False, bpreshuffle=False, not found tuned config in /tmp/aiter_configs/bf16_tuned_gemm.csv, will use default config! using torch solution:0
(Worker_TP3 pid=552890) [aiter] shape is M:145, N:128, K:6144 dtype='torch.float32' otype='torch.float32' bias=False, scaleAB=False, bpreshuffle=False, not found tuned config in /tmp/aiter_configs/bf16_tuned_gemm.csv, will use default config! using torch solution:0
(Worker_TP1 pid=552888) [aiter] shape is M:140, N:2304, K:12288 dtype='torch.bfloat16' otype='torch.bfloat16' bias=False, scaleAB=False, bpreshuffle=False, not found tuned config in /tmp/aiter_configs/bf16_tuned_gemm.csv, will use default config! using torch solution:0
(Worker_TP0 pid=552887) [aiter] shape is M:140, N:128, K:6144 dtype='torch.float32' otype='torch.float32' bias=False, scaleAB=False, bpreshuffle=False, not found tuned config in /tmp/aiter_configs/bf16_tuned_gemm.csv, will use default config! using torch solution:0
(Worker_TP2 pid=552889) [aiter] shape is M:130, N:128, K:6144 dtype='torch.float32' otype='torch.float32' bias=False, scaleAB=False, bpreshuffle=False, not found tuned config in /tmp/aiter_configs/bf16_tuned_gemm.csv, will use default config! using torch solution:0
(Worker_TP3 pid=552890) [aiter] shape is M:145, N:2304, K:12288 dtype='torch.bfloat16' otype='torch.bfloat16' bias=False, scaleAB=False, bpreshuffle=False, not found tuned config in /tmp/aiter_configs/bf16_tuned_gemm.csv, will use default config! using torch solution:0
(Worker_TP1 pid=552888) [aiter] shape is M:130, N:128, K:6144 dtype='torch.float32' otype='torch.float32' bias=False, scaleAB=False, bpreshuffle=False, not found tuned config in /tmp/aiter_configs/bf16_tuned_gemm.csv, will use default config! using torch solution:0
(Worker_TP0 pid=552887) [aiter] shape is M:140, N:2304, K:12288 dtype='torch.bfloat16' otype='torch.bfloat16' bias=False, scaleAB=False, bpreshuffle=False, not found tuned config in /tmp/aiter_configs/bf16_tuned_gemm.csv, will use default config! using torch solution:0
(Worker_TP2 pid=552889) [aiter] shape is M:130, N:2304, K:12288 dtype='torch.bfloat16' otype='torch.bfloat16' bias=False, scaleAB=False, bpreshuffle=False, not found tuned config in /tmp/aiter_configs/bf16_tuned_gemm.csv, will use default config! using torch solution:0
(Worker_TP1 pid=552888) [aiter] shape is M:130, N:2304, K:12288 dtype='torch.bfloat16' otype='torch.bfloat16' bias=False, scaleAB=False, bpreshuffle=False, not found tuned config in /tmp/aiter_configs/bf16_tuned_gemm.csv, will use default config! using torch solution:0
(Worker_TP3 pid=552890) [aiter] shape is M:140, N:128, K:6144 dtype='torch.float32' otype='torch.float32' bias=False, scaleAB=False, bpreshuffle=False, not found tuned config in /tmp/aiter_configs/bf16_tuned_gemm.csv, will use default config! using torch solution:0
(Worker_TP0 pid=552887) Capturing CUDA graphs (mixed prefill-decode, PIECEWISE):  65%|██████▍   | 31/48 [04:24<00:56,  3.34s/it][aiter] shape is M:130, N:128, K:6144 dtype='torch.float32' otype='torch.float32' bias=False, scaleAB=False, bpreshuffle=False, not found tuned config in /tmp/aiter_configs/bf16_tuned_gemm.csv, will use default config! using torch solution:0
[aiter] LoadKernel: _ZN5aiter39bf16gemm_fp32bf16_tn_64x64_splitk_cleanE hsaco: /usr/local/lib/python3.12/dist-packages/aiter_meta/hsa//gfx950/bf16gemm/bf16gemm_fp32bf16_tn_64x64_splitk_clean.co
(Worker_TP3 pid=552890) [aiter] shape is M:140, N:2304, K:12288 dtype='torch.bfloat16' otype='torch.bfloat16' bias=False, scaleAB=False, bpreshuffle=False, not found tuned config in /tmp/aiter_configs/bf16_tuned_gemm.csv, will use default config! using torch solution:0
[aiter] LoadKernel: _ZN5aiter39bf16gemm_fp32bf16_tn_64x64_splitk_cleanE hsaco: /usr/local/lib/python3.12/dist-packages/aiter_meta/hsa//gfx950/bf16gemm/bf16gemm_fp32bf16_tn_64x64_splitk_clean.co
(Worker_TP0 pid=552887) [aiter] shape is M:130, N:2304, K:12288 dtype='torch.bfloat16' otype='torch.bfloat16' bias=False, scaleAB=False, bpreshuffle=False, not found tuned config in /tmp/aiter_configs/bf16_tuned_gemm.csv, will use default config! using torch solution:0
(Worker_TP3 pid=552890) [aiter] shape is M:130, N:128, K:6144 dtype='torch.float32' otype='torch.float32' bias=False, scaleAB=False, bpreshuffle=False, not found tuned config in /tmp/aiter_configs/bf16_tuned_gemm.csv, will use default config! using torch solution:0
[aiter] LoadKernel: _ZN5aiter39bf16gemm_fp32bf16_tn_64x64_splitk_cleanE hsaco: /usr/local/lib/python3.12/dist-packages/aiter_meta/hsa//gfx950/bf16gemm/bf16gemm_fp32bf16_tn_64x64_splitk_clean.co
(Worker_TP3 pid=552890) [aiter] shape is M:130, N:2304, K:12288 dtype='torch.bfloat16' otype='torch.bfloat16' bias=False, scaleAB=False, bpreshuffle=False, not found tuned config in /tmp/aiter_configs/bf16_tuned_gemm.csv, will use default config! using torch solution:0
[aiter] LoadKernel: _ZN5aiter39bf16gemm_fp32bf16_tn_64x64_splitk_cleanE hsaco: /usr/local/lib/python3.12/dist-packages/aiter_meta/hsa//gfx950/bf16gemm/bf16gemm_fp32bf16_tn_64x64_splitk_clean.co
(Worker_TP1 pid=552888) [aiter] shape is M:120, N:128, K:6144 dtype='torch.float32' otype='torch.float32' bias=False, scaleAB=False, bpreshuffle=False, not found tuned config in /tmp/aiter_configs/bf16_tuned_gemm.csv, will use default config! using torch solution:0
(Worker_TP1 pid=552888) [aiter] run_1stage = False, xbf16 = False, ksplit = 0 q_type = QuantType.per_1x32 block_m = 32 use_nt = True, estimated_m_per_expert = 4
(Worker_TP1 pid=552888) [aiter] [fused_moe] using 2stage default for ('gfx950', 256, 128, 6144, 768, 129, 5, 'ActivationType.Swiglu', 'torch.bfloat16', 'torch.bfloat16', 'torch.float4_e2m1fn_x2', 'QuantType.per_1x32', True, False) 
(Worker_TP2 pid=552889) [aiter] shape is M:120, N:128, K:6144 dtype='torch.float32' otype='torch.float32' bias=False, scaleAB=False, bpreshuffle=False, not found tuned config in /tmp/aiter_configs/bf16_tuned_gemm.csv, will use default config! using torch solution:0
(Worker_TP2 pid=552889) [aiter] run_1stage = False, xbf16 = False, ksplit = 0 q_type = QuantType.per_1x32 block_m = 32 use_nt = True, estimated_m_per_expert = 4
(Worker_TP2 pid=552889) [aiter] [fused_moe] using 2stage default for ('gfx950', 256, 128, 6144, 768, 129, 5, 'ActivationType.Swiglu', 'torch.bfloat16', 'torch.bfloat16', 'torch.float4_e2m1fn_x2', 'QuantType.per_1x32', True, False) 
(Worker_TP1 pid=552888) [aiter] shape is M:120, N:2304, K:12288 dtype='torch.bfloat16' otype='torch.bfloat16' bias=False, scaleAB=False, bpreshuffle=False, not found tuned config in /tmp/aiter_configs/bf16_tuned_gemm.csv, will use default config! using torch solution:0
(Worker_TP2 pid=552889) [aiter] shape is M:120, N:2304, K:12288 dtype='torch.bfloat16' otype='torch.bfloat16' bias=False, scaleAB=False, bpreshuffle=False, not found tuned config in /tmp/aiter_configs/bf16_tuned_gemm.csv, will use default config! using torch solution:0
(Worker_TP0 pid=552887) [aiter] shape is M:120, N:128, K:6144 dtype='torch.float32' otype='torch.float32' bias=False, scaleAB=False, bpreshuffle=False, not found tuned config in /tmp/aiter_configs/bf16_tuned_gemm.csv, will use default config! using torch solution:0
(Worker_TP0 pid=552887) [aiter] run_1stage = False, xbf16 = False, ksplit = 0 q_type = QuantType.per_1x32 block_m = 32 use_nt = True, estimated_m_per_expert = 4
(Worker_TP0 pid=552887) [aiter] [fused_moe] using 2stage default for ('gfx950', 256, 128, 6144, 768, 129, 5, 'ActivationType.Swiglu', 'torch.bfloat16', 'torch.bfloat16', 'torch.float4_e2m1fn_x2', 'QuantType.per_1x32', True, False) 
(Worker_TP0 pid=552887) [aiter] shape is M:120, N:2304, K:12288 dtype='torch.bfloat16' otype='torch.bfloat16' bias=False, scaleAB=False, bpreshuffle=False, not found tuned config in /tmp/aiter_configs/bf16_tuned_gemm.csv, will use default config! using torch solution:0
(Worker_TP3 pid=552890) [aiter] shape is M:120, N:128, K:6144 dtype='torch.float32' otype='torch.float32' bias=False, scaleAB=False, bpreshuffle=False, not found tuned config in /tmp/aiter_configs/bf16_tuned_gemm.csv, will use default config! using torch solution:0
(Worker_TP3 pid=552890) [aiter] run_1stage = False, xbf16 = False, ksplit = 0 q_type = QuantType.per_1x32 block_m = 32 use_nt = True, estimated_m_per_expert = 4
(Worker_TP3 pid=552890) [aiter] [fused_moe] using 2stage default for ('gfx950', 256, 128, 6144, 768, 129, 5, 'ActivationType.Swiglu', 'torch.bfloat16', 'torch.bfloat16', 'torch.float4_e2m1fn_x2', 'QuantType.per_1x32', True, False) 
(Worker_TP1 pid=552888) [aiter] shape is M:115, N:128, K:6144 dtype='torch.float32' otype='torch.float32' bias=False, scaleAB=False, bpreshuffle=False, not found tuned config in /tmp/aiter_configs/bf16_tuned_gemm.csv, will use default config! using torch solution:0
(Worker_TP2 pid=552889) [aiter] shape is M:115, N:128, K:6144 dtype='torch.float32' otype='torch.float32' bias=False, scaleAB=False, bpreshuffle=False, not found tuned config in /tmp/aiter_configs/bf16_tuned_gemm.csv, will use default config! using torch solution:0
(Worker_TP3 pid=552890) [aiter] shape is M:120, N:2304, K:12288 dtype='torch.bfloat16' otype='torch.bfloat16' bias=False, scaleAB=False, bpreshuffle=False, not found tuned config in /tmp/aiter_configs/bf16_tuned_gemm.csv, will use default config! using torch solution:0
(Worker_TP1 pid=552888) [aiter] shape is M:115, N:2304, K:12288 dtype='torch.bfloat16' otype='torch.bfloat16' bias=False, scaleAB=False, bpreshuffle=False, not found tuned config in /tmp/aiter_configs/bf16_tuned_gemm.csv, will use default config! using torch solution:0
(Worker_TP2 pid=552889) [aiter] shape is M:115, N:2304, K:12288 dtype='torch.bfloat16' otype='torch.bfloat16' bias=False, scaleAB=False, bpreshuffle=False, not found tuned config in /tmp/aiter_configs/bf16_tuned_gemm.csv, will use default config! using torch solution:0
(Worker_TP0 pid=552887) Capturing CUDA graphs (mixed prefill-decode, PIECEWISE):  69%|██████▉   | 33/48 [04:25<00:35,  2.40s/it][aiter] shape is M:115, N:128, K:6144 dtype='torch.float32' otype='torch.float32' bias=False, scaleAB=False, bpreshuffle=False, not found tuned config in /tmp/aiter_configs/bf16_tuned_gemm.csv, will use default config! using torch solution:0
(Worker_TP1 pid=552888) [aiter] shape is M:105, N:128, K:6144 dtype='torch.float32' otype='torch.float32' bias=False, scaleAB=False, bpreshuffle=False, not found tuned config in /tmp/aiter_configs/bf16_tuned_gemm.csv, will use default config! using torch solution:0
(Worker_TP2 pid=552889) [aiter] shape is M:105, N:128, K:6144 dtype='torch.float32' otype='torch.float32' bias=False, scaleAB=False, bpreshuffle=False, not found tuned config in /tmp/aiter_configs/bf16_tuned_gemm.csv, will use default config! using torch solution:0
(Worker_TP0 pid=552887) [aiter] shape is M:115, N:2304, K:12288 dtype='torch.bfloat16' otype='torch.bfloat16' bias=False, scaleAB=False, bpreshuffle=False, not found tuned config in /tmp/aiter_configs/bf16_tuned_gemm.csv, will use default config! using torch solution:0
(Worker_TP1 pid=552888) [aiter] shape is M:105, N:2304, K:12288 dtype='torch.bfloat16' otype='torch.bfloat16' bias=False, scaleAB=False, bpreshuffle=False, not found tuned config in /tmp/aiter_configs/bf16_tuned_gemm.csv, will use default config! using torch solution:0
(Worker_TP2 pid=552889) [aiter] shape is M:105, N:2304, K:12288 dtype='torch.bfloat16' otype='torch.bfloat16' bias=False, scaleAB=False, bpreshuffle=False, not found tuned config in /tmp/aiter_configs/bf16_tuned_gemm.csv, will use default config! using torch solution:0
(Worker_TP0 pid=552887) [aiter] shape is M:105, N:128, K:6144 dtype='torch.float32' otype='torch.float32' bias=False, scaleAB=False, bpreshuffle=False, not found tuned config in /tmp/aiter_configs/bf16_tuned_gemm.csv, will use default config! using torch solution:0
(Worker_TP3 pid=552890) [aiter] shape is M:115, N:128, K:6144 dtype='torch.float32' otype='torch.float32' bias=False, scaleAB=False, bpreshuffle=False, not found tuned config in /tmp/aiter_configs/bf16_tuned_gemm.csv, will use default config! using torch solution:0
(Worker_TP2 pid=552889) [aiter] shape is M:100, N:128, K:6144 dtype='torch.float32' otype='torch.float32' bias=False, scaleAB=False, bpreshuffle=False, not found tuned config in /tmp/aiter_configs/bf16_tuned_gemm.csv, will use default config! using torch solution:0
(Worker_TP1 pid=552888) [aiter] shape is M:100, N:128, K:6144 dtype='torch.float32' otype='torch.float32' bias=False, scaleAB=False, bpreshuffle=False, not found tuned config in /tmp/aiter_configs/bf16_tuned_gemm.csv, will use default config! using torch solution:0
(Worker_TP0 pid=552887) [aiter] shape is M:105, N:2304, K:12288 dtype='torch.bfloat16' otype='torch.bfloat16' bias=False, scaleAB=False, bpreshuffle=False, not found tuned config in /tmp/aiter_configs/bf16_tuned_gemm.csv, will use default config! using torch solution:0
(Worker_TP3 pid=552890) [aiter] shape is M:115, N:2304, K:12288 dtype='torch.bfloat16' otype='torch.bfloat16' bias=False, scaleAB=False, bpreshuffle=False, not found tuned config in /tmp/aiter_configs/bf16_tuned_gemm.csv, will use default config! using torch solution:0
(Worker_TP2 pid=552889) [aiter] shape is M:100, N:2304, K:12288 dtype='torch.bfloat16' otype='torch.bfloat16' bias=False, scaleAB=False, bpreshuffle=False, not found tuned config in /tmp/aiter_configs/bf16_tuned_gemm.csv, will use default config! using torch solution:0
(Worker_TP1 pid=552888) [aiter] shape is M:100, N:2304, K:12288 dtype='torch.bfloat16' otype='torch.bfloat16' bias=False, scaleAB=False, bpreshuffle=False, not found tuned config in /tmp/aiter_configs/bf16_tuned_gemm.csv, will use default config! using torch solution:0
(Worker_TP0 pid=552887) Capturing CUDA graphs (mixed prefill-decode, PIECEWISE):  73%|███████▎  | 35/48 [04:25<00:22,  1.70s/it][aiter] shape is M:100, N:128, K:6144 dtype='torch.float32' otype='torch.float32' bias=False, scaleAB=False, bpreshuffle=False, not found tuned config in /tmp/aiter_configs/bf16_tuned_gemm.csv, will use default config! using torch solution:0
(Worker_TP3 pid=552890) [aiter] shape is M:105, N:128, K:6144 dtype='torch.float32' otype='torch.float32' bias=False, scaleAB=False, bpreshuffle=False, not found tuned config in /tmp/aiter_configs/bf16_tuned_gemm.csv, will use default config! using torch solution:0
(Worker_TP2 pid=552889) [aiter] shape is M:90, N:128, K:6144 dtype='torch.float32' otype='torch.float32' bias=False, scaleAB=False, bpreshuffle=False, not found tuned config in /tmp/aiter_configs/bf16_tuned_gemm.csv, will use default config! using torch solution:0
(Worker_TP1 pid=552888) [aiter] shape is M:90, N:128, K:6144 dtype='torch.float32' otype='torch.float32' bias=False, scaleAB=False, bpreshuffle=False, not found tuned config in /tmp/aiter_configs/bf16_tuned_gemm.csv, will use default config! using torch solution:0
(Worker_TP0 pid=552887) [aiter] shape is M:100, N:2304, K:12288 dtype='torch.bfloat16' otype='torch.bfloat16' bias=False, scaleAB=False, bpreshuffle=False, not found tuned config in /tmp/aiter_configs/bf16_tuned_gemm.csv, will use default config! using torch solution:0
(Worker_TP3 pid=552890) [aiter] shape is M:105, N:2304, K:12288 dtype='torch.bfloat16' otype='torch.bfloat16' bias=False, scaleAB=False, bpreshuffle=False, not found tuned config in /tmp/aiter_configs/bf16_tuned_gemm.csv, will use default config! using torch solution:0
(Worker_TP2 pid=552889) [aiter] shape is M:90, N:2304, K:12288 dtype='torch.bfloat16' otype='torch.bfloat16' bias=False, scaleAB=False, bpreshuffle=False, not found tuned config in /tmp/aiter_configs/bf16_tuned_gemm.csv, will use default config! using torch solution:0
(Worker_TP1 pid=552888) [aiter] shape is M:90, N:2304, K:12288 dtype='torch.bfloat16' otype='torch.bfloat16' bias=False, scaleAB=False, bpreshuffle=False, not found tuned config in /tmp/aiter_configs/bf16_tuned_gemm.csv, will use default config! using torch solution:0
(Worker_TP0 pid=552887) [aiter] shape is M:90, N:128, K:6144 dtype='torch.float32' otype='torch.float32' bias=False, scaleAB=False, bpreshuffle=False, not found tuned config in /tmp/aiter_configs/bf16_tuned_gemm.csv, will use default config! using torch solution:0
(Worker_TP3 pid=552890) [aiter] shape is M:100, N:128, K:6144 dtype='torch.float32' otype='torch.float32' bias=False, scaleAB=False, bpreshuffle=False, not found tuned config in /tmp/aiter_configs/bf16_tuned_gemm.csv, will use default config! using torch solution:0
(Worker_TP2 pid=552889) [aiter] shape is M:80, N:128, K:6144 dtype='torch.float32' otype='torch.float32' bias=False, scaleAB=False, bpreshuffle=False, not found tuned config in /tmp/aiter_configs/bf16_tuned_gemm.csv, will use default config! using torch solution:0
(Worker_TP0 pid=552887) [aiter] shape is M:90, N:2304, K:12288 dtype='torch.bfloat16' otype='torch.bfloat16' bias=False, scaleAB=False, bpreshuffle=False, not found tuned config in /tmp/aiter_configs/bf16_tuned_gemm.csv, will use default config! using torch solution:0
(Worker_TP1 pid=552888) [aiter] shape is M:80, N:128, K:6144 dtype='torch.float32' otype='torch.float32' bias=False, scaleAB=False, bpreshuffle=False, not found tuned config in /tmp/aiter_configs/bf16_tuned_gemm.csv, will use default config! using torch solution:0
(Worker_TP3 pid=552890) [aiter] shape is M:100, N:2304, K:12288 dtype='torch.bfloat16' otype='torch.bfloat16' bias=False, scaleAB=False, bpreshuffle=False, not found tuned config in /tmp/aiter_configs/bf16_tuned_gemm.csv, will use default config! using torch solution:0
(Worker_TP2 pid=552889) [aiter] shape is M:80, N:2304, K:12288 dtype='torch.bfloat16' otype='torch.bfloat16' bias=False, scaleAB=False, bpreshuffle=False, not found tuned config in /tmp/aiter_configs/bf16_tuned_gemm.csv, will use default config! using torch solution:0
(Worker_TP1 pid=552888) [aiter] shape is M:80, N:2304, K:12288 dtype='torch.bfloat16' otype='torch.bfloat16' bias=False, scaleAB=False, bpreshuffle=False, not found tuned config in /tmp/aiter_configs/bf16_tuned_gemm.csv, will use default config! using torch solution:0
(Worker_TP0 pid=552887) Capturing CUDA graphs (mixed prefill-decode, PIECEWISE):  77%|███████▋  | 37/48 [04:25<00:13,  1.22s/it][aiter] shape is M:80, N:128, K:6144 dtype='torch.float32' otype='torch.float32' bias=False, scaleAB=False, bpreshuffle=False, not found tuned config in /tmp/aiter_configs/bf16_tuned_gemm.csv, will use default config! using torch solution:0
(Worker_TP3 pid=552890) [aiter] shape is M:90, N:128, K:6144 dtype='torch.float32' otype='torch.float32' bias=False, scaleAB=False, bpreshuffle=False, not found tuned config in /tmp/aiter_configs/bf16_tuned_gemm.csv, will use default config! using torch solution:0
(Worker_TP2 pid=552889) [aiter] shape is M:75, N:128, K:6144 dtype='torch.float32' otype='torch.float32' bias=False, scaleAB=False, bpreshuffle=False, not found tuned config in /tmp/aiter_configs/bf16_tuned_gemm.csv, will use default config! using torch solution:0
(Worker_TP0 pid=552887) [aiter] shape is M:80, N:2304, K:12288 dtype='torch.bfloat16' otype='torch.bfloat16' bias=False, scaleAB=False, bpreshuffle=False, not found tuned config in /tmp/aiter_configs/bf16_tuned_gemm.csv, will use default config! using torch solution:0
(Worker_TP1 pid=552888) [aiter] shape is M:75, N:128, K:6144 dtype='torch.float32' otype='torch.float32' bias=False, scaleAB=False, bpreshuffle=False, not found tuned config in /tmp/aiter_configs/bf16_tuned_gemm.csv, will use default config! using torch solution:0
(Worker_TP3 pid=552890) [aiter] shape is M:90, N:2304, K:12288 dtype='torch.bfloat16' otype='torch.bfloat16' bias=False, scaleAB=False, bpreshuffle=False, not found tuned config in /tmp/aiter_configs/bf16_tuned_gemm.csv, will use default config! using torch solution:0
(Worker_TP2 pid=552889) [aiter] shape is M:75, N:2304, K:12288 dtype='torch.bfloat16' otype='torch.bfloat16' bias=False, scaleAB=False, bpreshuffle=False, not found tuned config in /tmp/aiter_configs/bf16_tuned_gemm.csv, will use default config! using torch solution:0
(Worker_TP1 pid=552888) [aiter] shape is M:75, N:2304, K:12288 dtype='torch.bfloat16' otype='torch.bfloat16' bias=False, scaleAB=False, bpreshuffle=False, not found tuned config in /tmp/aiter_configs/bf16_tuned_gemm.csv, will use default config! using torch solution:0
(Worker_TP0 pid=552887) [aiter] shape is M:75, N:128, K:6144 dtype='torch.float32' otype='torch.float32' bias=False, scaleAB=False, bpreshuffle=False, not found tuned config in /tmp/aiter_configs/bf16_tuned_gemm.csv, will use default config! using torch solution:0
(Worker_TP3 pid=552890) [aiter] shape is M:80, N:128, K:6144 dtype='torch.float32' otype='torch.float32' bias=False, scaleAB=False, bpreshuffle=False, not found tuned config in /tmp/aiter_configs/bf16_tuned_gemm.csv, will use default config! using torch solution:0
(Worker_TP2 pid=552889) [aiter] shape is M:65, N:128, K:6144 dtype='torch.float32' otype='torch.float32' bias=False, scaleAB=False, bpreshuffle=False, not found tuned config in /tmp/aiter_configs/bf16_tuned_gemm.csv, will use default config! using torch solution:0
(Worker_TP0 pid=552887) [aiter] shape is M:75, N:2304, K:12288 dtype='torch.bfloat16' otype='torch.bfloat16' bias=False, scaleAB=False, bpreshuffle=False, not found tuned config in /tmp/aiter_configs/bf16_tuned_gemm.csv, will use default config! using torch solution:0
(Worker_TP1 pid=552888) [aiter] shape is M:65, N:128, K:6144 dtype='torch.float32' otype='torch.float32' bias=False, scaleAB=False, bpreshuffle=False, not found tuned config in /tmp/aiter_configs/bf16_tuned_gemm.csv, will use default config! using torch solution:0
(Worker_TP3 pid=552890) [aiter] shape is M:80, N:2304, K:12288 dtype='torch.bfloat16' otype='torch.bfloat16' bias=False, scaleAB=False, bpreshuffle=False, not found tuned config in /tmp/aiter_configs/bf16_tuned_gemm.csv, will use default config! using torch solution:0
(Worker_TP2 pid=552889) [aiter] shape is M:65, N:2304, K:12288 dtype='torch.bfloat16' otype='torch.bfloat16' bias=False, scaleAB=False, bpreshuffle=False, not found tuned config in /tmp/aiter_configs/bf16_tuned_gemm.csv, will use default config! using torch solution:0
(Worker_TP0 pid=552887) Capturing CUDA graphs (mixed prefill-decode, PIECEWISE):  81%|████████▏ | 39/48 [04:25<00:07,  1.14it/s][aiter] shape is M:65, N:128, K:6144 dtype='torch.float32' otype='torch.float32' bias=False, scaleAB=False, bpreshuffle=False, not found tuned config in /tmp/aiter_configs/bf16_tuned_gemm.csv, will use default config! using torch solution:0
(Worker_TP1 pid=552888) [aiter] shape is M:65, N:2304, K:12288 dtype='torch.bfloat16' otype='torch.bfloat16' bias=False, scaleAB=False, bpreshuffle=False, not found tuned config in /tmp/aiter_configs/bf16_tuned_gemm.csv, will use default config! using torch solution:0
(Worker_TP3 pid=552890) [aiter] shape is M:75, N:128, K:6144 dtype='torch.float32' otype='torch.float32' bias=False, scaleAB=False, bpreshuffle=False, not found tuned config in /tmp/aiter_configs/bf16_tuned_gemm.csv, will use default config! using torch solution:0
(Worker_TP0 pid=552887) [aiter] shape is M:65, N:2304, K:12288 dtype='torch.bfloat16' otype='torch.bfloat16' bias=False, scaleAB=False, bpreshuffle=False, not found tuned config in /tmp/aiter_configs/bf16_tuned_gemm.csv, will use default config! using torch solution:0
(Worker_TP3 pid=552890) [aiter] shape is M:75, N:2304, K:12288 dtype='torch.bfloat16' otype='torch.bfloat16' bias=False, scaleAB=False, bpreshuffle=False, not found tuned config in /tmp/aiter_configs/bf16_tuned_gemm.csv, will use default config! using torch solution:0
(Worker_TP3 pid=552890) [aiter] shape is M:65, N:128, K:6144 dtype='torch.float32' otype='torch.float32' bias=False, scaleAB=False, bpreshuffle=False, not found tuned config in /tmp/aiter_configs/bf16_tuned_gemm.csv, will use default config! using torch solution:0
(Worker_TP3 pid=552890) [aiter] shape is M:65, N:2304, K:12288 dtype='torch.bfloat16' otype='torch.bfloat16' bias=False, scaleAB=False, bpreshuffle=False, not found tuned config in /tmp/aiter_configs/bf16_tuned_gemm.csv, will use default config! using torch solution:0
(Worker_TP2 pid=552889) [aiter] shape is M:60, N:128, K:6144 dtype='torch.float32' otype='torch.float32' bias=False, scaleAB=False, bpreshuffle=False, not found tuned config in /tmp/aiter_configs/bf16_tuned_gemm.csv, will use default config! using torch solution:0
(Worker_TP2 pid=552889) [aiter] run_1stage = False, xbf16 = False, ksplit = 0 q_type = QuantType.per_1x32 block_m = 32 use_nt = True, estimated_m_per_expert = 2
(Worker_TP2 pid=552889) [aiter] [fused_moe] using 2stage default for ('gfx950', 256, 64, 6144, 768, 129, 5, 'ActivationType.Swiglu', 'torch.bfloat16', 'torch.bfloat16', 'torch.float4_e2m1fn_x2', 'QuantType.per_1x32', True, False) 
(Worker_TP1 pid=552888) [aiter] shape is M:60, N:128, K:6144 dtype='torch.float32' otype='torch.float32' bias=False, scaleAB=False, bpreshuffle=False, not found tuned config in /tmp/aiter_configs/bf16_tuned_gemm.csv, will use default config! using torch solution:0
(Worker_TP1 pid=552888) [aiter] run_1stage = False, xbf16 = False, ksplit = 0 q_type = QuantType.per_1x32 block_m = 32 use_nt = True, estimated_m_per_expert = 2
(Worker_TP1 pid=552888) [aiter] [fused_moe] using 2stage default for ('gfx950', 256, 64, 6144, 768, 129, 5, 'ActivationType.Swiglu', 'torch.bfloat16', 'torch.bfloat16', 'torch.float4_e2m1fn_x2', 'QuantType.per_1x32', True, False) 
(Worker_TP0 pid=552887) [aiter] shape is M:60, N:128, K:6144 dtype='torch.float32' otype='torch.float32' bias=False, scaleAB=False, bpreshuffle=False, not found tuned config in /tmp/aiter_configs/bf16_tuned_gemm.csv, will use default config! using torch solution:0
(Worker_TP0 pid=552887) [aiter] run_1stage = False, xbf16 = False, ksplit = 0 q_type = QuantType.per_1x32 block_m = 32 use_nt = True, estimated_m_per_expert = 2
(Worker_TP0 pid=552887) [aiter] [fused_moe] using 2stage default for ('gfx950', 256, 64, 6144, 768, 129, 5, 'ActivationType.Swiglu', 'torch.bfloat16', 'torch.bfloat16', 'torch.float4_e2m1fn_x2', 'QuantType.per_1x32', True, False) 
(Worker_TP2 pid=552889) [aiter] shape is M:60, N:2304, K:12288 dtype='torch.bfloat16' otype='torch.bfloat16' bias=False, scaleAB=False, bpreshuffle=False, not found tuned config in /tmp/aiter_configs/bf16_tuned_gemm.csv, will use default config! using torch solution:0
(Worker_TP1 pid=552888) [aiter] shape is M:60, N:2304, K:12288 dtype='torch.bfloat16' otype='torch.bfloat16' bias=False, scaleAB=False, bpreshuffle=False, not found tuned config in /tmp/aiter_configs/bf16_tuned_gemm.csv, will use default config! using torch solution:0
(Worker_TP0 pid=552887) [aiter] shape is M:60, N:2304, K:12288 dtype='torch.bfloat16' otype='torch.bfloat16' bias=False, scaleAB=False, bpreshuffle=False, not found tuned config in /tmp/aiter_configs/bf16_tuned_gemm.csv, will use default config! using torch solution:0
(Worker_TP3 pid=552890) [aiter] shape is M:60, N:128, K:6144 dtype='torch.float32' otype='torch.float32' bias=False, scaleAB=False, bpreshuffle=False, not found tuned config in /tmp/aiter_configs/bf16_tuned_gemm.csv, will use default config! using torch solution:0
(Worker_TP3 pid=552890) [aiter] run_1stage = False, xbf16 = False, ksplit = 0 q_type = QuantType.per_1x32 block_m = 32 use_nt = True, estimated_m_per_expert = 2
(Worker_TP3 pid=552890) [aiter] [fused_moe] using 2stage default for ('gfx950', 256, 64, 6144, 768, 129, 5, 'ActivationType.Swiglu', 'torch.bfloat16', 'torch.bfloat16', 'torch.float4_e2m1fn_x2', 'QuantType.per_1x32', True, False) 
(Worker_TP2 pid=552889) [aiter] shape is M:50, N:128, K:6144 dtype='torch.float32' otype='torch.float32' bias=False, scaleAB=False, bpreshuffle=False, not found tuned config in /tmp/aiter_configs/bf16_tuned_gemm.csv, will use default config! using torch solution:0
(Worker_TP3 pid=552890) [aiter] shape is M:60, N:2304, K:12288 dtype='torch.bfloat16' otype='torch.bfloat16' bias=False, scaleAB=False, bpreshuffle=False, not found tuned config in /tmp/aiter_configs/bf16_tuned_gemm.csv, will use default config! using torch solution:0
(Worker_TP1 pid=552888) [aiter] shape is M:50, N:128, K:6144 dtype='torch.float32' otype='torch.float32' bias=False, scaleAB=False, bpreshuffle=False, not found tuned config in /tmp/aiter_configs/bf16_tuned_gemm.csv, will use default config! using torch solution:0
(Worker_TP0 pid=552887) Capturing CUDA graphs (mixed prefill-decode, PIECEWISE):  85%|████████▌ | 41/48 [04:26<00:04,  1.43it/s][aiter] shape is M:50, N:128, K:6144 dtype='torch.float32' otype='torch.float32' bias=False, scaleAB=False, bpreshuffle=False, not found tuned config in /tmp/aiter_configs/bf16_tuned_gemm.csv, will use default config! using torch solution:0
(Worker_TP2 pid=552889) [aiter] shape is M:50, N:2304, K:12288 dtype='torch.bfloat16' otype='torch.bfloat16' bias=False, scaleAB=False, bpreshuffle=False, not found tuned config in /tmp/aiter_configs/bf16_tuned_gemm.csv, will use default config! using torch solution:0
(Worker_TP1 pid=552888) [aiter] shape is M:50, N:2304, K:12288 dtype='torch.bfloat16' otype='torch.bfloat16' bias=False, scaleAB=False, bpreshuffle=False, not found tuned config in /tmp/aiter_configs/bf16_tuned_gemm.csv, will use default config! using torch solution:0
(Worker_TP0 pid=552887) [aiter] shape is M:50, N:2304, K:12288 dtype='torch.bfloat16' otype='torch.bfloat16' bias=False, scaleAB=False, bpreshuffle=False, not found tuned config in /tmp/aiter_configs/bf16_tuned_gemm.csv, will use default config! using torch solution:0
(Worker_TP3 pid=552890) [aiter] shape is M:50, N:128, K:6144 dtype='torch.float32' otype='torch.float32' bias=False, scaleAB=False, bpreshuffle=False, not found tuned config in /tmp/aiter_configs/bf16_tuned_gemm.csv, will use default config! using torch solution:0
(Worker_TP3 pid=552890) [aiter] shape is M:50, N:2304, K:12288 dtype='torch.bfloat16' otype='torch.bfloat16' bias=False, scaleAB=False, bpreshuffle=False, not found tuned config in /tmp/aiter_configs/bf16_tuned_gemm.csv, will use default config! using torch solution:0
(Worker_TP1 pid=552888) [aiter] shape is M:40, N:128, K:6144 dtype='torch.float32' otype='torch.float32' bias=False, scaleAB=False, bpreshuffle=False, not found tuned config in /tmp/aiter_configs/bf16_tuned_gemm.csv, will use default config! using torch solution:0
(Worker_TP2 pid=552889) [aiter] shape is M:40, N:128, K:6144 dtype='torch.float32' otype='torch.float32' bias=False, scaleAB=False, bpreshuffle=False, not found tuned config in /tmp/aiter_configs/bf16_tuned_gemm.csv, will use default config! using torch solution:0
(Worker_TP0 pid=552887) [aiter] shape is M:40, N:128, K:6144 dtype='torch.float32' otype='torch.float32' bias=False, scaleAB=False, bpreshuffle=False, not found tuned config in /tmp/aiter_configs/bf16_tuned_gemm.csv, will use default config! using torch solution:0
(Worker_TP1 pid=552888) [aiter] shape is M:40, N:2304, K:12288 dtype='torch.bfloat16' otype='torch.bfloat16' bias=False, scaleAB=False, bpreshuffle=False, not found tuned config in /tmp/aiter_configs/bf16_tuned_gemm.csv, will use default config! using torch solution:0
(Worker_TP2 pid=552889) [aiter] shape is M:40, N:2304, K:12288 dtype='torch.bfloat16' otype='torch.bfloat16' bias=False, scaleAB=False, bpreshuffle=False, not found tuned config in /tmp/aiter_configs/bf16_tuned_gemm.csv, will use default config! using torch solution:0
(Worker_TP0 pid=552887) [aiter] shape is M:40, N:2304, K:12288 dtype='torch.bfloat16' otype='torch.bfloat16' bias=False, scaleAB=False, bpreshuffle=False, not found tuned config in /tmp/aiter_configs/bf16_tuned_gemm.csv, will use default config! using torch solution:0
(Worker_TP2 pid=552889) [aiter] shape is M:35, N:128, K:6144 dtype='torch.float32' otype='torch.float32' bias=False, scaleAB=False, bpreshuffle=False, not found tuned config in /tmp/aiter_configs/bf16_tuned_gemm.csv, will use default config! using torch solution:0
(Worker_TP1 pid=552888) [aiter] shape is M:35, N:128, K:6144 dtype='torch.float32' otype='torch.float32' bias=False, scaleAB=False, bpreshuffle=False, not found tuned config in /tmp/aiter_configs/bf16_tuned_gemm.csv, will use default config! using torch solution:0
(Worker_TP0 pid=552887) Capturing CUDA graphs (mixed prefill-decode, PIECEWISE):  90%|████████▉ | 43/48 [04:26<00:02,  1.88it/s][aiter] shape is M:35, N:128, K:6144 dtype='torch.float32' otype='torch.float32' bias=False, scaleAB=False, bpreshuffle=False, not found tuned config in /tmp/aiter_configs/bf16_tuned_gemm.csv, will use default config! using torch solution:0
(Worker_TP2 pid=552889) [aiter] shape is M:35, N:2304, K:12288 dtype='torch.bfloat16' otype='torch.bfloat16' bias=False, scaleAB=False, bpreshuffle=False, not found tuned config in /tmp/aiter_configs/bf16_tuned_gemm.csv, will use default config! using torch solution:0
(Worker_TP1 pid=552888) [aiter] shape is M:35, N:2304, K:12288 dtype='torch.bfloat16' otype='torch.bfloat16' bias=False, scaleAB=False, bpreshuffle=False, not found tuned config in /tmp/aiter_configs/bf16_tuned_gemm.csv, will use default config! using torch solution:0
(Worker_TP3 pid=552890) [aiter] shape is M:40, N:128, K:6144 dtype='torch.float32' otype='torch.float32' bias=False, scaleAB=False, bpreshuffle=False, not found tuned config in /tmp/aiter_configs/bf16_tuned_gemm.csv, will use default config! using torch solution:0
(Worker_TP0 pid=552887) [aiter] shape is M:35, N:2304, K:12288 dtype='torch.bfloat16' otype='torch.bfloat16' bias=False, scaleAB=False, bpreshuffle=False, not found tuned config in /tmp/aiter_configs/bf16_tuned_gemm.csv, will use default config! using torch solution:0
(Worker_TP3 pid=552890) [aiter] shape is M:40, N:2304, K:12288 dtype='torch.bfloat16' otype='torch.bfloat16' bias=False, scaleAB=False, bpreshuffle=False, not found tuned config in /tmp/aiter_configs/bf16_tuned_gemm.csv, will use default config! using torch solution:0
(Worker_TP3 pid=552890) [aiter] shape is M:35, N:128, K:6144 dtype='torch.float32' otype='torch.float32' bias=False, scaleAB=False, bpreshuffle=False, not found tuned config in /tmp/aiter_configs/bf16_tuned_gemm.csv, will use default config! using torch solution:0
(Worker_TP3 pid=552890) [aiter] shape is M:35, N:2304, K:12288 dtype='torch.bfloat16' otype='torch.bfloat16' bias=False, scaleAB=False, bpreshuffle=False, not found tuned config in /tmp/aiter_configs/bf16_tuned_gemm.csv, will use default config! using torch solution:0
(Worker_TP1 pid=552888) [aiter] shape is M:25, N:128, K:6144 dtype='torch.float32' otype='torch.float32' bias=False, scaleAB=False, bpreshuffle=False, not found tuned config in /tmp/aiter_configs/bf16_tuned_gemm.csv, will use default config! using torch solution:0
(Worker_TP1 pid=552888) [aiter] run_1stage = False, xbf16 = False, ksplit = 0 q_type = QuantType.per_1x32 block_m = 32 use_nt = True, estimated_m_per_expert = 1
(Worker_TP1 pid=552888) [aiter] [fused_moe] using 2stage default for ('gfx950', 256, 32, 6144, 768, 129, 5, 'ActivationType.Swiglu', 'torch.bfloat16', 'torch.bfloat16', 'torch.float4_e2m1fn_x2', 'QuantType.per_1x32', True, False) 
(Worker_TP2 pid=552889) [aiter] shape is M:25, N:128, K:6144 dtype='torch.float32' otype='torch.float32' bias=False, scaleAB=False, bpreshuffle=False, not found tuned config in /tmp/aiter_configs/bf16_tuned_gemm.csv, will use default config! using torch solution:0
(Worker_TP2 pid=552889) [aiter] run_1stage = False, xbf16 = False, ksplit = 0 q_type = QuantType.per_1x32 block_m = 32 use_nt = True, estimated_m_per_expert = 1
(Worker_TP2 pid=552889) [aiter] [fused_moe] using 2stage default for ('gfx950', 256, 32, 6144, 768, 129, 5, 'ActivationType.Swiglu', 'torch.bfloat16', 'torch.bfloat16', 'torch.float4_e2m1fn_x2', 'QuantType.per_1x32', True, False) 
(Worker_TP0 pid=552887) [aiter] shape is M:25, N:128, K:6144 dtype='torch.float32' otype='torch.float32' bias=False, scaleAB=False, bpreshuffle=False, not found tuned config in /tmp/aiter_configs/bf16_tuned_gemm.csv, will use default config! using torch solution:0
(Worker_TP0 pid=552887) [aiter] run_1stage = False, xbf16 = False, ksplit = 0 q_type = QuantType.per_1x32 block_m = 32 use_nt = True, estimated_m_per_expert = 1
(Worker_TP0 pid=552887) [aiter] [fused_moe] using 2stage default for ('gfx950', 256, 32, 6144, 768, 129, 5, 'ActivationType.Swiglu', 'torch.bfloat16', 'torch.bfloat16', 'torch.float4_e2m1fn_x2', 'QuantType.per_1x32', True, False) 
(Worker_TP1 pid=552888) [aiter] shape is M:25, N:2304, K:12288 dtype='torch.bfloat16' otype='torch.bfloat16' bias=False, scaleAB=False, bpreshuffle=False, not found tuned config in /tmp/aiter_configs/bf16_tuned_gemm.csv, will use default config! using torch solution:0
(Worker_TP2 pid=552889) [aiter] shape is M:25, N:2304, K:12288 dtype='torch.bfloat16' otype='torch.bfloat16' bias=False, scaleAB=False, bpreshuffle=False, not found tuned config in /tmp/aiter_configs/bf16_tuned_gemm.csv, will use default config! using torch solution:0
(Worker_TP0 pid=552887) [aiter] shape is M:25, N:2304, K:12288 dtype='torch.bfloat16' otype='torch.bfloat16' bias=False, scaleAB=False, bpreshuffle=False, not found tuned config in /tmp/aiter_configs/bf16_tuned_gemm.csv, will use default config! using torch solution:0
(Worker_TP3 pid=552890) [aiter] shape is M:25, N:128, K:6144 dtype='torch.float32' otype='torch.float32' bias=False, scaleAB=False, bpreshuffle=False, not found tuned config in /tmp/aiter_configs/bf16_tuned_gemm.csv, will use default config! using torch solution:0
(Worker_TP3 pid=552890) [aiter] run_1stage = False, xbf16 = False, ksplit = 0 q_type = QuantType.per_1x32 block_m = 32 use_nt = True, estimated_m_per_expert = 1
(Worker_TP3 pid=552890) [aiter] [fused_moe] using 2stage default for ('gfx950', 256, 32, 6144, 768, 129, 5, 'ActivationType.Swiglu', 'torch.bfloat16', 'torch.bfloat16', 'torch.float4_e2m1fn_x2', 'QuantType.per_1x32', True, False) 
(Worker_TP1 pid=552888) [aiter] shape is M:20, N:128, K:6144 dtype='torch.float32' otype='torch.float32' bias=False, scaleAB=False, bpreshuffle=False, not found tuned config in /tmp/aiter_configs/bf16_tuned_gemm.csv, will use default config! using torch solution:0
(Worker_TP0 pid=552887) Capturing CUDA graphs (mixed prefill-decode, PIECEWISE):  94%|█████████▍| 45/48 [04:27<00:01,  2.23it/s](Worker_TP3 pid=552890) [aiter] shape is M:25, N:2304, K:12288 dtype='torch.bfloat16' otype='torch.bfloat16' bias=False, scaleAB=False, bpreshuffle=False, not found tuned config in /tmp/aiter_configs/bf16_tuned_gemm.csv, will use default config! using torch solution:0
[aiter] shape is M:20, N:128, K:6144 dtype='torch.float32' otype='torch.float32' bias=False, scaleAB=False, bpreshuffle=False, not found tuned config in /tmp/aiter_configs/bf16_tuned_gemm.csv, will use default config! using torch solution:0
(Worker_TP2 pid=552889) [aiter] shape is M:20, N:128, K:6144 dtype='torch.float32' otype='torch.float32' bias=False, scaleAB=False, bpreshuffle=False, not found tuned config in /tmp/aiter_configs/bf16_tuned_gemm.csv, will use default config! using torch solution:0
(Worker_TP1 pid=552888) [aiter] shape is M:20, N:2304, K:12288 dtype='torch.bfloat16' otype='torch.bfloat16' bias=False, scaleAB=False, bpreshuffle=False, not found tuned config in /tmp/aiter_configs/bf16_tuned_gemm.csv, will use default config! using torch solution:0
(Worker_TP0 pid=552887) [aiter] shape is M:20, N:2304, K:12288 dtype='torch.bfloat16' otype='torch.bfloat16' bias=False, scaleAB=False, bpreshuffle=False, not found tuned config in /tmp/aiter_configs/bf16_tuned_gemm.csv, will use default config! using torch solution:0
(Worker_TP2 pid=552889) [aiter] shape is M:20, N:2304, K:12288 dtype='torch.bfloat16' otype='torch.bfloat16' bias=False, scaleAB=False, bpreshuffle=False, not found tuned config in /tmp/aiter_configs/bf16_tuned_gemm.csv, will use default config! using torch solution:0
(Worker_TP3 pid=552890) [aiter] shape is M:20, N:128, K:6144 dtype='torch.float32' otype='torch.float32' bias=False, scaleAB=False, bpreshuffle=False, not found tuned config in /tmp/aiter_configs/bf16_tuned_gemm.csv, will use default config! using torch solution:0
(Worker_TP3 pid=552890) [aiter] shape is M:20, N:2304, K:12288 dtype='torch.bfloat16' otype='torch.bfloat16' bias=False, scaleAB=False, bpreshuffle=False, not found tuned config in /tmp/aiter_configs/bf16_tuned_gemm.csv, will use default config! using torch solution:0
(Worker_TP0 pid=552887) [aiter] shape is M:10, N:128, K:6144 dtype='torch.float32' otype='torch.float32' bias=False, scaleAB=False, bpreshuffle=False, not found tuned config in /tmp/aiter_configs/bf16_tuned_gemm.csv, will use default config! using torch solution:0
(Worker_TP0 pid=552887) [aiter] run_1stage = False, xbf16 = False, ksplit = 0 q_type = QuantType.per_1x32 block_m = 32 use_nt = True, estimated_m_per_expert = 0
(Worker_TP0 pid=552887) [aiter] [fused_moe] using 2stage default for ('gfx950', 256, 16, 6144, 768, 129, 5, 'ActivationType.Swiglu', 'torch.bfloat16', 'torch.bfloat16', 'torch.float4_e2m1fn_x2', 'QuantType.per_1x32', True, False) 
(Worker_TP1 pid=552888) [aiter] shape is M:10, N:128, K:6144 dtype='torch.float32' otype='torch.float32' bias=False, scaleAB=False, bpreshuffle=False, not found tuned config in /tmp/aiter_configs/bf16_tuned_gemm.csv, will use default config! using torch solution:0
(Worker_TP1 pid=552888) [aiter] run_1stage = False, xbf16 = False, ksplit = 0 q_type = QuantType.per_1x32 block_m = 32 use_nt = True, estimated_m_per_expert = 0
(Worker_TP1 pid=552888) [aiter] [fused_moe] using 2stage default for ('gfx950', 256, 16, 6144, 768, 129, 5, 'ActivationType.Swiglu', 'torch.bfloat16', 'torch.bfloat16', 'torch.float4_e2m1fn_x2', 'QuantType.per_1x32', True, False) 
(Worker_TP2 pid=552889) [aiter] shape is M:10, N:128, K:6144 dtype='torch.float32' otype='torch.float32' bias=False, scaleAB=False, bpreshuffle=False, not found tuned config in /tmp/aiter_configs/bf16_tuned_gemm.csv, will use default config! using torch solution:0
(Worker_TP2 pid=552889) [aiter] run_1stage = False, xbf16 = False, ksplit = 0 q_type = QuantType.per_1x32 block_m = 32 use_nt = True, estimated_m_per_expert = 0
(Worker_TP2 pid=552889) [aiter] [fused_moe] using 2stage default for ('gfx950', 256, 16, 6144, 768, 129, 5, 'ActivationType.Swiglu', 'torch.bfloat16', 'torch.bfloat16', 'torch.float4_e2m1fn_x2', 'QuantType.per_1x32', True, False) 
(Worker_TP0 pid=552887) [aiter] shape is M:10, N:2304, K:12288 dtype='torch.bfloat16' otype='torch.bfloat16' bias=False, scaleAB=False, bpreshuffle=False, not found tuned config in /tmp/aiter_configs/bf16_tuned_gemm.csv, will use default config! using torch solution:0
(Worker_TP1 pid=552888) [aiter] shape is M:10, N:2304, K:12288 dtype='torch.bfloat16' otype='torch.bfloat16' bias=False, scaleAB=False, bpreshuffle=False, not found tuned config in /tmp/aiter_configs/bf16_tuned_gemm.csv, will use default config! using torch solution:0
(Worker_TP2 pid=552889) [aiter] shape is M:10, N:2304, K:12288 dtype='torch.bfloat16' otype='torch.bfloat16' bias=False, scaleAB=False, bpreshuffle=False, not found tuned config in /tmp/aiter_configs/bf16_tuned_gemm.csv, will use default config! using torch solution:0
(Worker_TP3 pid=552890) [aiter] shape is M:10, N:128, K:6144 dtype='torch.float32' otype='torch.float32' bias=False, scaleAB=False, bpreshuffle=False, not found tuned config in /tmp/aiter_configs/bf16_tuned_gemm.csv, will use default config! using torch solution:0
(Worker_TP3 pid=552890) [aiter] run_1stage = False, xbf16 = False, ksplit = 0 q_type = QuantType.per_1x32 block_m = 32 use_nt = True, estimated_m_per_expert = 0
(Worker_TP3 pid=552890) [aiter] [fused_moe] using 2stage default for ('gfx950', 256, 16, 6144, 768, 129, 5, 'ActivationType.Swiglu', 'torch.bfloat16', 'torch.bfloat16', 'torch.float4_e2m1fn_x2', 'QuantType.per_1x32', True, False) 
(Worker_TP3 pid=552890) [aiter] shape is M:10, N:2304, K:12288 dtype='torch.bfloat16' otype='torch.bfloat16' bias=False, scaleAB=False, bpreshuffle=False, not found tuned config in /tmp/aiter_configs/bf16_tuned_gemm.csv, will use default config! using torch solution:0
(Worker_TP0 pid=552887) Capturing CUDA graphs (mixed prefill-decode, PIECEWISE):  98%|█████████▊| 47/48 [04:27<00:00,  2.49it/s][aiter] shape is M:5, N:128, K:6144 dtype='torch.float32' otype='torch.float32' bias=False, scaleAB=False, bpreshuffle=False, not found tuned config in /tmp/aiter_configs/bf16_tuned_gemm.csv, will use default config! using torch solution:0
(Worker_TP0 pid=552887) [aiter] run_1stage = False, xbf16 = False, ksplit = 2 q_type = QuantType.per_1x32 block_m = 32 use_nt = True, estimated_m_per_expert = 0
(Worker_TP0 pid=552887) [aiter] [fused_moe] using 2stage default for ('gfx950', 256, 8, 6144, 768, 129, 5, 'ActivationType.Swiglu', 'torch.bfloat16', 'torch.bfloat16', 'torch.float4_e2m1fn_x2', 'QuantType.per_1x32', True, False) 
(Worker_TP1 pid=552888) [aiter] shape is M:5, N:128, K:6144 dtype='torch.float32' otype='torch.float32' bias=False, scaleAB=False, bpreshuffle=False, not found tuned config in /tmp/aiter_configs/bf16_tuned_gemm.csv, will use default config! using torch solution:0
(Worker_TP1 pid=552888) [aiter] run_1stage = False, xbf16 = False, ksplit = 2 q_type = QuantType.per_1x32 block_m = 32 use_nt = True, estimated_m_per_expert = 0
(Worker_TP1 pid=552888) [aiter] [fused_moe] using 2stage default for ('gfx950', 256, 8, 6144, 768, 129, 5, 'ActivationType.Swiglu', 'torch.bfloat16', 'torch.bfloat16', 'torch.float4_e2m1fn_x2', 'QuantType.per_1x32', True, False) 
(Worker_TP2 pid=552889) [aiter] shape is M:5, N:128, K:6144 dtype='torch.float32' otype='torch.float32' bias=False, scaleAB=False, bpreshuffle=False, not found tuned config in /tmp/aiter_configs/bf16_tuned_gemm.csv, will use default config! using torch solution:0
(Worker_TP2 pid=552889) [aiter] run_1stage = False, xbf16 = False, ksplit = 2 q_type = QuantType.per_1x32 block_m = 32 use_nt = True, estimated_m_per_expert = 0
(Worker_TP2 pid=552889) [aiter] [fused_moe] using 2stage default for ('gfx950', 256, 8, 6144, 768, 129, 5, 'ActivationType.Swiglu', 'torch.bfloat16', 'torch.bfloat16', 'torch.float4_e2m1fn_x2', 'QuantType.per_1x32', True, False) 
(Worker_TP0 pid=552887) Capturing CUDA graphs (mixed prefill-decode, PIECEWISE): 100%|██████████| 48/48 [04:27<00:00,  5.58s/it]
(Worker_TP0 pid=552887) Capturing CUDA graphs (decode, FULL):   0%|          | 0/48 [00:00<?, ?it/s](Worker_TP3 pid=552890) [aiter] shape is M:5, N:128, K:6144 dtype='torch.float32' otype='torch.float32' bias=False, scaleAB=False, bpreshuffle=False, not found tuned config in /tmp/aiter_configs/bf16_tuned_gemm.csv, will use default config! using torch solution:0
(Worker_TP3 pid=552890) [aiter] run_1stage = False, xbf16 = False, ksplit = 2 q_type = QuantType.per_1x32 block_m = 32 use_nt = True, estimated_m_per_expert = 0
(Worker_TP3 pid=552890) [aiter] [fused_moe] using 2stage default for ('gfx950', 256, 8, 6144, 768, 129, 5, 'ActivationType.Swiglu', 'torch.bfloat16', 'torch.bfloat16', 'torch.float4_e2m1fn_x2', 'QuantType.per_1x32', True, False) 
Capturing CUDA graphs (decode, FULL):   2%|▏         | 1/48 [00:00<00:05,  7.97it/s]Capturing CUDA graphs (decode, FULL):   4%|▍         | 2/48 [00:00<00:05,  7.94it/s]Capturing CUDA graphs (decode, FULL):   6%|▋         | 3/48 [00:00<00:05,  7.95it/s]Capturing CUDA graphs (decode, FULL):   8%|▊         | 4/48 [00:00<00:05,  7.95it/s]Capturing CUDA graphs (decode, FULL):  10%|█         | 5/48 [00:00<00:05,  7.93it/s]Capturing CUDA graphs (decode, FULL):  12%|█▎        | 6/48 [00:01<00:09,  4.62it/s]Capturing CUDA graphs (decode, FULL):  15%|█▍        | 7/48 [00:01<00:07,  5.38it/s]Capturing CUDA graphs (decode, FULL):  17%|█▋        | 8/48 [00:01<00:06,  6.06it/s]Capturing CUDA graphs (decode, FULL):  19%|█▉        | 9/48 [00:01<00:05,  6.62it/s]Capturing CUDA graphs (decode, FULL):  21%|██        | 10/48 [00:01<00:05,  7.06it/s]Capturing CUDA graphs (decode, FULL):  23%|██▎       | 11/48 [00:01<00:05,  7.38it/s]Capturing CUDA graphs (decode, FULL):  25%|██▌       | 12/48 [00:01<00:04,  7.62it/s]Capturing CUDA graphs (decode, FULL):  27%|██▋       | 13/48 [00:01<00:04,  7.78it/s]Capturing CUDA graphs (decode, FULL):  29%|██▉       | 14/48 [00:01<00:04,  7.92it/s]Capturing CUDA graphs (decode, FULL):  31%|███▏      | 15/48 [00:02<00:04,  8.04it/s]Capturing CUDA graphs (decode, FULL):  33%|███▎      | 16/48 [00:02<00:03,  8.05it/s][aiter] compile_template_op func_name = 'pa_ps_4331853e5d783a2810374702b377af58' with {'src_template': <Template memory:7f23db624080>, 'md_name': 'pa_ps', 'includes': ['/shared/data/R7N/andy_luo_3v7/minimaxm3-agentx/overlays/aiter-sparse-indexer-cache-fusion-545d97c-266922c/csrc/cpp_itfs/pa/pa_ps.cuh'], 'sources': [], 'cxxflags': [], 'func_name': 'pa_ps_4331853e5d783a2810374702b377af58', 'folder': 'pa_ps_4331853e5d783a2810374702b377af58', 'kwargs': OrderedDict({'head_size': 128, 'query_group_size': 16, 'context_partition_num': 3, 'out_dtype': '__hip_bfloat16', 'logits_dtype': '__hip_bfloat16', 'sink_dtype': '__hip_bfloat16', 'use_sinks': False})}...
(Worker_TP0 pid=552887) [aiter] start build /tmp/inferencex-minimaxm3-1411/home/.aiter/build/pa_ps_4331853e5d783a2810374702b377af58
(Worker_TP1 pid=552888) [aiter] compile_template_op func_name = 'pa_ps_4331853e5d783a2810374702b377af58' with {'src_template': <Template memory:78bdc83c4d70>, 'md_name': 'pa_ps', 'includes': ['/shared/data/R7N/andy_luo_3v7/minimaxm3-agentx/overlays/aiter-sparse-indexer-cache-fusion-545d97c-266922c/csrc/cpp_itfs/pa/pa_ps.cuh'], 'sources': [], 'cxxflags': [], 'func_name': 'pa_ps_4331853e5d783a2810374702b377af58', 'folder': 'pa_ps_4331853e5d783a2810374702b377af58', 'kwargs': OrderedDict({'head_size': 128, 'query_group_size': 16, 'context_partition_num': 3, 'out_dtype': '__hip_bfloat16', 'logits_dtype': '__hip_bfloat16', 'sink_dtype': '__hip_bfloat16', 'use_sinks': False})}...
(Worker_TP1 pid=552888) [aiter] [pid=552888 pname=VllmWorker-1] waiting for baton release at /tmp/inferencex-minimaxm3-1411/home/.aiter/build/pa_ps_4331853e5d783a2810374702b377af58/lock
(Worker_TP2 pid=552889) [aiter] compile_template_op func_name = 'pa_ps_4331853e5d783a2810374702b377af58' with {'src_template': <Template memory:719e5b4af620>, 'md_name': 'pa_ps', 'includes': ['/shared/data/R7N/andy_luo_3v7/minimaxm3-agentx/overlays/aiter-sparse-indexer-cache-fusion-545d97c-266922c/csrc/cpp_itfs/pa/pa_ps.cuh'], 'sources': [], 'cxxflags': [], 'func_name': 'pa_ps_4331853e5d783a2810374702b377af58', 'folder': 'pa_ps_4331853e5d783a2810374702b377af58', 'kwargs': OrderedDict({'head_size': 128, 'query_group_size': 16, 'context_partition_num': 3, 'out_dtype': '__hip_bfloat16', 'logits_dtype': '__hip_bfloat16', 'sink_dtype': '__hip_bfloat16', 'use_sinks': False})}...
(Worker_TP2 pid=552889) [aiter] [pid=552889 pname=VllmWorker-2] waiting for baton release at /tmp/inferencex-minimaxm3-1411/home/.aiter/build/pa_ps_4331853e5d783a2810374702b377af58/lock
(Worker_TP3 pid=552890) [aiter] compile_template_op func_name = 'pa_ps_4331853e5d783a2810374702b377af58' with {'src_template': <Template memory:7e8ee769cd70>, 'md_name': 'pa_ps', 'includes': ['/shared/data/R7N/andy_luo_3v7/minimaxm3-agentx/overlays/aiter-sparse-indexer-cache-fusion-545d97c-266922c/csrc/cpp_itfs/pa/pa_ps.cuh'], 'sources': [], 'cxxflags': [], 'func_name': 'pa_ps_4331853e5d783a2810374702b377af58', 'folder': 'pa_ps_4331853e5d783a2810374702b377af58', 'kwargs': OrderedDict({'head_size': 128, 'query_group_size': 16, 'context_partition_num': 3, 'out_dtype': '__hip_bfloat16', 'logits_dtype': '__hip_bfloat16', 'sink_dtype': '__hip_bfloat16', 'use_sinks': False})}...
(Worker_TP3 pid=552890) [aiter] [pid=552890 pname=VllmWorker-3] waiting for baton release at /tmp/inferencex-minimaxm3-1411/home/.aiter/build/pa_ps_4331853e5d783a2810374702b377af58/lock
clang (LLVM option parsing): Unknown command line argument '-amdgpu-coerce-illegal-types=1'.  Try: 'clang (LLVM option parsing) --help'
clang (LLVM option parsing): Did you mean '--amdgpu-mode-register=1'?
failed to execute:/opt/rocm/lib/llvm/bin/clang++  --offload-arch=gfx950 --offload-arch=gfx950 --offload-arch=gfx950 --offload-arch=gfx950 --offload-arch=gfx950 --offload-arch=gfx950 --offload-arch=gfx950 --offload-arch=gfx950 -O3  -mllvm -amdgpu-coerce-illegal-types=1 -x hip -c /dev/null -o "/dev/null"
(Worker_TP0 pid=552887) [aiter] -mllvm -amdgpu-coerce-illegal-types=1 is not supported by hipcc.
(Worker_TP0 pid=552887) [aiter] finish build /tmp/inferencex-minimaxm3-1411/home/.aiter/build/pa_ps_4331853e5d783a2810374702b377af58, cost 14.18875311s
(Worker_TP0 pid=552887) Capturing CUDA graphs (decode, FULL):  35%|███▌      | 17/48 [00:16<02:16,  4.40s/it]Capturing CUDA graphs (decode, FULL):  38%|███▊      | 18/48 [00:16<01:33,  3.11s/it]Capturing CUDA graphs (decode, FULL):  40%|███▉      | 19/48 [00:16<01:04,  2.21s/it]Capturing CUDA graphs (decode, FULL):  42%|████▏     | 20/48 [00:16<00:44,  1.58s/it]Capturing CUDA graphs (decode, FULL):  44%|████▍     | 21/48 [00:17<00:30,  1.14s/it]Capturing CUDA graphs (decode, FULL):  46%|████▌     | 22/48 [00:17<00:23,  1.09it/s]Capturing CUDA graphs (decode, FULL):  48%|████▊     | 23/48 [00:17<00:16,  1.48it/s]Capturing CUDA graphs (decode, FULL):  50%|█████     | 24/48 [00:17<00:12,  1.96it/s]Capturing CUDA graphs (decode, FULL):  52%|█████▏    | 25/48 [00:17<00:09,  2.55it/s]Capturing CUDA graphs (decode, FULL):  54%|█████▍    | 26/48 [00:17<00:06,  3.23it/s][aiter] compile_template_op func_name = 'pa_ps_45d4dc080d01c2828052fdbeafff3c3b' with {'src_template': <Template memory:7f23db624080>, 'md_name': 'pa_ps', 'includes': ['/shared/data/R7N/andy_luo_3v7/minimaxm3-agentx/overlays/aiter-sparse-indexer-cache-fusion-545d97c-266922c/csrc/cpp_itfs/pa/pa_ps.cuh'], 'sources': [], 'cxxflags': [], 'func_name': 'pa_ps_45d4dc080d01c2828052fdbeafff3c3b', 'folder': 'pa_ps_45d4dc080d01c2828052fdbeafff3c3b', 'kwargs': OrderedDict({'head_size': 128, 'query_group_size': 16, 'context_partition_num': 4, 'out_dtype': '__hip_bfloat16', 'logits_dtype': '__hip_bfloat16', 'sink_dtype': '__hip_bfloat16', 'use_sinks': False})}...
(Worker_TP0 pid=552887) [aiter] start build /tmp/inferencex-minimaxm3-1411/home/.aiter/build/pa_ps_45d4dc080d01c2828052fdbeafff3c3b
(Worker_TP3 pid=552890) [aiter] compile_template_op func_name = 'pa_ps_45d4dc080d01c2828052fdbeafff3c3b' with {'src_template': <Template memory:7e8ee769cd70>, 'md_name': 'pa_ps', 'includes': ['/shared/data/R7N/andy_luo_3v7/minimaxm3-agentx/overlays/aiter-sparse-indexer-cache-fusion-545d97c-266922c/csrc/cpp_itfs/pa/pa_ps.cuh'], 'sources': [], 'cxxflags': [], 'func_name': 'pa_ps_45d4dc080d01c2828052fdbeafff3c3b', 'folder': 'pa_ps_45d4dc080d01c2828052fdbeafff3c3b', 'kwargs': OrderedDict({'head_size': 128, 'query_group_size': 16, 'context_partition_num': 4, 'out_dtype': '__hip_bfloat16', 'logits_dtype': '__hip_bfloat16', 'sink_dtype': '__hip_bfloat16', 'use_sinks': False})}...
(Worker_TP3 pid=552890) [aiter] [pid=552890 pname=VllmWorker-3] waiting for baton release at /tmp/inferencex-minimaxm3-1411/home/.aiter/build/pa_ps_45d4dc080d01c2828052fdbeafff3c3b/lock
(Worker_TP1 pid=552888) [aiter] compile_template_op func_name = 'pa_ps_45d4dc080d01c2828052fdbeafff3c3b' with {'src_template': <Template memory:78bdc83c4d70>, 'md_name': 'pa_ps', 'includes': ['/shared/data/R7N/andy_luo_3v7/minimaxm3-agentx/overlays/aiter-sparse-indexer-cache-fusion-545d97c-266922c/csrc/cpp_itfs/pa/pa_ps.cuh'], 'sources': [], 'cxxflags': [], 'func_name': 'pa_ps_45d4dc080d01c2828052fdbeafff3c3b', 'folder': 'pa_ps_45d4dc080d01c2828052fdbeafff3c3b', 'kwargs': OrderedDict({'head_size': 128, 'query_group_size': 16, 'context_partition_num': 4, 'out_dtype': '__hip_bfloat16', 'logits_dtype': '__hip_bfloat16', 'sink_dtype': '__hip_bfloat16', 'use_sinks': False})}...
(Worker_TP1 pid=552888) [aiter] [pid=552888 pname=VllmWorker-1] waiting for baton release at /tmp/inferencex-minimaxm3-1411/home/.aiter/build/pa_ps_45d4dc080d01c2828052fdbeafff3c3b/lock
(Worker_TP2 pid=552889) [aiter] compile_template_op func_name = 'pa_ps_45d4dc080d01c2828052fdbeafff3c3b' with {'src_template': <Template memory:719e5b4af620>, 'md_name': 'pa_ps', 'includes': ['/shared/data/R7N/andy_luo_3v7/minimaxm3-agentx/overlays/aiter-sparse-indexer-cache-fusion-545d97c-266922c/csrc/cpp_itfs/pa/pa_ps.cuh'], 'sources': [], 'cxxflags': [], 'func_name': 'pa_ps_45d4dc080d01c2828052fdbeafff3c3b', 'folder': 'pa_ps_45d4dc080d01c2828052fdbeafff3c3b', 'kwargs': OrderedDict({'head_size': 128, 'query_group_size': 16, 'context_partition_num': 4, 'out_dtype': '__hip_bfloat16', 'logits_dtype': '__hip_bfloat16', 'sink_dtype': '__hip_bfloat16', 'use_sinks': False})}...
(Worker_TP2 pid=552889) [aiter] [pid=552889 pname=VllmWorker-2] waiting for baton release at /tmp/inferencex-minimaxm3-1411/home/.aiter/build/pa_ps_45d4dc080d01c2828052fdbeafff3c3b/lock
(Worker_TP0 pid=552887) [aiter] finish build /tmp/inferencex-minimaxm3-1411/home/.aiter/build/pa_ps_45d4dc080d01c2828052fdbeafff3c3b, cost 1.48480277s
(Worker_TP0 pid=552887) Capturing CUDA graphs (decode, FULL):  56%|█████▋    | 27/48 [00:19<00:14,  1.41it/s]Capturing CUDA graphs (decode, FULL):  58%|█████▊    | 28/48 [00:19<00:12,  1.63it/s]Capturing CUDA graphs (decode, FULL):  60%|██████    | 29/48 [00:20<00:08,  2.15it/s]Capturing CUDA graphs (decode, FULL):  62%|██████▎   | 30/48 [00:20<00:06,  2.78it/s]Capturing CUDA graphs (decode, FULL):  65%|██████▍   | 31/48 [00:20<00:04,  3.49it/s]Capturing CUDA graphs (decode, FULL):  67%|██████▋   | 32/48 [00:20<00:03,  4.25it/s][aiter] compile_template_op func_name = 'pa_ps_57dcdec950f1285d882472c6064ca9dd' with {'src_template': <Template memory:7f23db624080>, 'md_name': 'pa_ps', 'includes': ['/shared/data/R7N/andy_luo_3v7/minimaxm3-agentx/overlays/aiter-sparse-indexer-cache-fusion-545d97c-266922c/csrc/cpp_itfs/pa/pa_ps.cuh'], 'sources': [], 'cxxflags': [], 'func_name': 'pa_ps_57dcdec950f1285d882472c6064ca9dd', 'folder': 'pa_ps_57dcdec950f1285d882472c6064ca9dd', 'kwargs': OrderedDict({'head_size': 128, 'query_group_size': 16, 'context_partition_num': 5, 'out_dtype': '__hip_bfloat16', 'logits_dtype': '__hip_bfloat16', 'sink_dtype': '__hip_bfloat16', 'use_sinks': False})}...
(Worker_TP0 pid=552887) [aiter] start build /tmp/inferencex-minimaxm3-1411/home/.aiter/build/pa_ps_57dcdec950f1285d882472c6064ca9dd
(Worker_TP2 pid=552889) [aiter] compile_template_op func_name = 'pa_ps_57dcdec950f1285d882472c6064ca9dd' with {'src_template': <Template memory:719e5b4af620>, 'md_name': 'pa_ps', 'includes': ['/shared/data/R7N/andy_luo_3v7/minimaxm3-agentx/overlays/aiter-sparse-indexer-cache-fusion-545d97c-266922c/csrc/cpp_itfs/pa/pa_ps.cuh'], 'sources': [], 'cxxflags': [], 'func_name': 'pa_ps_57dcdec950f1285d882472c6064ca9dd', 'folder': 'pa_ps_57dcdec950f1285d882472c6064ca9dd', 'kwargs': OrderedDict({'head_size': 128, 'query_group_size': 16, 'context_partition_num': 5, 'out_dtype': '__hip_bfloat16', 'logits_dtype': '__hip_bfloat16', 'sink_dtype': '__hip_bfloat16', 'use_sinks': False})}...
(Worker_TP2 pid=552889) [aiter] [pid=552889 pname=VllmWorker-2] waiting for baton release at /tmp/inferencex-minimaxm3-1411/home/.aiter/build/pa_ps_57dcdec950f1285d882472c6064ca9dd/lock
(Worker_TP3 pid=552890) [aiter] compile_template_op func_name = 'pa_ps_57dcdec950f1285d882472c6064ca9dd' with {'src_template': <Template memory:7e8ee769cd70>, 'md_name': 'pa_ps', 'includes': ['/shared/data/R7N/andy_luo_3v7/minimaxm3-agentx/overlays/aiter-sparse-indexer-cache-fusion-545d97c-266922c/csrc/cpp_itfs/pa/pa_ps.cuh'], 'sources': [], 'cxxflags': [], 'func_name': 'pa_ps_57dcdec950f1285d882472c6064ca9dd', 'folder': 'pa_ps_57dcdec950f1285d882472c6064ca9dd', 'kwargs': OrderedDict({'head_size': 128, 'query_group_size': 16, 'context_partition_num': 5, 'out_dtype': '__hip_bfloat16', 'logits_dtype': '__hip_bfloat16', 'sink_dtype': '__hip_bfloat16', 'use_sinks': False})}...
(Worker_TP3 pid=552890) [aiter] [pid=552890 pname=VllmWorker-3] waiting for baton release at /tmp/inferencex-minimaxm3-1411/home/.aiter/build/pa_ps_57dcdec950f1285d882472c6064ca9dd/lock
(Worker_TP1 pid=552888) [aiter] compile_template_op func_name = 'pa_ps_57dcdec950f1285d882472c6064ca9dd' with {'src_template': <Template memory:78bdc83c4d70>, 'md_name': 'pa_ps', 'includes': ['/shared/data/R7N/andy_luo_3v7/minimaxm3-agentx/overlays/aiter-sparse-indexer-cache-fusion-545d97c-266922c/csrc/cpp_itfs/pa/pa_ps.cuh'], 'sources': [], 'cxxflags': [], 'func_name': 'pa_ps_57dcdec950f1285d882472c6064ca9dd', 'folder': 'pa_ps_57dcdec950f1285d882472c6064ca9dd', 'kwargs': OrderedDict({'head_size': 128, 'query_group_size': 16, 'context_partition_num': 5, 'out_dtype': '__hip_bfloat16', 'logits_dtype': '__hip_bfloat16', 'sink_dtype': '__hip_bfloat16', 'use_sinks': False})}...
(Worker_TP1 pid=552888) [aiter] [pid=552888 pname=VllmWorker-1] waiting for baton release at /tmp/inferencex-minimaxm3-1411/home/.aiter/build/pa_ps_57dcdec950f1285d882472c6064ca9dd/lock
(Worker_TP0 pid=552887) [aiter] finish build /tmp/inferencex-minimaxm3-1411/home/.aiter/build/pa_ps_57dcdec950f1285d882472c6064ca9dd, cost 1.48225066s
(Worker_TP0 pid=552887) Capturing CUDA graphs (decode, FULL):  69%|██████▉   | 33/48 [00:22<00:09,  1.52it/s]Capturing CUDA graphs (decode, FULL):  71%|███████   | 34/48 [00:22<00:06,  2.03it/s]Capturing CUDA graphs (decode, FULL):  73%|███████▎  | 35/48 [00:22<00:06,  2.15it/s][aiter] compile_template_op func_name = 'pa_ps_f95f4bb8adf849cff0d734e8f59f2c2b' with {'src_template': <Template memory:7f23db624080>, 'md_name': 'pa_ps', 'includes': ['/shared/data/R7N/andy_luo_3v7/minimaxm3-agentx/overlays/aiter-sparse-indexer-cache-fusion-545d97c-266922c/csrc/cpp_itfs/pa/pa_ps.cuh'], 'sources': [], 'cxxflags': [], 'func_name': 'pa_ps_f95f4bb8adf849cff0d734e8f59f2c2b', 'folder': 'pa_ps_f95f4bb8adf849cff0d734e8f59f2c2b', 'kwargs': OrderedDict({'head_size': 128, 'query_group_size': 16, 'context_partition_num': 6, 'out_dtype': '__hip_bfloat16', 'logits_dtype': '__hip_bfloat16', 'sink_dtype': '__hip_bfloat16', 'use_sinks': False})}...
(Worker_TP0 pid=552887) [aiter] start build /tmp/inferencex-minimaxm3-1411/home/.aiter/build/pa_ps_f95f4bb8adf849cff0d734e8f59f2c2b
(Worker_TP2 pid=552889) [aiter] compile_template_op func_name = 'pa_ps_f95f4bb8adf849cff0d734e8f59f2c2b' with {'src_template': <Template memory:719e5b4af620>, 'md_name': 'pa_ps', 'includes': ['/shared/data/R7N/andy_luo_3v7/minimaxm3-agentx/overlays/aiter-sparse-indexer-cache-fusion-545d97c-266922c/csrc/cpp_itfs/pa/pa_ps.cuh'], 'sources': [], 'cxxflags': [], 'func_name': 'pa_ps_f95f4bb8adf849cff0d734e8f59f2c2b', 'folder': 'pa_ps_f95f4bb8adf849cff0d734e8f59f2c2b', 'kwargs': OrderedDict({'head_size': 128, 'query_group_size': 16, 'context_partition_num': 6, 'out_dtype': '__hip_bfloat16', 'logits_dtype': '__hip_bfloat16', 'sink_dtype': '__hip_bfloat16', 'use_sinks': False})}...
(Worker_TP2 pid=552889) [aiter] [pid=552889 pname=VllmWorker-2] waiting for baton release at /tmp/inferencex-minimaxm3-1411/home/.aiter/build/pa_ps_f95f4bb8adf849cff0d734e8f59f2c2b/lock
(Worker_TP3 pid=552890) [aiter] compile_template_op func_name = 'pa_ps_f95f4bb8adf849cff0d734e8f59f2c2b' with {'src_template': <Template memory:7e8ee769cd70>, 'md_name': 'pa_ps', 'includes': ['/shared/data/R7N/andy_luo_3v7/minimaxm3-agentx/overlays/aiter-sparse-indexer-cache-fusion-545d97c-266922c/csrc/cpp_itfs/pa/pa_ps.cuh'], 'sources': [], 'cxxflags': [], 'func_name': 'pa_ps_f95f4bb8adf849cff0d734e8f59f2c2b', 'folder': 'pa_ps_f95f4bb8adf849cff0d734e8f59f2c2b', 'kwargs': OrderedDict({'head_size': 128, 'query_group_size': 16, 'context_partition_num': 6, 'out_dtype': '__hip_bfloat16', 'logits_dtype': '__hip_bfloat16', 'sink_dtype': '__hip_bfloat16', 'use_sinks': False})}...
(Worker_TP3 pid=552890) [aiter] [pid=552890 pname=VllmWorker-3] waiting for baton release at /tmp/inferencex-minimaxm3-1411/home/.aiter/build/pa_ps_f95f4bb8adf849cff0d734e8f59f2c2b/lock
(Worker_TP1 pid=552888) [aiter] compile_template_op func_name = 'pa_ps_f95f4bb8adf849cff0d734e8f59f2c2b' with {'src_template': <Template memory:78bdc83c4d70>, 'md_name': 'pa_ps', 'includes': ['/shared/data/R7N/andy_luo_3v7/minimaxm3-agentx/overlays/aiter-sparse-indexer-cache-fusion-545d97c-266922c/csrc/cpp_itfs/pa/pa_ps.cuh'], 'sources': [], 'cxxflags': [], 'func_name': 'pa_ps_f95f4bb8adf849cff0d734e8f59f2c2b', 'folder': 'pa_ps_f95f4bb8adf849cff0d734e8f59f2c2b', 'kwargs': OrderedDict({'head_size': 128, 'query_group_size': 16, 'context_partition_num': 6, 'out_dtype': '__hip_bfloat16', 'logits_dtype': '__hip_bfloat16', 'sink_dtype': '__hip_bfloat16', 'use_sinks': False})}...
(Worker_TP1 pid=552888) [aiter] [pid=552888 pname=VllmWorker-1] waiting for baton release at /tmp/inferencex-minimaxm3-1411/home/.aiter/build/pa_ps_f95f4bb8adf849cff0d734e8f59f2c2b/lock
(Worker_TP0 pid=552887) [aiter] finish build /tmp/inferencex-minimaxm3-1411/home/.aiter/build/pa_ps_f95f4bb8adf849cff0d734e8f59f2c2b, cost 1.45397297s
(Worker_TP0 pid=552887) Capturing CUDA graphs (decode, FULL):  75%|███████▌  | 36/48 [00:24<00:09,  1.24it/s]Capturing CUDA graphs (decode, FULL):  77%|███████▋  | 37/48 [00:24<00:06,  1.66it/s][aiter] compile_template_op func_name = 'pa_ps_854ae9e94347156b92bc3b571f2c0106' with {'src_template': <Template memory:7f23db624080>, 'md_name': 'pa_ps', 'includes': ['/shared/data/R7N/andy_luo_3v7/minimaxm3-agentx/overlays/aiter-sparse-indexer-cache-fusion-545d97c-266922c/csrc/cpp_itfs/pa/pa_ps.cuh'], 'sources': [], 'cxxflags': [], 'func_name': 'pa_ps_854ae9e94347156b92bc3b571f2c0106', 'folder': 'pa_ps_854ae9e94347156b92bc3b571f2c0106', 'kwargs': OrderedDict({'head_size': 128, 'query_group_size': 16, 'context_partition_num': 7, 'out_dtype': '__hip_bfloat16', 'logits_dtype': '__hip_bfloat16', 'sink_dtype': '__hip_bfloat16', 'use_sinks': False})}...
(Worker_TP0 pid=552887) [aiter] start build /tmp/inferencex-minimaxm3-1411/home/.aiter/build/pa_ps_854ae9e94347156b92bc3b571f2c0106
(Worker_TP1 pid=552888) [aiter] compile_template_op func_name = 'pa_ps_854ae9e94347156b92bc3b571f2c0106' with {'src_template': <Template memory:78bdc83c4d70>, 'md_name': 'pa_ps', 'includes': ['/shared/data/R7N/andy_luo_3v7/minimaxm3-agentx/overlays/aiter-sparse-indexer-cache-fusion-545d97c-266922c/csrc/cpp_itfs/pa/pa_ps.cuh'], 'sources': [], 'cxxflags': [], 'func_name': 'pa_ps_854ae9e94347156b92bc3b571f2c0106', 'folder': 'pa_ps_854ae9e94347156b92bc3b571f2c0106', 'kwargs': OrderedDict({'head_size': 128, 'query_group_size': 16, 'context_partition_num': 7, 'out_dtype': '__hip_bfloat16', 'logits_dtype': '__hip_bfloat16', 'sink_dtype': '__hip_bfloat16', 'use_sinks': False})}...
(Worker_TP1 pid=552888) [aiter] [pid=552888 pname=VllmWorker-1] waiting for baton release at /tmp/inferencex-minimaxm3-1411/home/.aiter/build/pa_ps_854ae9e94347156b92bc3b571f2c0106/lock
(Worker_TP3 pid=552890) [aiter] compile_template_op func_name = 'pa_ps_854ae9e94347156b92bc3b571f2c0106' with {'src_template': <Template memory:7e8ee769cd70>, 'md_name': 'pa_ps', 'includes': ['/shared/data/R7N/andy_luo_3v7/minimaxm3-agentx/overlays/aiter-sparse-indexer-cache-fusion-545d97c-266922c/csrc/cpp_itfs/pa/pa_ps.cuh'], 'sources': [], 'cxxflags': [], 'func_name': 'pa_ps_854ae9e94347156b92bc3b571f2c0106', 'folder': 'pa_ps_854ae9e94347156b92bc3b571f2c0106', 'kwargs': OrderedDict({'head_size': 128, 'query_group_size': 16, 'context_partition_num': 7, 'out_dtype': '__hip_bfloat16', 'logits_dtype': '__hip_bfloat16', 'sink_dtype': '__hip_bfloat16', 'use_sinks': False})}...
(Worker_TP3 pid=552890) [aiter] [pid=552890 pname=VllmWorker-3] waiting for baton release at /tmp/inferencex-minimaxm3-1411/home/.aiter/build/pa_ps_854ae9e94347156b92bc3b571f2c0106/lock
(Worker_TP2 pid=552889) [aiter] compile_template_op func_name = 'pa_ps_854ae9e94347156b92bc3b571f2c0106' with {'src_template': <Template memory:719e5b4af620>, 'md_name': 'pa_ps', 'includes': ['/shared/data/R7N/andy_luo_3v7/minimaxm3-agentx/overlays/aiter-sparse-indexer-cache-fusion-545d97c-266922c/csrc/cpp_itfs/pa/pa_ps.cuh'], 'sources': [], 'cxxflags': [], 'func_name': 'pa_ps_854ae9e94347156b92bc3b571f2c0106', 'folder': 'pa_ps_854ae9e94347156b92bc3b571f2c0106', 'kwargs': OrderedDict({'head_size': 128, 'query_group_size': 16, 'context_partition_num': 7, 'out_dtype': '__hip_bfloat16', 'logits_dtype': '__hip_bfloat16', 'sink_dtype': '__hip_bfloat16', 'use_sinks': False})}...
(Worker_TP2 pid=552889) [aiter] [pid=552889 pname=VllmWorker-2] waiting for baton release at /tmp/inferencex-minimaxm3-1411/home/.aiter/build/pa_ps_854ae9e94347156b92bc3b571f2c0106/lock
(Worker_TP0 pid=552887) [aiter] finish build /tmp/inferencex-minimaxm3-1411/home/.aiter/build/pa_ps_854ae9e94347156b92bc3b571f2c0106, cost 1.47971710s
(Worker_TP0 pid=552887) Capturing CUDA graphs (decode, FULL):  79%|███████▉  | 38/48 [00:25<00:09,  1.09it/s]Capturing CUDA graphs (decode, FULL):  81%|████████▏ | 39/48 [00:26<00:06,  1.48it/s]Capturing CUDA graphs (decode, FULL):  83%|████████▎ | 40/48 [00:26<00:04,  1.97it/s]Capturing CUDA graphs (decode, FULL):  85%|████████▌ | 41/48 [00:26<00:02,  2.56it/s]Capturing CUDA graphs (decode, FULL):  88%|████████▊ | 42/48 [00:26<00:01,  3.26it/s]Capturing CUDA graphs (decode, FULL):  90%|████████▉ | 43/48 [00:26<00:01,  4.03it/s]Capturing CUDA graphs (decode, FULL):  92%|█████████▏| 44/48 [00:26<00:00,  4.81it/s]Capturing CUDA graphs (decode, FULL):  94%|█████████▍| 45/48 [00:26<00:00,  5.53it/s]Capturing CUDA graphs (decode, FULL):  96%|█████████▌| 46/48 [00:26<00:00,  6.19it/s]Capturing CUDA graphs (decode, FULL):  98%|█████████▊| 47/48 [00:26<00:00,  6.78it/s]Capturing CUDA graphs (decode, FULL): 100%|██████████| 48/48 [00:27<00:00,  4.37it/s]Capturing CUDA graphs (decode, FULL): 100%|██████████| 48/48 [00:27<00:00,  1.75it/s]
(Worker_TP2 pid=552889) [aiter] Registering 5952 cuda graph addresses
(Worker_TP0 pid=552887) [aiter] Registering 5952 cuda graph addresses
(Worker_TP3 pid=552890) [aiter] Registering 5952 cuda graph addresses
(Worker_TP1 pid=552888) [aiter] Registering 5952 cuda graph addresses
(Worker_TP2 pid=552889) INFO 08-25 18:17:26 [gpu_worker.py:726] CUDA graph pool memory: 0.98 GiB (actual), 2.31 GiB (estimated), difference: 1.33 GiB (135.7%).
(Worker_TP2 pid=552889) INFO 08-25 18:17:26 [gpu_worker.py:789] Free memory on device (279.8/287.98 GiB) on startup. Desired GPU memory utilization is (0.85, 244.79 GiB). Actual usage is 62.29 GiB for consumed memory (weights + non-torch), 7.81 GiB for peak activation, and 0.98 GiB for CUDAGraph memory. Replace gpu_memory_utilization config with `--kv-cache-memory=186361780122` (173.56 GiB) to fit into requested memory, or `--kv-cache-memory=223957843456` (208.58 GiB) to fully utilize gpu memory. Current kv cache memory in use is 174.69 GiB.
(Worker_TP2 pid=552889) [aiter] shape is M:256, N:128, K:6144 dtype='torch.float32' otype='torch.float32' bias=False, scaleAB=False, bpreshuffle=False, not found tuned config in /tmp/aiter_configs/bf16_tuned_gemm.csv, will use default config! using torch solution:0
(Worker_TP2 pid=552889) [aiter] [fused_moe] using 2stage (kernelName1='flydsl_moe1_afp4_wfp4_bf16_t64x128x256_w4_xcd4_fp4', kernelName2='flydsl_moe2_afp4_wfp4_bf16_t64x128x256_reduce_bnt2') for ('gfx950', 256, 256, 6144, 768, 129, 5, 'ActivationType.Swiglu', 'torch.bfloat16', 'torch.float4_e2m1fn_x2', 'torch.float4_e2m1fn_x2', 'QuantType.per_1x32', True, False) 
(Worker_TP1 pid=552888) INFO 08-25 18:17:26 [gpu_worker.py:726] CUDA graph pool memory: 0.98 GiB (actual), 2.31 GiB (estimated), difference: 1.33 GiB (135.7%).
(Worker_TP1 pid=552888) INFO 08-25 18:17:26 [gpu_worker.py:789] Free memory on device (279.8/287.98 GiB) on startup. Desired GPU memory utilization is (0.85, 244.79 GiB). Actual usage is 62.29 GiB for consumed memory (weights + non-torch), 7.81 GiB for peak activation, and 0.98 GiB for CUDAGraph memory. Replace gpu_memory_utilization config with `--kv-cache-memory=186361780122` (173.56 GiB) to fit into requested memory, or `--kv-cache-memory=223957843456` (208.58 GiB) to fully utilize gpu memory. Current kv cache memory in use is 174.69 GiB.
(Worker_TP1 pid=552888) [aiter] shape is M:256, N:128, K:6144 dtype='torch.float32' otype='torch.float32' bias=False, scaleAB=False, bpreshuffle=False, not found tuned config in /tmp/aiter_configs/bf16_tuned_gemm.csv, will use default config! using torch solution:0
(Worker_TP1 pid=552888) [aiter] [fused_moe] using 2stage (kernelName1='flydsl_moe1_afp4_wfp4_bf16_t64x128x256_w4_xcd4_fp4', kernelName2='flydsl_moe2_afp4_wfp4_bf16_t64x128x256_reduce_bnt2') for ('gfx950', 256, 256, 6144, 768, 129, 5, 'ActivationType.Swiglu', 'torch.bfloat16', 'torch.float4_e2m1fn_x2', 'torch.float4_e2m1fn_x2', 'QuantType.per_1x32', True, False) 
(Worker_TP3 pid=552890) INFO 08-25 18:17:26 [gpu_worker.py:726] CUDA graph pool memory: 0.98 GiB (actual), 2.31 GiB (estimated), difference: 1.33 GiB (135.7%).
(Worker_TP3 pid=552890) INFO 08-25 18:17:26 [gpu_worker.py:789] Free memory on device (279.74/287.98 GiB) on startup. Desired GPU memory utilization is (0.85, 244.79 GiB). Actual usage is 62.32 GiB for consumed memory (weights + non-torch), 7.81 GiB for peak activation, and 0.98 GiB for CUDAGraph memory. Replace gpu_memory_utilization config with `--kv-cache-memory=186328225690` (173.53 GiB) to fit into requested memory, or `--kv-cache-memory=223857180160` (208.48 GiB) to fully utilize gpu memory. Current kv cache memory in use is 174.66 GiB.
(Worker_TP3 pid=552890) [aiter] shape is M:256, N:128, K:6144 dtype='torch.float32' otype='torch.float32' bias=False, scaleAB=False, bpreshuffle=False, not found tuned config in /tmp/aiter_configs/bf16_tuned_gemm.csv, will use default config! using torch solution:0
(Worker_TP3 pid=552890) [aiter] [fused_moe] using 2stage (kernelName1='flydsl_moe1_afp4_wfp4_bf16_t64x128x256_w4_xcd4_fp4', kernelName2='flydsl_moe2_afp4_wfp4_bf16_t64x128x256_reduce_bnt2') for ('gfx950', 256, 256, 6144, 768, 129, 5, 'ActivationType.Swiglu', 'torch.bfloat16', 'torch.float4_e2m1fn_x2', 'torch.float4_e2m1fn_x2', 'QuantType.per_1x32', True, False) 
(Worker_TP0 pid=552887) INFO 08-25 18:17:26 [gpu_model_runner.py:6913] Graph capturing finished in 297 secs, took 0.98 GiB
(Worker_TP0 pid=552887) INFO 08-25 18:17:26 [gpu_worker.py:726] CUDA graph pool memory: 0.98 GiB (actual), 2.31 GiB (estimated), difference: 1.33 GiB (135.7%).
(Worker_TP0 pid=552887) INFO 08-25 18:17:26 [gpu_worker.py:789] Free memory on device (279.99/287.98 GiB) on startup. Desired GPU memory utilization is (0.85, 244.79 GiB). Actual usage is 62.2 GiB for consumed memory (weights + non-torch), 7.81 GiB for peak activation, and 0.98 GiB for CUDAGraph memory. Replace gpu_memory_utilization config with `--kv-cache-memory=186462443418` (173.66 GiB) to fit into requested memory, or `--kv-cache-memory=224259833344` (208.86 GiB) to fully utilize gpu memory. Current kv cache memory in use is 174.78 GiB.
(Worker_TP0 pid=552887) [aiter] shape is M:256, N:128, K:6144 dtype='torch.float32' otype='torch.float32' bias=False, scaleAB=False, bpreshuffle=False, not found tuned config in /tmp/aiter_configs/bf16_tuned_gemm.csv, will use default config! using torch solution:0
(Worker_TP0 pid=552887) [aiter] [fused_moe] using 2stage (kernelName1='flydsl_moe1_afp4_wfp4_bf16_t64x128x256_w4_xcd4_fp4', kernelName2='flydsl_moe2_afp4_wfp4_bf16_t64x128x256_reduce_bnt2') for ('gfx950', 256, 256, 6144, 768, 129, 5, 'ActivationType.Swiglu', 'torch.bfloat16', 'torch.float4_e2m1fn_x2', 'torch.float4_e2m1fn_x2', 'QuantType.per_1x32', True, False) 
(Worker_TP2 pid=552889) [aiter] shape is M:256, N:2304, K:12288 dtype='torch.bfloat16' otype='torch.bfloat16' bias=False, scaleAB=False, bpreshuffle=False, not found tuned config in /tmp/aiter_configs/bf16_tuned_gemm.csv, will use default config! using torch solution:0
(Worker_TP1 pid=552888) [aiter] shape is M:256, N:2304, K:12288 dtype='torch.bfloat16' otype='torch.bfloat16' bias=False, scaleAB=False, bpreshuffle=False, not found tuned config in /tmp/aiter_configs/bf16_tuned_gemm.csv, will use default config! using torch solution:0
(Worker_TP3 pid=552890) [aiter] shape is M:256, N:2304, K:12288 dtype='torch.bfloat16' otype='torch.bfloat16' bias=False, scaleAB=False, bpreshuffle=False, not found tuned config in /tmp/aiter_configs/bf16_tuned_gemm.csv, will use default config! using torch solution:0
(Worker_TP0 pid=552887) [aiter] shape is M:256, N:2304, K:12288 dtype='torch.bfloat16' otype='torch.bfloat16' bias=False, scaleAB=False, bpreshuffle=False, not found tuned config in /tmp/aiter_configs/bf16_tuned_gemm.csv, will use default config! using torch solution:0
(Worker_TP3 pid=552890) INFO 08-25 18:17:27 [jit_monitor.py:79] Kernel JIT monitor activated; monitored JIT compilations during inference will use mode=warn.
(Worker_TP2 pid=552889) INFO 08-25 18:17:27 [jit_monitor.py:79] Kernel JIT monitor activated; monitored JIT compilations during inference will use mode=warn.
(Worker_TP0 pid=552887) INFO 08-25 18:17:27 [jit_monitor.py:79] Kernel JIT monitor activated; monitored JIT compilations during inference will use mode=warn.
(Worker_TP1 pid=552888) INFO 08-25 18:17:27 [jit_monitor.py:79] Kernel JIT monitor activated; monitored JIT compilations during inference will use mode=warn.
(EngineCore pid=552608) INFO 08-25 18:17:27 [core.py:348] init engine (profile, create kv cache, warmup model) took 470.29 s (compilation: 4.73 s)
(EngineCore pid=552608) INFO 08-25 18:17:28 [registry.py:134] All limits of multimodal modalities supported by the model are set to 0, running in text-only mode.
(EngineCore pid=552608) INFO 08-25 18:17:29 [kernel.py:306] Final IR op priority after setting platform defaults: IrOpPriorityConfig(rms_norm=['aiter', 'native'], fused_add_rms_norm=['aiter', 'native'])
(EngineCore pid=552608) INFO 08-25 18:17:29 [compilation.py:329] Enabled custom fusions: norm_quant, act_quant, allreduce_rms, mla_dual_rms_norm
(APIServer pid=551677) INFO 08-25 18:17:29 [api_server.py:678] Supported tasks: ['generate']
(APIServer pid=551677) INFO 08-25 18:17:29 [parser_manager.py:37] "auto" tool choice has been enabled.
(APIServer pid=551677) INFO 08-25 18:17:30 [hf.py:540] Detected the chat template content format to be 'openai'. You can set `--chat-template-content-format` to override this.
(APIServer pid=551677) WARNING 08-25 18:17:30 [model.py:1637] Default vLLM sampling parameters have been overridden by the model's `generation_config.json`: `{'temperature': 1.0, 'top_p': 0.95}`. If this is not intended, please relaunch vLLM instance with `--generation-config vllm`.
(APIServer pid=551677) INFO 08-25 18:17:30 [api_server.py:682] Starting vLLM server on http://0.0.0.0:8886
(APIServer pid=551677) INFO 08-25 18:17:30 [launcher.py:37] Available routes are:
(APIServer pid=551677) INFO 08-25 18:17:30 [launcher.py:46] Route: /openapi.json, Methods: GET, HEAD
(APIServer pid=551677) INFO 08-25 18:17:30 [launcher.py:46] Route: /docs, Methods: GET, HEAD
(APIServer pid=551677) INFO 08-25 18:17:30 [launcher.py:46] Route: /docs/oauth2-redirect, Methods: GET, HEAD
(APIServer pid=551677) INFO 08-25 18:17:30 [launcher.py:46] Route: /redoc, Methods: GET, HEAD
(APIServer pid=551677) INFO 08-25 18:17:30 [launcher.py:46] Route: /load, Methods: GET
(APIServer pid=551677) INFO 08-25 18:17:30 [launcher.py:46] Route: /version, Methods: GET
(APIServer pid=551677) INFO 08-25 18:17:30 [launcher.py:46] Route: /health, Methods: GET
(APIServer pid=551677) INFO 08-25 18:17:30 [launcher.py:46] Route: /metrics, Methods: GET
(APIServer pid=551677) INFO 08-25 18:17:30 [launcher.py:46] Route: /tokenize, Methods: POST
(APIServer pid=551677) INFO 08-25 18:17:30 [launcher.py:46] Route: /detokenize, Methods: POST
(APIServer pid=551677) INFO 08-25 18:17:30 [launcher.py:46] Route: /v1/models, Methods: GET
(APIServer pid=551677) INFO 08-25 18:17:30 [launcher.py:46] Route: /ping, Methods: GET
(APIServer pid=551677) INFO 08-25 18:17:30 [launcher.py:46] Route: /ping, Methods: POST
(APIServer pid=551677) INFO 08-25 18:17:30 [launcher.py:46] Route: /invocations, Methods: POST
(APIServer pid=551677) INFO 08-25 18:17:30 [launcher.py:46] Route: /v1/chat/completions, Methods: POST
(APIServer pid=551677) INFO 08-25 18:17:30 [launcher.py:46] Route: /v1/chat/completions/batch, Methods: POST
(APIServer pid=551677) INFO 08-25 18:17:30 [launcher.py:46] Route: /v1/responses, Methods: POST
(APIServer pid=551677) INFO 08-25 18:17:30 [launcher.py:46] Route: /v1/responses/{response_id}, Methods: GET
(APIServer pid=551677) INFO 08-25 18:17:30 [launcher.py:46] Route: /v1/responses/{response_id}/cancel, Methods: POST
(APIServer pid=551677) INFO 08-25 18:17:30 [launcher.py:46] Route: /v1/completions, Methods: POST
(APIServer pid=551677) INFO 08-25 18:17:30 [launcher.py:46] Route: /v1/messages, Methods: POST
(APIServer pid=551677) INFO 08-25 18:17:30 [launcher.py:46] Route: /v1/messages/count_tokens, Methods: POST
(APIServer pid=551677) INFO 08-25 18:17:30 [launcher.py:46] Route: /generative_scoring, Methods: POST
(APIServer pid=551677) INFO 08-25 18:17:30 [launcher.py:46] Route: /scale_elastic_ep, Methods: POST
(APIServer pid=551677) INFO 08-25 18:17:30 [launcher.py:46] Route: /is_scaling_elastic_ep, Methods: POST
(APIServer pid=551677) INFO 08-25 18:17:30 [launcher.py:46] Route: /v1/chat/completions/render, Methods: POST
(APIServer pid=551677) INFO 08-25 18:17:30 [launcher.py:46] Route: /v1/completions/render, Methods: POST
(APIServer pid=551677) INFO 08-25 18:17:30 [launcher.py:46] Route: /v1/chat/completions/derender, Methods: POST
(APIServer pid=551677) INFO 08-25 18:17:30 [launcher.py:46] Route: /v1/completions/derender, Methods: POST
(APIServer pid=551677) INFO 08-25 18:17:30 [launcher.py:46] Route: /inference/v1/generate, Methods: POST
(APIServer pid=551677) INFO 08-25 18:17:30 [launcher.py:99] API server: waiting for HTTP server to start
(APIServer pid=551677) INFO:     Started server process [551677]
(APIServer pid=551677) INFO:     Waiting for application startup.
(APIServer pid=551677) INFO:     Application startup complete.
(APIServer pid=551677) INFO 08-25 18:17:30 [launcher.py:105] API server: HTTP server started
+ /tmp/inferencex-minimaxm3-1411/runs/mtp-k4-aiter-full-indexer-resident-v19-tp4-c10-full-indexer-complete-curve-20260825-r1/venv/bin/aiperf profile --scenario inferencex-agentx-mvp --url http://localhost:8886 --endpoint /v1/chat/completions --endpoint-type chat --streaming --model amd/MiniMax-M3-MXFP4 --tokenizer amd/MiniMax-M3-MXFP4 --concurrency 10 --benchmark-duration 3600 --stats-interval 30 --random-seed 42 --failed-request-threshold 0.10 --trajectory-start-min-ratio 0.25 --trajectory-start-max-ratio 0.75 --warmup-requests-per-lane 10 --trace-idle-gap-cap-seconds 300 --warmup-grace-period 1800 --use-server-token-count --no-gpu-telemetry --tokenizer-trust-remote-code --num-dataset-entries 393 --slice-duration 1.0 --server-metrics http://localhost:8886/metrics --output-artifact-dir /shared/data/R7N/andy_luo_3v7/minimaxm3-agentx/results/mtp-k4-aiter-full-indexer-resident-v19-tp4-c10-full-indexer-complete-curve-20260825-r1/aiperf_artifacts --public-dataset semianalysis_cc_traces_weka_062126 --apply-chat-template
+ tee /shared/data/R7N/andy_luo_3v7/minimaxm3-agentx/results/mtp-k4-aiter-full-indexer-resident-v19-tp4-c10-full-indexer-complete-curve-20260825-r1/benchmark.log
18:17:35.609 INFO     Starting AIPerf System (_single_run.py:64)
18:17:35.619 INFO     Scenario 'inferencex-agentx-mvp': setting profiling-phase timing_mode=agentic_replay. (validator.py:226)
18:17:35.619 INFO     Scenario 'inferencex-agentx-mvp': injecting extra_inputs.ignore_eos=true (was absent). (validator.py:285)
18:17:35.619 INFO     Scenario 'inferencex-agentx-mvp': auto-set --cache-bust=first_turn_prefix (was at default none). (validator.py:538)
18:17:35.620 INFO     Scenario 'inferencex-agentx-mvp': auto-set --system-idle-gap-cap-seconds=10.0 (was unset). (validator.py:779)
18:17:35.835 INFO     GPU telemetry disabled via --no-gpu-telemetry (system_controller.py:269)
18:17:35.873 INFO     Server Metrics: Discovered 1 endpoints: ['http://localhost:8886/metrics'] (manager.py:97)
18:17:35.948 INFO     Registered Worker Manager (id: 'worker_manager') (system_controller.py:413)
18:17:35.953 INFO     Telemetry streaming is disabled (set --otel-url and/or --mlflow-tracking-uri to enable) (otel_metrics_results_processor.py:127)
18:17:35.955 INFO     Record metrics export enabled: /shared/data/R7N/andy_luo_3v7/minimaxm3-agentx/results/mtp-k4-aiter-full-indexer-resident-v19-tp4-c10-full-indexer-complete-curve-20260825-r1/aiperf_artifacts/profile_export.jsonl (record_export_jsonl_writer.py:62)
18:17:35.998 INFO     Registered Server Metrics Manager (id: 'server_metrics_manager') (system_controller.py:413)
18:17:36.003 INFO     Registered Record Processor (id: 'record_processor_9cb9b84e') (system_controller.py:413)
18:17:36.042 INFO     Registered Dataset Manager (id: 'dataset_manager') (system_controller.py:413)
18:17:36.069 INFO     Registered Timing Manager (id: 'timing_manager') (system_controller.py:413)
18:17:36.088 INFO     Registered Records Manager (id: 'records_manager') (system_controller.py:413)
18:17:36.105 INFO     Registered Record Processor (id: 'record_processor_5c5ac842') (system_controller.py:413)
18:17:36.200 INFO     Registered Worker (id: 'worker_15fe9256') (system_controller.py:413)
18:17:36.200 INFO     Registered Worker (id: 'worker_b3b8f78d') (system_controller.py:413)
18:17:36.201 INFO     Registered Worker (id: 'worker_6c0e428a') (system_controller.py:413)
18:17:36.202 INFO     Registered Worker (id: 'worker_13c257ea') (system_controller.py:413)
18:17:36.203 INFO     Registered Worker (id: 'worker_90383691') (system_controller.py:413)
18:17:36.209 INFO     Registered Worker (id: 'worker_b0280987') (system_controller.py:413)
18:17:36.219 INFO     Registered Worker (id: 'worker_af7071b5') (system_controller.py:413)
18:17:36.225 INFO     Registered Worker (id: 'worker_42206c15') (system_controller.py:413)
18:17:36.281 INFO     Registered Worker (id: 'worker_1161419d') (system_controller.py:413)
18:17:36.281 INFO     Registered Worker (id: 'worker_08af0bc4') (system_controller.py:413)
18:17:36.336 INFO     AIPerf System is CONFIGURING (system_controller.py:294)
18:17:36.336 INFO     Configuring all services to start profiling (system_controller.py:307)
18:17:36.337 INFO     Waiting for dataset to be configured before configuring timing (manager.py:124)
18:17:36.337 INFO     Tokenization is disabled for this endpoint, skipping tokenizer configuration (inference_result_parser.py:80)
18:17:36.337 INFO     Tokenization is disabled for this endpoint, skipping tokenizer configuration (inference_result_parser.py:80)
18:17:36.339 INFO     Configuring tokenizer(s) for dataset manager (dataset_manager.py:240)
18:17:36.354 INFO     Server Metrics: Capturing baseline metrics... (manager.py:191)
18:17:36.409 INFO     Skipping unsupported summary metric: http_request_size_bytes (data_collector.py:308)
18:17:36.409 INFO     Skipping unsupported summary metric: http_response_size_bytes (data_collector.py:308)
18:17:36.411 INFO     Server metrics enabled - 1/1 endpoint(s) reachable. (system_controller.py:592)
18:17:36.411 INFO     Waiting for result domains: profile, server_metrics (system_controller.py:869)
18:17:37.073 INFO     HTTP Request: HEAD https://huggingface.co/amd/MiniMax-M3-MXFP4/resolve/main/config.json "HTTP/1.1 307 Temporary Redirect" (_client.py:1025)
18:17:37.080 INFO     HTTP Request: HEAD https://huggingface.co/api/resolve-cache/models/amd/MiniMax-M3-MXFP4/b83d14e3d64bf373a207f3c2a7e9f0b0f1e7fc3a/config.json "HTTP/1.1 200 OK" (_client.py:1025)
18:17:37.138 INFO     HTTP Request: HEAD https://huggingface.co/amd/MiniMax-M3-MXFP4/resolve/main/configuration_minimax_m3_vl.py "HTTP/1.1 307 Temporary Redirect" (_client.py:1025)
18:17:37.146 INFO     HTTP Request: HEAD https://huggingface.co/api/resolve-cache/models/amd/MiniMax-M3-MXFP4/b83d14e3d64bf373a207f3c2a7e9f0b0f1e7fc3a/configuration_minimax_m3_vl.py "HTTP/1.1 200 OK" (_client.py:1025)
18:17:37.199 INFO     HTTP Request: HEAD https://huggingface.co/amd/MiniMax-M3-MXFP4/resolve/main/config.json "HTTP/1.1 307 Temporary Redirect" (_client.py:1025)
18:17:37.200 WARNING  Warning: You are sending unauthenticated requests to the HF Hub. Please set a HF_TOKEN to enable higher rate limits and faster downloads. (_http.py:955)
18:17:37.208 INFO     HTTP Request: HEAD https://huggingface.co/api/resolve-cache/models/amd/MiniMax-M3-MXFP4/b83d14e3d64bf373a207f3c2a7e9f0b0f1e7fc3a/config.json "HTTP/1.1 200 OK" (_client.py:1025)
18:17:37.253 INFO     HTTP Request: HEAD https://huggingface.co/amd/MiniMax-M3-MXFP4/resolve/main/tokenizer_config.json "HTTP/1.1 307 Temporary Redirect" (_client.py:1025)
18:17:37.262 INFO     HTTP Request: HEAD https://huggingface.co/api/resolve-cache/models/amd/MiniMax-M3-MXFP4/b83d14e3d64bf373a207f3c2a7e9f0b0f1e7fc3a/tokenizer_config.json "HTTP/1.1 200 OK" (_client.py:1025)
18:17:37.310 INFO     HTTP Request: GET https://huggingface.co/api/models/amd/MiniMax-M3-MXFP4/tree/main/additional_chat_templates?recursive=false&expand=false "HTTP/1.1 404 Not Found" (_client.py:1025)
18:17:37.354 INFO     HTTP Request: GET https://huggingface.co/api/models/amd/MiniMax-M3-MXFP4/tree/main?recursive=true&expand=false "HTTP/1.1 200 OK" (_client.py:1025)
18:17:37.962 INFO     HTTP Request: GET https://huggingface.co/api/models/amd/MiniMax-M3-MXFP4 "HTTP/1.1 200 OK" (_client.py:1025)
18:17:37.985 INFO     Tokenizer(s) configured in 1.65 seconds (dataset_manager.py:244)
18:17:37.985 INFO     Configuring dataset for dataset_manager (dataset_manager.py:250)
18:17:38.815 INFO     Loading HuggingFace dataset 'semianalysisai/cc-traces-weka-062126' (split=train) (base_hf_dataset.py:48)
18:17:39.669 INFO     HTTP Request: HEAD https://huggingface.co/datasets/semianalysisai/cc-traces-weka-062126/resolve/main/README.md "HTTP/1.1 307 Temporary Redirect" (_client.py:1025)
18:17:39.676 INFO     HTTP Request: HEAD https://huggingface.co/api/resolve-cache/datasets/semianalysisai/cc-traces-weka-062126/23f152f6f0f9399a85901b89a6458def0ef16729/README.md "HTTP/1.1 200 OK" (_client.py:1025)
18:17:39.717 INFO     HTTP Request: HEAD https://huggingface.co/datasets/semianalysisai/cc-traces-weka-062126/resolve/23f152f6f0f9399a85901b89a6458def0ef16729/cc-traces-weka-062126.py "HTTP/1.1 404 Not Found" (_client.py:1025)
18:17:39.812 INFO     HTTP Request: HEAD https://s3.amazonaws.com/datasets.huggingface.co/datasets/datasets/semianalysisai/cc-traces-weka-062126/semianalysisai/cc-traces-weka-062126.py "HTTP/1.1 404 Not Found" (_client.py:1025)
18:17:39.866 INFO     HTTP Request: GET https://huggingface.co/api/datasets/semianalysisai/cc-traces-weka-062126/revision/23f152f6f0f9399a85901b89a6458def0ef16729 "HTTP/1.1 200 OK" (_client.py:1025)
18:17:39.905 INFO     HTTP Request: HEAD https://huggingface.co/datasets/semianalysisai/cc-traces-weka-062126/resolve/23f152f6f0f9399a85901b89a6458def0ef16729/.huggingface.yaml "HTTP/1.1 404 Not Found" (_client.py:1025)
18:17:40.009 INFO     HTTP Request: GET https://datasets-server.huggingface.co/info?dataset=semianalysisai/cc-traces-weka-062126 "HTTP/1.1 200 OK" (_client.py:1025)
18:17:40.061 INFO     HTTP Request: GET https://huggingface.co/api/datasets/semianalysisai/cc-traces-weka-062126/tree/23f152f6f0f9399a85901b89a6458def0ef16729?recursive=false&expand=false "HTTP/1.1 200 OK" (_client.py:1025)
18:17:40.106 INFO     HTTP Request: HEAD https://huggingface.co/datasets/semianalysisai/cc-traces-weka-062126/resolve/23f152f6f0f9399a85901b89a6458def0ef16729/dataset_infos.json "HTTP/1.1 404 Not Found" (_client.py:1025)
18:18:00.314 INFO     weka trace selection [semianalysisai/cc-traces-weka-062126]: scanned 393, rejected_by_maxctx 0 (--max-context-length=None), eligible 393, loaded 393 (--num-dataset-entries=393), largest_observed_peak_context 996,579 (selection.py:73)
18:18:00.316 INFO     Loaded 393/393 eligible traces (filter-then-cap; --num-dataset-entries=393, --max-context-length=None) (semianalysis_cc_traces_weka.py:207)
18:18:24.999 INFO     WekaTraceLoader: spawning 16 worker process(es) for parallel reconstruction of 393 trace(s) (weka_trace.py:2433)
18:18:33.418 INFO     WekaTraceLoader: reconstructed 39/393 (10%) in 6.3s (6.1 traces/s) (weka_parallel_convert.py:751)
18:18:33.418 INFO     WekaTraceLoader: reconstructed 78/393 (20%) in 6.3s (12.3 traces/s) (weka_parallel_convert.py:751)
18:18:33.418 INFO     WekaTraceLoader: reconstructed 117/393 (30%) in 6.3s (18.4 traces/s) (weka_parallel_convert.py:751)
18:18:50.475 INFO     WekaTraceLoader: reconstructed 156/393 (40%) in 23.4s (6.7 traces/s) (weka_parallel_convert.py:751)
18:18:50.476 INFO     WekaTraceLoader: reconstructed 195/393 (50%) in 23.4s (8.3 traces/s) (weka_parallel_convert.py:751)
18:18:50.476 INFO     WekaTraceLoader: reconstructed 234/393 (60%) in 23.4s (10.0 traces/s) (weka_parallel_convert.py:751)
18:18:50.476 INFO     WekaTraceLoader: reconstructed 273/393 (69%) in 23.4s (11.7 traces/s) (weka_parallel_convert.py:751)
18:18:50.476 INFO     WekaTraceLoader: reconstructed 312/393 (79%) in 23.4s (13.3 traces/s) (weka_parallel_convert.py:751)
18:18:50.477 INFO     WekaTraceLoader: reconstructed 351/393 (89%) in 23.4s (15.0 traces/s) (weka_parallel_convert.py:751)
18:18:50.477 INFO     WekaTraceLoader: reconstructed 390/393 (99%) in 23.4s (16.7 traces/s) (weka_parallel_convert.py:751)
18:18:50.477 INFO     WekaTraceLoader: reconstructed 393/393 (100%) in 23.4s (16.8 traces/s) (weka_parallel_convert.py:751)
18:18:50.585 INFO     WekaTraceLoader: workers finished in 30.9s; assembling Conversation objects (weka_trace.py:2448)
18:19:02.948 INFO     WekaTraceLoader: flattened-agent detection split 289 trace(s) into 1422 extra agent chain(s) (819 aux sidecars [114 reductions], 3 worker-group members, 2977 seams merged, 0 empty-hash requests kept on main) (weka_trace.py:1522)
18:19:02.948 INFO     WekaTraceLoader: reconstructed 9843 conversation(s) in 43.3s (total load+synth+reconstruct: 43.3s) (weka_trace.py:1533)
18:19:04.902 INFO     Memory-mapped backing store initialized (streaming to /tmp/inferencex-minimaxm3-1411/tmp/aiperf_mmap_fe69293d878e/dataset.dat) (memory_map_utils.py:160)
18:19:19.162 INFO     Data file finalized: 9843 conversations, 6,345.21 MB (memory_map_utils.py:288)
18:19:19.164 INFO     Index file created: /tmp/inferencex-minimaxm3-1411/tmp/aiperf_mmap_fe69293d878e/index.dat (memory_map_utils.py:295)
18:19:19.164 INFO     Backing store finalized: client_type=DatasetClientStoreType.MEMORY_MAP format=MemoryMapFormat.CONVERSATION data_file_path=PosixPath('/tmp/inferencex-minimaxm3-1411/tmp/aiperf_mmap_fe69293d878e/dataset.dat') index_file_path=PosixPath('/tmp/inferencex-minimaxm3-1411/tmp/aiperf_mmap_fe69293d878e/index.dat') conversation_count=9843 total_size_bytes=6653432650 compressed=False compressed_data_file_path=None compressed_index_file_path=None compressed_size_bytes=0 (dataset_manager.py:969)
18:19:20.280 INFO     sampling strategy: sequential, unique conversations: 9843, unique turn count: 98827 (dataset_manager.py:987)
18:19:21.340 INFO     Skipping inputs.json generation (dataset_manager.py:254)
18:19:21.808 INFO     TrajectorySource: built 10 trajectories from 393 traces (trajectory_source.py:413)
18:19:21.809 INFO       range cfg=[0.25, 0.75]  observed sample pct: min= 35% median= 51% max= 75% (trajectory_source.py:418)
18:19:21.809 INFO         lane=00  sample_time= 53%  root_next= 84/130 ( 65% turns)  live=1 ready=1  trace_id=002001296e8a8c38ad9d7cc436d691afc602 (trajectory_source.py:420)
18:19:21.809 INFO         lane=01  sample_time= 49%  root_next=  5/33  ( 15% turns)  live=1 ready=1  trace_id=006c98de37d819e95b0840e25426bb7ca99d (trajectory_source.py:420)
18:19:21.809 INFO         lane=02  sample_time= 67%  root_next= 24/29  ( 83% turns)  live=1 ready=1  trace_id=00ca01c4aaeccee751ae6285beb54dea262f (trajectory_source.py:420)
18:19:21.809 INFO         lane=03  sample_time= 56%  root_next= 82/191 ( 43% turns)  live=1 ready=1  trace_id=0196085d85d2075a50b74cd8795ffbdcea9a (trajectory_source.py:420)
18:19:21.809 INFO         lane=04  sample_time= 47%  root_next=  0/13  (  0% turns)  live=1 ready=1  trace_id=02bc0afb13f7a2d9efa86c28511261d85c0e (trajectory_source.py:420)
18:19:21.809 INFO         lane=05  sample_time= 47%  root_next= 19/40  ( 48% turns)  live=1 ready=1  trace_id=03e110ac6921c2fe9ac7772a9654314a2beb (trajectory_source.py:420)
18:19:21.809 INFO         lane=06  sample_time= 74%  root_next=  0/54  (  0% turns)  live=13 ready=13  trace_id=0470d446a4514dfe0c6ad0be92853bd13287 (trajectory_source.py:420)
18:19:21.809 INFO         lane=07  sample_time= 35%  root_next=  3/7   ( 43% turns)  live=1 ready=1  trace_id=04dba6fe621301a1d01fd63b8d02c9645c48 (trajectory_source.py:420)
18:19:21.809 INFO         lane=08  sample_time= 75%  root_next= 32/34  ( 94% turns)  live=1 ready=1  trace_id=05c249572509162371b7b82339674db64b5d (trajectory_source.py:420)
18:19:21.809 INFO         lane=09  sample_time= 42%  root_next= 49/52  ( 94% turns)  live=1 ready=1  trace_id=05f72f78a037cfa5cd4e4541960a574701d9 (trajectory_source.py:420)
18:19:21.809 INFO     Initialized 2 phase(s): ['Warmup', 'Profiling'] (phase_orchestrator.py:228)
18:19:22.563 INFO     Dataset client initialized and freed 9843 conversations from memory (dataset_manager.py:327)
18:19:24.416 INFO     Populated mmap cache entry /tmp/inferencex-minimaxm3-1411/traces/d39618aaf52a41de9ccbb156453af2c3 (mmap_cache.py:640)
18:19:24.417 INFO     Dataset configured in 106.43 seconds (dataset_manager.py:263)
18:19:24.418 INFO     All services configured in 108.08 seconds (system_controller.py:318)
18:19:24.418 INFO     AIPerf System is CONFIGURED (system_controller.py:296)
18:19:24.419 INFO     Server Metrics: Started 1 collector(s) successfully (manager.py:281)
18:19:24.420 INFO     All services started profiling successfully (system_controller.py:340)
18:19:24.420 INFO     AIPerf System is PROFILING (system_controller.py:298)
18:19:24.519 NOTICE   Phase warmup (warmup) started | target: 109 requests (runner.py:593)
18:19:24.519 INFO     WARMUP execute: dispatching 9 trajectory credits (agentic_replay.py:654)
18:19:24.519 INFO     Credit phase start: warmup (records_manager.py:998)
18:19:24.520 INFO     WARMUP count budget: 10 additional requests per lane after 9 mandatory snapshot primers (agentic_replay.py:713)
18:19:24.520 INFO     WARMUP spread: 0.0s ramp aligning 9 request(s) on t* (earliest fires at 0, last at 0.0s) (agentic_replay.py:752)
18:19:54.520 INFO     Phase warmup progress | returned=7/109 | sent=9 | in_flight=2 | errors=0 | elapsed=30.0s (runner.py:1254)
18:20:05.835 INFO     Replay interval barriers active: 98827 requests, 61136 gated turns, join-widths={1: 51527, 2: 6771, 3: 1804, 4: 492, 5: 149, 6: 80, 7: 62, 8: 89, 9: 74, 10: 52, 11: 21, 12: 11, 13: 2, 14: 2} (replay_dependencies.py:231)
18:20:05.835 INFO     WARMUP cache pressure: replaying live trajectories until each lane reaches 10 additional requests with zero idle delay and max_tokens=1 (agentic_replay.py:803)
18:20:24.523 INFO     Phase warmup progress | returned=36/109 | sent=47 | in_flight=11 | errors=0 | elapsed=60.0s (runner.py:1254)
18:20:44.052 INFO     WARMUP cache pressure request budget reached: 10 additional requests on each of 10 lanes; draining requests (agentic_replay.py:494)
18:20:44.052 NOTICE   Phase warmup (warmup) sending complete | sent=109, completed=108, in_flight=1 | sessions: sent=13, completed=5 (runner.py:1039)
18:20:44.753 INFO     All accelerated-warmup wire requests returned; preserving paused DAG work for profiling handoff. (runner.py:989)
18:20:44.753 NOTICE   Phase warmup (warmup) complete | completed=109, cancelled=0, errors=0 | sessions: completed=5, cancelled=0 | elapsed=80.23s (runner.py:1162)
18:20:44.753 INFO     Global system-idle cap summary: limit=10s, jumps=0, skipped=0.000s (agentic_replay.py:956)
18:20:44.754 INFO     Server Metrics: Warmup complete, capturing final warmup metrics... (manager.py:304)
18:20:44.755 INFO     WARMUP cache pressure handoff: persisted 23 live streams (agentic_replay.py:972)
18:20:44.755 INFO     BranchOrchestrator stats: spawned=17 completed=2 errored=0 suspended=0 resumed=0 parents_failed_due_to_child_error=0 joins_suppressed=0 delayed=0 (branch_orchestrator.py:1782)
18:20:44.755 INFO     Session-tree slots for phase warmup: peak_open=10 (target concurrency 10); released 10 still-open at teardown; late_events=0 (runner.py:551)
18:20:44.884 INFO     Replay interval barriers active: 98827 requests, 61136 gated turns, join-widths={1: 51527, 2: 6771, 3: 1804, 4: 492, 5: 149, 6: 80, 7: 62, 8: 89, 9: 74, 10: 52, 11: 21, 12: 11, 13: 2, 14: 2} (replay_dependencies.py:231)
18:20:44.885 INFO     PROFILING setup: 10 trajectory lanes; recycle draws roots from the dataset sampler (agentic_replay.py:429)
18:20:44.885 INFO     PROFILING: 2 rootless + 0 gated-parent lanes of 10 dispatch no root credit at start and hold a lane credit instead (so they still count toward concurrency); rootless lanes recycle into a fresh root once their background subagents drain (agentic_replay.py:435)
18:20:44.885 NOTICE   Phase profiling (profiling) started | phase_index=0 | profiling_index=0 | target: 3600.0s duration (runner.py:593)
18:20:44.885 INFO     Credit phase start: profiling (records_manager.py:998)
18:20:44.888 INFO     Waiting for event 'profiling phase sending' with timeout of 3599.997106157s (runner.py:1220)
18:20:44.888 INFO     PROFILING execute: resuming 10 trajectory sessions (spread; first-request spread 69227.6s) (agentic_replay.py:1328)
18:21:06.052 INFO     [realtime 00:21 profiling] (records_manager.py:1345)
18:21:06.052 INFO       rps=0.1 (avg 0.1)  tput_in=10,755/s  tput_out=114/s  done=2 ok=2 err=0 (records_manager.py:1345)
18:21:06.052 INFO       ttft    p50=  694ms  p75=  908ms  p95=1,080ms  p99=1,115ms (records_manager.py:1345)
18:21:06.052 INFO       itl     p50=    4ms  p75=    4ms  p95=    5ms  p99=    5ms (records_manager.py:1345)
18:21:06.052 INFO       e2e     p50=5,344ms  p75=6,881ms  p95=8,111ms  p99=8,357ms (records_manager.py:1345)
18:21:06.052 INFO       intvty  p50=    234  p75=    244  p95=    251  p99=    253  (1/tpot tok/s) (records_manager.py:1345)
18:21:06.052 INFO       isl     p50= 97,627  p75=118,628  p90=131,229  p99=138,790  (tokens) (records_manager.py:1345)
18:21:06.052 INFO       osl     p50=  1,038  p75=  1,303  p90=  1,462  p99=  1,557  (tokens) (records_manager.py:1345)
18:21:06.052 INFO       tot     in=195,254  out=2,077 (records_manager.py:1345)
18:21:06.052 INFO       trace  theoretical_prefix_cache_hit=94.3% (records_manager.py:1345)
18:21:06.052 INFO       srv    prefix_cache_hit=83.9% unique_in_srv=40,648 kv_usage=0.7% queue=1r/0w tput_in_srv=12,068/s tput_out_srv=120/s (records_manager.py:1345)
18:21:36.078 INFO     [realtime 00:51 profiling] (records_manager.py:1345)
18:21:36.078 INFO       rps=0.1 (avg 0.1)  tput_in=10,396/s  tput_out=201/s  done=4 ok=4 err=0 (records_manager.py:1345)
18:21:36.079 INFO       ttft    p50=  444ms  p75=   749ms  p95= 1,048ms  p99= 1,108ms (records_manager.py:1345)
18:21:36.079 INFO       itl     p50=    4ms  p75=     4ms  p95=     5ms  p99=     5ms (records_manager.py:1345)
18:21:36.079 INFO       e2e     p50=6,977ms  p75=11,061ms  p95=17,403ms  p99=18,672ms (records_manager.py:1345)
18:21:36.079 INFO       intvty  p50=    233  p75=     239  p95=     250  p99=     253  (1/tpot tok/s) (records_manager.py:1345)
18:21:36.079 INFO       isl     p50= 98,432  p75= 140,272  p90= 141,428  p99= 142,122  (tokens) (records_manager.py:1345)
18:21:36.079 INFO       osl     p50=  1,355  p75=   2,274  p90=   3,546  p99=   4,309  (tokens) (records_manager.py:1345)
18:21:36.079 INFO       tot     in=394,687  out=7,613 (records_manager.py:1345)
18:21:36.079 INFO       trace  theoretical_prefix_cache_hit=94.3% (records_manager.py:1345)
18:21:36.079 INFO       srv    prefix_cache_hit=88.8% unique_in_srv=59,236 kv_usage=1.7% queue=2r/0w tput_in_srv=10,401/s tput_out_srv=274/s (records_manager.py:1345)
18:22:06.147 INFO     [realtime 01:21 profiling] (records_manager.py:1345)
18:22:06.147 INFO       rps=0.7 (avg 0.3)  tput_in=20,311/s  tput_out=322/s  done=25 ok=25 err=0 (records_manager.py:1345)
18:22:06.147 INFO       ttft    p50=  310ms  p75=  413ms  p95=   707ms  p99= 1,025ms (records_manager.py:1345)
18:22:06.147 INFO       itl     p50=    5ms  p75=    5ms  p95=     5ms  p99=     6ms (records_manager.py:1345)
18:22:06.147 INFO       e2e     p50=1,454ms  p75=5,779ms  p95=17,233ms  p99=18,609ms (records_manager.py:1345)
18:22:06.147 INFO       intvty  p50=    215  p75=    224  p95=     250  p99=     261  (1/tpot tok/s) (records_manager.py:1345)
18:22:06.147 INFO       isl     p50= 55,624  p75= 73,483  p90= 122,806  p99= 144,153  (tokens) (records_manager.py:1345)
18:22:06.147 INFO       osl     p50=    219  p75=  1,198  p90=   3,427  p99=   4,321  (tokens) (records_manager.py:1345)
18:22:06.147 INFO       tot     in=1,615,385  out=25,606 (records_manager.py:1345)
18:22:06.147 INFO       trace  theoretical_prefix_cache_hit=94.1% (records_manager.py:1345)
18:22:06.147 INFO       srv    prefix_cache_hit=88.0% unique_in_srv=212,646 kv_usage=2.0% queue=2r/0w tput_in_srv=20,375/s tput_out_srv=318/s (records_manager.py:1345)
18:22:36.245 INFO     [realtime 01:51 profiling] (records_manager.py:1345)
18:22:36.245 INFO       rps=1.1 (avg 0.5)  tput_in=37,682/s  tput_out=317/s  done=58 ok=58 err=0 (records_manager.py:1345)
18:22:36.245 INFO       ttft    p50=  297ms  p75=  339ms  p95= 1,023ms  p99= 1,194ms (records_manager.py:1345)
18:22:36.245 INFO       itl     p50=    5ms  p75=    5ms  p95=     6ms  p99=     9ms (records_manager.py:1345)
18:22:36.245 INFO       e2e     p50=1,348ms  p75=1,891ms  p95=15,376ms  p99=18,085ms (records_manager.py:1345)
18:22:36.245 INFO       intvty  p50=    215  p75=    228  p95=     253  p99=     259  (1/tpot tok/s) (records_manager.py:1345)
18:22:36.245 INFO       isl     p50= 67,876  p75= 86,090  p90= 101,435  p99= 143,305  (tokens) (records_manager.py:1345)
18:22:36.245 INFO       osl     p50=    219  p75=    304  p90=   1,918  p99=   4,221  (tokens) (records_manager.py:1345)
18:22:36.245 INFO       tot     in=4,164,577  out=34,986 (records_manager.py:1345)
18:22:36.245 INFO       trace  theoretical_prefix_cache_hit=94.1% (records_manager.py:1345)
18:22:36.245 INFO       srv    prefix_cache_hit=92.4% unique_in_srv=332,184 kv_usage=2.6% queue=2r/0w tput_in_srv=39,419/s tput_out_srv=343/s (records_manager.py:1345)
18:23:06.365 INFO     [realtime 02:21 profiling] (records_manager.py:1345)
18:23:06.365 INFO       rps=0.8 (avg 0.6)  tput_in=46,488/s  tput_out=363/s  done=83 ok=83 err=0 (records_manager.py:1345)
18:23:06.365 INFO       ttft    p50=  292ms  p75=  322ms  p95=   725ms  p99= 1,158ms (records_manager.py:1345)
18:23:06.365 INFO       itl     p50=    5ms  p75=    5ms  p95=     6ms  p99=     8ms (records_manager.py:1345)
18:23:06.366 INFO       e2e     p50=1,347ms  p75=1,852ms  p95=15,125ms  p99=22,562ms (records_manager.py:1345)
18:23:06.366 INFO       intvty  p50=    215  p75=    232  p95=     254  p99=     267  (1/tpot tok/s) (records_manager.py:1345)
18:23:06.366 INFO       isl     p50= 80,705  p75= 95,682  p90= 106,826  p99= 142,662  (tokens) (records_manager.py:1345)
18:23:06.366 INFO       osl     p50=    220  p75=    301  p90=   1,494  p99=   5,084  (tokens) (records_manager.py:1345)
18:23:06.366 INFO       tot     in=6,558,381  out=51,206 (records_manager.py:1345)
18:23:06.366 INFO       trace  theoretical_prefix_cache_hit=94.5% (records_manager.py:1345)
18:23:06.366 INFO       srv    prefix_cache_hit=94.6% unique_in_srv=362,859 kv_usage=1.6% queue=1r/0w tput_in_srv=47,373/s tput_out_srv=365/s (records_manager.py:1345)
18:23:36.518 INFO     [realtime 02:51 profiling] (records_manager.py:1345)
18:23:36.518 INFO       rps=0.8 (avg 0.6)  tput_in=47,395/s  tput_out=344/s  done=106 ok=106 err=0 (records_manager.py:1345)
18:23:36.518 INFO       ttft    p50=  291ms  p75=  316ms  p95=   704ms  p99= 1,132ms (records_manager.py:1345)
18:23:36.518 INFO       itl     p50=    5ms  p75=    5ms  p95=     6ms  p99=     7ms (records_manager.py:1345)
18:23:36.518 INFO       e2e     p50=1,453ms  p75=2,024ms  p95=14,623ms  p99=18,910ms (records_manager.py:1345)
18:23:36.518 INFO       intvty  p50=    214  p75=    230  p95=     260  p99=     272  (1/tpot tok/s) (records_manager.py:1345)
18:23:36.518 INFO       isl     p50= 77,858  p75= 96,816  p90= 105,279  p99= 142,071  (tokens) (records_manager.py:1345)
18:23:36.518 INFO       osl     p50=    222  p75=    344  p90=     891  p99=   4,379  (tokens) (records_manager.py:1345)
18:23:36.518 INFO       tot     in=8,027,052  out=58,264 (records_manager.py:1345)
18:23:36.518 INFO       trace  theoretical_prefix_cache_hit=94.5% (records_manager.py:1345)
18:23:36.518 INFO       srv    prefix_cache_hit=94.4% unique_in_srv=476,050 kv_usage=4.2% queue=6r/0w tput_in_srv=49,289/s tput_out_srv=381/s (records_manager.py:1345)
18:24:06.710 INFO     [realtime 03:21 profiling] (records_manager.py:1345)
18:24:06.710 INFO       rps=1.4 (avg 0.7)  tput_in=54,755/s  tput_out=420/s  done=147 ok=147 err=0 (records_manager.py:1345)
18:24:06.710 INFO       ttft    p50=  291ms  p75=  318ms  p95=   655ms  p99= 1,128ms (records_manager.py:1345)
18:24:06.710 INFO       itl     p50=    5ms  p75=    5ms  p95=     6ms  p99=     8ms (records_manager.py:1345)
18:24:06.710 INFO       e2e     p50=1,581ms  p75=2,531ms  p95=13,529ms  p99=26,379ms (records_manager.py:1345)
18:24:06.710 INFO       intvty  p50=    206  p75=    223  p95=     254  p99=     270  (1/tpot tok/s) (records_manager.py:1345)
18:24:06.710 INFO       isl     p50= 75,112  p75= 97,508  p90= 104,917  p99= 141,017  (tokens) (records_manager.py:1345)
18:24:06.710 INFO       osl     p50=    247  p75=    432  p90=   1,026  p99=   5,526  (tokens) (records_manager.py:1345)
18:24:06.710 INFO       tot     in=10,986,042  out=84,259 (records_manager.py:1345)
18:24:06.710 INFO       trace  theoretical_prefix_cache_hit=94.6% (records_manager.py:1345)
18:24:06.710 INFO       srv    prefix_cache_hit=94.7% unique_in_srv=597,269 kv_usage=2.0% queue=3r/0w tput_in_srv=55,253/s tput_out_srv=420/s (records_manager.py:1345)
18:24:36.929 INFO     [realtime 03:52 profiling] (records_manager.py:1345)
18:24:36.929 INFO       rps=1.1 (avg 0.8)  tput_in=59,489/s  tput_out=453/s  done=181 ok=181 err=0 (records_manager.py:1345)
18:24:36.929 INFO       ttft    p50=  290ms  p75=  319ms  p95=  606ms  p99= 1,125ms (records_manager.py:1345)
18:24:36.929 INFO       itl     p50=    5ms  p75=    5ms  p95=    6ms  p99=     8ms (records_manager.py:1345)
18:24:36.929 INFO       e2e     p50=1,635ms  p75=3,305ms  p95=9,375ms  p99=21,726ms (records_manager.py:1345)
18:24:36.929 INFO       intvty  p50=    198  p75=    219  p95=    253  p99=     268  (1/tpot tok/s) (records_manager.py:1345)
18:24:36.929 INFO       isl     p50= 77,562  p75= 97,570  p90=106,905  p99= 140,144  (tokens) (records_manager.py:1345)
18:24:36.929 INFO       osl     p50=    261  p75=    555  p90=  1,134  p99=   4,813  (tokens) (records_manager.py:1345)
18:24:36.929 INFO       tot     in=13,781,310  out=104,846 (records_manager.py:1345)
18:24:36.929 INFO       trace  theoretical_prefix_cache_hit=94.9% (records_manager.py:1345)
18:24:36.929 INFO       srv    prefix_cache_hit=95.3% unique_in_srv=653,927 kv_usage=3.8% queue=4r/0w tput_in_srv=60,570/s tput_out_srv=460/s (records_manager.py:1345)
18:25:07.164 INFO     [realtime 04:22 profiling] (records_manager.py:1345)
18:25:07.164 INFO       rps=0.6 (avg 0.8)  tput_in=60,634/s  tput_out=474/s  done=200 ok=200 err=0 (records_manager.py:1345)
18:25:07.164 INFO       ttft    p50=  293ms  p75=  320ms  p95=   627ms  p99= 1,282ms (records_manager.py:1345)
18:25:07.164 INFO       itl     p50=    5ms  p75=    5ms  p95=     6ms  p99=     8ms (records_manager.py:1345)
18:25:07.164 INFO       e2e     p50=1,723ms  p75=3,503ms  p95=14,326ms  p99=19,126ms (records_manager.py:1345)
18:25:07.164 INFO       intvty  p50=    197  p75=    216  p95=     253  p99=     267  (1/tpot tok/s) (records_manager.py:1345)
18:25:07.164 INFO       isl     p50= 81,396  p75=100,078  p90= 108,840  p99= 139,656  (tokens) (records_manager.py:1345)
18:25:07.164 INFO       osl     p50=    278  p75=    628  p90=   1,175  p99=   4,415  (tokens) (records_manager.py:1345)
18:25:07.164 INFO       tot     in=15,707,474  out=122,676 (records_manager.py:1345)
18:25:07.164 INFO       trace  theoretical_prefix_cache_hit=95.1% (records_manager.py:1345)
18:25:07.164 INFO       srv    prefix_cache_hit=95.2% unique_in_srv=757,553 kv_usage=2.8% queue=2r/0w tput_in_srv=60,833/s tput_out_srv=475/s (records_manager.py:1345)
18:25:37.408 INFO     [realtime 04:52 profiling] (records_manager.py:1345)
18:25:37.408 INFO       rps=0.2 (avg 0.7)  tput_in=57,818/s  tput_out=453/s  done=207 ok=207 err=0 (records_manager.py:1345)
18:25:37.408 INFO       ttft    p50=  293ms  p75=  323ms  p95=   619ms  p99= 1,267ms (records_manager.py:1345)
18:25:37.408 INFO       itl     p50=    5ms  p75=    5ms  p95=     6ms  p99=     8ms (records_manager.py:1345)
18:25:37.408 INFO       e2e     p50=1,755ms  p75=3,605ms  p95=13,904ms  p99=18,908ms (records_manager.py:1345)
18:25:37.408 INFO       intvty  p50=    198  p75=    219  p95=     254  p99=     272  (1/tpot tok/s) (records_manager.py:1345)
18:25:37.408 INFO       isl     p50= 82,049  p75=101,072  p90= 110,260  p99= 142,045  (tokens) (records_manager.py:1345)
18:25:37.408 INFO       osl     p50=    280  p75=    634  p90=   1,183  p99=   4,376  (tokens) (records_manager.py:1345)
18:25:37.408 INFO       tot     in=16,414,928  out=128,525 (records_manager.py:1345)
18:25:37.408 INFO       trace  theoretical_prefix_cache_hit=95.2% (records_manager.py:1345)
18:25:37.409 INFO       srv    prefix_cache_hit=95.3% unique_in_srv=764,368 kv_usage=0.0% queue=0r/0w tput_in_srv=56,227/s tput_out_srv=440/s (records_manager.py:1345)
18:25:44.888 INFO     Per-trace idle cap advanced replay root 932589f8-de8c-44ed-a4be-43277c752d6d by 68927.204s (replay_dependencies.py:324)
18:25:44.889 INFO     Per-trace idle cap advanced replay root a0579a26-faf9-424a-bac5-0fde08066e28 by 1349.761s (replay_dependencies.py:324)
18:25:44.889 INFO     Per-trace idle cap advanced replay root c7d801d8-191e-4db9-8996-64c15057bd9a by 348.019s (replay_dependencies.py:324)
18:25:44.889 INFO     Per-trace idle cap advanced replay root 82e3201c-5b94-4d44-824c-c3962559a548 by 463.857s (replay_dependencies.py:324)
18:25:44.889 INFO     Per-trace idle cap advanced replay root 7080d42d-43f2-4cf1-9088-5342d59013b7 by 4811.046s (replay_dependencies.py:324)
18:25:44.889 INFO     Per-trace idle cap advanced replay root be2d2727-dc2f-4104-b38f-b742051726e2 by 2628.110s (replay_dependencies.py:324)
18:26:07.744 INFO     [realtime 05:22 profiling] (records_manager.py:1345)
18:26:07.744 INFO       rps=0.5 (avg 0.7)  tput_in=57,479/s  tput_out=432/s  done=222 ok=222 err=0 (records_manager.py:1345)
18:26:07.744 INFO       ttft    p50=  294ms  p75=  325ms  p95=   669ms  p99= 1,839ms (records_manager.py:1345)
18:26:07.744 INFO       itl     p50=    5ms  p75=    5ms  p95=     6ms  p99=    10ms (records_manager.py:1345)
18:26:07.744 INFO       e2e     p50=1,809ms  p75=3,660ms  p95=14,238ms  p99=19,545ms (records_manager.py:1345)
18:26:07.744 INFO       intvty  p50=    197  p75=    217  p95=     253  p99=     271  (1/tpot tok/s) (records_manager.py:1345)
18:26:07.744 INFO       isl     p50= 82,386  p75=101,785  p90= 110,881  p99= 285,649  (tokens) (records_manager.py:1345)
18:26:07.744 INFO       osl     p50=    278  p75=    637  p90=   1,196  p99=   4,330  (tokens) (records_manager.py:1345)
18:26:07.744 INFO       tot     in=18,402,658  out=138,217 (records_manager.py:1345)
18:26:07.744 INFO       trace  theoretical_prefix_cache_hit=95.3% (records_manager.py:1345)
18:26:07.744 INFO       srv    prefix_cache_hit=95.5% unique_in_srv=845,562 kv_usage=4.2% queue=4r/0w tput_in_srv=57,822/s tput_out_srv=446/s (records_manager.py:1345)
18:26:38.027 INFO     [realtime 05:53 profiling] (records_manager.py:1345)
18:26:38.027 INFO       rps=0.8 (avg 0.7)  tput_in=57,827/s  tput_out=451/s  done=247 ok=247 err=0 (records_manager.py:1345)
18:26:38.027 INFO       ttft    p50=  298ms  p75=  328ms  p95=   723ms  p99= 1,786ms (records_manager.py:1345)
18:26:38.027 INFO       itl     p50=    5ms  p75=    5ms  p95=     6ms  p99=    10ms (records_manager.py:1345)
18:26:38.027 INFO       e2e     p50=1,867ms  p75=3,548ms  p95=14,602ms  p99=29,034ms (records_manager.py:1345)
18:26:38.027 INFO       intvty  p50=    196  p75=    216  p95=     253  p99=     270  (1/tpot tok/s) (records_manager.py:1345)
18:26:38.027 INFO       isl     p50= 82,049  p75=103,446  p90= 111,342  p99= 285,502  (tokens) (records_manager.py:1345)
18:26:38.027 INFO       osl     p50=    288  p75=    626  p90=   1,183  p99=   5,526  (tokens) (records_manager.py:1345)
18:26:38.027 INFO       tot     in=20,391,900  out=159,151 (records_manager.py:1345)
18:26:38.027 INFO       trace  theoretical_prefix_cache_hit=95.1% (records_manager.py:1345)
18:26:38.027 INFO       srv    prefix_cache_hit=95.2% unique_in_srv=1,017,749 kv_usage=8.6% queue=4r/0w tput_in_srv=59,568/s tput_out_srv=459/s (records_manager.py:1345)
18:27:08.333 INFO     [realtime 06:23 profiling] (records_manager.py:1345)
18:27:08.333 INFO       rps=0.7 (avg 0.7)  tput_in=59,334/s  tput_out=462/s  done=267 ok=267 err=0 (records_manager.py:1345)
18:27:08.333 INFO       ttft    p50=  301ms  p75=  337ms  p95=   801ms  p99= 1,744ms (records_manager.py:1345)
18:27:08.333 INFO       itl     p50=    5ms  p75=    5ms  p95=     6ms  p99=     9ms (records_manager.py:1345)
18:27:08.333 INFO       e2e     p50=1,929ms  p75=3,720ms  p95=14,602ms  p99=28,937ms (records_manager.py:1345)
18:27:08.333 INFO       intvty  p50=    196  p75=    215  p95=     253  p99=     269  (1/tpot tok/s) (records_manager.py:1345)
18:27:08.333 INFO       isl     p50= 83,386  p75=104,042  p90= 112,214  p99= 302,613  (tokens) (records_manager.py:1345)
18:27:08.333 INFO       osl     p50=    303  p75=    644  p90=   1,220  p99=   5,128  (tokens) (records_manager.py:1345)
18:27:08.333 INFO       tot     in=22,715,546  out=176,778 (records_manager.py:1345)
18:27:08.333 INFO       trace  theoretical_prefix_cache_hit=95.2% (records_manager.py:1345)
18:27:08.333 INFO       srv    prefix_cache_hit=95.4% unique_in_srv=1,063,630 kv_usage=4.1% queue=3r/0w tput_in_srv=60,193/s tput_out_srv=468/s (records_manager.py:1345)
18:27:38.742 INFO     [realtime 06:53 profiling] (records_manager.py:1345)
18:27:38.743 INFO       rps=0.5 (avg 0.7)  tput_in=60,057/s  tput_out=469/s  done=283 ok=283 err=0 (records_manager.py:1345)
18:27:38.743 INFO       ttft    p50=  303ms  p75=  343ms  p95=   776ms  p99= 1,709ms (records_manager.py:1345)
18:27:38.743 INFO       itl     p50=    5ms  p75=    5ms  p95=     6ms  p99=     9ms (records_manager.py:1345)
18:27:38.743 INFO       e2e     p50=2,035ms  p75=3,937ms  p95=14,687ms  p99=31,522ms (records_manager.py:1345)
18:27:38.743 INFO       intvty  p50=    196  p75=    215  p95=     253  p99=     272  (1/tpot tok/s) (records_manager.py:1345)
18:27:38.743 INFO       isl     p50= 84,711  p75=105,738  p90= 114,022  p99= 299,953  (tokens) (records_manager.py:1345)
18:27:38.743 INFO       osl     p50=    319  p75=    695  p90=   1,233  p99=   6,132  (tokens) (records_manager.py:1345)
18:27:38.743 INFO       tot     in=24,705,460  out=192,810 (records_manager.py:1345)
18:27:38.743 INFO       trace  theoretical_prefix_cache_hit=95.3% (records_manager.py:1345)
18:27:38.743 INFO       srv    prefix_cache_hit=95.4% unique_in_srv=1,172,312 kv_usage=8.2% queue=5r/0w tput_in_srv=61,387/s tput_out_srv=479/s (records_manager.py:1345)
18:28:09.214 INFO     [realtime 07:24 profiling] (records_manager.py:1345)
18:28:09.214 INFO       rps=1.1 (avg 0.7)  tput_in=63,761/s  tput_out=490/s  done=315 ok=315 err=0 (records_manager.py:1345)
18:28:09.214 INFO       ttft    p50=  308ms  p75=  362ms  p95=   836ms  p99= 1,656ms (records_manager.py:1345)
18:28:09.214 INFO       itl     p50=    5ms  p75=    6ms  p95=     7ms  p99=     8ms (records_manager.py:1345)
18:28:09.214 INFO       e2e     p50=2,100ms  p75=4,246ms  p95=15,860ms  p99=30,673ms (records_manager.py:1345)
18:28:09.214 INFO       intvty  p50=    193  p75=    213  p95=     253  p99=     272  (1/tpot tok/s) (records_manager.py:1345)
18:28:09.214 INFO       isl     p50= 84,761  p75=107,424  p90= 117,998  p99= 336,686  (tokens) (records_manager.py:1345)
18:28:09.214 INFO       osl     p50=    321  p75=    695  p90=   1,348  p99=   5,825  (tokens) (records_manager.py:1345)
18:28:09.214 INFO       tot     in=28,289,579  out=217,564 (records_manager.py:1345)
18:28:09.214 INFO       trace  theoretical_prefix_cache_hit=95.3% (records_manager.py:1345)
18:28:09.214 INFO       srv    prefix_cache_hit=95.5% unique_in_srv=1,316,415 kv_usage=10.3% queue=3r/0w tput_in_srv=65,503/s tput_out_srv=503/s (records_manager.py:1345)
18:28:39.719 INFO     [realtime 07:54 profiling] (records_manager.py:1345)
18:28:39.719 INFO       rps=1.0 (avg 0.7)  tput_in=66,507/s  tput_out=516/s  done=347 ok=347 err=0 (records_manager.py:1345)
18:28:39.719 INFO       ttft    p50=  310ms  p75=  362ms  p95=   839ms  p99= 1,621ms (records_manager.py:1345)
18:28:39.719 INFO       itl     p50=    5ms  p75=    6ms  p95=     7ms  p99=    10ms (records_manager.py:1345)
18:28:39.719 INFO       e2e     p50=2,181ms  p75=4,471ms  p95=16,280ms  p99=30,955ms (records_manager.py:1345)
18:28:39.719 INFO       intvty  p50=    191  p75=    212  p95=     253  p99=     285  (1/tpot tok/s) (records_manager.py:1345)
18:28:39.719 INFO       isl     p50= 85,541  p75=109,018  p90= 123,423  p99= 337,987  (tokens) (records_manager.py:1345)
18:28:39.719 INFO       osl     p50=    321  p75=    735  p90=   1,428  p99=   5,305  (tokens) (records_manager.py:1345)
18:28:39.719 INFO       tot     in=31,488,663  out=244,309 (records_manager.py:1345)
18:28:39.720 INFO       trace  theoretical_prefix_cache_hit=95.4% (records_manager.py:1345)
18:28:39.720 INFO       srv    prefix_cache_hit=95.5% unique_in_srv=1,421,418 kv_usage=1.3% queue=2r/0w tput_in_srv=66,609/s tput_out_srv=518/s (records_manager.py:1345)
18:29:10.122 INFO     [realtime 08:25 profiling] (records_manager.py:1345)
18:29:10.122 INFO       rps=0.7 (avg 0.7)  tput_in=67,115/s  tput_out=509/s  done=369 ok=369 err=0 (records_manager.py:1345)
18:29:10.122 INFO       ttft    p50=  311ms  p75=  364ms  p95=   838ms  p99= 1,598ms (records_manager.py:1345)
18:29:10.122 INFO       itl     p50=    5ms  p75=    6ms  p95=     7ms  p99=     9ms (records_manager.py:1345)
18:29:10.122 INFO       e2e     p50=2,139ms  p75=4,454ms  p95=15,869ms  p99=30,804ms (records_manager.py:1345)
18:29:10.122 INFO       intvty  p50=    192  p75=    212  p95=     253  p99=     313  (1/tpot tok/s) (records_manager.py:1345)
18:29:10.122 INFO       isl     p50= 85,909  p75=109,873  p90= 125,803  p99= 379,450  (tokens) (records_manager.py:1345)
18:29:10.122 INFO       osl     p50=    321  p75=    734  p90=   1,427  p99=   4,947  (tokens) (records_manager.py:1345)
18:29:10.122 INFO       tot     in=33,794,019  out=256,256 (records_manager.py:1345)
18:29:10.122 INFO       trace  theoretical_prefix_cache_hit=95.5% (records_manager.py:1345)
18:29:10.122 INFO       srv    prefix_cache_hit=95.6% unique_in_srv=1,510,543 kv_usage=4.7% queue=4r/0w tput_in_srv=67,581/s tput_out_srv=515/s (records_manager.py:1345)
18:29:40.541 INFO     [realtime 08:55 profiling] (records_manager.py:1345)
18:29:40.541 INFO       rps=0.5 (avg 0.7)  tput_in=65,632/s  tput_out=515/s  done=385 ok=385 err=0 (records_manager.py:1345)
18:29:40.541 INFO       ttft    p50=  312ms  p75=  365ms  p95=   851ms  p99= 1,580ms (records_manager.py:1345)
18:29:40.541 INFO       itl     p50=    5ms  p75=    6ms  p95=     7ms  p99=     9ms (records_manager.py:1345)
18:29:40.541 INFO       e2e     p50=2,138ms  p75=4,522ms  p95=16,532ms  p99=30,695ms (records_manager.py:1345)
18:29:40.541 INFO       intvty  p50=    192  p75=    212  p95=     253  p99=     401  (1/tpot tok/s) (records_manager.py:1345)
18:29:40.541 INFO       isl     p50= 85,909  p75=110,430  p90= 127,302  p99= 359,177  (tokens) (records_manager.py:1345)
18:29:40.541 INFO       osl     p50=    321  p75=    774  p90=   1,483  p99=   5,462  (tokens) (records_manager.py:1345)
18:29:40.541 INFO       tot     in=35,122,068  out=275,733 (records_manager.py:1345)
18:29:40.541 INFO       trace  theoretical_prefix_cache_hit=95.5% (records_manager.py:1345)
18:29:40.541 INFO       srv    prefix_cache_hit=95.7% unique_in_srv=1,566,924 kv_usage=11.8% queue=6r/0w tput_in_srv=67,259/s tput_out_srv=525/s (records_manager.py:1345)
18:30:11.099 INFO     [realtime 09:26 profiling] (records_manager.py:1345)
18:30:11.099 INFO       rps=1.1 (avg 0.7)  tput_in=68,063/s  tput_out=524/s  done=418 ok=418 err=0 (records_manager.py:1345)
18:30:11.099 INFO       ttft    p50=  312ms  p75=  368ms  p95=   843ms  p99= 1,532ms (records_manager.py:1345)
18:30:11.099 INFO       itl     p50=    5ms  p75=    6ms  p95=     7ms  p99=     8ms (records_manager.py:1345)
18:30:11.099 INFO       e2e     p50=1,997ms  p75=4,513ms  p95=16,681ms  p99=30,182ms (records_manager.py:1345)
18:30:11.099 INFO       intvty  p50=    192  p75=    212  p95=     250  p99=     340  (1/tpot tok/s) (records_manager.py:1345)
18:30:11.099 INFO       isl     p50= 84,736  p75=110,972  p90= 131,706  p99= 444,071  (tokens) (records_manager.py:1345)
18:30:11.099 INFO       osl     p50=    298  p75=    754  p90=   1,511  p99=   5,282  (tokens) (records_manager.py:1345)
18:30:11.099 INFO       tot     in=38,422,091  out=295,780 (records_manager.py:1345)
18:30:11.099 INFO       trace  theoretical_prefix_cache_hit=95.6% (records_manager.py:1345)
18:30:11.099 INFO       srv    prefix_cache_hit=95.8% unique_in_srv=1,634,728 kv_usage=6.5% queue=4r/0w tput_in_srv=68,639/s tput_out_srv=531/s (records_manager.py:1345)
18:30:28.796 INFO     Per-trace idle cap advanced replay root 31d9dd2e-a9fb-49cd-bdc0-b8bc4f32734b by 6384.884s (replay_dependencies.py:324)
18:30:41.688 INFO     [realtime 09:56 profiling] (records_manager.py:1345)
18:30:41.688 INFO       rps=0.7 (avg 0.7)  tput_in=68,387/s  tput_out=527/s  done=438 ok=438 err=0 (records_manager.py:1345)
18:30:41.688 INFO       ttft    p50=  314ms  p75=  376ms  p95=   835ms  p99= 1,495ms (records_manager.py:1345)
18:30:41.688 INFO       itl     p50=    5ms  p75=    6ms  p95=     7ms  p99=     8ms (records_manager.py:1345)
18:30:41.688 INFO       e2e     p50=1,948ms  p75=4,448ms  p95=16,952ms  p99=31,707ms (records_manager.py:1345)
18:30:41.688 INFO       intvty  p50=    191  p75=    212  p95=     250  p99=     329  (1/tpot tok/s) (records_manager.py:1345)
18:30:41.688 INFO       isl     p50= 85,478  p75=111,734  p90= 135,775  p99= 418,729  (tokens) (records_manager.py:1345)
18:30:41.688 INFO       osl     p50=    282  p75=    734  p90=   1,511  p99=   5,961  (tokens) (records_manager.py:1345)
18:30:41.688 INFO       tot     in=40,732,005  out=313,832 (records_manager.py:1345)
18:30:41.688 INFO       trace  theoretical_prefix_cache_hit=95.7% (records_manager.py:1345)
18:30:41.688 INFO       srv    prefix_cache_hit=96.0% unique_in_srv=1,663,221 kv_usage=10.5% queue=4r/0w tput_in_srv=69,766/s tput_out_srv=545/s (records_manager.py:1345)
18:31:04.789 INFO     Per-trace idle cap advanced replay root be2d2727-dc2f-4104-b38f-b742051726e2 by 402.505s (replay_dependencies.py:324)
18:31:12.296 INFO     [realtime 10:27 profiling] (records_manager.py:1345)
18:31:12.296 INFO       rps=0.6 (avg 0.7)  tput_in=68,905/s  tput_out=538/s  done=457 ok=457 err=0 (records_manager.py:1345)
18:31:12.296 INFO       ttft    p50=  314ms  p75=  378ms  p95=   836ms  p99= 1,460ms (records_manager.py:1345)
18:31:12.296 INFO       itl     p50=    5ms  p75=    6ms  p95=     7ms  p99=     8ms (records_manager.py:1345)
18:31:12.296 INFO       e2e     p50=1,967ms  p75=4,521ms  p95=17,776ms  p99=31,575ms (records_manager.py:1345)
18:31:12.296 INFO       intvty  p50=    191  p75=    211  p95=     250  p99=     493  (1/tpot tok/s) (records_manager.py:1345)
18:31:12.296 INFO       isl     p50= 85,541  p75=112,402  p90= 142,936  p99= 466,347  (tokens) (records_manager.py:1345)
18:31:12.296 INFO       osl     p50=    285  p75=    759  p90=   1,614  p99=   5,914  (tokens) (records_manager.py:1345)
18:31:12.296 INFO       tot     in=43,039,940  out=336,266 (records_manager.py:1345)
18:31:12.296 INFO       trace  theoretical_prefix_cache_hit=95.8% (records_manager.py:1345)
18:31:12.296 INFO       srv    prefix_cache_hit=96.0% unique_in_srv=1,728,678 kv_usage=8.3% queue=6r/0w tput_in_srv=69,505/s tput_out_srv=556/s (records_manager.py:1345)
18:31:42.928 INFO     [realtime 10:58 profiling] (records_manager.py:1345)
18:31:42.928 INFO       rps=1.0 (avg 0.7)  tput_in=69,296/s  tput_out=549/s  done=487 ok=487 err=0 (records_manager.py:1345)
18:31:42.928 INFO       ttft    p50=  315ms  p75=  380ms  p95=   831ms  p99= 1,406ms (records_manager.py:1345)
18:31:42.928 INFO       itl     p50=    5ms  p75=    6ms  p95=     7ms  p99=     9ms (records_manager.py:1345)
18:31:42.928 INFO       e2e     p50=1,973ms  p75=4,504ms  p95=17,563ms  p99=32,063ms (records_manager.py:1345)
18:31:42.928 INFO       intvty  p50=    189  p75=    209  p95=     247  p99=     395  (1/tpot tok/s) (records_manager.py:1345)
18:31:42.928 INFO       isl     p50= 84,063  p75=112,308  p90= 144,018  p99= 465,845  (tokens) (records_manager.py:1345)
18:31:42.928 INFO       osl     p50=    287  p75=    736  p90=   1,621  p99=   6,114  (tokens) (records_manager.py:1345)
18:31:42.928 INFO       tot     in=45,477,785  out=360,412 (records_manager.py:1345)
18:31:42.928 INFO       trace  theoretical_prefix_cache_hit=95.7% (records_manager.py:1345)
18:31:42.928 INFO       srv    prefix_cache_hit=95.9% unique_in_srv=1,919,417 kv_usage=11.5% queue=6r/0w tput_in_srv=70,684/s tput_out_srv=562/s (records_manager.py:1345)
18:32:13.590 INFO     [realtime 11:28 profiling] (records_manager.py:1345)
18:32:13.590 INFO       rps=0.9 (avg 0.8)  tput_in=70,860/s  tput_out=553/s  done=516 ok=516 err=0 (records_manager.py:1345)
18:32:13.590 INFO       ttft    p50=  317ms  p75=  386ms  p95=   855ms  p99= 1,364ms (records_manager.py:1345)
18:32:13.590 INFO       itl     p50=    5ms  p75=    6ms  p95=     7ms  p99=     9ms (records_manager.py:1345)
18:32:13.590 INFO       e2e     p50=2,052ms  p75=4,463ms  p95=17,461ms  p99=32,567ms (records_manager.py:1345)
18:32:13.590 INFO       intvty  p50=    187  p75=    208  p95=     245  p99=     341  (1/tpot tok/s) (records_manager.py:1345)
18:32:13.590 INFO       isl     p50= 84,736  p75=114,571  p90= 145,760  p99= 446,605  (tokens) (records_manager.py:1345)
18:32:13.590 INFO       osl     p50=    298  p75=    720  p90=   1,588  p99=   6,425  (tokens) (records_manager.py:1345)
18:32:13.590 INFO       tot     in=48,740,243  out=380,398 (records_manager.py:1345)
18:32:13.590 INFO       trace  theoretical_prefix_cache_hit=95.7% (records_manager.py:1345)
18:32:13.590 INFO       srv    prefix_cache_hit=95.9% unique_in_srv=2,027,371 kv_usage=8.2% queue=3r/0w tput_in_srv=71,850/s tput_out_srv=563/s (records_manager.py:1345)
18:32:44.262 INFO     [realtime 11:59 profiling] (records_manager.py:1345)
18:32:44.262 INFO       rps=0.9 (avg 0.8)  tput_in=73,278/s  tput_out=560/s  done=543 ok=543 err=0 (records_manager.py:1345)
18:32:44.262 INFO       ttft    p50=  320ms  p75=  392ms  p95=   852ms  p99= 1,336ms (records_manager.py:1345)
18:32:44.262 INFO       itl     p50=    5ms  p75=    6ms  p95=     7ms  p99=     9ms (records_manager.py:1345)
18:32:44.262 INFO       e2e     p50=2,069ms  p75=4,405ms  p95=17,608ms  p99=36,249ms (records_manager.py:1345)
18:32:44.262 INFO       intvty  p50=    186  p75=    207  p95=     245  p99=     539  (1/tpot tok/s) (records_manager.py:1345)
18:32:44.262 INFO       isl     p50= 86,193  p75=117,570  p90= 147,169  p99= 466,581  (tokens) (records_manager.py:1345)
18:32:44.262 INFO       osl     p50=    300  p75=    697  p90=   1,569  p99=   7,489  (tokens) (records_manager.py:1345)
18:32:44.262 INFO       tot     in=52,509,951  out=401,307 (records_manager.py:1345)
18:32:44.262 INFO       trace  theoretical_prefix_cache_hit=95.8% (records_manager.py:1345)
18:32:44.262 INFO       srv    prefix_cache_hit=96.0% unique_in_srv=2,144,780 kv_usage=5.2% queue=3r/0w tput_in_srv=73,543/s tput_out_srv=562/s (records_manager.py:1345)
18:33:00.390 INFO     Per-trace idle cap advanced replay root 932589f8-de8c-44ed-a4be-43277c752d6d by 4.301s (replay_dependencies.py:324)
18:33:15.043 INFO     [realtime 12:30 profiling] (records_manager.py:1345)
18:33:15.043 INFO       rps=0.6 (avg 0.7)  tput_in=73,541/s  tput_out=553/s  done=560 ok=560 err=0 (records_manager.py:1345)
18:33:15.043 INFO       ttft    p50=  324ms  p75=  401ms  p95=   841ms  p99= 1,318ms (records_manager.py:1345)
18:33:15.043 INFO       itl     p50=    5ms  p75=    6ms  p95=     7ms  p99=     8ms (records_manager.py:1345)
18:33:15.043 INFO       e2e     p50=2,101ms  p75=4,394ms  p95=17,667ms  p99=35,201ms (records_manager.py:1345)
18:33:15.043 INFO       intvty  p50=    186  p75=    207  p95=     243  p99=     483  (1/tpot tok/s) (records_manager.py:1345)
18:33:15.043 INFO       isl     p50= 88,622  p75=120,334  p90= 148,922  p99= 466,297  (tokens) (records_manager.py:1345)
18:33:15.043 INFO       osl     p50=    302  p75=    695  p90=   1,568  p99=   7,196  (tokens) (records_manager.py:1345)
18:33:15.043 INFO       tot     in=54,994,126  out=413,371 (records_manager.py:1345)
18:33:15.043 INFO       trace  theoretical_prefix_cache_hit=95.8% (records_manager.py:1345)
18:33:15.043 INFO       srv    prefix_cache_hit=96.0% unique_in_srv=2,223,650 kv_usage=13.1% queue=5r/0w tput_in_srv=74,841/s tput_out_srv=568/s (records_manager.py:1345)
18:33:45.785 INFO     [realtime 13:00 profiling] (records_manager.py:1345)
18:33:45.785 INFO       rps=0.5 (avg 0.7)  tput_in=74,493/s  tput_out=571/s  done=575 ok=575 err=0 (records_manager.py:1345)
18:33:45.785 INFO       ttft    p50=  325ms  p75=  410ms  p95=   844ms  p99= 1,303ms (records_manager.py:1345)
18:33:45.785 INFO       itl     p50=    5ms  p75=    6ms  p95=     7ms  p99=     8ms (records_manager.py:1345)
18:33:45.785 INFO       e2e     p50=2,139ms  p75=4,449ms  p95=19,200ms  p99=45,355ms (records_manager.py:1345)
18:33:45.785 INFO       intvty  p50=    186  p75=    207  p95=     244  p99=     714  (1/tpot tok/s) (records_manager.py:1345)
18:33:45.785 INFO       isl     p50= 90,583  p75=122,752  p90= 150,911  p99= 467,852  (tokens) (records_manager.py:1345)
18:33:45.785 INFO       osl     p50=    308  p75=    698  p90=   1,622  p99=   8,215  (tokens) (records_manager.py:1345)
18:33:45.785 INFO       tot     in=57,763,434  out=442,592 (records_manager.py:1345)
18:33:45.785 INFO       trace  theoretical_prefix_cache_hit=95.9% (records_manager.py:1345)
18:33:45.785 INFO       srv    prefix_cache_hit=96.1% unique_in_srv=2,275,585 kv_usage=9.1% queue=5r/0w tput_in_srv=75,067/s tput_out_srv=574/s (records_manager.py:1345)
18:34:16.516 INFO     [realtime 13:31 profiling] (records_manager.py:1345)
18:34:16.516 INFO       rps=0.1 (avg 0.7)  tput_in=72,024/s  tput_out=561/s  done=579 ok=579 err=0 (records_manager.py:1345)
18:34:16.516 INFO       ttft    p50=  325ms  p75=  411ms  p95=   853ms  p99= 1,299ms (records_manager.py:1345)
18:34:16.516 INFO       itl     p50=    5ms  p75=    6ms  p95=     7ms  p99=     8ms (records_manager.py:1345)
18:34:16.516 INFO       e2e     p50=2,145ms  p75=4,504ms  p95=19,712ms  p99=45,149ms (records_manager.py:1345)
18:34:16.516 INFO       intvty  p50=    186  p75=    207  p95=     244  p99=     708  (1/tpot tok/s) (records_manager.py:1345)
18:34:16.516 INFO       isl     p50= 90,583  p75=122,976  p90= 151,020  p99= 467,765  (tokens) (records_manager.py:1345)
18:34:16.516 INFO       osl     p50=    313  p75=    715  p90=   1,749  p99=   8,214  (tokens) (records_manager.py:1345)
18:34:16.516 INFO       tot     in=58,236,247  out=453,502 (records_manager.py:1345)
18:34:16.516 INFO       trace  theoretical_prefix_cache_hit=95.9% (records_manager.py:1345)
18:34:16.516 INFO       srv    prefix_cache_hit=96.1% unique_in_srv=2,281,438 kv_usage=11.2% queue=4r/0w tput_in_srv=72,982/s tput_out_srv=580/s (records_manager.py:1345)
18:34:47.236 INFO     [realtime 14:02 profiling] (records_manager.py:1345)
18:34:47.236 INFO       rps=0.2 (avg 0.7)  tput_in=70,887/s  tput_out=580/s  done=586 ok=586 err=0 (records_manager.py:1345)
18:34:47.236 INFO       ttft    p50=  325ms  p75=  413ms  p95=   860ms  p99= 1,291ms (records_manager.py:1345)
18:34:47.236 INFO       itl     p50=    5ms  p75=    6ms  p95=     7ms  p99=     8ms (records_manager.py:1345)
18:34:47.236 INFO       e2e     p50=2,191ms  p75=4,612ms  p95=21,946ms  p99=50,155ms (records_manager.py:1345)
18:34:47.236 INFO       intvty  p50=    186  p75=    206  p95=     243  p99=     698  (1/tpot tok/s) (records_manager.py:1345)
18:34:47.236 INFO       isl     p50= 90,482  p75=123,216  p90= 151,882  p99= 469,865  (tokens) (records_manager.py:1345)
18:34:47.236 INFO       osl     p50=    318  p75=    754  p90=   1,896  p99=   8,382  (tokens) (records_manager.py:1345)
18:34:47.236 INFO       tot     in=59,376,361  out=485,579 (records_manager.py:1345)
18:34:47.236 INFO       trace  theoretical_prefix_cache_hit=96.0% (records_manager.py:1345)
18:34:47.236 INFO       srv    prefix_cache_hit=96.1% unique_in_srv=2,312,291 kv_usage=2.8% queue=1r/0w tput_in_srv=70,841/s tput_out_srv=580/s (records_manager.py:1345)
18:35:17.981 INFO     [realtime 14:33 profiling] (records_manager.py:1345)
18:35:17.981 INFO       rps=0.1 (avg 0.7)  tput_in=68,912/s  tput_out=563/s  done=590 ok=590 err=0 (records_manager.py:1345)
18:35:17.981 INFO       ttft    p50=  325ms  p75=  413ms  p95=   876ms  p99= 1,287ms (records_manager.py:1345)
18:35:17.981 INFO       itl     p50=    5ms  p75=    6ms  p95=     7ms  p99=     8ms (records_manager.py:1345)
18:35:17.981 INFO       e2e     p50=2,196ms  p75=4,647ms  p95=21,478ms  p99=50,151ms (records_manager.py:1345)
18:35:17.981 INFO       intvty  p50=    186  p75=    207  p95=     243  p99=     692  (1/tpot tok/s) (records_manager.py:1345)
18:35:17.981 INFO       isl     p50= 90,072  p75=123,216  p90= 152,003  p99= 472,316  (tokens) (records_manager.py:1345)
18:35:17.981 INFO       osl     p50=    319  p75=    770  p90=   1,901  p99=   8,354  (tokens) (records_manager.py:1345)
18:35:17.981 INFO       tot     in=60,109,818  out=491,098 (records_manager.py:1345)
18:35:17.981 INFO       trace  theoretical_prefix_cache_hit=96.0% (records_manager.py:1345)
18:35:17.981 INFO       srv    prefix_cache_hit=96.1% unique_in_srv=2,324,084 kv_usage=3.9% queue=2r/0w tput_in_srv=69,190/s tput_out_srv=574/s (records_manager.py:1345)
18:35:44.368 INFO     Per-trace idle cap advanced replay root c3158f0a-eeea-48d8-963b-74738eaae45d by 2987.946s (replay_dependencies.py:324)
18:35:48.726 INFO     [realtime 15:03 profiling] (records_manager.py:1345)
18:35:48.726 INFO       rps=0.4 (avg 0.7)  tput_in=68,100/s  tput_out=565/s  done=601 ok=601 err=0 (records_manager.py:1345)
18:35:48.726 INFO       ttft    p50=  325ms  p75=  413ms  p95=   884ms  p99= 1,276ms (records_manager.py:1345)
18:35:48.726 INFO       itl     p50=    5ms  p75=    6ms  p95=     7ms  p99=     8ms (records_manager.py:1345)
18:35:48.726 INFO       e2e     p50=2,199ms  p75=4,676ms  p95=22,532ms  p99=50,140ms (records_manager.py:1345)
18:35:48.726 INFO       intvty  p50=    186  p75=    207  p95=     247  p99=     676  (1/tpot tok/s) (records_manager.py:1345)
18:35:48.726 INFO       isl     p50= 89,577  p75=123,182  p90= 152,186  p99= 472,103  (tokens) (records_manager.py:1345)
18:35:48.726 INFO       osl     p50=    319  p75=    774  p90=   1,990  p99=   8,979  (tokens) (records_manager.py:1345)
18:35:48.726 INFO       tot     in=61,382,480  out=509,573 (records_manager.py:1345)
18:35:48.726 INFO       trace  theoretical_prefix_cache_hit=96.0% (records_manager.py:1345)
18:35:48.726 INFO       srv    prefix_cache_hit=96.2% unique_in_srv=2,347,595 kv_usage=3.1% queue=2r/0w tput_in_srv=68,251/s tput_out_srv=566/s (records_manager.py:1345)
18:36:17.699 INFO     Per-trace idle cap advanced replay root a0579a26-faf9-424a-bac5-0fde08066e28 by 421.824s (replay_dependencies.py:324)
18:36:19.578 INFO     [realtime 15:34 profiling] (records_manager.py:1345)
18:36:19.578 INFO       rps=0.3 (avg 0.7)  tput_in=67,874/s  tput_out=562/s  done=611 ok=611 err=0 (records_manager.py:1345)
18:36:19.578 INFO       ttft    p50=  325ms  p75=  413ms  p95=   875ms  p99= 1,276ms (records_manager.py:1345)
18:36:19.578 INFO       itl     p50=    5ms  p75=    6ms  p95=     7ms  p99=     8ms (records_manager.py:1345)
18:36:19.578 INFO       e2e     p50=2,192ms  p75=4,697ms  p95=21,466ms  p99=50,044ms (records_manager.py:1345)
18:36:19.578 INFO       intvty  p50=    187  p75=    208  p95=     247  p99=     808  (1/tpot tok/s) (records_manager.py:1345)
18:36:19.578 INFO       isl     p50= 89,577  p75=122,976  p90= 152,644  p99= 471,840  (tokens) (records_manager.py:1345)
18:36:19.578 INFO       osl     p50=    319  p75=    774  p90=   1,990  p99=   8,909  (tokens) (records_manager.py:1345)
18:36:19.578 INFO       tot     in=62,543,684  out=518,061 (records_manager.py:1345)
18:36:19.578 INFO       trace  theoretical_prefix_cache_hit=96.0% (records_manager.py:1345)
18:36:19.578 INFO       srv    prefix_cache_hit=96.2% unique_in_srv=2,401,239 kv_usage=11.4% queue=4r/0w tput_in_srv=67,788/s tput_out_srv=562/s (records_manager.py:1345)
18:36:28.444 INFO     Per-trace idle cap advanced replay root 2c64fa1a-04c0-45f3-b408-b19a6790d155 by 2493.434s (replay_dependencies.py:324)
18:36:50.383 INFO     [realtime 16:05 profiling] (records_manager.py:1345)
18:36:50.383 INFO       rps=0.6 (avg 0.7)  tput_in=66,770/s  tput_out=556/s  done=628 ok=628 err=0 (records_manager.py:1345)
18:36:50.383 INFO       ttft    p50=  325ms  p75=  416ms  p95=   977ms  p99= 1,352ms (records_manager.py:1345)
18:36:50.383 INFO       itl     p50=    5ms  p75=    6ms  p95=     7ms  p99=     8ms (records_manager.py:1345)
18:36:50.383 INFO       e2e     p50=2,196ms  p75=4,721ms  p95=22,568ms  p99=49,879ms (records_manager.py:1345)
18:36:50.383 INFO       intvty  p50=    186  p75=    208  p95=     247  p99=     783  (1/tpot tok/s) (records_manager.py:1345)
18:36:50.383 INFO       isl     p50= 88,622  p75=122,744  p90= 152,742  p99= 473,513  (tokens) (records_manager.py:1345)
18:36:50.383 INFO       osl     p50=    318  p75=    773  p90=   2,098  p99=   8,789  (tokens) (records_manager.py:1345)
18:36:50.383 INFO       tot     in=64,304,186  out=535,368 (records_manager.py:1345)
18:36:50.383 INFO       trace  theoretical_prefix_cache_hit=95.9% (records_manager.py:1345)
18:36:50.383 INFO       srv    prefix_cache_hit=96.0% unique_in_srv=2,627,119 kv_usage=8.5% queue=5r/0w tput_in_srv=67,293/s tput_out_srv=565/s (records_manager.py:1345)
18:37:14.324 INFO     Per-trace idle cap advanced replay root 82e3201c-5b94-4d44-824c-c3962559a548 by 45.363s (replay_dependencies.py:324)
18:37:21.166 INFO     [realtime 16:36 profiling] (records_manager.py:1345)
18:37:21.166 INFO       rps=0.3 (avg 0.6)  tput_in=66,258/s  tput_out=558/s  done=637 ok=637 err=0 (records_manager.py:1345)
18:37:21.166 INFO       ttft    p50=  326ms  p75=  419ms  p95=   980ms  p99= 1,342ms (records_manager.py:1345)
18:37:21.166 INFO       itl     p50=    5ms  p75=    6ms  p95=     7ms  p99=     8ms (records_manager.py:1345)
18:37:21.166 INFO       e2e     p50=2,203ms  p75=4,763ms  p95=22,704ms  p99=49,792ms (records_manager.py:1345)
18:37:21.166 INFO       intvty  p50=    186  p75=    207  p95=     247  p99=     770  (1/tpot tok/s) (records_manager.py:1345)
18:37:21.166 INFO       isl     p50= 89,765  p75=123,182  p90= 153,917  p99= 475,800  (tokens) (records_manager.py:1345)
18:37:21.166 INFO       osl     p50=    320  p75=    778  p90=   2,194  p99=   8,726  (tokens) (records_manager.py:1345)
18:37:21.166 INFO       tot     in=65,788,072  out=553,569 (records_manager.py:1345)
18:37:21.166 INFO       trace  theoretical_prefix_cache_hit=95.9% (records_manager.py:1345)
18:37:21.166 INFO       srv    prefix_cache_hit=96.0% unique_in_srv=2,658,555 kv_usage=12.4% queue=6r/0w tput_in_srv=67,100/s tput_out_srv=573/s (records_manager.py:1345)
18:37:51.988 INFO     [realtime 17:07 profiling] (records_manager.py:1345)
18:37:51.989 INFO       rps=0.5 (avg 0.6)  tput_in=66,690/s  tput_out=569/s  done=652 ok=652 err=0 (records_manager.py:1345)
18:37:51.989 INFO       ttft    p50=  328ms  p75=  432ms  p95=   980ms  p99= 1,373ms (records_manager.py:1345)
18:37:51.989 INFO       itl     p50=    5ms  p75=    6ms  p95=     7ms  p99=     8ms (records_manager.py:1345)
18:37:51.989 INFO       e2e     p50=2,261ms  p75=4,948ms  p95=23,320ms  p99=50,189ms (records_manager.py:1345)
18:37:51.989 INFO       intvty  p50=    186  p75=    207  p95=     246  p99=     748  (1/tpot tok/s) (records_manager.py:1345)
18:37:51.989 INFO       isl     p50= 91,274  p75=123,263  p90= 154,819  p99= 475,386  (tokens) (records_manager.py:1345)
18:37:51.989 INFO       osl     p50=    328  p75=    788  p90=   2,197  p99=   9,023  (tokens) (records_manager.py:1345)
18:37:51.989 INFO       tot     in=68,287,168  out=582,769 (records_manager.py:1345)
18:37:51.989 INFO       trace  theoretical_prefix_cache_hit=96.0% (records_manager.py:1345)
18:37:51.989 INFO       srv    prefix_cache_hit=96.1% unique_in_srv=2,673,139 kv_usage=6.4% queue=4r/0w tput_in_srv=67,052/s tput_out_srv=582/s (records_manager.py:1345)
18:38:22.932 INFO     [realtime 17:38 profiling] (records_manager.py:1345)
18:38:22.932 INFO       rps=0.6 (avg 0.6)  tput_in=67,099/s  tput_out=580/s  done=672 ok=672 err=0 (records_manager.py:1345)
18:38:22.932 INFO       ttft    p50=  328ms  p75=  433ms  p95=   980ms  p99= 1,371ms (records_manager.py:1345)
18:38:22.932 INFO       itl     p50=    5ms  p75=    6ms  p95=     7ms  p99=     8ms (records_manager.py:1345)
18:38:22.932 INFO       e2e     p50=2,274ms  p75=4,972ms  p95=23,797ms  p99=52,948ms (records_manager.py:1345)
18:38:22.932 INFO       intvty  p50=    186  p75=    207  p95=     245  p99=     718  (1/tpot tok/s) (records_manager.py:1345)
18:38:22.932 INFO       isl     p50= 92,776  p75=123,402  p90= 155,302  p99= 477,760  (tokens) (records_manager.py:1345)
18:38:22.932 INFO       osl     p50=    335  p75=    789  p90=   2,197  p99=   9,074  (tokens) (records_manager.py:1345)
18:38:22.932 INFO       tot     in=70,929,232  out=613,350 (records_manager.py:1345)
18:38:22.932 INFO       trace  theoretical_prefix_cache_hit=96.0% (records_manager.py:1345)
18:38:22.932 INFO       srv    prefix_cache_hit=96.2% unique_in_srv=2,733,505 kv_usage=6.6% queue=4r/0w tput_in_srv=67,449/s tput_out_srv=582/s (records_manager.py:1345)
18:38:53.793 INFO     [realtime 18:08 profiling] (records_manager.py:1345)
18:38:53.793 INFO       rps=0.3 (avg 0.6)  tput_in=66,269/s  tput_out=580/s  done=680 ok=680 err=0 (records_manager.py:1345)
18:38:53.793 INFO       ttft    p50=  328ms  p75=  440ms  p95=   979ms  p99= 1,370ms (records_manager.py:1345)
18:38:53.793 INFO       itl     p50=    5ms  p75=    6ms  p95=     7ms  p99=     8ms (records_manager.py:1345)
18:38:53.793 INFO       e2e     p50=2,299ms  p75=5,041ms  p95=24,160ms  p99=52,944ms (records_manager.py:1345)
18:38:53.793 INFO       intvty  p50=    186  p75=    207  p95=     245  p99=     707  (1/tpot tok/s) (records_manager.py:1345)
18:38:53.793 INFO       isl     p50= 92,776  p75=123,888  p90= 156,826  p99= 477,494  (tokens) (records_manager.py:1345)
18:38:53.793 INFO       osl     p50=    340  p75=    838  p90=   2,312  p99=   9,074  (tokens) (records_manager.py:1345)
18:38:53.793 INFO       tot     in=71,752,810  out=627,866 (records_manager.py:1345)
18:38:53.793 INFO       trace  theoretical_prefix_cache_hit=96.0% (records_manager.py:1345)
18:38:53.793 INFO       srv    prefix_cache_hit=96.2% unique_in_srv=2,768,021 kv_usage=4.4% queue=2r/0w tput_in_srv=66,271/s tput_out_srv=583/s (records_manager.py:1345)
18:39:24.781 INFO     [realtime 18:39 profiling] (records_manager.py:1345)
18:39:24.781 INFO       rps=0.2 (avg 0.6)  tput_in=65,586/s  tput_out=574/s  done=685 ok=685 err=0 (records_manager.py:1345)
18:39:24.781 INFO       ttft    p50=  329ms  p75=  442ms  p95=   978ms  p99= 1,369ms (records_manager.py:1345)
18:39:24.781 INFO       itl     p50=    5ms  p75=    6ms  p95=     7ms  p99=     8ms (records_manager.py:1345)
18:39:24.781 INFO       e2e     p50=2,309ms  p75=5,066ms  p95=24,232ms  p99=52,942ms (records_manager.py:1345)
18:39:24.781 INFO       intvty  p50=    186  p75=    207  p95=     246  p99=     699  (1/tpot tok/s) (records_manager.py:1345)
18:39:24.781 INFO       isl     p50= 94,207  p75=126,119  p90= 160,015  p99= 477,327  (tokens) (records_manager.py:1345)
18:39:24.781 INFO       osl     p50=    345  p75=    849  p90=   2,345  p99=   9,074  (tokens) (records_manager.py:1345)
18:39:24.781 INFO       tot     in=72,684,516  out=636,360 (records_manager.py:1345)
18:39:24.781 INFO       trace  theoretical_prefix_cache_hit=96.0% (records_manager.py:1345)
18:39:24.781 INFO       srv    prefix_cache_hit=96.2% unique_in_srv=2,780,406 kv_usage=8.5% queue=2r/0w tput_in_srv=65,592/s tput_out_srv=573/s (records_manager.py:1345)
18:39:55.674 INFO     [realtime 19:10 profiling] (records_manager.py:1345)
18:39:55.674 INFO       rps=0.2 (avg 0.6)  tput_in=64,603/s  tput_out=567/s  done=691 ok=691 err=0 (records_manager.py:1345)
18:39:55.674 INFO       ttft    p50=  330ms  p75=  448ms  p95=   980ms  p99= 1,368ms (records_manager.py:1345)
18:39:55.674 INFO       itl     p50=    5ms  p75=    6ms  p95=     7ms  p99=     8ms (records_manager.py:1345)
18:39:55.674 INFO       e2e     p50=2,341ms  p75=5,077ms  p95=24,484ms  p99=52,939ms (records_manager.py:1345)
18:39:55.674 INFO       intvty  p50=    186  p75=    208  p95=     247  p99=     691  (1/tpot tok/s) (records_manager.py:1345)
18:39:55.674 INFO       isl     p50= 94,575  p75=127,279  p90= 165,794  p99= 480,379  (tokens) (records_manager.py:1345)
18:39:55.674 INFO       osl     p50=    349  p75=    852  p90=   2,388  p99=   9,074  (tokens) (records_manager.py:1345)
18:39:55.674 INFO       tot     in=74,067,157  out=650,426 (records_manager.py:1345)
18:39:55.674 INFO       trace  theoretical_prefix_cache_hit=96.1% (records_manager.py:1345)
18:39:55.674 INFO       srv    prefix_cache_hit=96.2% unique_in_srv=2,794,900 kv_usage=3.6% queue=2r/0w tput_in_srv=64,679/s tput_out_srv=568/s (records_manager.py:1345)
18:40:26.559 INFO     [realtime 19:41 profiling] (records_manager.py:1345)
18:40:26.559 INFO       rps=0.5 (avg 0.6)  tput_in=64,152/s  tput_out=564/s  done=706 ok=706 err=0 (records_manager.py:1345)
18:40:26.559 INFO       ttft    p50=  329ms  p75=  448ms  p95=   978ms  p99= 1,362ms (records_manager.py:1345)
18:40:26.559 INFO       itl     p50=    5ms  p75=    6ms  p95=     7ms  p99=     8ms (records_manager.py:1345)
18:40:26.559 INFO       e2e     p50=2,326ms  p75=5,115ms  p95=24,227ms  p99=52,799ms (records_manager.py:1345)
18:40:26.559 INFO       intvty  p50=    186  p75=    208  p95=     247  p99=     660  (1/tpot tok/s) (records_manager.py:1345)
18:40:26.559 INFO       isl     p50= 94,673  p75=127,132  p90= 167,932  p99= 479,962  (tokens) (records_manager.py:1345)
18:40:26.559 INFO       osl     p50=    352  p75=    861  p90=   2,382  p99=   9,074  (tokens) (records_manager.py:1345)
18:40:26.559 INFO       tot     in=75,615,331  out=664,536 (records_manager.py:1345)
18:40:26.559 INFO       trace  theoretical_prefix_cache_hit=96.1% (records_manager.py:1345)
18:40:26.559 INFO       srv    prefix_cache_hit=96.2% unique_in_srv=2,881,887 kv_usage=10.7% queue=4r/0w tput_in_srv=64,782/s tput_out_srv=565/s (records_manager.py:1345)
18:40:57.475 INFO     [realtime 20:12 profiling] (records_manager.py:1345)
18:40:57.475 INFO       rps=0.7 (avg 0.6)  tput_in=64,660/s  tput_out=563/s  done=728 ok=728 err=0 (records_manager.py:1345)
18:40:57.475 INFO       ttft    p50=  329ms  p75=  451ms  p95=   981ms  p99= 1,376ms (records_manager.py:1345)
18:40:57.475 INFO       itl     p50=    5ms  p75=    6ms  p95=     7ms  p99=     8ms (records_manager.py:1345)
18:40:57.475 INFO       e2e     p50=2,348ms  p75=5,075ms  p95=24,218ms  p99=52,207ms (records_manager.py:1345)
18:40:57.475 INFO       intvty  p50=    186  p75=    207  p95=     247  p99=     588  (1/tpot tok/s) (records_manager.py:1345)
18:40:57.475 INFO       isl     p50= 94,620  p75=126,836  p90= 169,660  p99= 481,957  (tokens) (records_manager.py:1345)
18:40:57.475 INFO       osl     p50=    358  p75=    852  p90=   2,373  p99=   9,072  (tokens) (records_manager.py:1345)
18:40:57.475 INFO       tot     in=78,207,940  out=680,976 (records_manager.py:1345)
18:40:57.475 INFO       trace  theoretical_prefix_cache_hit=96.1% (records_manager.py:1345)
18:40:57.475 INFO       srv    prefix_cache_hit=96.2% unique_in_srv=2,960,536 kv_usage=4.9% queue=4r/0w tput_in_srv=64,892/s tput_out_srv=565/s (records_manager.py:1345)
18:41:28.532 INFO     [realtime 20:43 profiling] (records_manager.py:1345)
18:41:28.533 INFO       rps=0.6 (avg 0.6)  tput_in=64,289/s  tput_out=562/s  done=746 ok=746 err=0 (records_manager.py:1345)
18:41:28.533 INFO       ttft    p50=  327ms  p75=  447ms  p95=   978ms  p99= 1,374ms (records_manager.py:1345)
18:41:28.533 INFO       itl     p50=    5ms  p75=    6ms  p95=     7ms  p99=     8ms (records_manager.py:1345)
18:41:28.533 INFO       e2e     p50=2,368ms  p75=5,072ms  p95=24,227ms  p99=51,722ms (records_manager.py:1345)
18:41:28.533 INFO       intvty  p50=    187  p75=    208  p95=     246  p99=     529  (1/tpot tok/s) (records_manager.py:1345)
18:41:28.533 INFO       isl     p50= 94,620  p75=124,384  p90= 168,930  p99= 481,506  (tokens) (records_manager.py:1345)
18:41:28.533 INFO       osl     p50=    363  p75=    853  p90=   2,338  p99=   9,071  (tokens) (records_manager.py:1345)
18:41:28.533 INFO       tot     in=79,880,528  out=698,037 (records_manager.py:1345)
18:41:28.533 INFO       trace  theoretical_prefix_cache_hit=96.1% (records_manager.py:1345)
18:41:28.533 INFO       srv    prefix_cache_hit=96.3% unique_in_srv=3,000,152 kv_usage=5.9% queue=4r/0w tput_in_srv=64,592/s tput_out_srv=565/s (records_manager.py:1345)
18:41:54.213 INFO     Per-trace idle cap advanced replay root be2d2727-dc2f-4104-b38f-b742051726e2 by 4930.514s (replay_dependencies.py:324)
18:41:55.938 INFO     Per-trace idle cap advanced replay root 5242015b-285c-47c5-b1eb-c1cc0c22ddb5 by 2850.641s (replay_dependencies.py:324)
18:41:59.486 INFO     [realtime 21:14 profiling] (records_manager.py:1345)
18:41:59.486 INFO       rps=0.7 (avg 0.6)  tput_in=64,532/s  tput_out=561/s  done=767 ok=767 err=0 (records_manager.py:1345)
18:41:59.486 INFO       ttft    p50=  327ms  p75=  442ms  p95=   967ms  p99= 1,371ms (records_manager.py:1345)
18:41:59.486 INFO       itl     p50=    5ms  p75=    6ms  p95=     7ms  p99=     8ms (records_manager.py:1345)
18:41:59.486 INFO       e2e     p50=2,368ms  p75=5,103ms  p95=23,960ms  p99=51,156ms (records_manager.py:1345)
18:41:59.486 INFO       intvty  p50=    186  p75=    207  p95=     246  p99=     460  (1/tpot tok/s) (records_manager.py:1345)
18:41:59.486 INFO       isl     p50= 94,575  p75=123,672  p90= 168,792  p99= 480,980  (tokens) (records_manager.py:1345)
18:41:59.486 INFO       osl     p50=    366  p75=    864  p90=   2,241  p99=   9,070  (tokens) (records_manager.py:1345)
18:41:59.486 INFO       tot     in=82,121,716  out=714,220 (records_manager.py:1345)
18:41:59.486 INFO       trace  theoretical_prefix_cache_hit=96.2% (records_manager.py:1345)
18:41:59.486 INFO       srv    prefix_cache_hit=96.3% unique_in_srv=3,051,270 kv_usage=18.0% queue=6r/0w tput_in_srv=65,373/s tput_out_srv=567/s (records_manager.py:1345)
18:42:30.492 INFO     [realtime 21:45 profiling] (records_manager.py:1345)
18:42:30.492 INFO       rps=0.5 (avg 0.6)  tput_in=65,186/s  tput_out=565/s  done=783 ok=783 err=0 (records_manager.py:1345)
18:42:30.492 INFO       ttft    p50=  328ms  p75=  446ms  p95=   971ms  p99= 1,369ms (records_manager.py:1345)
18:42:30.492 INFO       itl     p50=    5ms  p75=    6ms  p95=     7ms  p99=     8ms (records_manager.py:1345)
18:42:30.492 INFO       e2e     p50=2,405ms  p75=5,203ms  p95=24,242ms  p99=50,725ms (records_manager.py:1345)
18:42:30.492 INFO       intvty  p50=    186  p75=    207  p95=     246  p99=     408  (1/tpot tok/s) (records_manager.py:1345)
18:42:30.492 INFO       isl     p50= 95,688  p75=124,269  p90= 171,679  p99= 483,223  (tokens) (records_manager.py:1345)
18:42:30.492 INFO       osl     p50=    368  p75=    872  p90=   2,374  p99=   9,069  (tokens) (records_manager.py:1345)
18:42:30.492 INFO       tot     in=84,922,408  out=735,959 (records_manager.py:1345)
18:42:30.492 INFO       trace  theoretical_prefix_cache_hit=96.2% (records_manager.py:1345)
18:42:30.492 INFO       srv    prefix_cache_hit=96.4% unique_in_srv=3,070,489 kv_usage=8.3% queue=3r/0w tput_in_srv=65,619/s tput_out_srv=573/s (records_manager.py:1345)
18:43:01.589 INFO     [realtime 22:16 profiling] (records_manager.py:1345)
18:43:01.589 INFO       rps=0.4 (avg 0.6)  tput_in=66,422/s  tput_out=559/s  done=796 ok=796 err=0 (records_manager.py:1345)
18:43:01.589 INFO       ttft    p50=  329ms  p75=  453ms  p95=   980ms  p99= 1,368ms (records_manager.py:1345)
18:43:01.589 INFO       itl     p50=    5ms  p75=    6ms  p95=     7ms  p99=     8ms (records_manager.py:1345)
18:43:01.589 INFO       e2e     p50=2,368ms  p75=5,201ms  p95=24,179ms  p99=50,375ms (records_manager.py:1345)
18:43:01.589 INFO       intvty  p50=    186  p75=    207  p95=     247  p99=     365  (1/tpot tok/s) (records_manager.py:1345)
18:43:01.589 INFO       isl     p50= 97,322  p75=127,396  p90= 184,022  p99= 486,064  (tokens) (records_manager.py:1345)
18:43:01.589 INFO       osl     p50=    364  p75=    872  p90=   2,374  p99=   9,068  (tokens) (records_manager.py:1345)
18:43:01.589 INFO       tot     in=88,453,168  out=744,215 (records_manager.py:1345)
18:43:01.589 INFO       trace  theoretical_prefix_cache_hit=96.3% (records_manager.py:1345)
18:43:01.589 INFO       srv    prefix_cache_hit=96.5% unique_in_srv=3,096,227 kv_usage=4.2% queue=2r/0w tput_in_srv=66,483/s tput_out_srv=569/s (records_manager.py:1345)
18:43:32.714 INFO     [realtime 22:47 profiling] (records_manager.py:1345)
18:43:32.714 INFO       rps=0.2 (avg 0.6)  tput_in=65,676/s  tput_out=566/s  done=802 ok=802 err=0 (records_manager.py:1345)
18:43:32.714 INFO       ttft    p50=  330ms  p75=  455ms  p95=   981ms  p99= 1,367ms (records_manager.py:1345)
18:43:32.714 INFO       itl     p50=    5ms  p75=    6ms  p95=     7ms  p99=     8ms (records_manager.py:1345)
18:43:32.714 INFO       e2e     p50=2,387ms  p75=5,258ms  p95=24,247ms  p99=52,907ms (records_manager.py:1345)
18:43:32.714 INFO       intvty  p50=    186  p75=    208  p95=     247  p99=     348  (1/tpot tok/s) (records_manager.py:1345)
18:43:32.714 INFO       isl     p50= 97,406  p75=127,520  p90= 185,499  p99= 488,963  (tokens) (records_manager.py:1345)
18:43:32.714 INFO       osl     p50=    368  p75=    876  p90=   2,387  p99=   9,074  (tokens) (records_manager.py:1345)
18:43:32.714 INFO       tot     in=89,753,698  out=773,793 (records_manager.py:1345)
18:43:32.714 INFO       trace  theoretical_prefix_cache_hit=96.4% (records_manager.py:1345)
18:43:32.714 INFO       srv    prefix_cache_hit=96.5% unique_in_srv=3,122,146 kv_usage=1.4% queue=1r/0w tput_in_srv=65,687/s tput_out_srv=566/s (records_manager.py:1345)
18:43:43.598 INFO     Per-trace idle cap advanced replay root 8d6b4d76-57b1-4a23-84d4-99f0ebc79810 by 15.786s (replay_dependencies.py:324)
18:44:03.711 INFO     [realtime 23:18 profiling] (records_manager.py:1345)
18:44:03.712 INFO       rps=0.7 (avg 0.6)  tput_in=66,026/s  tput_out=563/s  done=825 ok=825 err=0 (records_manager.py:1345)
18:44:03.712 INFO       ttft    p50=  329ms  p75=  454ms  p95=   978ms  p99= 1,366ms (records_manager.py:1345)
18:44:03.712 INFO       itl     p50=    5ms  p75=    6ms  p95=     7ms  p99=     8ms (records_manager.py:1345)
18:44:03.712 INFO       e2e     p50=2,368ms  p75=5,207ms  p95=24,025ms  p99=52,287ms (records_manager.py:1345)
18:44:03.712 INFO       intvty  p50=    187  p75=    208  p95=     246  p99=     336  (1/tpot tok/s) (records_manager.py:1345)
18:44:03.712 INFO       isl     p50= 97,324  p75=127,164  p90= 185,768  p99= 488,254  (tokens) (records_manager.py:1345)
18:44:03.712 INFO       osl     p50=    368  p75=    874  p90=   2,374  p99=   9,073  (tokens) (records_manager.py:1345)
18:44:03.712 INFO       tot     in=92,230,917  out=785,922 (records_manager.py:1345)
18:44:03.712 INFO       trace  theoretical_prefix_cache_hit=96.4% (records_manager.py:1345)
18:44:03.712 INFO       srv    prefix_cache_hit=96.6% unique_in_srv=3,175,335 kv_usage=4.9% queue=3r/0w tput_in_srv=66,271/s tput_out_srv=565/s (records_manager.py:1345)
18:44:34.773 INFO     [realtime 23:49 profiling] (records_manager.py:1345)
18:44:34.773 INFO       rps=0.7 (avg 0.6)  tput_in=66,581/s  tput_out=564/s  done=846 ok=846 err=0 (records_manager.py:1345)
18:44:34.773 INFO       ttft    p50=  330ms  p75=  453ms  p95=   978ms  p99= 1,366ms (records_manager.py:1345)
18:44:34.773 INFO       itl     p50=    5ms  p75=    6ms  p95=     7ms  p99=     8ms (records_manager.py:1345)
18:44:34.773 INFO       e2e     p50=2,360ms  p75=5,205ms  p95=24,227ms  p99=51,722ms (records_manager.py:1345)
18:44:34.773 INFO       intvty  p50=    188  p75=    208  p95=     246  p99=     365  (1/tpot tok/s) (records_manager.py:1345)
18:44:34.773 INFO       isl     p50= 97,406  p75=127,336  p90= 186,771  p99= 489,739  (tokens) (records_manager.py:1345)
18:44:34.773 INFO       osl     p50=    367  p75=    874  p90=   2,374  p99=   9,071  (tokens) (records_manager.py:1345)
18:44:34.773 INFO       tot     in=95,119,909  out=805,569 (records_manager.py:1345)
18:44:34.773 INFO       trace  theoretical_prefix_cache_hit=96.5% (records_manager.py:1345)
18:44:34.773 INFO       srv    prefix_cache_hit=96.6% unique_in_srv=3,201,111 kv_usage=3.9% queue=2r/0w tput_in_srv=66,801/s tput_out_srv=564/s (records_manager.py:1345)
18:45:05.866 INFO     [realtime 24:20 profiling] (records_manager.py:1345)
18:45:05.866 INFO       rps=0.3 (avg 0.6)  tput_in=66,203/s  tput_out=558/s  done=855 ok=855 err=0 (records_manager.py:1345)
18:45:05.866 INFO       ttft    p50=  331ms  p75=  453ms  p95=   980ms  p99= 1,373ms (records_manager.py:1345)
18:45:05.866 INFO       itl     p50=    5ms  p75=    6ms  p95=     7ms  p99=     8ms (records_manager.py:1345)
18:45:05.866 INFO       e2e     p50=2,342ms  p75=5,199ms  p95=24,184ms  p99=51,479ms (records_manager.py:1345)
18:45:05.866 INFO       intvty  p50=    188  p75=    209  p95=     247  p99=     362  (1/tpot tok/s) (records_manager.py:1345)
18:45:05.866 INFO       isl     p50= 98,418  p75=127,398  p90= 186,940  p99= 489,617  (tokens) (records_manager.py:1345)
18:45:05.866 INFO       osl     p50=    363  p75=    873  p90=   2,374  p99=   9,071  (tokens) (records_manager.py:1345)
18:45:05.866 INFO       tot     in=96,208,416  out=810,851 (records_manager.py:1345)
18:45:05.866 INFO       trace  theoretical_prefix_cache_hit=96.4% (records_manager.py:1345)
18:45:05.866 INFO       srv    prefix_cache_hit=96.6% unique_in_srv=3,300,736 kv_usage=8.5% queue=4r/0w tput_in_srv=66,377/s tput_out_srv=564/s (records_manager.py:1345)
18:45:36.884 INFO     [realtime 24:51 profiling] (records_manager.py:1345)
18:45:36.884 INFO       rps=0.4 (avg 0.6)  tput_in=65,862/s  tput_out=564/s  done=866 ok=866 err=0 (records_manager.py:1345)
18:45:36.884 INFO       ttft    p50=  331ms  p75=  454ms  p95=   991ms  p99= 1,372ms (records_manager.py:1345)
18:45:36.884 INFO       itl     p50=    5ms  p75=    6ms  p95=     7ms  p99=     8ms (records_manager.py:1345)
18:45:36.884 INFO       e2e     p50=2,368ms  p75=5,258ms  p95=24,618ms  p99=51,183ms (records_manager.py:1345)
18:45:36.884 INFO       intvty  p50=    188  p75=    209  p95=     247  p99=     359  (1/tpot tok/s) (records_manager.py:1345)
18:45:36.884 INFO       isl     p50= 99,244  p75=127,715  p90= 189,244  p99= 490,934  (tokens) (records_manager.py:1345)
18:45:36.884 INFO       osl     p50=    369  p75=    882  p90=   2,407  p99=   9,070  (tokens) (records_manager.py:1345)
18:45:36.884 INFO       tot     in=98,139,919  out=839,767 (records_manager.py:1345)
18:45:36.884 INFO       trace  theoretical_prefix_cache_hit=96.5% (records_manager.py:1345)
18:45:36.884 INFO       srv    prefix_cache_hit=96.6% unique_in_srv=3,325,967 kv_usage=0.0% queue=0r/0w tput_in_srv=65,834/s tput_out_srv=563/s (records_manager.py:1345)
18:46:07.976 INFO     [realtime 25:23 profiling] (records_manager.py:1345)
18:46:07.977 INFO       rps=0.2 (avg 0.6)  tput_in=65,520/s  tput_out=557/s  done=873 ok=873 err=0 (records_manager.py:1345)
18:46:07.977 INFO       ttft    p50=  333ms  p75=  454ms  p95=   986ms  p99= 1,371ms (records_manager.py:1345)
18:46:07.977 INFO       itl     p50=    5ms  p75=    6ms  p95=     7ms  p99=     8ms (records_manager.py:1345)
18:46:07.977 INFO       e2e     p50=2,354ms  p75=5,257ms  p95=24,480ms  p99=50,994ms (records_manager.py:1345)
18:46:07.977 INFO       intvty  p50=    188  p75=    209  p95=     247  p99=     357  (1/tpot tok/s) (records_manager.py:1345)
18:46:07.977 INFO       isl     p50= 99,591  p75=128,622  p90= 191,696  p99= 490,817  (tokens) (records_manager.py:1345)
18:46:07.977 INFO       osl     p50=    368  p75=    878  p90=   2,418  p99=   9,070  (tokens) (records_manager.py:1345)
18:46:07.977 INFO       tot     in=99,421,554  out=845,886 (records_manager.py:1345)
18:46:07.977 INFO       trace  theoretical_prefix_cache_hit=96.5% (records_manager.py:1345)
18:46:07.977 INFO       srv    prefix_cache_hit=96.7% unique_in_srv=3,346,296 kv_usage=13.5% queue=4r/0w tput_in_srv=66,054/s tput_out_srv=564/s (records_manager.py:1345)
18:46:39.083 INFO     [realtime 25:54 profiling] (records_manager.py:1345)
18:46:39.083 INFO       rps=0.2 (avg 0.6)  tput_in=65,511/s  tput_out=561/s  done=880 ok=880 err=0 (records_manager.py:1345)
18:46:39.083 INFO       ttft    p50=  334ms  p75=  455ms  p95=   994ms  p99= 1,370ms (records_manager.py:1345)
18:46:39.083 INFO       itl     p50=    5ms  p75=    6ms  p95=     7ms  p99=     8ms (records_manager.py:1345)
18:46:39.083 INFO       e2e     p50=2,366ms  p75=5,285ms  p95=24,781ms  p99=50,806ms (records_manager.py:1345)
18:46:39.083 INFO       intvty  p50=    188  p75=    209  p95=     247  p99=     355  (1/tpot tok/s) (records_manager.py:1345)
18:46:39.084 INFO       isl     p50= 99,754  p75=130,014  p90= 194,148  p99= 492,614  (tokens) (records_manager.py:1345)
18:46:39.084 INFO       osl     p50=    369  p75=    891  p90=   2,432  p99=   9,069  (tokens) (records_manager.py:1345)
18:46:39.084 INFO       tot     in=100,939,927  out=863,631 (records_manager.py:1345)
18:46:39.084 INFO       trace  theoretical_prefix_cache_hit=96.5% (records_manager.py:1345)
18:46:39.084 INFO       srv    prefix_cache_hit=96.5% unique_in_srv=3,596,590 kv_usage=7.6% queue=3r/0w tput_in_srv=65,403/s tput_out_srv=562/s (records_manager.py:1345)
18:46:57.383 INFO     Per-trace idle cap advanced replay root 0d8af77e-53c0-4352-a79a-21db06273070 by 1309.996s (replay_dependencies.py:324)
18:47:10.213 INFO     [realtime 26:25 profiling] (records_manager.py:1345)
18:47:10.213 INFO       rps=0.3 (avg 0.6)  tput_in=65,002/s  tput_out=555/s  done=889 ok=889 err=0 (records_manager.py:1345)
18:47:10.213 INFO       ttft    p50=  335ms  p75=  455ms  p95=   995ms  p99= 1,390ms (records_manager.py:1345)
18:47:10.213 INFO       itl     p50=    5ms  p75=    6ms  p95=     7ms  p99=     8ms (records_manager.py:1345)
18:47:10.213 INFO       e2e     p50=2,403ms  p75=5,360ms  p95=25,005ms  p99=50,563ms (records_manager.py:1345)
18:47:10.213 INFO       intvty  p50=    189  p75=    209  p95=     247  p99=     352  (1/tpot tok/s) (records_manager.py:1345)
18:47:10.213 INFO       isl     p50=100,206  p75=130,700  p90= 197,281  p99= 495,045  (tokens) (records_manager.py:1345)
18:47:10.213 INFO       osl     p50=    373  p75=    906  p90=   2,433  p99=   9,069  (tokens) (records_manager.py:1345)
18:47:10.213 INFO       tot     in=102,812,679  out=878,115 (records_manager.py:1345)
18:47:10.213 INFO       trace  theoretical_prefix_cache_hit=96.6% (records_manager.py:1345)
18:47:10.213 INFO       srv    prefix_cache_hit=96.5% unique_in_srv=3,610,807 kv_usage=9.8% queue=4r/0w tput_in_srv=65,402/s tput_out_srv=562/s (records_manager.py:1345)
18:47:10.630 INFO     Per-trace idle cap advanced replay root be2d2727-dc2f-4104-b38f-b742051726e2 by 670.400s (replay_dependencies.py:324)
18:47:41.275 INFO     [realtime 26:56 profiling] (records_manager.py:1345)
18:47:41.275 INFO       rps=0.5 (avg 0.6)  tput_in=65,448/s  tput_out=562/s  done=905 ok=905 err=0 (records_manager.py:1345)
18:47:41.275 INFO       ttft    p50=  337ms  p75=  459ms  p95=   994ms  p99= 1,379ms (records_manager.py:1345)
18:47:41.275 INFO       itl     p50=    5ms  p75=    6ms  p95=     7ms  p99=     8ms (records_manager.py:1345)
18:47:41.275 INFO       e2e     p50=2,405ms  p75=5,404ms  p95=25,087ms  p99=52,826ms (records_manager.py:1345)
18:47:41.275 INFO       intvty  p50=    189  p75=    209  p95=     246  p99=     347  (1/tpot tok/s) (records_manager.py:1345)
18:47:41.275 INFO       isl     p50=101,201  p75=132,051  p90= 201,777  p99= 494,731  (tokens) (records_manager.py:1345)
18:47:41.275 INFO       osl     p50=    376  p75=    931  p90=   2,465  p99=   9,074  (tokens) (records_manager.py:1345)
18:47:41.275 INFO       tot     in=105,713,990  out=908,139 (records_manager.py:1345)
18:47:41.275 INFO       trace  theoretical_prefix_cache_hit=96.6% (records_manager.py:1345)
18:47:41.275 INFO       srv    prefix_cache_hit=96.6% unique_in_srv=3,634,886 kv_usage=12.4% queue=4r/0w tput_in_srv=65,997/s tput_out_srv=563/s (records_manager.py:1345)
18:48:12.418 INFO     [realtime 27:27 profiling] (records_manager.py:1345)
18:48:12.418 INFO       rps=0.5 (avg 0.6)  tput_in=66,324/s  tput_out=560/s  done=920 ok=920 err=0 (records_manager.py:1345)
18:48:12.418 INFO       ttft    p50=  337ms  p75=  466ms  p95=   994ms  p99= 1,377ms (records_manager.py:1345)
18:48:12.418 INFO       itl     p50=    5ms  p75=    6ms  p95=     7ms  p99=     8ms (records_manager.py:1345)
18:48:12.418 INFO       e2e     p50=2,415ms  p75=5,412ms  p95=24,781ms  p99=52,422ms (records_manager.py:1345)
18:48:12.418 INFO       intvty  p50=    189  p75=    209  p95=     247  p99=     339  (1/tpot tok/s) (records_manager.py:1345)
18:48:12.418 INFO       isl     p50=102,086  p75=133,941  p90= 206,778  p99= 496,200  (tokens) (records_manager.py:1345)
18:48:12.418 INFO       osl     p50=    380  p75=    934  p90=   2,432  p99=   9,073  (tokens) (records_manager.py:1345)
18:48:12.418 INFO       tot     in=108,984,963  out=920,861 (records_manager.py:1345)
18:48:12.418 INFO       trace  theoretical_prefix_cache_hit=96.7% (records_manager.py:1345)
18:48:12.418 INFO       srv    prefix_cache_hit=96.7% unique_in_srv=3,670,570 kv_usage=8.2% queue=3r/0w tput_in_srv=66,616/s tput_out_srv=560/s (records_manager.py:1345)
18:48:43.574 INFO     [realtime 27:58 profiling] (records_manager.py:1345)
18:48:43.574 INFO       rps=0.4 (avg 0.6)  tput_in=66,809/s  tput_out=558/s  done=932 ok=932 err=0 (records_manager.py:1345)
18:48:43.574 INFO       ttft    p50=  341ms  p75=  471ms  p95=   995ms  p99= 1,376ms (records_manager.py:1345)
18:48:43.574 INFO       itl     p50=    5ms  p75=    6ms  p95=     7ms  p99=     8ms (records_manager.py:1345)
18:48:43.574 INFO       e2e     p50=2,481ms  p75=5,433ms  p95=24,737ms  p99=52,099ms (records_manager.py:1345)
18:48:43.574 INFO       intvty  p50=    190  p75=    209  p95=     247  p99=     332  (1/tpot tok/s) (records_manager.py:1345)
18:48:43.574 INFO       isl     p50=102,555  p75=138,317  p90= 213,228  p99= 498,071  (tokens) (records_manager.py:1345)
18:48:43.574 INFO       osl     p50=    384  p75=    945  p90=   2,423  p99=   9,072  (tokens) (records_manager.py:1345)
18:48:43.574 INFO       tot     in=111,837,620  out=934,289 (records_manager.py:1345)
18:48:43.574 INFO       trace  theoretical_prefix_cache_hit=96.7% (records_manager.py:1345)
18:48:43.574 INFO       srv    prefix_cache_hit=96.7% unique_in_srv=3,693,446 kv_usage=8.4% queue=3r/0w tput_in_srv=67,084/s tput_out_srv=558/s (records_manager.py:1345)
18:49:09.025 INFO     Per-trace idle cap advanced replay root 8d6b4d76-57b1-4a23-84d4-99f0ebc79810 by 10.346s (replay_dependencies.py:324)
18:49:14.746 INFO     [realtime 28:29 profiling] (records_manager.py:1345)
18:49:14.746 INFO       rps=0.3 (avg 0.6)  tput_in=66,734/s  tput_out=554/s  done=941 ok=941 err=0 (records_manager.py:1345)
18:49:14.746 INFO       ttft    p50=  341ms  p75=  475ms  p95=   994ms  p99= 1,375ms (records_manager.py:1345)
18:49:14.746 INFO       itl     p50=    5ms  p75=    6ms  p95=     7ms  p99=     8ms (records_manager.py:1345)
18:49:14.746 INFO       e2e     p50=2,511ms  p75=5,456ms  p95=24,717ms  p99=51,856ms (records_manager.py:1345)
18:49:14.746 INFO       intvty  p50=    190  p75=    210  p95=     247  p99=     328  (1/tpot tok/s) (records_manager.py:1345)
18:49:14.746 INFO       isl     p50=102,854  p75=139,328  p90= 220,405  p99= 497,869  (tokens) (records_manager.py:1345)
18:49:14.746 INFO       osl     p50=    387  p75=    959  p90=   2,401  p99=   9,072  (tokens) (records_manager.py:1345)
18:49:14.746 INFO       tot     in=113,823,163  out=944,368 (records_manager.py:1345)
18:49:14.746 INFO       trace  theoretical_prefix_cache_hit=96.8% (records_manager.py:1345)
18:49:14.746 INFO       srv    prefix_cache_hit=96.7% unique_in_srv=3,719,259 kv_usage=6.2% queue=3r/0w tput_in_srv=66,919/s tput_out_srv=555/s (records_manager.py:1345)
18:49:45.936 INFO     [realtime 29:01 profiling] (records_manager.py:1345)
18:49:45.936 INFO       rps=0.4 (avg 0.5)  tput_in=67,263/s  tput_out=552/s  done=954 ok=954 err=0 (records_manager.py:1345)
18:49:45.936 INFO       ttft    p50=  343ms  p75=  479ms  p95=   999ms  p99= 1,373ms (records_manager.py:1345)
18:49:45.936 INFO       itl     p50=    5ms  p75=    6ms  p95=     7ms  p99=     8ms (records_manager.py:1345)
18:49:45.936 INFO       e2e     p50=2,535ms  p75=5,534ms  p95=24,460ms  p99=51,506ms (records_manager.py:1345)
18:49:45.936 INFO       intvty  p50=    191  p75=    211  p95=     247  p99=     321  (1/tpot tok/s) (records_manager.py:1345)
18:49:45.936 INFO       isl     p50=103,810  p75=141,453  p90= 228,137  p99= 500,128  (tokens) (records_manager.py:1345)
18:49:45.936 INFO       osl     p50=    390  p75=    971  p90=   2,400  p99=   9,071  (tokens) (records_manager.py:1345)
18:49:45.936 INFO       tot     in=116,897,547  out=958,731 (records_manager.py:1345)
18:49:45.936 INFO       trace  theoretical_prefix_cache_hit=96.8% (records_manager.py:1345)
18:49:45.936 INFO       srv    prefix_cache_hit=96.8% unique_in_srv=3,745,201 kv_usage=6.9% queue=2r/0w tput_in_srv=67,515/s tput_out_srv=552/s (records_manager.py:1345)
18:50:17.136 INFO     [realtime 29:32 profiling] (records_manager.py:1345)
18:50:17.136 INFO       rps=0.3 (avg 0.5)  tput_in=67,366/s  tput_out=550/s  done=963 ok=963 err=0 (records_manager.py:1345)
18:50:17.136 INFO       ttft    p50=  344ms  p75=  480ms  p95=   995ms  p99= 1,372ms (records_manager.py:1345)
18:50:17.136 INFO       itl     p50=    5ms  p75=    6ms  p95=     7ms  p99=     8ms (records_manager.py:1345)
18:50:17.136 INFO       e2e     p50=2,553ms  p75=5,575ms  p95=24,315ms  p99=51,264ms (records_manager.py:1345)
18:50:17.136 INFO       intvty  p50=    191  p75=    211  p95=     247  p99=     316  (1/tpot tok/s) (records_manager.py:1345)
18:50:17.136 INFO       isl     p50=104,098  p75=143,242  p90= 238,116  p99= 499,868  (tokens) (records_manager.py:1345)
18:50:17.136 INFO       osl     p50=    394  p75=    993  p90=   2,400  p99=   9,070  (tokens) (records_manager.py:1345)
18:50:17.136 INFO       tot     in=118,995,348  out=971,674 (records_manager.py:1345)
18:50:17.136 INFO       trace  theoretical_prefix_cache_hit=96.9% (records_manager.py:1345)
18:50:17.136 INFO       srv    prefix_cache_hit=96.9% unique_in_srv=3,766,143 kv_usage=16.1% queue=4r/0w tput_in_srv=67,942/s tput_out_srv=551/s (records_manager.py:1345)
18:50:48.356 INFO     [realtime 30:03 profiling] (records_manager.py:1345)
18:50:48.356 INFO       rps=0.2 (avg 0.5)  tput_in=67,008/s  tput_out=544/s  done=969 ok=969 err=0 (records_manager.py:1345)
18:50:48.356 INFO       ttft    p50=  345ms  p75=  485ms  p95=   995ms  p99= 1,371ms (records_manager.py:1345)
18:50:48.356 INFO       itl     p50=    5ms  p75=    6ms  p95=     7ms  p99=     8ms (records_manager.py:1345)
18:50:48.356 INFO       e2e     p50=2,577ms  p75=5,600ms  p95=24,559ms  p99=51,102ms (records_manager.py:1345)
18:50:48.356 INFO       intvty  p50=    191  p75=    210  p95=     247  p99=     313  (1/tpot tok/s) (records_manager.py:1345)
18:50:48.356 INFO       isl     p50=104,762  p75=144,075  p90= 242,743  p99= 499,694  (tokens) (records_manager.py:1345)
18:50:48.356 INFO       osl     p50=    395  p75=    981  p90=   2,406  p99=   9,070  (tokens) (records_manager.py:1345)
18:50:48.356 INFO       tot     in=120,662,885  out=980,164 (records_manager.py:1345)
18:50:48.356 INFO       trace  theoretical_prefix_cache_hit=96.9% (records_manager.py:1345)
18:50:48.356 INFO       srv    prefix_cache_hit=96.9% unique_in_srv=3,771,550 kv_usage=10.1% queue=2r/0w tput_in_srv=67,406/s tput_out_srv=551/s (records_manager.py:1345)
18:51:02.318 INFO     Per-trace idle cap advanced replay root 932589f8-de8c-44ed-a4be-43277c752d6d by 10235.477s (replay_dependencies.py:324)
18:51:19.604 INFO     [realtime 30:34 profiling] (records_manager.py:1345)
18:51:19.604 INFO       rps=0.3 (avg 0.5)  tput_in=67,088/s  tput_out=545/s  done=979 ok=979 err=0 (records_manager.py:1345)
18:51:19.604 INFO       ttft    p50=  347ms  p75=  491ms  p95=   994ms  p99= 1,370ms (records_manager.py:1345)
18:51:19.604 INFO       itl     p50=    5ms  p75=    6ms  p95=     7ms  p99=     8ms (records_manager.py:1345)
18:51:19.604 INFO       e2e     p50=2,610ms  p75=5,702ms  p95=24,721ms  p99=52,603ms (records_manager.py:1345)
18:51:19.604 INFO       intvty  p50=    191  p75=    210  p95=     247  p99=     308  (1/tpot tok/s) (records_manager.py:1345)
18:51:19.604 INFO       isl     p50=105,176  p75=144,950  p90= 248,029  p99= 499,405  (tokens) (records_manager.py:1345)
18:51:19.604 INFO       osl     p50=    397  p75=  1,010  p90=   2,427  p99=   9,074  (tokens) (records_manager.py:1345)
18:51:19.604 INFO       tot     in=122,961,733  out=998,747 (records_manager.py:1345)
18:51:19.604 INFO       trace  theoretical_prefix_cache_hit=96.9% (records_manager.py:1345)
18:51:19.604 INFO       srv    prefix_cache_hit=96.9% unique_in_srv=3,795,106 kv_usage=7.4% queue=2r/0w tput_in_srv=67,391/s tput_out_srv=552/s (records_manager.py:1345)
18:51:50.861 INFO     [realtime 31:05 profiling] (records_manager.py:1345)
18:51:50.861 INFO       rps=0.3 (avg 0.5)  tput_in=67,794/s  tput_out=550/s  done=988 ok=988 err=0 (records_manager.py:1345)
18:51:50.861 INFO       ttft    p50=  348ms  p75=  498ms  p95=   995ms  p99= 1,369ms (records_manager.py:1345)
18:51:50.861 INFO       itl     p50=    5ms  p75=    6ms  p95=     7ms  p99=     8ms (records_manager.py:1345)
18:51:50.861 INFO       e2e     p50=2,614ms  p75=5,755ms  p95=24,745ms  p99=52,940ms (records_manager.py:1345)
18:51:50.861 INFO       intvty  p50=    191  p75=    210  p95=     247  p99=     353  (1/tpot tok/s) (records_manager.py:1345)
18:51:50.861 INFO       isl     p50=105,368  p75=145,784  p90= 253,528  p99= 502,029  (tokens) (records_manager.py:1345)
18:51:50.861 INFO       osl     p50=    396  p75=  1,012  p90=   2,434  p99=   9,177  (tokens) (records_manager.py:1345)
18:51:50.861 INFO       tot     in=125,859,598  out=1,020,693 (records_manager.py:1345)
18:51:50.861 INFO       trace  theoretical_prefix_cache_hit=97.0% (records_manager.py:1345)
18:51:50.861 INFO       srv    prefix_cache_hit=97.0% unique_in_srv=3,813,486 kv_usage=3.8% queue=1r/0w tput_in_srv=67,669/s tput_out_srv=548/s (records_manager.py:1345)
18:52:04.196 INFO     Per-trace idle cap advanced replay root 7080d42d-43f2-4cf1-9088-5342d59013b7 by 3.513s (replay_dependencies.py:324)
18:52:16.786 INFO     Per-trace idle cap advanced replay root 0d8af77e-53c0-4352-a79a-21db06273070 by 288.691s (replay_dependencies.py:324)
18:52:22.146 INFO     [realtime 31:37 profiling] (records_manager.py:1345)
18:52:22.146 INFO       rps=0.4 (avg 0.5)  tput_in=67,454/s  tput_out=544/s  done=1,000 ok=1,000 err=0 (records_manager.py:1345)
18:52:22.146 INFO       ttft    p50=  348ms  p75=  499ms  p95=   996ms  p99= 1,367ms (records_manager.py:1345)
18:52:22.146 INFO       itl     p50=    5ms  p75=    6ms  p95=     7ms  p99=     8ms (records_manager.py:1345)
18:52:22.146 INFO       e2e     p50=2,614ms  p75=5,762ms  p95=24,719ms  p99=52,935ms (records_manager.py:1345)
18:52:22.146 INFO       intvty  p50=    191  p75=    210  p95=     247  p99=     349  (1/tpot tok/s) (records_manager.py:1345)
18:52:22.146 INFO       isl     p50=105,368  p75=146,158  p90= 256,020  p99= 504,508  (tokens) (records_manager.py:1345)
18:52:22.146 INFO       osl     p50=    396  p75=  1,012  p90=   2,432  p99=   9,083  (tokens) (records_manager.py:1345)
18:52:22.146 INFO       tot     in=127,852,970  out=1,031,160 (records_manager.py:1345)
18:52:22.146 INFO       trace  theoretical_prefix_cache_hit=97.0% (records_manager.py:1345)
18:52:22.146 INFO       srv    prefix_cache_hit=97.0% unique_in_srv=3,840,252 kv_usage=6.0% queue=3r/0w tput_in_srv=67,699/s tput_out_srv=547/s (records_manager.py:1345)
18:52:53.447 INFO     [realtime 32:08 profiling] (records_manager.py:1345)
18:52:53.447 INFO       rps=0.8 (avg 0.5)  tput_in=68,157/s  tput_out=546/s  done=1,026 ok=1,026 err=0 (records_manager.py:1345)
18:52:53.447 INFO       ttft    p50=  347ms  p75=  499ms  p95=   994ms  p99= 1,366ms (records_manager.py:1345)
18:52:53.447 INFO       itl     p50=    5ms  p75=    6ms  p95=     7ms  p99=     8ms (records_manager.py:1345)
18:52:53.447 INFO       e2e     p50=2,552ms  p75=5,754ms  p95=24,618ms  p99=52,828ms (records_manager.py:1345)
18:52:53.447 INFO       intvty  p50=    191  p75=    210  p95=     247  p99=     342  (1/tpot tok/s) (records_manager.py:1345)
18:52:53.447 INFO       isl     p50=105,297  p75=146,629  p90= 260,218  p99= 503,782  (tokens) (records_manager.py:1345)
18:52:53.447 INFO       osl     p50=    394  p75=  1,007  p90=   2,428  p99=   9,075  (tokens) (records_manager.py:1345)
18:52:53.447 INFO       tot     in=131,354,879  out=1,051,537 (records_manager.py:1345)
18:52:53.447 INFO       trace  theoretical_prefix_cache_hit=97.1% (records_manager.py:1345)
18:52:53.447 INFO       srv    prefix_cache_hit=97.1% unique_in_srv=3,884,432 kv_usage=9.6% queue=3r/0w tput_in_srv=68,405/s tput_out_srv=546/s (records_manager.py:1345)
18:53:24.753 INFO     [realtime 32:39 profiling] (records_manager.py:1345)
18:53:24.753 INFO       rps=0.2 (avg 0.5)  tput_in=68,028/s  tput_out=541/s  done=1,031 ok=1,031 err=0 (records_manager.py:1345)
18:53:24.753 INFO       ttft    p50=  349ms  p75=  503ms  p95=   994ms  p99= 1,366ms (records_manager.py:1345)
18:53:24.753 INFO       itl     p50=    5ms  p75=    6ms  p95=     7ms  p99=     8ms (records_manager.py:1345)
18:53:24.753 INFO       e2e     p50=2,551ms  p75=5,751ms  p95=24,520ms  p99=52,807ms (records_manager.py:1345)
18:53:24.753 INFO       intvty  p50=    191  p75=    210  p95=     247  p99=     369  (1/tpot tok/s) (records_manager.py:1345)
18:53:24.753 INFO       isl     p50=105,435  p75=147,239  p90= 262,292  p99= 503,641  (tokens) (records_manager.py:1345)
18:53:24.753 INFO       osl     p50=    393  p75=  1,006  p90=   2,426  p99=   9,075  (tokens) (records_manager.py:1345)
18:53:24.753 INFO       tot     in=132,500,289  out=1,054,597 (records_manager.py:1345)
18:53:24.753 INFO       trace  theoretical_prefix_cache_hit=97.1% (records_manager.py:1345)
18:53:24.753 INFO       srv    prefix_cache_hit=97.1% unique_in_srv=3,892,663 kv_usage=10.3% queue=2r/0w tput_in_srv=68,079/s tput_out_srv=544/s (records_manager.py:1345)
18:53:56.051 INFO     [realtime 33:11 profiling] (records_manager.py:1345)
18:53:56.051 INFO       rps=0.1 (avg 0.5)  tput_in=67,330/s  tput_out=541/s  done=1,035 ok=1,035 err=0 (records_manager.py:1345)
18:53:56.051 INFO       ttft    p50=  350ms  p75=  507ms  p95=   998ms  p99= 1,366ms (records_manager.py:1345)
18:53:56.051 INFO       itl     p50=    5ms  p75=    6ms  p95=     7ms  p99=     8ms (records_manager.py:1345)
18:53:56.051 INFO       e2e     p50=2,555ms  p75=5,802ms  p95=24,883ms  p99=52,790ms (records_manager.py:1345)
18:53:56.051 INFO       intvty  p50=    191  p75=    211  p95=     247  p99=     368  (1/tpot tok/s) (records_manager.py:1345)
18:53:56.051 INFO       isl     p50=105,518  p75=147,684  p90= 264,396  p99= 505,763  (tokens) (records_manager.py:1345)
18:53:56.051 INFO       osl     p50=    394  p75=  1,013  p90=   2,465  p99=   9,195  (tokens) (records_manager.py:1345)
18:53:56.051 INFO       tot     in=133,709,001  out=1,074,230 (records_manager.py:1345)
18:53:56.051 INFO       trace  theoretical_prefix_cache_hit=97.1% (records_manager.py:1345)
18:53:56.051 INFO       srv    prefix_cache_hit=97.1% unique_in_srv=3,903,614 kv_usage=7.6% queue=2r/0w tput_in_srv=67,357/s tput_out_srv=541/s (records_manager.py:1345)
18:54:27.383 INFO     [realtime 33:42 profiling] (records_manager.py:1345)
18:54:27.383 INFO       rps=0.2 (avg 0.5)  tput_in=67,330/s  tput_out=537/s  done=1,041 ok=1,041 err=0 (records_manager.py:1345)
18:54:27.383 INFO       ttft    p50=  351ms  p75=  510ms  p95= 1,005ms  p99= 1,366ms (records_manager.py:1345)
18:54:27.383 INFO       itl     p50=    5ms  p75=    6ms  p95=     7ms  p99=     8ms (records_manager.py:1345)
18:54:27.383 INFO       e2e     p50=2,577ms  p75=5,829ms  p95=24,761ms  p99=52,764ms (records_manager.py:1345)
18:54:27.383 INFO       intvty  p50=    191  p75=    211  p95=     247  p99=     366  (1/tpot tok/s) (records_manager.py:1345)
18:54:27.383 INFO       isl     p50=105,703  p75=148,638  p90= 270,611  p99= 507,348  (tokens) (records_manager.py:1345)
18:54:27.383 INFO       osl     p50=    396  p75=  1,017  p90=   2,495  p99=   9,184  (tokens) (records_manager.py:1345)
18:54:27.383 INFO       tot     in=135,809,612  out=1,083,726 (records_manager.py:1345)
18:54:27.383 INFO       trace  theoretical_prefix_cache_hit=97.1% (records_manager.py:1345)
18:54:27.383 INFO       srv    prefix_cache_hit=97.1% unique_in_srv=3,914,190 kv_usage=3.8% queue=1r/0w tput_in_srv=67,348/s tput_out_srv=537/s (records_manager.py:1345)
18:54:58.789 INFO     [realtime 34:13 profiling] (records_manager.py:1345)
18:54:58.789 INFO       rps=0.2 (avg 0.5)  tput_in=67,036/s  tput_out=534/s  done=1,046 ok=1,046 err=0 (records_manager.py:1345)
18:54:58.789 INFO       ttft    p50=  351ms  p75=  515ms  p95= 1,003ms  p99= 1,366ms (records_manager.py:1345)
18:54:58.789 INFO       itl     p50=    5ms  p75=    6ms  p95=     7ms  p99=     8ms (records_manager.py:1345)
18:54:58.789 INFO       e2e     p50=2,608ms  p75=5,847ms  p95=24,750ms  p99=52,743ms (records_manager.py:1345)
18:54:58.789 INFO       intvty  p50=    192  p75=    211  p95=     247  p99=     365  (1/tpot tok/s) (records_manager.py:1345)
18:54:58.789 INFO       isl     p50=105,830  p75=149,314  p90= 275,116  p99= 507,270  (tokens) (records_manager.py:1345)
18:54:58.789 INFO       osl     p50=    397  p75=  1,028  p90=   2,505  p99=   9,175  (tokens) (records_manager.py:1345)
18:54:58.789 INFO       tot     in=137,391,354  out=1,093,689 (records_manager.py:1345)
18:54:58.789 INFO       trace  theoretical_prefix_cache_hit=97.1% (records_manager.py:1345)
18:54:58.789 INFO       srv    prefix_cache_hit=97.2% unique_in_srv=3,927,079 kv_usage=10.5% queue=2r/0w tput_in_srv=67,358/s tput_out_srv=534/s (records_manager.py:1345)
18:55:30.054 INFO     [realtime 34:45 profiling] (records_manager.py:1345)
18:55:30.054 INFO       rps=0.2 (avg 0.5)  tput_in=67,317/s  tput_out=533/s  done=1,053 ok=1,053 err=0 (records_manager.py:1345)
18:55:30.054 INFO       ttft    p50=  353ms  p75=  520ms  p95= 1,006ms  p99= 1,366ms (records_manager.py:1345)
18:55:30.054 INFO       itl     p50=    5ms  p75=    6ms  p95=     7ms  p99=     8ms (records_manager.py:1345)
18:55:30.054 INFO       e2e     p50=2,627ms  p75=5,909ms  p95=24,924ms  p99=52,713ms (records_manager.py:1345)
18:55:30.054 INFO       intvty  p50=    192  p75=    211  p95=     247  p99=     363  (1/tpot tok/s) (records_manager.py:1345)
18:55:30.054 INFO       isl     p50=106,470  p75=150,469  p90= 284,520  p99= 510,797  (tokens) (records_manager.py:1345)
18:55:30.054 INFO       osl     p50=    403  p75=  1,033  p90=   2,511  p99=   9,162  (tokens) (records_manager.py:1345)
18:55:30.054 INFO       tot     in=139,871,711  out=1,106,489 (records_manager.py:1345)
18:55:30.054 INFO       trace  theoretical_prefix_cache_hit=97.2% (records_manager.py:1345)
18:55:30.054 INFO       srv    prefix_cache_hit=97.2% unique_in_srv=3,945,776 kv_usage=8.1% queue=2r/0w tput_in_srv=67,439/s tput_out_srv=532/s (records_manager.py:1345)
18:55:49.835 INFO     Per-trace idle cap advanced replay root be2d2727-dc2f-4104-b38f-b742051726e2 by 8341.665s (replay_dependencies.py:324)
18:56:01.416 INFO     [realtime 35:16 profiling] (records_manager.py:1345)
18:56:01.416 INFO       rps=0.2 (avg 0.5)  tput_in=66,822/s  tput_out=528/s  done=1,060 ok=1,060 err=0 (records_manager.py:1345)
18:56:01.416 INFO       ttft    p50=  355ms  p75=  523ms  p95= 1,013ms  p99= 1,372ms (records_manager.py:1345)
18:56:01.416 INFO       itl     p50=    5ms  p75=    6ms  p95=     7ms  p99=     8ms (records_manager.py:1345)
18:56:01.416 INFO       e2e     p50=2,642ms  p75=5,983ms  p95=24,781ms  p99=52,683ms (records_manager.py:1345)
18:56:01.416 INFO       intvty  p50=    192  p75=    211  p95=     247  p99=     361  (1/tpot tok/s) (records_manager.py:1345)
18:56:01.416 INFO       isl     p50=106,688  p75=150,840  p90= 285,188  p99= 510,384  (tokens) (records_manager.py:1345)
18:56:01.416 INFO       osl     p50=    405  p75=  1,043  p90=   2,535  p99=   9,150  (tokens) (records_manager.py:1345)
18:56:01.416 INFO       tot     in=141,246,385  out=1,117,069 (records_manager.py:1345)
18:56:01.416 INFO       trace  theoretical_prefix_cache_hit=97.1% (records_manager.py:1345)
18:56:01.416 INFO       srv    prefix_cache_hit=97.1% unique_in_srv=4,077,052 kv_usage=10.5% queue=2r/0w tput_in_srv=67,186/s tput_out_srv=529/s (records_manager.py:1345)
18:56:32.776 INFO     [realtime 35:47 profiling] (records_manager.py:1345)
18:56:32.776 INFO       rps=0.3 (avg 0.5)  tput_in=66,745/s  tput_out=529/s  done=1,069 ok=1,069 err=0 (records_manager.py:1345)
18:56:32.776 INFO       ttft    p50=  355ms  p75=  525ms  p95= 1,013ms  p99= 1,371ms (records_manager.py:1345)
18:56:32.776 INFO       itl     p50=    5ms  p75=    6ms  p95=     7ms  p99=     8ms (records_manager.py:1345)
18:56:32.776 INFO       e2e     p50=2,665ms  p75=6,049ms  p95=25,005ms  p99=52,645ms (records_manager.py:1345)
18:56:32.776 INFO       intvty  p50=    192  p75=    211  p95=     247  p99=     358  (1/tpot tok/s) (records_manager.py:1345)
18:56:32.776 INFO       isl     p50=106,941  p75=151,131  p90= 285,851  p99= 514,379  (tokens) (records_manager.py:1345)
18:56:32.776 INFO       osl     p50=    406  p75=  1,061  p90=   2,560  p99=   9,133  (tokens) (records_manager.py:1345)
18:56:32.776 INFO       tot     in=143,120,333  out=1,134,715 (records_manager.py:1345)
18:56:32.776 INFO       trace  theoretical_prefix_cache_hit=97.1% (records_manager.py:1345)
18:56:32.776 INFO       srv    prefix_cache_hit=97.1% unique_in_srv=4,095,079 kv_usage=4.1% queue=1r/0w tput_in_srv=66,831/s tput_out_srv=529/s (records_manager.py:1345)
18:56:41.402 INFO     Per-trace idle cap advanced replay root 932589f8-de8c-44ed-a4be-43277c752d6d by 5490.365s (replay_dependencies.py:324)
18:57:04.135 INFO     [realtime 36:19 profiling] (records_manager.py:1345)
18:57:04.135 INFO       rps=0.2 (avg 0.5)  tput_in=66,903/s  tput_out=524/s  done=1,076 ok=1,076 err=0 (records_manager.py:1345)
18:57:04.135 INFO       ttft    p50=  356ms  p75=  528ms  p95= 1,013ms  p99= 1,370ms (records_manager.py:1345)
18:57:04.135 INFO       itl     p50=    5ms  p75=    6ms  p95=     7ms  p99=     8ms (records_manager.py:1345)
18:57:04.135 INFO       e2e     p50=2,665ms  p75=6,057ms  p95=24,862ms  p99=52,615ms (records_manager.py:1345)
18:57:04.135 INFO       intvty  p50=    192  p75=    212  p95=     247  p99=     356  (1/tpot tok/s) (records_manager.py:1345)
18:57:04.135 INFO       isl     p50=107,272  p75=152,698  p90= 290,244  p99= 514,266  (tokens) (records_manager.py:1345)
18:57:04.135 INFO       osl     p50=    406  p75=  1,066  p90=   2,566  p99=   9,120  (tokens) (records_manager.py:1345)
18:57:04.135 INFO       tot     in=145,619,035  out=1,140,609 (records_manager.py:1345)
18:57:04.135 INFO       trace  theoretical_prefix_cache_hit=97.2% (records_manager.py:1345)
18:57:04.135 INFO       srv    prefix_cache_hit=97.2% unique_in_srv=4,108,479 kv_usage=5.7% queue=2r/0w tput_in_srv=67,078/s tput_out_srv=525/s (records_manager.py:1345)
18:57:35.601 INFO     [realtime 36:50 profiling] (records_manager.py:1345)
18:57:35.601 INFO       rps=0.2 (avg 0.5)  tput_in=66,763/s  tput_out=523/s  done=1,081 ok=1,081 err=0 (records_manager.py:1345)
18:57:35.601 INFO       ttft    p50=  357ms  p75=  532ms  p95= 1,026ms  p99= 1,396ms (records_manager.py:1345)
18:57:35.601 INFO       itl     p50=    5ms  p75=    6ms  p95=     7ms  p99=     8ms (records_manager.py:1345)
18:57:35.601 INFO       e2e     p50=2,673ms  p75=6,149ms  p95=25,168ms  p99=52,594ms (records_manager.py:1345)
18:57:35.601 INFO       intvty  p50=    192  p75=    212  p95=     247  p99=     355  (1/tpot tok/s) (records_manager.py:1345)
18:57:35.601 INFO       isl     p50=107,704  p75=153,862  p90= 292,951  p99= 515,900  (tokens) (records_manager.py:1345)
18:57:35.601 INFO       osl     p50=    407  p75=  1,086  p90=   2,575  p99=   9,111  (tokens) (records_manager.py:1345)
18:57:35.601 INFO       tot     in=147,345,323  out=1,154,278 (records_manager.py:1345)
18:57:35.601 INFO       trace  theoretical_prefix_cache_hit=97.2% (records_manager.py:1345)
18:57:35.601 INFO       srv    prefix_cache_hit=97.2% unique_in_srv=4,121,515 kv_usage=0.0% queue=0r/0w tput_in_srv=66,697/s tput_out_srv=522/s (records_manager.py:1345)
18:57:48.836 INFO     Per-trace idle cap advanced replay root 7080d42d-43f2-4cf1-9088-5342d59013b7 by 245.843s (replay_dependencies.py:324)
18:58:03.983 INFO     Per-trace idle cap advanced replay root 0d8af77e-53c0-4352-a79a-21db06273070 by 242.759s (replay_dependencies.py:324)
18:58:07.021 INFO     [realtime 37:22 profiling] (records_manager.py:1345)
18:58:07.021 INFO       rps=0.2 (avg 0.5)  tput_in=66,544/s  tput_out=520/s  done=1,088 ok=1,088 err=0 (records_manager.py:1345)
18:58:07.021 INFO       ttft    p50=  356ms  p75=  532ms  p95= 1,021ms  p99= 1,390ms (records_manager.py:1345)
18:58:07.021 INFO       itl     p50=    5ms  p75=    6ms  p95=     7ms  p99=     8ms (records_manager.py:1345)
18:58:07.021 INFO       e2e     p50=2,683ms  p75=6,155ms  p95=25,025ms  p99=52,564ms (records_manager.py:1345)
18:58:07.021 INFO       intvty  p50=    193  p75=    212  p95=     247  p99=     353  (1/tpot tok/s) (records_manager.py:1345)
18:58:07.021 INFO       isl     p50=107,868  p75=153,896  p90= 294,257  p99= 515,751  (tokens) (records_manager.py:1345)
18:58:07.021 INFO       osl     p50=    409  p75=  1,089  p90=   2,575  p99=   9,099  (tokens) (records_manager.py:1345)
18:58:07.021 INFO       tot     in=148,567,460  out=1,160,302 (records_manager.py:1345)
18:58:07.021 INFO       trace  theoretical_prefix_cache_hit=97.2% (records_manager.py:1345)
18:58:07.021 INFO       srv    prefix_cache_hit=97.2% unique_in_srv=4,137,105 kv_usage=6.4% queue=2r/0w tput_in_srv=66,543/s tput_out_srv=519/s (records_manager.py:1345)
18:58:38.448 INFO     [realtime 37:53 profiling] (records_manager.py:1345)
18:58:38.448 INFO       rps=0.1 (avg 0.5)  tput_in=66,187/s  tput_out=517/s  done=1,092 ok=1,092 err=0 (records_manager.py:1345)
18:58:38.448 INFO       ttft    p50=  357ms  p75=  537ms  p95= 1,030ms  p99= 1,387ms (records_manager.py:1345)
18:58:38.448 INFO       itl     p50=    5ms  p75=    6ms  p95=     7ms  p99=     8ms (records_manager.py:1345)
18:58:38.448 INFO       e2e     p50=2,693ms  p75=6,243ms  p95=24,944ms  p99=52,547ms (records_manager.py:1345)
18:58:38.448 INFO       intvty  p50=    193  p75=    212  p95=     247  p99=     352  (1/tpot tok/s) (records_manager.py:1345)
18:58:38.448 INFO       isl     p50=108,074  p75=154,572  p90= 297,900  p99= 517,723  (tokens) (records_manager.py:1345)
18:58:38.448 INFO       osl     p50=    410  p75=  1,097  p90=   2,606  p99=   9,091  (tokens) (records_manager.py:1345)
18:58:38.448 INFO       tot     in=149,981,576  out=1,171,813 (records_manager.py:1345)
18:58:38.448 INFO       trace  theoretical_prefix_cache_hit=97.2% (records_manager.py:1345)
18:58:38.448 INFO       srv    prefix_cache_hit=97.2% unique_in_srv=4,149,327 kv_usage=6.5% queue=2r/0w tput_in_srv=66,251/s tput_out_srv=517/s (records_manager.py:1345)
18:59:09.879 INFO     [realtime 38:24 profiling] (records_manager.py:1345)
18:59:09.880 INFO       rps=0.2 (avg 0.5)  tput_in=65,793/s  tput_out=512/s  done=1,097 ok=1,097 err=0 (records_manager.py:1345)
18:59:09.880 INFO       ttft    p50=  358ms  p75=  541ms  p95= 1,029ms  p99= 1,383ms (records_manager.py:1345)
18:59:09.880 INFO       itl     p50=    5ms  p75=    6ms  p95=     7ms  p99=     8ms (records_manager.py:1345)
18:59:09.880 INFO       e2e     p50=2,694ms  p75=6,260ms  p95=24,842ms  p99=52,526ms (records_manager.py:1345)
18:59:09.880 INFO       intvty  p50=    193  p75=    212  p95=     247  p99=     350  (1/tpot tok/s) (records_manager.py:1345)
18:59:09.880 INFO       isl     p50=108,390  p75=155,322  p90= 299,657  p99= 517,655  (tokens) (records_manager.py:1345)
18:59:09.880 INFO       osl     p50=    411  p75=  1,099  p90=   2,615  p99=   9,082  (tokens) (records_manager.py:1345)
18:59:09.880 INFO       tot     in=151,405,178  out=1,178,760 (records_manager.py:1345)
18:59:09.880 INFO       trace  theoretical_prefix_cache_hit=97.2% (records_manager.py:1345)
18:59:09.880 INFO       srv    prefix_cache_hit=97.3% unique_in_srv=4,157,605 kv_usage=11.1% queue=2r/0w tput_in_srv=66,119/s tput_out_srv=513/s (records_manager.py:1345)
18:59:41.322 INFO     [realtime 38:56 profiling] (records_manager.py:1345)
18:59:41.322 INFO       rps=0.3 (avg 0.5)  tput_in=65,464/s  tput_out=509/s  done=1,105 ok=1,105 err=0 (records_manager.py:1345)
18:59:41.322 INFO       ttft    p50=  358ms  p75=  546ms  p95= 1,035ms  p99= 1,379ms (records_manager.py:1345)
18:59:41.322 INFO       itl     p50=    5ms  p75=    6ms  p95=     7ms  p99=     8ms (records_manager.py:1345)
18:59:41.322 INFO       e2e     p50=2,694ms  p75=6,260ms  p95=24,752ms  p99=52,418ms (records_manager.py:1345)
18:59:41.322 INFO       intvty  p50=    193  p75=    213  p95=     247  p99=     348  (1/tpot tok/s) (records_manager.py:1345)
18:59:41.322 INFO       isl     p50=108,390  p75=155,413  p90= 301,386  p99= 518,902  (tokens) (records_manager.py:1345)
18:59:41.322 INFO       osl     p50=    417  p75=  1,099  p90=   2,617  p99=   9,075  (tokens) (records_manager.py:1345)
18:59:41.322 INFO       tot     in=152,838,830  out=1,187,720 (records_manager.py:1345)
18:59:41.322 INFO       trace  theoretical_prefix_cache_hit=97.2% (records_manager.py:1345)
18:59:41.322 INFO       srv    prefix_cache_hit=97.2% unique_in_srv=4,221,126 kv_usage=4.5% queue=1r/0w tput_in_srv=65,616/s tput_out_srv=509/s (records_manager.py:1345)
19:00:12.766 INFO     [realtime 39:27 profiling] (records_manager.py:1345)
19:00:12.766 INFO       rps=0.2 (avg 0.5)  tput_in=65,390/s  tput_out=507/s  done=1,111 ok=1,111 err=0 (records_manager.py:1345)
19:00:12.766 INFO       ttft    p50=  358ms  p75=  551ms  p95= 1,036ms  p99= 1,379ms (records_manager.py:1345)
19:00:12.766 INFO       itl     p50=    5ms  p75=    6ms  p95=     7ms  p99=     8ms (records_manager.py:1345)
19:00:12.766 INFO       e2e     p50=2,694ms  p75=6,269ms  p95=24,739ms  p99=52,282ms (records_manager.py:1345)
19:00:12.766 INFO       intvty  p50=    193  p75=    213  p95=     247  p99=     346  (1/tpot tok/s) (records_manager.py:1345)
19:00:12.766 INFO       isl     p50=108,390  p75=156,346  p90= 302,477  p99= 520,407  (tokens) (records_manager.py:1345)
19:00:12.766 INFO       osl     p50=    417  p75=  1,100  p90=   2,623  p99=   9,075  (tokens) (records_manager.py:1345)
19:00:12.766 INFO       tot     in=154,230,607  out=1,196,331 (records_manager.py:1345)
19:00:12.766 INFO       trace  theoretical_prefix_cache_hit=97.2% (records_manager.py:1345)
19:00:12.766 INFO       srv    prefix_cache_hit=97.2% unique_in_srv=4,266,428 kv_usage=4.6% queue=1r/0w tput_in_srv=65,339/s tput_out_srv=506/s (records_manager.py:1345)
19:00:29.764 INFO     Per-trace idle cap advanced replay root c3158f0a-eeea-48d8-963b-74738eaae45d by 4693.482s (replay_dependencies.py:324)
19:00:44.207 INFO     [realtime 39:59 profiling] (records_manager.py:1345)
19:00:44.208 INFO       rps=0.4 (avg 0.5)  tput_in=65,447/s  tput_out=503/s  done=1,123 ok=1,123 err=0 (records_manager.py:1345)
19:00:44.208 INFO       ttft    p50=  360ms  p75=  566ms  p95= 1,058ms  p99= 1,559ms (records_manager.py:1345)
19:00:44.208 INFO       itl     p50=    5ms  p75=    6ms  p95=     7ms  p99=     8ms (records_manager.py:1345)
19:00:44.208 INFO       e2e     p50=2,696ms  p75=6,290ms  p95=24,677ms  p99=52,010ms (records_manager.py:1345)
19:00:44.208 INFO       intvty  p50=    193  p75=    213  p95=     247  p99=     343  (1/tpot tok/s) (records_manager.py:1345)
19:00:44.208 INFO       isl     p50=108,390  p75=156,866  p90= 306,328  p99= 521,874  (tokens) (records_manager.py:1345)
19:00:44.208 INFO       osl     p50=    413  p75=  1,100  p90=   2,620  p99=   9,075  (tokens) (records_manager.py:1345)
19:00:44.208 INFO       tot     in=156,829,913  out=1,204,938 (records_manager.py:1345)
19:00:44.208 INFO       trace  theoretical_prefix_cache_hit=97.2% (records_manager.py:1345)
19:00:44.208 INFO       srv    prefix_cache_hit=97.2% unique_in_srv=4,454,246 kv_usage=6.0% queue=2r/0w tput_in_srv=65,617/s tput_out_srv=503/s (records_manager.py:1345)
19:01:15.642 INFO     [realtime 40:30 profiling] (records_manager.py:1345)
19:01:15.642 INFO       rps=0.2 (avg 0.5)  tput_in=65,206/s  tput_out=501/s  done=1,128 ok=1,128 err=0 (records_manager.py:1345)
19:01:15.642 INFO       ttft    p50=  360ms  p75=  568ms  p95= 1,057ms  p99= 1,558ms (records_manager.py:1345)
19:01:15.642 INFO       itl     p50=    5ms  p75=    6ms  p95=     7ms  p99=     8ms (records_manager.py:1345)
19:01:15.642 INFO       e2e     p50=2,709ms  p75=6,381ms  p95=24,579ms  p99=51,896ms (records_manager.py:1345)
19:01:15.642 INFO       intvty  p50=    193  p75=    214  p95=     247  p99=     341  (1/tpot tok/s) (records_manager.py:1345)
19:01:15.642 INFO       isl     p50=108,514  p75=158,241  p90= 308,990  p99= 521,790  (tokens) (records_manager.py:1345)
19:01:15.642 INFO       osl     p50=    418  p75=  1,110  p90=   2,642  p99=   9,075  (tokens) (records_manager.py:1345)
19:01:15.642 INFO       tot     in=158,374,727  out=1,217,891 (records_manager.py:1345)
19:01:15.642 INFO       trace  theoretical_prefix_cache_hit=97.2% (records_manager.py:1345)
19:01:15.642 INFO       srv    prefix_cache_hit=97.2% unique_in_srv=4,463,389 kv_usage=4.7% queue=1r/0w tput_in_srv=65,353/s tput_out_srv=502/s (records_manager.py:1345)
19:01:47.177 INFO     [realtime 41:02 profiling] (records_manager.py:1345)
19:01:47.177 INFO       rps=0.2 (avg 0.5)  tput_in=65,132/s  tput_out=499/s  done=1,133 ok=1,133 err=0 (records_manager.py:1345)
19:01:47.177 INFO       ttft    p50=  362ms  p75=  569ms  p95= 1,059ms  p99= 1,557ms (records_manager.py:1345)
19:01:47.177 INFO       itl     p50=    5ms  p75=    6ms  p95=     7ms  p99=     8ms (records_manager.py:1345)
19:01:47.177 INFO       e2e     p50=2,716ms  p75=6,391ms  p95=24,480ms  p99=51,783ms (records_manager.py:1345)
19:01:47.177 INFO       intvty  p50=    193  p75=    214  p95=     247  p99=     340  (1/tpot tok/s) (records_manager.py:1345)
19:01:47.177 INFO       isl     p50=108,620  p75=161,398  p90= 311,513  p99= 524,119  (tokens) (records_manager.py:1345)
19:01:47.177 INFO       osl     p50=    418  p75=  1,123  p90=   2,658  p99=   9,075  (tokens) (records_manager.py:1345)
19:01:47.177 INFO       tot     in=160,210,933  out=1,228,395 (records_manager.py:1345)
19:01:47.177 INFO       trace  theoretical_prefix_cache_hit=97.3% (records_manager.py:1345)
19:01:47.177 INFO       srv    prefix_cache_hit=97.2% unique_in_srv=4,498,160 kv_usage=6.2% queue=3r/0w tput_in_srv=65,319/s tput_out_srv=499/s (records_manager.py:1345)
19:02:18.668 INFO     [realtime 41:33 profiling] (records_manager.py:1345)
19:02:18.668 INFO       rps=0.3 (avg 0.5)  tput_in=64,616/s  tput_out=498/s  done=1,141 ok=1,141 err=0 (records_manager.py:1345)
19:02:18.668 INFO       ttft    p50=  362ms  p75=  569ms  p95= 1,059ms  p99= 1,555ms (records_manager.py:1345)
19:02:18.668 INFO       itl     p50=    5ms  p75=    6ms  p95=     7ms  p99=     8ms (records_manager.py:1345)
19:02:18.668 INFO       e2e     p50=2,727ms  p75=6,394ms  p95=24,322ms  p99=51,601ms (records_manager.py:1345)
19:02:18.668 INFO       intvty  p50=    193  p75=    214  p95=     247  p99=     338  (1/tpot tok/s) (records_manager.py:1345)
19:02:18.668 INFO       isl     p50=108,497  p75=160,895  p90= 311,566  p99= 523,899  (tokens) (records_manager.py:1345)
19:02:18.669 INFO       osl     p50=    420  p75=  1,123  p90=   2,704  p99=   9,075  (tokens) (records_manager.py:1345)
19:02:18.669 INFO       tot     in=161,010,881  out=1,240,369 (records_manager.py:1345)
19:02:18.669 INFO       trace  theoretical_prefix_cache_hit=97.2% (records_manager.py:1345)
19:02:18.669 INFO       srv    prefix_cache_hit=97.2% unique_in_srv=4,541,640 kv_usage=1.3% queue=1r/0w tput_in_srv=64,647/s tput_out_srv=498/s (records_manager.py:1345)
19:02:50.178 INFO     [realtime 42:05 profiling] (records_manager.py:1345)
19:02:50.178 INFO       rps=0.9 (avg 0.5)  tput_in=64,429/s  tput_out=495/s  done=1,170 ok=1,170 err=0 (records_manager.py:1345)
19:02:50.178 INFO       ttft    p50=  358ms  p75=  565ms  p95= 1,052ms  p99= 1,549ms (records_manager.py:1345)
19:02:50.178 INFO       itl     p50=    5ms  p75=    6ms  p95=     7ms  p99=     8ms (records_manager.py:1345)
19:02:50.178 INFO       e2e     p50=2,665ms  p75=6,273ms  p95=24,208ms  p99=50,943ms (records_manager.py:1345)
19:02:50.178 INFO       intvty  p50=    194  p75=    215  p95=     249  p99=     329  (1/tpot tok/s) (records_manager.py:1345)
19:02:50.178 INFO       isl     p50=107,001  p75=156,545  p90= 309,982  p99= 523,098  (tokens) (records_manager.py:1345)
19:02:50.178 INFO       osl     p50=    406  p75=  1,099  p90=   2,640  p99=   9,074  (tokens) (records_manager.py:1345)
19:02:50.178 INFO       tot     in=162,563,041  out=1,248,820 (records_manager.py:1345)
19:02:50.178 INFO       trace  theoretical_prefix_cache_hit=97.2% (records_manager.py:1345)
19:02:50.178 INFO       srv    prefix_cache_hit=97.1% unique_in_srv=4,657,177 kv_usage=0.7% queue=1r/0w tput_in_srv=64,443/s tput_out_srv=495/s (records_manager.py:1345)
19:02:57.514 INFO     Per-trace idle cap advanced replay root 7080d42d-43f2-4cf1-9088-5342d59013b7 by 300.779s (replay_dependencies.py:324)
19:03:21.700 INFO     [realtime 42:36 profiling] (records_manager.py:1345)
19:03:21.700 INFO       rps=1.1 (avg 0.5)  tput_in=64,859/s  tput_out=492/s  done=1,204 ok=1,204 err=0 (records_manager.py:1345)
19:03:21.700 INFO       ttft    p50=  356ms  p75=  551ms  p95= 1,051ms  p99= 1,540ms (records_manager.py:1345)
19:03:21.700 INFO       itl     p50=    5ms  p75=    6ms  p95=     7ms  p99=     8ms (records_manager.py:1345)
19:03:21.700 INFO       e2e     p50=2,535ms  p75=6,057ms  p95=23,506ms  p99=50,237ms (records_manager.py:1345)
19:03:21.700 INFO       intvty  p50=    194  p75=    215  p95=     250  p99=     320  (1/tpot tok/s) (records_manager.py:1345)
19:03:21.700 INFO       isl     p50=105,830  p75=155,345  p90= 306,551  p99= 522,192  (tokens) (records_manager.py:1345)
19:03:21.700 INFO       osl     p50=    390  p75=  1,066  p90=   2,575  p99=   9,074  (tokens) (records_manager.py:1345)
19:03:21.700 INFO       tot     in=165,622,583  out=1,255,608 (records_manager.py:1345)
19:03:21.700 INFO       trace  theoretical_prefix_cache_hit=97.2% (records_manager.py:1345)
19:03:21.701 INFO       srv    prefix_cache_hit=97.2% unique_in_srv=4,724,916 kv_usage=10.7% queue=4r/0w tput_in_srv=65,166/s tput_out_srv=494/s (records_manager.py:1345)
19:03:53.316 INFO     [realtime 43:08 profiling] (records_manager.py:1345)
19:03:53.316 INFO       rps=0.4 (avg 0.5)  tput_in=64,785/s  tput_out=495/s  done=1,216 ok=1,216 err=0 (records_manager.py:1345)
19:03:53.316 INFO       ttft    p50=  358ms  p75=  549ms  p95= 1,052ms  p99= 1,530ms (records_manager.py:1345)
19:03:53.316 INFO       itl     p50=    5ms  p75=    6ms  p95=     7ms  p99=     8ms (records_manager.py:1345)
19:03:53.316 INFO       e2e     p50=2,566ms  p75=6,252ms  p95=24,269ms  p99=50,225ms (records_manager.py:1345)
19:03:53.316 INFO       intvty  p50=    194  p75=    215  p95=     250  p99=     317  (1/tpot tok/s) (records_manager.py:1345)
19:03:53.316 INFO       isl     p50=106,074  p75=156,148  p90= 306,508  p99= 524,589  (tokens) (records_manager.py:1345)
19:03:53.316 INFO       osl     p50=    394  p75=  1,092  p90=   2,631  p99=   9,073  (tokens) (records_manager.py:1345)
19:03:53.316 INFO       tot     in=167,517,146  out=1,281,219 (records_manager.py:1345)
19:03:53.317 INFO       trace  theoretical_prefix_cache_hit=97.2% (records_manager.py:1345)
19:03:53.317 INFO       srv    prefix_cache_hit=97.2% unique_in_srv=4,756,043 kv_usage=1.9% queue=2r/0w tput_in_srv=64,828/s tput_out_srv=498/s (records_manager.py:1345)
19:04:24.871 INFO     [realtime 43:39 profiling] (records_manager.py:1345)
19:04:24.871 INFO       rps=0.2 (avg 0.5)  tput_in=64,537/s  tput_out=495/s  done=1,222 ok=1,222 err=0 (records_manager.py:1345)
19:04:24.871 INFO       ttft    p50=  358ms  p75=  548ms  p95= 1,053ms  p99= 1,525ms (records_manager.py:1345)
19:04:24.871 INFO       itl     p50=    5ms  p75=    6ms  p95=     7ms  p99=     8ms (records_manager.py:1345)
19:04:24.871 INFO       e2e     p50=2,592ms  p75=6,261ms  p95=24,318ms  p99=50,219ms (records_manager.py:1345)
19:04:24.871 INFO       intvty  p50=    194  p75=    215  p95=     250  p99=     315  (1/tpot tok/s) (records_manager.py:1345)
19:04:24.871 INFO       isl     p50=106,316  p75=156,891  p90= 306,594  p99= 526,530  (tokens) (records_manager.py:1345)
19:04:24.871 INFO       osl     p50=    396  p75=  1,098  p90=   2,648  p99=   9,073  (tokens) (records_manager.py:1345)
19:04:24.871 INFO       tot     in=168,796,778  out=1,293,862 (records_manager.py:1345)
19:04:24.871 INFO       trace  theoretical_prefix_cache_hit=97.2% (records_manager.py:1345)
19:04:24.871 INFO       srv    prefix_cache_hit=97.2% unique_in_srv=4,760,682 kv_usage=0.0% queue=0r/0w tput_in_srv=64,470/s tput_out_srv=494/s (records_manager.py:1345)
19:04:56.527 INFO     [realtime 44:11 profiling] (records_manager.py:1345)
19:04:56.527 INFO       rps=0.1 (avg 0.5)  tput_in=63,918/s  tput_out=490/s  done=1,224 ok=1,224 err=0 (records_manager.py:1345)
19:04:56.527 INFO       ttft    p50=  358ms  p75=  549ms  p95= 1,053ms  p99= 1,524ms (records_manager.py:1345)
19:04:56.527 INFO       itl     p50=    5ms  p75=    6ms  p95=     7ms  p99=     8ms (records_manager.py:1345)
19:04:56.527 INFO       e2e     p50=2,604ms  p75=6,265ms  p95=24,311ms  p99=50,217ms (records_manager.py:1345)
19:04:56.527 INFO       intvty  p50=    194  p75=    215  p95=     251  p99=     315  (1/tpot tok/s) (records_manager.py:1345)
19:04:56.527 INFO       isl     p50=106,410  p75=157,019  p90= 307,772  p99= 526,491  (tokens) (records_manager.py:1345)
19:04:56.527 INFO       osl     p50=    396  p75=  1,099  p90=   2,646  p99=   9,073  (tokens) (records_manager.py:1345)
19:04:56.527 INFO       tot     in=169,304,386  out=1,296,836 (records_manager.py:1345)
19:04:56.527 INFO       trace  theoretical_prefix_cache_hit=97.2% (records_manager.py:1345)
19:04:56.527 INFO       srv    prefix_cache_hit=97.2% unique_in_srv=4,768,410 kv_usage=6.8% queue=1r/0w tput_in_srv=64,100/s tput_out_srv=490/s (records_manager.py:1345)
19:05:14.598 INFO     Per-trace idle cap advanced replay root 932589f8-de8c-44ed-a4be-43277c752d6d by 510.010s (replay_dependencies.py:324)
19:05:28.119 INFO     [realtime 44:43 profiling] (records_manager.py:1345)
19:05:28.119 INFO       rps=0.1 (avg 0.5)  tput_in=63,895/s  tput_out=487/s  done=1,227 ok=1,227 err=0 (records_manager.py:1345)
19:05:28.119 INFO       ttft    p50=  359ms  p75=  552ms  p95= 1,057ms  p99= 1,521ms (records_manager.py:1345)
19:05:28.119 INFO       itl     p50=    5ms  p75=    6ms  p95=     7ms  p99=     8ms (records_manager.py:1345)
19:05:28.119 INFO       e2e     p50=2,607ms  p75=6,281ms  p95=24,301ms  p99=50,214ms (records_manager.py:1345)
19:05:28.119 INFO       intvty  p50=    194  p75=    215  p95=     250  p99=     314  (1/tpot tok/s) (records_manager.py:1345)
19:05:28.119 INFO       isl     p50=106,510  p75=158,730  p90= 310,294  p99= 528,647  (tokens) (records_manager.py:1345)
19:05:28.119 INFO       osl     p50=    397  p75=  1,100  p90=   2,643  p99=   9,072  (tokens) (records_manager.py:1345)
19:05:28.119 INFO       tot     in=170,632,819  out=1,301,746 (records_manager.py:1345)
19:05:28.119 INFO       trace  theoretical_prefix_cache_hit=97.3% (records_manager.py:1345)
19:05:28.119 INFO       srv    prefix_cache_hit=97.2% unique_in_srv=4,777,389 kv_usage=4.9% queue=1r/0w tput_in_srv=63,780/s tput_out_srv=487/s (records_manager.py:1345)
19:05:34.715 INFO     Per-trace idle cap advanced replay root 63cf5c85-df13-4965-a676-ce726946eb58 by 76.547s (replay_dependencies.py:324)
19:05:59.733 INFO     [realtime 45:14 profiling] (records_manager.py:1345)
19:05:59.733 INFO       rps=0.1 (avg 0.5)  tput_in=63,546/s  tput_out=484/s  done=1,231 ok=1,231 err=0 (records_manager.py:1345)
19:05:59.733 INFO       ttft    p50=  360ms  p75=  558ms  p95= 1,060ms  p99= 1,563ms (records_manager.py:1345)
19:05:59.733 INFO       itl     p50=    5ms  p75=    6ms  p95=     7ms  p99=     8ms (records_manager.py:1345)
19:05:59.733 INFO       e2e     p50=2,618ms  p75=6,307ms  p95=24,520ms  p99=50,210ms (records_manager.py:1345)
19:05:59.733 INFO       intvty  p50=    194  p75=    215  p95=     250  p99=     313  (1/tpot tok/s) (records_manager.py:1345)
19:05:59.733 INFO       isl     p50=106,673  p75=160,557  p90= 311,566  p99= 530,421  (tokens) (records_manager.py:1345)
19:05:59.733 INFO       osl     p50=    397  p75=  1,103  p90=   2,649  p99=   9,072  (tokens) (records_manager.py:1345)
19:05:59.733 INFO       tot     in=171,995,776  out=1,309,083 (records_manager.py:1345)
19:05:59.733 INFO       trace  theoretical_prefix_cache_hit=97.3% (records_manager.py:1345)
19:05:59.733 INFO       srv    prefix_cache_hit=97.2% unique_in_srv=4,914,996 kv_usage=7.4% queue=3r/0w tput_in_srv=63,618/s tput_out_srv=486/s (records_manager.py:1345)
19:06:31.358 INFO     [realtime 45:46 profiling] (records_manager.py:1345)
19:06:31.358 INFO       rps=0.6 (avg 0.5)  tput_in=63,790/s  tput_out=486/s  done=1,250 ok=1,250 err=0 (records_manager.py:1345)
19:06:31.358 INFO       ttft    p50=  360ms  p75=  567ms  p95= 1,060ms  p99= 1,599ms (records_manager.py:1345)
19:06:31.358 INFO       itl     p50=    5ms  p75=    6ms  p95=     7ms  p99=     8ms (records_manager.py:1345)
19:06:31.358 INFO       e2e     p50=2,579ms  p75=6,299ms  p95=24,741ms  p99=51,397ms (records_manager.py:1345)
19:06:31.358 INFO       intvty  p50=    195  p75=    215  p95=     251  p99=     335  (1/tpot tok/s) (records_manager.py:1345)
19:06:31.358 INFO       isl     p50=106,410  p75=161,272  p90= 314,643  p99= 530,102  (tokens) (records_manager.py:1345)
19:06:31.358 INFO       osl     p50=    394  p75=  1,100  p90=   2,664  p99=   9,075  (tokens) (records_manager.py:1345)
19:06:31.358 INFO       tot     in=175,022,809  out=1,332,420 (records_manager.py:1345)
19:06:31.358 INFO       trace  theoretical_prefix_cache_hit=97.2% (records_manager.py:1345)
19:06:31.358 INFO       srv    prefix_cache_hit=97.1% unique_in_srv=5,021,398 kv_usage=1.1% queue=2r/0w tput_in_srv=63,799/s tput_out_srv=486/s (records_manager.py:1345)
19:06:44.688 INFO     Per-trace idle cap advanced replay root 0d8af77e-53c0-4352-a79a-21db06273070 by 617.604s (replay_dependencies.py:324)
19:07:03.037 INFO     [realtime 46:18 profiling] (records_manager.py:1345)
19:07:03.037 INFO       rps=0.9 (avg 0.5)  tput_in=64,280/s  tput_out=485/s  done=1,278 ok=1,278 err=0 (records_manager.py:1345)
19:07:03.037 INFO       ttft    p50=  362ms  p75=  568ms  p95= 1,063ms  p99= 1,580ms (records_manager.py:1345)
19:07:03.037 INFO       itl     p50=    5ms  p75=    6ms  p95=     7ms  p99=     8ms (records_manager.py:1345)
19:07:03.037 INFO       e2e     p50=2,554ms  p75=6,261ms  p95=24,381ms  p99=50,762ms (records_manager.py:1345)
19:07:03.037 INFO       intvty  p50=    194  p75=    215  p95=     251  p99=     351  (1/tpot tok/s) (records_manager.py:1345)
19:07:03.037 INFO       isl     p50=105,632  p75=159,220  p90= 314,661  p99= 531,058  (tokens) (records_manager.py:1345)
19:07:03.037 INFO       osl     p50=    392  p75=  1,090  p90=   2,628  p99=   9,074  (tokens) (records_manager.py:1345)
19:07:03.037 INFO       tot     in=178,233,816  out=1,344,589 (records_manager.py:1345)
19:07:03.037 INFO       trace  theoretical_prefix_cache_hit=97.2% (records_manager.py:1345)
19:07:03.037 INFO       srv    prefix_cache_hit=97.1% unique_in_srv=5,170,911 kv_usage=9.9% queue=6r/0w tput_in_srv=64,509/s tput_out_srv=486/s (records_manager.py:1345)
19:07:34.666 INFO     [realtime 46:49 profiling] (records_manager.py:1345)
19:07:34.666 INFO       rps=1.0 (avg 0.5)  tput_in=64,564/s  tput_out=487/s  done=1,309 ok=1,309 err=0 (records_manager.py:1345)
19:07:34.666 INFO       ttft    p50=  362ms  p75=  568ms  p95= 1,060ms  p99= 1,563ms (records_manager.py:1345)
19:07:34.666 INFO       itl     p50=    5ms  p75=    6ms  p95=     7ms  p99=     8ms (records_manager.py:1345)
19:07:34.666 INFO       e2e     p50=2,619ms  p75=6,241ms  p95=24,294ms  p99=50,232ms (records_manager.py:1345)
19:07:34.666 INFO       intvty  p50=    194  p75=    215  p95=     250  p99=     347  (1/tpot tok/s) (records_manager.py:1345)
19:07:34.666 INFO       isl     p50=105,301  p75=155,950  p90= 313,625  p99= 530,789  (tokens) (records_manager.py:1345)
19:07:34.666 INFO       osl     p50=    397  p75=  1,061  p90=   2,582  p99=   9,074  (tokens) (records_manager.py:1345)
19:07:34.666 INFO       tot     in=181,303,291  out=1,366,434 (records_manager.py:1345)
19:07:34.666 INFO       trace  theoretical_prefix_cache_hit=97.2% (records_manager.py:1345)
19:07:34.666 INFO       srv    prefix_cache_hit=97.1% unique_in_srv=5,312,785 kv_usage=11.6% queue=6r/0w tput_in_srv=64,878/s tput_out_srv=489/s (records_manager.py:1345)
19:08:06.326 INFO     [realtime 47:21 profiling] (records_manager.py:1345)
19:08:06.326 INFO       rps=0.7 (avg 0.5)  tput_in=64,804/s  tput_out=486/s  done=1,331 ok=1,331 err=0 (records_manager.py:1345)
19:08:06.326 INFO       ttft    p50=  362ms  p75=  568ms  p95= 1,060ms  p99= 1,563ms (records_manager.py:1345)
19:08:06.326 INFO       itl     p50=    5ms  p75=    6ms  p95=     7ms  p99=     8ms (records_manager.py:1345)
19:08:06.326 INFO       e2e     p50=2,653ms  p75=6,160ms  p95=24,203ms  p99=50,210ms (records_manager.py:1345)
19:08:06.326 INFO       intvty  p50=    193  p75=    215  p95=     250  p99=     341  (1/tpot tok/s) (records_manager.py:1345)
19:08:06.326 INFO       isl     p50=105,296  p75=155,220  p90= 313,241  p99= 531,335  (tokens) (records_manager.py:1345)
19:08:06.326 INFO       osl     p50=    401  p75=  1,048  p90=   2,575  p99=   9,072  (tokens) (records_manager.py:1345)
19:08:06.326 INFO       tot     in=184,009,597  out=1,379,467 (records_manager.py:1345)
19:08:06.326 INFO       trace  theoretical_prefix_cache_hit=97.1% (records_manager.py:1345)
19:08:06.326 INFO       srv    prefix_cache_hit=97.1% unique_in_srv=5,442,691 kv_usage=9.5% queue=4r/0w tput_in_srv=65,078/s tput_out_srv=490/s (records_manager.py:1345)
19:08:38.080 INFO     [realtime 47:53 profiling] (records_manager.py:1345)
19:08:38.080 INFO       rps=0.6 (avg 0.5)  tput_in=64,934/s  tput_out=490/s  done=1,350 ok=1,350 err=0 (records_manager.py:1345)
19:08:38.080 INFO       ttft    p50=  362ms  p75=  568ms  p95= 1,060ms  p99= 1,563ms (records_manager.py:1345)
19:08:38.080 INFO       itl     p50=    5ms  p75=    6ms  p95=     7ms  p99=     8ms (records_manager.py:1345)
19:08:38.080 INFO       e2e     p50=2,659ms  p75=6,142ms  p95=24,290ms  p99=51,397ms (records_manager.py:1345)
19:08:38.080 INFO       intvty  p50=    193  p75=    215  p95=     250  p99=     335  (1/tpot tok/s) (records_manager.py:1345)
19:08:38.080 INFO       isl     p50=105,122  p75=154,820  p90= 313,259  p99= 531,223  (tokens) (records_manager.py:1345)
19:08:38.081 INFO       osl     p50=    402  p75=  1,048  p90=   2,581  p99=   9,071  (tokens) (records_manager.py:1345)
19:08:38.081 INFO       tot     in=186,402,151  out=1,405,808 (records_manager.py:1345)
19:08:38.081 INFO       trace  theoretical_prefix_cache_hit=97.1% (records_manager.py:1345)
19:08:38.081 INFO       srv    prefix_cache_hit=97.1% unique_in_srv=5,503,766 kv_usage=8.3% queue=3r/0w tput_in_srv=65,154/s tput_out_srv=491/s (records_manager.py:1345)
19:09:09.896 INFO     [realtime 48:25 profiling] (records_manager.py:1345)
19:09:09.897 INFO       rps=0.6 (avg 0.5)  tput_in=65,222/s  tput_out=487/s  done=1,369 ok=1,369 err=0 (records_manager.py:1345)
19:09:09.897 INFO       ttft    p50=  362ms  p75=  567ms  p95= 1,059ms  p99= 1,563ms (records_manager.py:1345)
19:09:09.897 INFO       itl     p50=    5ms  p75=    6ms  p95=     7ms  p99=     8ms (records_manager.py:1345)
19:09:09.897 INFO       e2e     p50=2,627ms  p75=6,042ms  p95=24,213ms  p99=50,966ms (records_manager.py:1345)
19:09:09.897 INFO       intvty  p50=    193  p75=    214  p95=     250  p99=     330  (1/tpot tok/s) (records_manager.py:1345)
19:09:09.897 INFO       isl     p50=105,150  p75=154,522  p90= 313,625  p99= 531,111  (tokens) (records_manager.py:1345)
19:09:09.897 INFO       osl     p50=    397  p75=  1,040  p90=   2,575  p99=   9,070  (tokens) (records_manager.py:1345)
19:09:09.897 INFO       tot     in=189,345,228  out=1,413,476 (records_manager.py:1345)
19:09:09.897 INFO       trace  theoretical_prefix_cache_hit=97.2% (records_manager.py:1345)
19:09:09.897 INFO       srv    prefix_cache_hit=97.1% unique_in_srv=5,543,847 kv_usage=9.8% queue=4r/0w tput_in_srv=65,463/s tput_out_srv=491/s (records_manager.py:1345)
19:09:41.632 INFO     [realtime 48:56 profiling] (records_manager.py:1345)
19:09:41.632 INFO       rps=0.3 (avg 0.5)  tput_in=65,223/s  tput_out=489/s  done=1,377 ok=1,377 err=0 (records_manager.py:1345)
19:09:41.632 INFO       ttft    p50=  363ms  p75=  568ms  p95= 1,059ms  p99= 1,563ms (records_manager.py:1345)
19:09:41.632 INFO       itl     p50=    5ms  p75=    6ms  p95=     7ms  p99=     8ms (records_manager.py:1345)
19:09:41.632 INFO       e2e     p50=2,645ms  p75=6,049ms  p95=24,266ms  p99=52,611ms (records_manager.py:1345)
19:09:41.632 INFO       intvty  p50=    193  p75=    214  p95=     250  p99=     328  (1/tpot tok/s) (records_manager.py:1345)
19:09:41.632 INFO       isl     p50=105,301  p75=154,852  p90= 314,670  p99= 532,129  (tokens) (records_manager.py:1345)
19:09:41.632 INFO       osl     p50=    400  p75=  1,041  p90=   2,576  p99=   9,074  (tokens) (records_manager.py:1345)
19:09:41.632 INFO       tot     in=191,408,664  out=1,434,448 (records_manager.py:1345)
19:09:41.632 INFO       trace  theoretical_prefix_cache_hit=97.2% (records_manager.py:1345)
19:09:41.632 INFO       srv    prefix_cache_hit=97.1% unique_in_srv=5,552,686 kv_usage=6.5% queue=2r/0w tput_in_srv=65,396/s tput_out_srv=492/s (records_manager.py:1345)
19:10:13.456 INFO     [realtime 49:28 profiling] (records_manager.py:1345)
19:10:13.456 INFO       rps=0.1 (avg 0.5)  tput_in=65,225/s  tput_out=491/s  done=1,380 ok=1,380 err=0 (records_manager.py:1345)
19:10:13.456 INFO       ttft    p50=  364ms  p75=  568ms  p95= 1,059ms  p99= 1,563ms (records_manager.py:1345)
19:10:13.456 INFO       itl     p50=    5ms  p75=    6ms  p95=     7ms  p99=     8ms (records_manager.py:1345)
19:10:13.456 INFO       e2e     p50=2,653ms  p75=6,129ms  p95=24,334ms  p99=52,598ms (records_manager.py:1345)
19:10:13.456 INFO       intvty  p50=    193  p75=    214  p95=     250  p99=     327  (1/tpot tok/s) (records_manager.py:1345)
19:10:13.456 INFO       isl     p50=105,368  p75=155,170  p90= 314,923  p99= 532,051  (tokens) (records_manager.py:1345)
19:10:13.456 INFO       osl     p50=    402  p75=  1,048  p90=   2,593  p99=   9,074  (tokens) (records_manager.py:1345)
19:10:13.456 INFO       tot     in=192,364,714  out=1,447,578 (records_manager.py:1345)
19:10:13.456 INFO       trace  theoretical_prefix_cache_hit=97.2% (records_manager.py:1345)
19:10:13.456 INFO       srv    prefix_cache_hit=97.1% unique_in_srv=5,562,983 kv_usage=13.9% queue=3r/0w tput_in_srv=65,222/s tput_out_srv=491/s (records_manager.py:1345)
19:10:45.206 INFO     [realtime 50:00 profiling] (records_manager.py:1345)
19:10:45.206 INFO       rps=0.2 (avg 0.5)  tput_in=65,018/s  tput_out=487/s  done=1,386 ok=1,386 err=0 (records_manager.py:1345)
19:10:45.206 INFO       ttft    p50=  364ms  p75=  569ms  p95= 1,061ms  p99= 1,563ms (records_manager.py:1345)
19:10:45.206 INFO       itl     p50=    5ms  p75=    6ms  p95=     7ms  p99=     8ms (records_manager.py:1345)
19:10:45.206 INFO       e2e     p50=2,654ms  p75=6,165ms  p95=24,504ms  p99=52,573ms (records_manager.py:1345)
19:10:45.206 INFO       intvty  p50=    193  p75=    215  p95=     250  p99=     325  (1/tpot tok/s) (records_manager.py:1345)
19:10:45.206 INFO       isl     p50=105,542  p75=156,545  p90= 318,348  p99= 534,383  (tokens) (records_manager.py:1345)
19:10:45.206 INFO       osl     p50=    402  p75=  1,049  p90=   2,600  p99=   9,074  (tokens) (records_manager.py:1345)
19:10:45.206 INFO       tot     in=194,808,568  out=1,460,504 (records_manager.py:1345)
19:10:45.206 INFO       trace  theoretical_prefix_cache_hit=97.2% (records_manager.py:1345)
19:10:45.206 INFO       srv    prefix_cache_hit=97.1% unique_in_srv=5,571,448 kv_usage=0.0% queue=0r/0w tput_in_srv=64,973/s tput_out_srv=487/s (records_manager.py:1345)
19:11:17.029 INFO     [realtime 50:32 profiling] (records_manager.py:1345)
19:11:17.030 INFO       rps=0.2 (avg 0.5)  tput_in=64,830/s  tput_out=483/s  done=1,391 ok=1,391 err=0 (records_manager.py:1345)
19:11:17.030 INFO       ttft    p50=  364ms  p75=  571ms  p95= 1,061ms  p99= 1,563ms (records_manager.py:1345)
19:11:17.030 INFO       itl     p50=    5ms  p75=    6ms  p95=     7ms  p99=     8ms (records_manager.py:1345)
19:11:17.030 INFO       e2e     p50=2,654ms  p75=6,135ms  p95=24,443ms  p99=52,552ms (records_manager.py:1345)
19:11:17.030 INFO       intvty  p50=    193  p75=    215  p95=     250  p99=     323  (1/tpot tok/s) (records_manager.py:1345)
19:11:17.030 INFO       isl     p50=105,699  p75=157,122  p90= 319,460  p99= 536,398  (tokens) (records_manager.py:1345)
19:11:17.030 INFO       osl     p50=    403  p75=  1,048  p90=   2,591  p99=   9,074  (tokens) (records_manager.py:1345)
19:11:17.030 INFO       tot     in=196,271,061  out=1,462,795 (records_manager.py:1345)
19:11:17.030 INFO       trace  theoretical_prefix_cache_hit=97.2% (records_manager.py:1345)
19:11:17.030 INFO       srv    prefix_cache_hit=97.1% unique_in_srv=5,615,043 kv_usage=7.6% queue=2r/0w tput_in_srv=64,980/s tput_out_srv=484/s (records_manager.py:1345)
19:11:48.772 INFO     [realtime 51:03 profiling] (records_manager.py:1345)
19:11:48.773 INFO       rps=0.1 (avg 0.5)  tput_in=64,837/s  tput_out=481/s  done=1,395 ok=1,395 err=0 (records_manager.py:1345)
19:11:48.773 INFO       ttft    p50=  365ms  p75=  575ms  p95= 1,064ms  p99= 1,563ms (records_manager.py:1345)
19:11:48.773 INFO       itl     p50=    5ms  p75=    6ms  p95=     7ms  p99=     8ms (records_manager.py:1345)
19:11:48.773 INFO       e2e     p50=2,664ms  p75=6,160ms  p95=24,395ms  p99=52,535ms (records_manager.py:1345)
19:11:48.773 INFO       intvty  p50=    193  p75=    215  p95=     250  p99=     322  (1/tpot tok/s) (records_manager.py:1345)
19:11:48.773 INFO       isl     p50=105,772  p75=159,964  p90= 323,891  p99= 539,372  (tokens) (records_manager.py:1345)
19:11:48.773 INFO       osl     p50=    405  p75=  1,048  p90=   2,602  p99=   9,074  (tokens) (records_manager.py:1345)
19:11:48.773 INFO       tot     in=198,182,011  out=1,471,078 (records_manager.py:1345)
19:11:48.773 INFO       trace  theoretical_prefix_cache_hit=97.2% (records_manager.py:1345)
19:11:48.773 INFO       srv    prefix_cache_hit=97.2% unique_in_srv=5,622,575 kv_usage=2.2% queue=1r/0w tput_in_srv=64,779/s tput_out_srv=483/s (records_manager.py:1345)
19:12:20.676 INFO     [realtime 51:35 profiling] (records_manager.py:1345)
19:12:20.676 INFO       rps=0.1 (avg 0.5)  tput_in=64,552/s  tput_out=478/s  done=1,398 ok=1,398 err=0 (records_manager.py:1345)
19:12:20.676 INFO       ttft    p50=  365ms  p75=  579ms  p95= 1,072ms  p99= 1,565ms (records_manager.py:1345)
19:12:20.676 INFO       itl     p50=    5ms  p75=    6ms  p95=     7ms  p99=     8ms (records_manager.py:1345)
19:12:20.676 INFO       e2e     p50=2,669ms  p75=6,190ms  p95=24,358ms  p99=52,522ms (records_manager.py:1345)
19:12:20.676 INFO       intvty  p50=    194  p75=    215  p95=     250  p99=     321  (1/tpot tok/s) (records_manager.py:1345)
19:12:20.676 INFO       isl     p50=105,786  p75=161,232  p90= 326,991  p99= 539,328  (tokens) (records_manager.py:1345)
19:12:20.676 INFO       osl     p50=    405  p75=  1,058  p90=   2,613  p99=   9,074  (tokens) (records_manager.py:1345)
19:12:20.676 INFO       tot     in=199,476,757  out=1,477,944 (records_manager.py:1345)
19:12:20.676 INFO       trace  theoretical_prefix_cache_hit=97.2% (records_manager.py:1345)
19:12:20.676 INFO       srv    prefix_cache_hit=97.2% unique_in_srv=5,670,869 kv_usage=13.9% queue=3r/0w tput_in_srv=64,842/s tput_out_srv=483/s (records_manager.py:1345)
19:12:32.676 INFO     Per-trace idle cap advanced replay root 7080d42d-43f2-4cf1-9088-5342d59013b7 by 301.368s (replay_dependencies.py:324)
19:12:52.697 INFO     [realtime 52:07 profiling] (records_manager.py:1345)
19:12:52.697 INFO       rps=0.1 (avg 0.4)  tput_in=64,269/s  tput_out=476/s  done=1,401 ok=1,401 err=0 (records_manager.py:1345)
19:12:52.697 INFO       ttft    p50=  365ms  p75=  581ms  p95= 1,075ms  p99= 1,563ms (records_manager.py:1345)
19:12:52.697 INFO       itl     p50=    5ms  p75=    6ms  p95=     7ms  p99=     8ms (records_manager.py:1345)
19:12:52.697 INFO       e2e     p50=2,673ms  p75=6,241ms  p95=24,565ms  p99=52,509ms (records_manager.py:1345)
19:12:52.697 INFO       intvty  p50=    194  p75=    215  p95=     250  p99=     321  (1/tpot tok/s) (records_manager.py:1345)
19:12:52.697 INFO       isl     p50=105,864  p75=161,398  p90= 329,104  p99= 540,768  (tokens) (records_manager.py:1345)
19:12:52.697 INFO       osl     p50=    405  p75=  1,061  p90=   2,639  p99=   9,074  (tokens) (records_manager.py:1345)
19:12:52.697 INFO       tot     in=200,623,485  out=1,485,321 (records_manager.py:1345)
19:12:52.697 INFO       trace  theoretical_prefix_cache_hit=97.3% (records_manager.py:1345)
19:12:52.697 INFO       srv    prefix_cache_hit=97.2% unique_in_srv=5,673,885 kv_usage=9.4% queue=3r/0w tput_in_srv=64,422/s tput_out_srv=484/s (records_manager.py:1345)
19:13:24.573 INFO     [realtime 52:39 profiling] (records_manager.py:1345)
19:13:24.573 INFO       rps=0.2 (avg 0.4)  tput_in=64,183/s  tput_out=484/s  done=1,407 ok=1,407 err=0 (records_manager.py:1345)
19:13:24.573 INFO       ttft    p50=  366ms  p75=  582ms  p95= 1,087ms  p99= 1,630ms (records_manager.py:1345)
19:13:24.573 INFO       itl     p50=    5ms  p75=    6ms  p95=     7ms  p99=     8ms (records_manager.py:1345)
19:13:24.573 INFO       e2e     p50=2,674ms  p75=6,261ms  p95=25,046ms  p99=52,909ms (records_manager.py:1345)
19:13:24.573 INFO       intvty  p50=    193  p75=    215  p95=     250  p99=     319  (1/tpot tok/s) (records_manager.py:1345)
19:13:24.573 INFO       isl     p50=106,349  p75=164,722  p90= 332,384  p99= 540,679  (tokens) (records_manager.py:1345)
19:13:24.573 INFO       osl     p50=    405  p75=  1,085  p90=   2,656  p99=   9,075  (tokens) (records_manager.py:1345)
19:13:24.573 INFO       tot     in=202,219,257  out=1,525,953 (records_manager.py:1345)
19:13:24.573 INFO       trace  theoretical_prefix_cache_hit=97.3% (records_manager.py:1345)
19:13:24.573 INFO       srv    prefix_cache_hit=97.2% unique_in_srv=5,690,875 kv_usage=14.9% queue=3r/0w tput_in_srv=64,425/s tput_out_srv=485/s (records_manager.py:1345)
19:13:56.646 INFO     [realtime 53:11 profiling] (records_manager.py:1345)
19:13:56.646 INFO       rps=0.2 (avg 0.4)  tput_in=64,257/s  tput_out=483/s  done=1,415 ok=1,415 err=0 (records_manager.py:1345)
19:13:56.646 INFO       ttft    p50=  367ms  p75=  584ms  p95= 1,093ms  p99= 1,636ms (records_manager.py:1345)
19:13:56.646 INFO       itl     p50=    5ms  p75=    6ms  p95=     7ms  p99=     8ms (records_manager.py:1345)
19:13:56.646 INFO       e2e     p50=2,694ms  p75=6,276ms  p95=24,883ms  p99=52,875ms (records_manager.py:1345)
19:13:56.646 INFO       intvty  p50=    194  p75=    215  p95=     250  p99=     317  (1/tpot tok/s) (records_manager.py:1345)
19:13:56.646 INFO       isl     p50=106,673  p75=166,926  p90= 334,925  p99= 542,978  (tokens) (records_manager.py:1345)
19:13:56.646 INFO       osl     p50=    407  p75=  1,098  p90=   2,686  p99=   9,075  (tokens) (records_manager.py:1345)
19:13:56.646 INFO       tot     in=204,939,468  out=1,540,701 (records_manager.py:1345)
19:13:56.646 INFO       trace  theoretical_prefix_cache_hit=97.3% (records_manager.py:1345)
19:13:56.646 INFO       srv    prefix_cache_hit=97.2% unique_in_srv=5,704,524 kv_usage=2.4% queue=1r/0w tput_in_srv=64,257/s tput_out_srv=483/s (records_manager.py:1345)
19:14:07.496 INFO     Per-trace idle cap advanced replay root 2e534fb2-9c0d-495c-9764-54fc345a070e by 372.053s (replay_dependencies.py:324)
19:14:23.616 INFO     Per-trace idle cap advanced replay root 932589f8-de8c-44ed-a4be-43277c752d6d by 5236.483s (replay_dependencies.py:324)
19:14:28.568 INFO     [realtime 53:43 profiling] (records_manager.py:1345)
19:14:28.568 INFO       rps=0.1 (avg 0.4)  tput_in=64,061/s  tput_out=480/s  done=1,419 ok=1,419 err=0 (records_manager.py:1345)
19:14:28.568 INFO       ttft    p50=  367ms  p75=  586ms  p95= 1,097ms  p99= 1,642ms (records_manager.py:1345)
19:14:28.568 INFO       itl     p50=    5ms  p75=    6ms  p95=     7ms  p99=     8ms (records_manager.py:1345)
19:14:28.568 INFO       e2e     p50=2,696ms  p75=6,276ms  p95=24,907ms  p99=52,858ms (records_manager.py:1345)
19:14:28.568 INFO       intvty  p50=    194  p75=    215  p95=     251  p99=     344  (1/tpot tok/s) (records_manager.py:1345)
19:14:28.568 INFO       isl     p50=106,905  p75=167,908  p90= 335,313  p99= 542,875  (tokens) (records_manager.py:1345)
19:14:28.568 INFO       osl     p50=    406  p75=  1,098  p90=   2,706  p99=   9,075  (tokens) (records_manager.py:1345)
19:14:28.568 INFO       tot     in=205,991,502  out=1,544,820 (records_manager.py:1345)
19:14:28.568 INFO       trace  theoretical_prefix_cache_hit=97.3% (records_manager.py:1345)
19:14:28.568 INFO       srv    prefix_cache_hit=97.2% unique_in_srv=5,905,407 kv_usage=21.0% queue=5r/0w tput_in_srv=64,469/s tput_out_srv=483/s (records_manager.py:1345)
19:15:00.642 INFO     [realtime 54:15 profiling] (records_manager.py:1345)
19:15:00.643 INFO       rps=0.3 (avg 0.4)  tput_in=64,349/s  tput_out=482/s  done=1,428 ok=1,428 err=0 (records_manager.py:1345)
19:15:00.643 INFO       ttft    p50=  368ms  p75=  591ms  p95= 1,101ms  p99= 1,641ms (records_manager.py:1345)
19:15:00.643 INFO       itl     p50=    5ms  p75=    6ms  p95=     7ms  p99=     8ms (records_manager.py:1345)
19:15:00.643 INFO       e2e     p50=2,714ms  p75=6,328ms  p95=25,322ms  p99=52,819ms (records_manager.py:1345)
19:15:00.643 INFO       intvty  p50=    194  p75=    215  p95=     250  p99=     342  (1/tpot tok/s) (records_manager.py:1345)
19:15:00.643 INFO       isl     p50=107,022  p75=169,602  p90= 338,644  p99= 545,448  (tokens) (records_manager.py:1345)
19:15:00.643 INFO       osl     p50=    410  p75=  1,102  p90=   2,752  p99=   9,075  (tokens) (records_manager.py:1345)
19:15:00.643 INFO       tot     in=209,337,760  out=1,568,740 (records_manager.py:1345)
19:15:00.643 INFO       trace  theoretical_prefix_cache_hit=97.3% (records_manager.py:1345)
19:15:00.643 INFO       srv    prefix_cache_hit=97.2% unique_in_srv=5,915,808 kv_usage=0.0% queue=0r/0w tput_in_srv=64,344/s tput_out_srv=482/s (records_manager.py:1345)
19:15:32.567 INFO     [realtime 54:47 profiling] (records_manager.py:1345)
19:15:32.567 INFO       rps=0.1 (avg 0.4)  tput_in=64,185/s  tput_out=480/s  done=1,431 ok=1,431 err=0 (records_manager.py:1345)
19:15:32.567 INFO       ttft    p50=  368ms  p75=  592ms  p95= 1,104ms  p99= 1,641ms (records_manager.py:1345)
19:15:32.567 INFO       itl     p50=    5ms  p75=    6ms  p95=     7ms  p99=     8ms (records_manager.py:1345)
19:15:32.567 INFO       e2e     p50=2,716ms  p75=6,384ms  p95=25,313ms  p99=52,807ms (records_manager.py:1345)
19:15:32.568 INFO       intvty  p50=    194  p75=    215  p95=     250  p99=     341  (1/tpot tok/s) (records_manager.py:1345)
19:15:32.568 INFO       isl     p50=107,226  p75=170,278  p90= 339,384  p99= 547,175  (tokens) (records_manager.py:1345)
19:15:32.568 INFO       osl     p50=    411  p75=  1,110  p90=   2,791  p99=   9,075  (tokens) (records_manager.py:1345)
19:15:32.568 INFO       tot     in=210,878,087  out=1,576,013 (records_manager.py:1345)
19:15:32.568 INFO       trace  theoretical_prefix_cache_hit=97.3% (records_manager.py:1345)
19:15:32.568 INFO       srv    prefix_cache_hit=97.1% unique_in_srv=6,043,020 kv_usage=7.4% queue=2r/0w tput_in_srv=64,223/s tput_out_srv=480/s (records_manager.py:1345)
19:16:04.674 INFO     [realtime 55:19 profiling] (records_manager.py:1345)
19:16:04.674 INFO       rps=0.1 (avg 0.4)  tput_in=63,902/s  tput_out=478/s  done=1,434 ok=1,434 err=0 (records_manager.py:1345)
19:16:04.674 INFO       ttft    p50=  368ms  p75=  593ms  p95= 1,108ms  p99= 1,656ms (records_manager.py:1345)
19:16:04.674 INFO       itl     p50=    5ms  p75=    6ms  p95=     7ms  p99=     8ms (records_manager.py:1345)
19:16:04.674 INFO       e2e     p50=2,733ms  p75=6,390ms  p95=25,303ms  p99=52,794ms (records_manager.py:1345)
19:16:04.674 INFO       intvty  p50=    194  p75=    215  p95=     251  p99=     340  (1/tpot tok/s) (records_manager.py:1345)
19:16:04.674 INFO       isl     p50=107,470  p75=170,814  p90= 339,919  p99= 547,135  (tokens) (records_manager.py:1345)
19:16:04.674 INFO       osl     p50=    412  p75=  1,111  p90=   2,792  p99=   9,075  (tokens) (records_manager.py:1345)
19:16:04.674 INFO       tot     in=211,676,676  out=1,582,744 (records_manager.py:1345)
19:16:04.674 INFO       trace  theoretical_prefix_cache_hit=97.3% (records_manager.py:1345)
19:16:04.674 INFO       srv    prefix_cache_hit=97.1% unique_in_srv=6,048,132 kv_usage=0.0% queue=0r/0w tput_in_srv=63,808/s tput_out_srv=477/s (records_manager.py:1345)
19:16:12.350 INFO     Per-trace idle cap advanced replay root e16b0792-784b-4bf5-9348-4493f13a437e by 230.513s (replay_dependencies.py:324)
19:16:36.627 INFO     [realtime 55:51 profiling] (records_manager.py:1345)
19:16:36.627 INFO       rps=0.1 (avg 0.4)  tput_in=63,819/s  tput_out=474/s  done=1,437 ok=1,437 err=0 (records_manager.py:1345)
19:16:36.627 INFO       ttft    p50=  368ms  p75=  596ms  p95= 1,114ms  p99= 1,655ms (records_manager.py:1345)
19:16:36.627 INFO       itl     p50=    5ms  p75=    6ms  p95=     7ms  p99=     8ms (records_manager.py:1345)
19:16:36.627 INFO       e2e     p50=2,740ms  p75=6,390ms  p95=25,293ms  p99=52,781ms (records_manager.py:1345)
19:16:36.627 INFO       intvty  p50=    194  p75=    215  p95=     251  p99=     339  (1/tpot tok/s) (records_manager.py:1345)
19:16:36.627 INFO       isl     p50=107,704  p75=171,363  p90= 341,658  p99= 549,021  (tokens) (records_manager.py:1345)
19:16:36.627 INFO       osl     p50=    413  p75=  1,112  p90=   2,792  p99=   9,075  (tokens) (records_manager.py:1345)
19:16:36.627 INFO       tot     in=213,236,004  out=1,585,234 (records_manager.py:1345)
19:16:36.627 INFO       trace  theoretical_prefix_cache_hit=97.3% (records_manager.py:1345)
19:16:36.627 INFO       srv    prefix_cache_hit=97.1% unique_in_srv=6,107,394 kv_usage=1.1% queue=1r/0w tput_in_srv=63,683/s tput_out_srv=475/s (records_manager.py:1345)
19:17:08.688 INFO     [realtime 56:23 profiling] (records_manager.py:1345)
19:17:08.689 INFO       rps=0.1 (avg 0.4)  tput_in=63,316/s  tput_out=473/s  done=1,440 ok=1,440 err=0 (records_manager.py:1345)
19:17:08.689 INFO       ttft    p50=  368ms  p75=  598ms  p95= 1,115ms  p99= 1,655ms (records_manager.py:1345)
19:17:08.689 INFO       itl     p50=    5ms  p75=    6ms  p95=     7ms  p99=     8ms (records_manager.py:1345)
19:17:08.689 INFO       e2e     p50=2,750ms  p75=6,391ms  p95=25,347ms  p99=52,768ms (records_manager.py:1345)
19:17:08.689 INFO       intvty  p50=    194  p75=    215  p95=     251  p99=     338  (1/tpot tok/s) (records_manager.py:1345)
19:17:08.689 INFO       isl     p50=107,764  p75=171,447  p90= 342,020  p99= 548,953  (tokens) (records_manager.py:1345)
19:17:08.689 INFO       osl     p50=    415  p75=  1,123  p90=   2,796  p99=   9,075  (tokens) (records_manager.py:1345)
19:17:08.689 INFO       tot     in=213,937,624  out=1,597,114 (records_manager.py:1345)
19:17:08.689 INFO       trace  theoretical_prefix_cache_hit=97.3% (records_manager.py:1345)
19:17:08.689 INFO       srv    prefix_cache_hit=97.2% unique_in_srv=6,114,688 kv_usage=7.6% queue=2r/0w tput_in_srv=63,452/s tput_out_srv=473/s (records_manager.py:1345)
19:17:40.785 INFO     [realtime 56:55 profiling] (records_manager.py:1345)
19:17:40.786 INFO       rps=0.1 (avg 0.4)  tput_in=63,078/s  tput_out=470/s  done=1,444 ok=1,444 err=0 (records_manager.py:1345)
19:17:40.786 INFO       ttft    p50=  368ms  p75=  598ms  p95= 1,122ms  p99= 1,654ms (records_manager.py:1345)
19:17:40.786 INFO       itl     p50=    5ms  p75=    6ms  p95=     7ms  p99=     8ms (records_manager.py:1345)
19:17:40.786 INFO       e2e     p50=2,750ms  p75=6,395ms  p95=25,335ms  p99=52,751ms (records_manager.py:1345)
19:17:40.786 INFO       intvty  p50=    194  p75=    215  p95=     252  p99=     337  (1/tpot tok/s) (records_manager.py:1345)
19:17:40.786 INFO       isl     p50=107,968  p75=171,714  p90= 343,697  p99= 548,863  (tokens) (records_manager.py:1345)
19:17:40.786 INFO       osl     p50=    417  p75=  1,123  p90=   2,801  p99=   9,075  (tokens) (records_manager.py:1345)
19:17:40.786 INFO       tot     in=215,180,156  out=1,604,804 (records_manager.py:1345)
19:17:40.786 INFO       trace  theoretical_prefix_cache_hit=97.3% (records_manager.py:1345)
19:17:40.786 INFO       srv    prefix_cache_hit=97.2% unique_in_srv=6,117,756 kv_usage=0.0% queue=0r/0w tput_in_srv=63,033/s tput_out_srv=470/s (records_manager.py:1345)
19:18:00.548 INFO     Per-trace idle cap advanced replay root c3158f0a-eeea-48d8-963b-74738eaae45d by 658.008s (replay_dependencies.py:324)
19:18:11.704 INFO     Per-trace idle cap advanced replay root 63cf5c85-df13-4965-a676-ce726946eb58 by 690.937s (replay_dependencies.py:324)
19:18:12.937 INFO     [realtime 57:28 profiling] (records_manager.py:1345)
19:18:12.937 INFO       rps=0.1 (avg 0.4)  tput_in=62,833/s  tput_out=468/s  done=1,448 ok=1,448 err=0 (records_manager.py:1345)
19:18:12.937 INFO       ttft    p50=  368ms  p75=  599ms  p95= 1,125ms  p99= 1,653ms (records_manager.py:1345)
19:18:12.937 INFO       itl     p50=    5ms  p75=    6ms  p95=     7ms  p99=     8ms (records_manager.py:1345)
19:18:12.937 INFO       e2e     p50=2,762ms  p75=6,395ms  p95=25,322ms  p99=52,734ms (records_manager.py:1345)
19:18:12.937 INFO       intvty  p50=    194  p75=    216  p95=     252  p99=     336  (1/tpot tok/s) (records_manager.py:1345)
19:18:12.937 INFO       isl     p50=107,968  p75=171,766  p90= 343,932  p99= 548,773  (tokens) (records_manager.py:1345)
19:18:12.937 INFO       osl     p50=    418  p75=  1,123  p90=   2,797  p99=   9,075  (tokens) (records_manager.py:1345)
19:18:12.937 INFO       tot     in=215,981,983  out=1,607,823 (records_manager.py:1345)
19:18:12.937 INFO       trace  theoretical_prefix_cache_hit=97.3% (records_manager.py:1345)
19:18:12.937 INFO       srv    prefix_cache_hit=97.2% unique_in_srv=6,144,291 kv_usage=12.2% queue=3r/0w tput_in_srv=62,969/s tput_out_srv=468/s (records_manager.py:1345)
19:18:44.954 INFO     [realtime 58:00 profiling] (records_manager.py:1345)
19:18:44.954 INFO       rps=0.4 (avg 0.4)  tput_in=62,727/s  tput_out=468/s  done=1,460 ok=1,460 err=0 (records_manager.py:1345)
19:18:44.954 INFO       ttft    p50=  368ms  p75=  599ms  p95= 1,126ms  p99= 1,651ms (records_manager.py:1345)
19:18:44.955 INFO       itl     p50=    5ms  p75=    6ms  p95=     7ms  p99=     8ms (records_manager.py:1345)
19:18:44.955 INFO       e2e     p50=2,767ms  p75=6,416ms  p95=25,394ms  p99=52,683ms (records_manager.py:1345)
19:18:44.955 INFO       intvty  p50=    194  p75=    215  p95=     252  p99=     352  (1/tpot tok/s) (records_manager.py:1345)
19:18:44.955 INFO       isl     p50=107,662  p75=171,766  p90= 345,387  p99= 550,490  (tokens) (records_manager.py:1345)
19:18:44.955 INFO       osl     p50=    418  p75=  1,128  p90=   2,805  p99=   9,074  (tokens) (records_manager.py:1345)
19:18:44.955 INFO       tot     in=218,140,665  out=1,628,339 (records_manager.py:1345)
19:18:44.955 INFO       trace  theoretical_prefix_cache_hit=97.3% (records_manager.py:1345)
19:18:44.955 INFO       srv    prefix_cache_hit=97.2% unique_in_srv=6,180,510 kv_usage=9.6% queue=3r/0w tput_in_srv=62,947/s tput_out_srv=470/s (records_manager.py:1345)
19:19:17.101 INFO     [realtime 58:32 profiling] (records_manager.py:1345)
19:19:17.101 INFO       rps=0.2 (avg 0.4)  tput_in=62,470/s  tput_out=469/s  done=1,466 ok=1,466 err=0 (records_manager.py:1345)
19:19:17.101 INFO       ttft    p50=  368ms  p75=  599ms  p95= 1,125ms  p99= 1,650ms (records_manager.py:1345)
19:19:17.101 INFO       itl     p50=    5ms  p75=    6ms  p95=     7ms  p99=     8ms (records_manager.py:1345)
19:19:17.101 INFO       e2e     p50=2,775ms  p75=6,435ms  p95=25,502ms  p99=52,658ms (records_manager.py:1345)
19:19:17.101 INFO       intvty  p50=    194  p75=    215  p95=     253  p99=     364  (1/tpot tok/s) (records_manager.py:1345)
19:19:17.101 INFO       isl     p50=107,662  p75=172,032  p90= 345,778  p99= 550,394  (tokens) (records_manager.py:1345)
19:19:17.101 INFO       osl     p50=    419  p75=  1,130  p90=   2,847  p99=   9,074  (tokens) (records_manager.py:1345)
19:19:17.101 INFO       tot     in=219,181,891  out=1,644,310 (records_manager.py:1345)
19:19:17.101 INFO       trace  theoretical_prefix_cache_hit=97.3% (records_manager.py:1345)
19:19:17.101 INFO       srv    prefix_cache_hit=97.2% unique_in_srv=6,190,166 kv_usage=12.4% queue=3r/0w tput_in_srv=62,734/s tput_out_srv=472/s (records_manager.py:1345)
19:19:49.299 INFO     [realtime 59:04 profiling] (records_manager.py:1345)
19:19:49.299 INFO       rps=0.3 (avg 0.4)  tput_in=62,881/s  tput_out=471/s  done=1,475 ok=1,475 err=0 (records_manager.py:1345)
19:19:49.299 INFO       ttft    p50=  369ms  p75=  602ms  p95= 1,127ms  p99= 1,648ms (records_manager.py:1345)
19:19:49.299 INFO       itl     p50=    5ms  p75=    6ms  p95=     7ms  p99=     8ms (records_manager.py:1345)
19:19:49.299 INFO       e2e     p50=2,791ms  p75=6,454ms  p95=25,554ms  p99=52,947ms (records_manager.py:1345)
19:19:49.299 INFO       intvty  p50=    194  p75=    215  p95=     253  p99=     403  (1/tpot tok/s) (records_manager.py:1345)
19:19:49.299 INFO       isl     p50=107,824  p75=173,440  p90= 349,845  p99= 551,857  (tokens) (records_manager.py:1345)
19:19:49.299 INFO       osl     p50=    420  p75=  1,132  p90=   2,888  p99=   9,122  (tokens) (records_manager.py:1345)
19:19:49.299 INFO       tot     in=221,954,408  out=1,663,137 (records_manager.py:1345)
19:19:49.299 INFO       trace  theoretical_prefix_cache_hit=97.3% (records_manager.py:1345)
19:19:49.299 INFO       srv    prefix_cache_hit=97.2% unique_in_srv=6,212,453 kv_usage=9.9% queue=2r/0w tput_in_srv=62,888/s tput_out_srv=471/s (records_manager.py:1345)
19:20:21.332 INFO     [realtime 59:36 profiling] (records_manager.py:1345)
19:20:21.332 INFO       rps=0.2 (avg 0.4)  tput_in=62,753/s  tput_out=470/s  done=1,481 ok=1,481 err=0 (records_manager.py:1345)
19:20:21.332 INFO       ttft    p50=  370ms  p75=  604ms  p95= 1,128ms  p99= 1,647ms (records_manager.py:1345)
19:20:21.332 INFO       itl     p50=    5ms  p75=    6ms  p95=     7ms  p99=     8ms (records_manager.py:1345)
19:20:21.332 INFO       e2e     p50=2,809ms  p75=6,505ms  p95=25,541ms  p99=52,944ms (records_manager.py:1345)
19:20:21.332 INFO       intvty  p50=    194  p75=    216  p95=     253  p99=     398  (1/tpot tok/s) (records_manager.py:1345)
19:20:21.333 INFO       isl     p50=107,911  p75=174,784  p90= 354,421  p99= 553,498  (tokens) (records_manager.py:1345)
19:20:21.333 INFO       osl     p50=    427  p75=  1,136  p90=   2,925  p99=   9,111  (tokens) (records_manager.py:1345)
19:20:21.333 INFO       tot     in=223,852,197  out=1,676,870 (records_manager.py:1345)
19:20:21.333 INFO       trace  theoretical_prefix_cache_hit=97.4% (records_manager.py:1345)
19:20:21.333 INFO       srv    prefix_cache_hit=97.2% unique_in_srv=6,227,419 kv_usage=5.1% queue=1r/0w tput_in_srv=62,747/s tput_out_srv=469/s (records_manager.py:1345)
19:20:44.885 INFO     Timeout of 3599.997106157s elapsed for event 'profiling phase sending' (runner.py:1208)
19:20:44.886 NOTICE   Phase profiling (profiling) sending complete | sent=1,487, completed=1,486, in_flight=1 | sessions: sent=15, completed=7 | timeout_triggered=True (runner.py:1039)
19:20:44.886 INFO     Waiting for event 'profiling phase credits returned' with timeout of 29.998582355000053s (runner.py:1220)
19:20:44.887 INFO     Sent 1,487 requests. Waiting for all to complete... (records_manager.py:1014)
19:20:53.485 INFO     [realtime 1:00:08 profiling] (records_manager.py:1345)
19:20:53.485 INFO       rps=0.2 (avg 0.4)  tput_in=62,533/s  tput_out=469/s  done=1,486 ok=1,486 err=0 (records_manager.py:1345)
19:20:53.485 INFO       ttft    p50=  370ms  p75=  604ms  p95= 1,128ms  p99= 1,646ms (records_manager.py:1345)
19:20:53.485 INFO       itl     p50=    5ms  p75=    6ms  p95=     7ms  p99=     8ms (records_manager.py:1345)
19:20:53.485 INFO       e2e     p50=2,811ms  p75=6,523ms  p95=25,502ms  p99=52,941ms (records_manager.py:1345)
19:20:53.485 INFO       intvty  p50=    194  p75=    216  p95=     253  p99=     394  (1/tpot tok/s) (records_manager.py:1345)
19:20:53.485 INFO       isl     p50=107,968  p75=175,544  p90= 354,682  p99= 553,386  (tokens) (records_manager.py:1345)
19:20:53.485 INFO       osl     p50=    429  p75=  1,137  p90=   2,926  p99=   9,102  (tokens) (records_manager.py:1345)
19:20:53.485 INFO       tot     in=224,672,394  out=1,684,958 (records_manager.py:1345)
19:20:53.485 INFO       trace  theoretical_prefix_cache_hit=97.4% (records_manager.py:1345)
19:20:53.485 INFO       srv    prefix_cache_hit=97.2% unique_in_srv=6,241,866 kv_usage=5.1% queue=1r/0w tput_in_srv=62,418/s tput_out_srv=468/s (records_manager.py:1345)
19:21:14.885 INFO     Timeout of 29.998582355000053s elapsed for event 'profiling phase credits returned' (runner.py:1208)
19:21:14.885 WARNING  Phase profiling timed out, cancelling all credits. Stats: sent=1487, completed=1487, cancelled=0, in_flight=0 (runner.py:1103)
19:21:14.885 INFO     Waiting for all cancelled credits to be returned for phase profiling. Need 0 more credits. (runner.py:1117)
19:21:14.885 INFO     All credits already returned after cancel for phase profiling. Skipping drain wait. (runner.py:1124)
19:21:14.885 INFO     All cancelled credits returned for phase profiling (runner.py:1136)
19:21:14.885 NOTICE   Phase profiling (profiling) complete | completed=1,487, cancelled=0, errors=0 | sessions: completed=7, cancelled=0 | elapsed=3630.00s | grace_period_timeout=True (runner.py:1162)
19:21:14.886 INFO     Global system-idle cap summary: limit=10s, jumps=4, skipped=26.199s (agentic_replay.py:956)
19:21:14.886 INFO     BranchOrchestrator stats: spawned=60 completed=42 errored=0 suspended=13 resumed=13 parents_failed_due_to_child_error=0 joins_suppressed=0 delayed=35 (branch_orchestrator.py:1782)
19:21:14.886 WARNING  BranchOrchestrator leaked state at cleanup: 0 active_joins, 1 future_joins, 17 tracked children, 3 parents with descendants (branch_orchestrator.py:1799)
19:21:14.886 WARNING  Abandoned pending join for parent c7d801d8-191e-4db9-8996-64c15057bd9a (outstanding=1, gated_turn_index=187, age_ms=347626) (branch_orchestrator.py:1811)
19:21:14.886 INFO     Session-tree slots for phase profiling: peak_open=10 (target concurrency 10); released 10 still-open at teardown; late_events=0 (runner.py:551)
19:21:14.886 NOTICE   All credits completed (phase_orchestrator.py:245)
19:21:14.886 INFO     Received CREDIT_PHASE_COMPLETE message, Phase complete: PhaseRecordsStats(phase=CreditPhase.PROFILING, phase_index=0, profiling_index=0, phase_name='profiling', phase_kind='profiling', start_ns=1787700044885153535, sent_end_ns=1787703644886053210, requests_end_ns=1787703674885718064, baseline_start_ns=1787700044885114347, baseline_end_ns=1787703674885729882, total_expected_requests=None, expected_duration_sec=None, expected_num_sessions=None, expected_grace_period_sec=None, final_requests_sent=None, final_requests_completed=1487, final_requests_cancelled=0, final_request_errors=0, final_sent_sessions=None, final_completed_sessions=None, final_cancelled_sessions=None, timeout_triggered=True, grace_period_timeout_triggered=True, was_cancelled=False, records_end_ns=None, success_records=1487, error_records=0) (records_manager.py:1040)
19:21:14.886 NOTICE   All requests have completed, please wait for the results to be processed (currently 1,487 of 1,487 records processed)... (records_manager.py:1051)
19:21:14.887 INFO     Processed 1487 valid requests and 0 errors (1487 total). (records_manager.py:913)
19:21:14.887 INFO     Received all records, processing now... (records_manager.py:919)
19:21:14.887 INFO     Received credits complete from 'timing_manager' (system_controller.py:448)
19:21:14.887 INFO     All credits complete, please wait for the results to be processed... (records_manager.py:1077)
19:21:14.888 INFO     Server Metrics: Profiling complete, capturing final metrics... (manager.py:355)
19:21:14.888 INFO     Waiting 2.0s for server metrics flush period... (records_manager.py:973)
19:21:16.885 INFO     Processing records results... (records_manager.py:2083)
19:21:19.136 INFO     Profiling metric coverage passed for 'profiling': TTFT=100.0%, inter-token latency=100.0% (required=95.0%). (records_manager.py:1814)
19:21:19.936 INFO     Waiting for result domains: server_metrics (system_controller.py:869)
19:21:25.148 INFO     _finalize_and_process_results completed (records_manager.py:980)
19:21:26.942 INFO     All results received, initiating shutdown (system_controller.py:864)
19:21:27.083 INFO     [realtime 1:00:30 profiling] (records_manager.py:1345)
19:21:27.083 INFO       rps=0.0 (avg 0.4)  tput_in=62,274/s  tput_out=467/s  done=1,487 ok=1,487 err=0 (records_manager.py:1345)
19:21:27.083 INFO       ttft    p50=  370ms  p75=  605ms  p95= 1,128ms  p99= 1,646ms (records_manager.py:1345)
19:21:27.083 INFO       itl     p50=    5ms  p75=    6ms  p95=     7ms  p99=     8ms (records_manager.py:1345)
19:21:27.083 INFO       e2e     p50=2,813ms  p75=6,534ms  p95=25,495ms  p99=52,941ms (records_manager.py:1345)
19:21:27.083 INFO       intvty  p50=    194  p75=    216  p95=     253  p99=     393  (1/tpot tok/s) (records_manager.py:1345)
19:21:27.083 INFO       isl     p50=108,024  p75=175,760  p90= 355,141  p99= 553,363  (tokens) (records_manager.py:1345)
19:21:27.083 INFO       osl     p50=    430  p75=  1,137  p90=   2,933  p99=   9,100  (tokens) (records_manager.py:1345)
19:21:27.083 INFO       tot     in=225,089,098  out=1,688,795 (records_manager.py:1345)
19:21:27.083 INFO       trace  theoretical_prefix_cache_hit=97.4% (records_manager.py:1345)
19:21:27.083 INFO       srv    prefix_cache_hit=97.2% unique_in_srv=6,241,866 kv_usage=0.0% queue=0r/0w tput_in_srv=62,008/s tput_out_srv=465/s (records_manager.py:1345)
19:21:27.444 WARNING  Service worker process (pid: 563373) still alive after bus shutdown grace; killing (SIGKILL / TerminateProcess — children ignore SIGTERM) (multiprocess_service_manager.py:277)
19:21:27.872 INFO     Exporting all records (exporter_manager.py:69)
19:21:31.151 INFO     Exporting console data (exporter_manager.py:326)


                                                  NVIDIA AIPerf | LLM Metrics: Effective                                                  
┏━━━━━━━━━━━━━━━━━━━━━━━━━━━━━━━━━━━━━━━━━━━┳━━━━━━━━━━━━┳━━━━━━━━┳━━━━━━━━━━━━━━┳━━━━━━━━━━━━━━┳━━━━━━━━━━━━━━┳━━━━━━━━━━━━┳━━━━━━━━━━━━┓
┃                                    Metric ┃        avg ┃    min ┃          max ┃          p99 ┃          p90 ┃        p50 ┃        std ┃
┡━━━━━━━━━━━━━━━━━━━━━━━━━━━━━━━━━━━━━━━━━━━╇━━━━━━━━━━━━╇━━━━━━━━╇━━━━━━━━━━━━━━╇━━━━━━━━━━━━━━╇━━━━━━━━━━━━━━╇━━━━━━━━━━━━╇━━━━━━━━━━━━┩
│          Effective Concurrency (requests) │       2.65 │   0.00 │         9.00 │         7.00 │         5.00 │       2.00 │       1.56 │
│  Effective Decode Throughput (tokens/sec) │     464.82 │   0.00 │   392,254.34 │     1,145.12 │       815.88 │     460.84 │     456.49 │
│ Effective Prefill Throughput (tokens/sec) │  62,008.01 │   0.00 │ 1,237,609.26 │   591,180.42 │   345,675.71 │       0.00 │ 149,301.27 │
│   Effective Decode Concurrency (requests) │       2.44 │   0.00 │         9.00 │         6.00 │         4.00 │       2.00 │       1.51 │
│  Effective Prefill Concurrency (requests) │       0.21 │   0.00 │         6.00 │         2.00 │         1.00 │       0.00 │       0.49 │
│   Effective Total Throughput (tokens/sec) │  62,472.83 │   0.00 │ 1,237,609.26 │   591,576.84 │   346,215.68 │     560.35 │ 149,269.29 │
│      Effective Decode Throughput Per User │     183.98 │   0.00 │   209,219.68 │       297.14 │       241.63 │     202.69 │     227.50 │
│                         (tokens/sec/user) │            │        │              │              │              │            │            │
│     Effective Prefill Throughput Per User │  54,967.58 │   0.00 │   503,777.22 │   467,573.83 │   311,961.89 │       0.00 │ 129,896.10 │
│                         (tokens/sec/user) │            │        │              │              │              │            │            │
│                 Tokens In Flight (tokens) │ 568,706.78 │   0.00 │ 1,771,229.69 │ 1,595,389.26 │ 1,054,384.52 │ 528,479.17 │ 358,827.46 │
│         Effective Latency (CO-aware) (ms) │   6,462.33 │ 159.51 │   122,893.10 │    52,942.82 │    16,307.79 │   2,814.21 │  10,303.04 │
└───────────────────────────────────────────┴────────────┴────────┴──────────────┴──────────────┴──────────────┴────────────┴────────────┘
                                                 NVIDIA AIPerf | LLM Metrics: Active                                                 
┏━━━━━━━━━━━━━━━━━━━━━━━━━━━━━━━━━━━━━━━━┳━━━━━━━━━━━━┳━━━━━━━━━━┳━━━━━━━━━━━━━━┳━━━━━━━━━━━━┳━━━━━━━━━━━━┳━━━━━━━━━━━━┳━━━━━━━━━━━━┓
┃                                 Metric ┃        avg ┃      min ┃          max ┃        p99 ┃        p90 ┃        p50 ┃        std ┃
┡━━━━━━━━━━━━━━━━━━━━━━━━━━━━━━━━━━━━━━━━╇━━━━━━━━━━━━╇━━━━━━━━━━╇━━━━━━━━━━━━━━╇━━━━━━━━━━━━╇━━━━━━━━━━━━╇━━━━━━━━━━━━╇━━━━━━━━━━━━┩
│  Active Decode Throughput (tokens/sec) │     507.49 │     0.00 │   392,254.34 │   1,149.71 │     822.09 │     471.69 │     453.71 │
│ Active Prefill Throughput (tokens/sec) │ 351,638.36 │ 5,196.66 │ 1,237,609.26 │ 796,129.44 │ 482,060.76 │ 367,158.59 │ 156,726.26 │
│      Active Decode Throughput Per User │     200.87 │     0.00 │   209,219.68 │     306.10 │     242.57 │     207.16 │     230.47 │
│                      (tokens/sec/user) │            │          │              │            │            │            │            │
│     Active Prefill Throughput Per User │ 311,713.11 │ 5,196.66 │   503,777.22 │ 481,647.68 │ 454,650.15 │ 336,990.68 │ 125,113.35 │
│                      (tokens/sec/user) │            │          │              │            │            │            │            │
│   Active Total Throughput (tokens/sec) │  66,786.97 │    81.67 │ 1,237,609.26 │ 595,321.53 │ 354,917.44 │     574.20 │ 153,400.97 │
└────────────────────────────────────────┴────────────┴──────────┴──────────────┴────────────┴────────────┴────────────┴────────────┘
                                                  NVIDIA AIPerf | LLM Metrics: Usage                                                  
┏━━━━━━━━━━━━━━━━━━━━━━━━━━━━━━━━━━━━━━━━━┳━━━━━━━━━━━━━━━━┳━━━━━━━━┳━━━━━━━━━━━━┳━━━━━━━━━━━━┳━━━━━━━━━━━━┳━━━━━━━━━━━━┳━━━━━━━━━━━━┓
┃                                  Metric ┃            avg ┃    min ┃        max ┃        p99 ┃        p90 ┃        p50 ┃        std ┃
┡━━━━━━━━━━━━━━━━━━━━━━━━━━━━━━━━━━━━━━━━━╇━━━━━━━━━━━━━━━━╇━━━━━━━━╇━━━━━━━━━━━━╇━━━━━━━━━━━━╇━━━━━━━━━━━━╇━━━━━━━━━━━━╇━━━━━━━━━━━━┩
│            Usage Prompt Tokens (tokens) │     151,371.28 │ 505.00 │ 581,291.00 │ 553,363.00 │ 355,141.20 │ 108,024.00 │ 126,403.86 │
│ Usage Prompt Cache Read Tokens (tokens) │     147,173.66 │   0.00 │ 579,840.00 │ 551,511.04 │ 352,819.20 │ 105,088.00 │ 127,335.11 │
│        Usage Completion Tokens (tokens) │       1,135.71 │   1.00 │  24,654.00 │   9,100.48 │   2,933.20 │     430.00 │   1,926.68 │
│             Usage Total Tokens (tokens) │     152,506.99 │ 526.00 │ 583,323.00 │ 555,631.52 │ 357,475.00 │ 108,510.00 │ 126,987.59 │
│      Total Usage Prompt Tokens (tokens) │ 225,089,098.00 │    N/A │        N/A │        N/A │        N/A │        N/A │        N/A │
│    Total Usage Prompt Cache Read Tokens │ 218,847,232.00 │    N/A │        N/A │        N/A │        N/A │        N/A │        N/A │
│                                (tokens) │                │        │            │            │            │            │            │
│       Overall Usage Prompt Cache Read % │          97.23 │    N/A │        N/A │        N/A │        N/A │        N/A │        N/A │
│                                     (%) │                │        │            │            │            │            │            │
│  Total Usage Completion Tokens (tokens) │   1,688,795.00 │    N/A │        N/A │        N/A │        N/A │        N/A │        N/A │
│       Total Usage Total Tokens (tokens) │ 226,777,893.00 │    N/A │        N/A │        N/A │        N/A │        N/A │        N/A │
└─────────────────────────────────────────┴────────────────┴────────┴────────────┴────────────┴────────────┴────────────┴────────────┘
                                                       NVIDIA AIPerf | LLM Metrics                                                       
┏━━━━━━━━━━━━━━━━━━━━━━━━━━━━━━━━━━━━━━━━━━━━━━━━┳━━━━━━━━━━━━┳━━━━━━━━┳━━━━━━━━━━━━┳━━━━━━━━━━━━┳━━━━━━━━━━━━┳━━━━━━━━━━━━┳━━━━━━━━━━━━┓
┃                                         Metric ┃        avg ┃    min ┃        max ┃        p99 ┃        p90 ┃        p50 ┃        std ┃
┡━━━━━━━━━━━━━━━━━━━━━━━━━━━━━━━━━━━━━━━━━━━━━━━━╇━━━━━━━━━━━━╇━━━━━━━━╇━━━━━━━━━━━━╇━━━━━━━━━━━━╇━━━━━━━━━━━━╇━━━━━━━━━━━━╇━━━━━━━━━━━━┩
│                       Time to First Token (ms) │     505.63 │  73.41 │   6,333.83 │   1,645.79 │     959.64 │     370.16 │     402.22 │
│                      Time to Second Token (ms) │      60.84 │   0.00 │   1,025.04 │     372.68 │     106.36 │      50.78 │      72.19 │
│                Time to First Output Token (ms) │   1,975.07 │ 353.17 │   5,843.67 │   5,417.20 │   3,340.72 │   1,855.71 │   1,317.39 │
│                           Request Latency (ms) │   6,460.41 │ 150.93 │ 122,891.15 │  52,940.98 │  16,306.13 │   2,812.61 │  10,302.91 │
│                           Decode Duration (ms) │   5,954.78 │   0.00 │ 121,713.34 │  51,799.93 │  15,707.12 │   2,317.09 │  10,203.61 │
│                      Full Decode Duration (ms) │   5,954.83 │   0.08 │ 121,713.42 │  51,799.98 │  15,707.18 │   2,317.14 │  10,203.61 │
│                       Inter Token Latency (ms) │       5.23 │   0.12 │      45.89 │       8.13 │       6.26 │       5.16 │       1.49 │
│              Full-Response Inter Token Latency │       5.23 │   0.13 │      45.89 │       8.13 │       6.26 │       5.16 │       1.49 │
│                                           (ms) │            │        │            │            │            │            │            │
│               Output Token Throughput Per User │     230.46 │  21.79 │   8,109.93 │     393.33 │     238.56 │     193.87 │     447.99 │
│                              (tokens/sec/user) │            │        │            │            │            │            │            │
│  E2E Output Token Throughput (tokens/sec/user) │     157.51 │   1.23 │     241.21 │     224.53 │     201.53 │     161.87 │      37.19 │
│ Full-Response Output Token Throughput Per User │     229.49 │  21.79 │   7,777.08 │     392.71 │     238.55 │     193.86 │     435.16 │
│                              (tokens/sec/user) │            │        │            │            │            │            │            │
│                Output Sequence Length (tokens) │   1,135.71 │   1.00 │  24,654.00 │   9,100.48 │   2,933.20 │     430.00 │   1,926.68 │
│                 Input Sequence Length (tokens) │ 151,371.28 │ 505.00 │ 581,291.00 │ 553,363.00 │ 355,141.20 │ 108,024.00 │ 126,403.86 │
│           Output Token Throughput (tokens/sec) │     465.23 │    N/A │        N/A │        N/A │        N/A │        N/A │        N/A │
│            Input Token Throughput (tokens/sec) │  62,008.01 │    N/A │        N/A │        N/A │        N/A │        N/A │        N/A │
│              Request Throughput (requests/sec) │       0.41 │    N/A │        N/A │        N/A │        N/A │        N/A │        N/A │
│                       Request Count (requests) │   1,487.00 │    N/A │        N/A │        N/A │        N/A │        N/A │        N/A │
│               Theoretical Prefix Cache Hit (%) │      97.62 │    N/A │        N/A │        N/A │        N/A │        N/A │        N/A │
└────────────────────────────────────────────────┴────────────┴────────┴────────────┴────────────┴────────────┴────────────┴────────────┘

CLI Command: aiperf profile --scenario 'inferencex-agentx-mvp' --url 'http://localhost:8886' 
--endpoint '/v1/chat/completions' --endpoint-type 'chat' --streaming --model 'amd/MiniMax-M3-MXFP4' 
--tokenizer 'amd/MiniMax-M3-MXFP4' --concurrency 10 --benchmark-duration 3600 --stats-interval 30 
--random-seed 42 --failed-request-threshold 0.1 --trajectory-start-min-ratio 0.25 
--trajectory-start-max-ratio 0.75 --warmup-requests-per-lane 10 --trace-idle-gap-cap-seconds 300 
--warmup-grace-period 1800 --use-server-token-count --no-gpu-telemetry --tokenizer-trust-remote-code
--num-dataset-entries 393 --slice-duration 1.0 --server-metrics 'http://localhost:8886/metrics' 
--output-artifact-dir 
'/shared/data/R7N/andy_luo_3v7/minimaxm3-agentx/results/mtp-k4-aiter-full-indexer-resident-v19-tp4-c
10-full-indexer-complete-curve-20260825-r1/aiperf_artifacts' --public-dataset 
'semianalysis_cc_traces_weka_062126' --apply-chat-template
Benchmark Duration: 3614.51 sec
CSV Export: 
/shared/data/R7N/andy_luo_3v7/minimaxm3-agentx/results/mtp-k4-aiter-full-indexer-resident-v19-tp4-c1
0-full-indexer-complete-curve-20260825-r1/aiperf_artifacts/profile_export_aiperf.csv
JSON Export: 
/shared/data/R7N/andy_luo_3v7/minimaxm3-agentx/results/mtp-k4-aiter-full-indexer-resident-v19-tp4-c1
0-full-indexer-complete-curve-20260825-r1/aiperf_artifacts/profile_export_aiperf.json
Server Metrics CSV Export: 
/shared/data/R7N/andy_luo_3v7/minimaxm3-agentx/results/mtp-k4-aiter-full-indexer-resident-v19-tp4-c1
0-full-indexer-complete-curve-20260825-r1/aiperf_artifacts/server_metrics_export.csv
Server Metrics JSON Export: 
/shared/data/R7N/andy_luo_3v7/minimaxm3-agentx/results/mtp-k4-aiter-full-indexer-resident-v19-tp4-c1
0-full-indexer-complete-curve-20260825-r1/aiperf_artifacts/server_metrics_export.json
Timeslice CSV Export: 
/shared/data/R7N/andy_luo_3v7/minimaxm3-agentx/results/mtp-k4-aiter-full-indexer-resident-v19-tp4-c1
0-full-indexer-complete-curve-20260825-r1/aiperf_artifacts/profile_export_aiperf_timeslices.csv
Timeslice JSON Export: 
/shared/data/R7N/andy_luo_3v7/minimaxm3-agentx/results/mtp-k4-aiter-full-indexer-resident-v19-tp4-c1
0-full-indexer-complete-curve-20260825-r1/aiperf_artifacts/profile_export_aiperf_timeslices.json
Log File: 
/shared/data/R7N/andy_luo_3v7/minimaxm3-agentx/results/mtp-k4-aiter-full-indexer-resident-v19-tp4-c1
0-full-indexer-complete-curve-20260825-r1/aiperf_artifacts/logs/aiperf.log

+ replay_rc=0
+ set +x
Saved aggregated agentic result to /shared/data/R7N/andy_luo_3v7/minimaxm3-agentx/results/mtp-k4-aiter-full-indexer-resident-v19-tp4-c10-full-indexer-complete-curve-20260825-r1/mtp-k4-aiter-full-indexer-resident-v19-tp4-c10-full-indexer-complete-curve-20260825-r1.json
  Requests: 1487 successful / 1596 total (109 warmup, 0 error dropped)
  QPS: mean=0.41 p75=1.00 p95=2.00
  GPU cache hit rate: 96.3%
  CPU/offload cache hit rate: 0.0%
  External cache hit rate: 0.0%
  GPU KV cache usage:  21.6%
  GPU KV cache capacity: 8184960 tokens
  Theoretical cache hit rate: 97.6%
  Throughput per GPU: 15685 tok/s
Saved /shared/data/R7N/andy_luo_3v7/minimaxm3-agentx/results/mtp-k4-aiter-full-indexer-resident-v19-tp4-c10-full-indexer-complete-curve-20260825-r1/metrics_plots.png
  Records: 1596 | TTFT median 385ms | E2E median 2708ms
Loaded 1,596 records from /shared/data/R7N/andy_luo_3v7/minimaxm3-agentx/results/mtp-k4-aiter-full-indexer-resident-v19-tp4-c10-full-indexer-complete-curve-20260825-r1/aiperf_artifacts
======================================================================
BENCHMARK WORKLOAD DISTRIBUTION ANALYSIS
======================================================================
Total requests: 1,596

ALL REQUESTS ISL:
  n=1,596  mean=153,465  median=108,024  p75=181,421  p90=365,598  p95=467,284
ALL REQUESTS OSL:
  n=1,596  mean=1,058  median=383  p75=1,061  p90=2,718  p95=4,487
======================================================================
Saved plots to /shared/data/R7N/andy_luo_3v7/minimaxm3-agentx/results/mtp-k4-aiter-full-indexer-resident-v19-tp4-c10-full-indexer-complete-curve-20260825-r1/workload_distribution_plots.png
Validated aiperf request error rate: 0/1487 = 0.000% <= 10.000%
Validated required AIPerf server metrics prefix 'vllm:'
Stopping vLLM server (PID=551677)...
Stopped vLLM server.
