Precompiling 23 AITER sparse top-k variants
  top-k slots=1 waves=1
[aiter] [pid=3932145 pname=MainProcess] start build [module_aiter_core] under /tmp/inferencex-minimaxm3-1409/home/.aiter/jit/build/module_aiter_core
[aiter] Current hipcc not support: -mllvm -amdgpu-coerce-illegal-types=1, skip it.
[aiter] [pid=3932145 pname=MainProcess] [32mfinish build [module_aiter_core], cost 9.7s [0m
[aiter] import [module_aiter_core] under /tmp/inferencex-minimaxm3-1409/home/.aiter/jit/module_aiter_core.so
[aiter] start build /tmp/inferencex-minimaxm3-1409/home/.aiter/build/pa_sparse_block_topk_f2f457d90816b43a851577b99cdb853f_77acf8df
clang (LLVM option parsing): Unknown command line argument '-amdgpu-coerce-illegal-types=1'.  Try: 'clang (LLVM option parsing) --help'
clang (LLVM option parsing): Did you mean '--amdgpu-mode-register=1'?
failed to execute:/opt/rocm/lib/llvm/bin/clang++  --offload-arch=gfx950 --offload-arch=gfx950 --offload-arch=gfx950 --offload-arch=gfx950 --offload-arch=gfx950 --offload-arch=gfx950 --offload-arch=gfx950 --offload-arch=gfx950 -O3  -mllvm -amdgpu-coerce-illegal-types=1 -x hip -c /dev/null -o "/dev/null"
[aiter] -mllvm -amdgpu-coerce-illegal-types=1 is not supported by hipcc.
[aiter] finish build /tmp/inferencex-minimaxm3-1409/home/.aiter/build/pa_sparse_block_topk_f2f457d90816b43a851577b99cdb853f_77acf8df, cost 31.68697903s
  top-k slots=2 waves=1
[aiter] compile_template_op func_name = 'pa_sparse_block_topk_ca440897978e376b009672cf0202b8ee' with {'src_template': <Template memory:7adf7f0f8500>, 'md_name': 'pa_sparse_block_topk', 'includes': ['/shared/data/R7N/andy_luo_3v7/minimaxm3-agentx/overlays/aiter-sparse-indexer-cache-fusion-545d97c-266922c/csrc/cpp_itfs/sparse_attn/pa_sparse_block_select_kernels.cuh', '/shared/data/R7N/andy_luo_3v7/minimaxm3-agentx/overlays/aiter-sparse-indexer-cache-fusion-545d97c-266922c/csrc/include', '/shared/data/R7N/andy_luo_3v7/minimaxm3-agentx/overlays/aiter-sparse-indexer-cache-fusion-545d97c-266922c/csrc/include/ck_tile/'], 'sources': [], 'cxxflags': [], 'func_name': 'pa_sparse_block_topk_ca440897978e376b009672cf0202b8ee', 'folder': 'pa_sparse_block_topk_ca440897978e376b009672cf0202b8ee_77acf8df', 'kwargs': OrderedDict({'block_size': 128, 'topk': 16, 'slots': 2, 'num_waves': 1, 'pages_per_block': 8})}...
[aiter] start build /tmp/inferencex-minimaxm3-1409/home/.aiter/build/pa_sparse_block_topk_ca440897978e376b009672cf0202b8ee_77acf8df
[aiter] finish build /tmp/inferencex-minimaxm3-1409/home/.aiter/build/pa_sparse_block_topk_ca440897978e376b009672cf0202b8ee_77acf8df, cost 2.58844691s
  top-k slots=4 waves=1
[aiter] compile_template_op func_name = 'pa_sparse_block_topk_acf34cd490864273aae6c5bc53b45926' with {'src_template': <Template memory:7adf7f0f8500>, 'md_name': 'pa_sparse_block_topk', 'includes': ['/shared/data/R7N/andy_luo_3v7/minimaxm3-agentx/overlays/aiter-sparse-indexer-cache-fusion-545d97c-266922c/csrc/cpp_itfs/sparse_attn/pa_sparse_block_select_kernels.cuh', '/shared/data/R7N/andy_luo_3v7/minimaxm3-agentx/overlays/aiter-sparse-indexer-cache-fusion-545d97c-266922c/csrc/include', '/shared/data/R7N/andy_luo_3v7/minimaxm3-agentx/overlays/aiter-sparse-indexer-cache-fusion-545d97c-266922c/csrc/include/ck_tile/'], 'sources': [], 'cxxflags': [], 'func_name': 'pa_sparse_block_topk_acf34cd490864273aae6c5bc53b45926', 'folder': 'pa_sparse_block_topk_acf34cd490864273aae6c5bc53b45926_77acf8df', 'kwargs': OrderedDict({'block_size': 128, 'topk': 16, 'slots': 4, 'num_waves': 1, 'pages_per_block': 8})}...
[aiter] start build /tmp/inferencex-minimaxm3-1409/home/.aiter/build/pa_sparse_block_topk_acf34cd490864273aae6c5bc53b45926_77acf8df
[aiter] finish build /tmp/inferencex-minimaxm3-1409/home/.aiter/build/pa_sparse_block_topk_acf34cd490864273aae6c5bc53b45926_77acf8df, cost 2.38255314s
  top-k slots=4 waves=2
[aiter] compile_template_op func_name = 'pa_sparse_block_topk_141febda4a23767df17c6d9995c2c18e' with {'src_template': <Template memory:7adf7f0f8500>, 'md_name': 'pa_sparse_block_topk', 'includes': ['/shared/data/R7N/andy_luo_3v7/minimaxm3-agentx/overlays/aiter-sparse-indexer-cache-fusion-545d97c-266922c/csrc/cpp_itfs/sparse_attn/pa_sparse_block_select_kernels.cuh', '/shared/data/R7N/andy_luo_3v7/minimaxm3-agentx/overlays/aiter-sparse-indexer-cache-fusion-545d97c-266922c/csrc/include', '/shared/data/R7N/andy_luo_3v7/minimaxm3-agentx/overlays/aiter-sparse-indexer-cache-fusion-545d97c-266922c/csrc/include/ck_tile/'], 'sources': [], 'cxxflags': [], 'func_name': 'pa_sparse_block_topk_141febda4a23767df17c6d9995c2c18e', 'folder': 'pa_sparse_block_topk_141febda4a23767df17c6d9995c2c18e_77acf8df', 'kwargs': OrderedDict({'block_size': 128, 'topk': 16, 'slots': 4, 'num_waves': 2, 'pages_per_block': 8})}...
[aiter] start build /tmp/inferencex-minimaxm3-1409/home/.aiter/build/pa_sparse_block_topk_141febda4a23767df17c6d9995c2c18e_77acf8df
[aiter] finish build /tmp/inferencex-minimaxm3-1409/home/.aiter/build/pa_sparse_block_topk_141febda4a23767df17c6d9995c2c18e_77acf8df, cost 2.34384942s
  top-k slots=8 waves=1
[aiter] compile_template_op func_name = 'pa_sparse_block_topk_7fd3508aef992d549dfc24debbe0c990' with {'src_template': <Template memory:7adf7f0f8500>, 'md_name': 'pa_sparse_block_topk', 'includes': ['/shared/data/R7N/andy_luo_3v7/minimaxm3-agentx/overlays/aiter-sparse-indexer-cache-fusion-545d97c-266922c/csrc/cpp_itfs/sparse_attn/pa_sparse_block_select_kernels.cuh', '/shared/data/R7N/andy_luo_3v7/minimaxm3-agentx/overlays/aiter-sparse-indexer-cache-fusion-545d97c-266922c/csrc/include', '/shared/data/R7N/andy_luo_3v7/minimaxm3-agentx/overlays/aiter-sparse-indexer-cache-fusion-545d97c-266922c/csrc/include/ck_tile/'], 'sources': [], 'cxxflags': [], 'func_name': 'pa_sparse_block_topk_7fd3508aef992d549dfc24debbe0c990', 'folder': 'pa_sparse_block_topk_7fd3508aef992d549dfc24debbe0c990_77acf8df', 'kwargs': OrderedDict({'block_size': 128, 'topk': 16, 'slots': 8, 'num_waves': 1, 'pages_per_block': 8})}...
[aiter] start build /tmp/inferencex-minimaxm3-1409/home/.aiter/build/pa_sparse_block_topk_7fd3508aef992d549dfc24debbe0c990_77acf8df
[aiter] finish build /tmp/inferencex-minimaxm3-1409/home/.aiter/build/pa_sparse_block_topk_7fd3508aef992d549dfc24debbe0c990_77acf8df, cost 2.37238615s
  top-k slots=8 waves=2
[aiter] compile_template_op func_name = 'pa_sparse_block_topk_2526ca830bdd2cc1bbd8fd5125b93dc4' with {'src_template': <Template memory:7adf7f0f8500>, 'md_name': 'pa_sparse_block_topk', 'includes': ['/shared/data/R7N/andy_luo_3v7/minimaxm3-agentx/overlays/aiter-sparse-indexer-cache-fusion-545d97c-266922c/csrc/cpp_itfs/sparse_attn/pa_sparse_block_select_kernels.cuh', '/shared/data/R7N/andy_luo_3v7/minimaxm3-agentx/overlays/aiter-sparse-indexer-cache-fusion-545d97c-266922c/csrc/include', '/shared/data/R7N/andy_luo_3v7/minimaxm3-agentx/overlays/aiter-sparse-indexer-cache-fusion-545d97c-266922c/csrc/include/ck_tile/'], 'sources': [], 'cxxflags': [], 'func_name': 'pa_sparse_block_topk_2526ca830bdd2cc1bbd8fd5125b93dc4', 'folder': 'pa_sparse_block_topk_2526ca830bdd2cc1bbd8fd5125b93dc4_77acf8df', 'kwargs': OrderedDict({'block_size': 128, 'topk': 16, 'slots': 8, 'num_waves': 2, 'pages_per_block': 8})}...
[aiter] start build /tmp/inferencex-minimaxm3-1409/home/.aiter/build/pa_sparse_block_topk_2526ca830bdd2cc1bbd8fd5125b93dc4_77acf8df
[aiter] finish build /tmp/inferencex-minimaxm3-1409/home/.aiter/build/pa_sparse_block_topk_2526ca830bdd2cc1bbd8fd5125b93dc4_77acf8df, cost 2.36356304s
  top-k slots=8 waves=4
[aiter] compile_template_op func_name = 'pa_sparse_block_topk_40e796de500a8448c6dd66f96f47b805' with {'src_template': <Template memory:7adf7f0f8500>, 'md_name': 'pa_sparse_block_topk', 'includes': ['/shared/data/R7N/andy_luo_3v7/minimaxm3-agentx/overlays/aiter-sparse-indexer-cache-fusion-545d97c-266922c/csrc/cpp_itfs/sparse_attn/pa_sparse_block_select_kernels.cuh', '/shared/data/R7N/andy_luo_3v7/minimaxm3-agentx/overlays/aiter-sparse-indexer-cache-fusion-545d97c-266922c/csrc/include', '/shared/data/R7N/andy_luo_3v7/minimaxm3-agentx/overlays/aiter-sparse-indexer-cache-fusion-545d97c-266922c/csrc/include/ck_tile/'], 'sources': [], 'cxxflags': [], 'func_name': 'pa_sparse_block_topk_40e796de500a8448c6dd66f96f47b805', 'folder': 'pa_sparse_block_topk_40e796de500a8448c6dd66f96f47b805_77acf8df', 'kwargs': OrderedDict({'block_size': 128, 'topk': 16, 'slots': 8, 'num_waves': 4, 'pages_per_block': 8})}...
[aiter] start build /tmp/inferencex-minimaxm3-1409/home/.aiter/build/pa_sparse_block_topk_40e796de500a8448c6dd66f96f47b805_77acf8df
[aiter] finish build /tmp/inferencex-minimaxm3-1409/home/.aiter/build/pa_sparse_block_topk_40e796de500a8448c6dd66f96f47b805_77acf8df, cost 2.38971493s
  top-k slots=16 waves=1
[aiter] compile_template_op func_name = 'pa_sparse_block_topk_26c80d61287b4f3ec0e4343ebc62f150' with {'src_template': <Template memory:7adf7f0f8500>, 'md_name': 'pa_sparse_block_topk', 'includes': ['/shared/data/R7N/andy_luo_3v7/minimaxm3-agentx/overlays/aiter-sparse-indexer-cache-fusion-545d97c-266922c/csrc/cpp_itfs/sparse_attn/pa_sparse_block_select_kernels.cuh', '/shared/data/R7N/andy_luo_3v7/minimaxm3-agentx/overlays/aiter-sparse-indexer-cache-fusion-545d97c-266922c/csrc/include', '/shared/data/R7N/andy_luo_3v7/minimaxm3-agentx/overlays/aiter-sparse-indexer-cache-fusion-545d97c-266922c/csrc/include/ck_tile/'], 'sources': [], 'cxxflags': [], 'func_name': 'pa_sparse_block_topk_26c80d61287b4f3ec0e4343ebc62f150', 'folder': 'pa_sparse_block_topk_26c80d61287b4f3ec0e4343ebc62f150_77acf8df', 'kwargs': OrderedDict({'block_size': 128, 'topk': 16, 'slots': 16, 'num_waves': 1, 'pages_per_block': 8})}...
[aiter] start build /tmp/inferencex-minimaxm3-1409/home/.aiter/build/pa_sparse_block_topk_26c80d61287b4f3ec0e4343ebc62f150_77acf8df
[aiter] finish build /tmp/inferencex-minimaxm3-1409/home/.aiter/build/pa_sparse_block_topk_26c80d61287b4f3ec0e4343ebc62f150_77acf8df, cost 2.36354712s
  top-k slots=16 waves=2
[aiter] compile_template_op func_name = 'pa_sparse_block_topk_49274e4243cbc0021bb2280dba5ae99c' with {'src_template': <Template memory:7adf7f0f8500>, 'md_name': 'pa_sparse_block_topk', 'includes': ['/shared/data/R7N/andy_luo_3v7/minimaxm3-agentx/overlays/aiter-sparse-indexer-cache-fusion-545d97c-266922c/csrc/cpp_itfs/sparse_attn/pa_sparse_block_select_kernels.cuh', '/shared/data/R7N/andy_luo_3v7/minimaxm3-agentx/overlays/aiter-sparse-indexer-cache-fusion-545d97c-266922c/csrc/include', '/shared/data/R7N/andy_luo_3v7/minimaxm3-agentx/overlays/aiter-sparse-indexer-cache-fusion-545d97c-266922c/csrc/include/ck_tile/'], 'sources': [], 'cxxflags': [], 'func_name': 'pa_sparse_block_topk_49274e4243cbc0021bb2280dba5ae99c', 'folder': 'pa_sparse_block_topk_49274e4243cbc0021bb2280dba5ae99c_77acf8df', 'kwargs': OrderedDict({'block_size': 128, 'topk': 16, 'slots': 16, 'num_waves': 2, 'pages_per_block': 8})}...
[aiter] start build /tmp/inferencex-minimaxm3-1409/home/.aiter/build/pa_sparse_block_topk_49274e4243cbc0021bb2280dba5ae99c_77acf8df
[aiter] finish build /tmp/inferencex-minimaxm3-1409/home/.aiter/build/pa_sparse_block_topk_49274e4243cbc0021bb2280dba5ae99c_77acf8df, cost 2.36961073s
  top-k slots=16 waves=4
[aiter] compile_template_op func_name = 'pa_sparse_block_topk_d95381ff6d11c6228c2cbfb2381542e5' with {'src_template': <Template memory:7adf7f0f8500>, 'md_name': 'pa_sparse_block_topk', 'includes': ['/shared/data/R7N/andy_luo_3v7/minimaxm3-agentx/overlays/aiter-sparse-indexer-cache-fusion-545d97c-266922c/csrc/cpp_itfs/sparse_attn/pa_sparse_block_select_kernels.cuh', '/shared/data/R7N/andy_luo_3v7/minimaxm3-agentx/overlays/aiter-sparse-indexer-cache-fusion-545d97c-266922c/csrc/include', '/shared/data/R7N/andy_luo_3v7/minimaxm3-agentx/overlays/aiter-sparse-indexer-cache-fusion-545d97c-266922c/csrc/include/ck_tile/'], 'sources': [], 'cxxflags': [], 'func_name': 'pa_sparse_block_topk_d95381ff6d11c6228c2cbfb2381542e5', 'folder': 'pa_sparse_block_topk_d95381ff6d11c6228c2cbfb2381542e5_77acf8df', 'kwargs': OrderedDict({'block_size': 128, 'topk': 16, 'slots': 16, 'num_waves': 4, 'pages_per_block': 8})}...
[aiter] start build /tmp/inferencex-minimaxm3-1409/home/.aiter/build/pa_sparse_block_topk_d95381ff6d11c6228c2cbfb2381542e5_77acf8df
[aiter] finish build /tmp/inferencex-minimaxm3-1409/home/.aiter/build/pa_sparse_block_topk_d95381ff6d11c6228c2cbfb2381542e5_77acf8df, cost 2.38213991s
  top-k slots=16 waves=8
[aiter] compile_template_op func_name = 'pa_sparse_block_topk_4d86fb2115622fb33beae050c761474d' with {'src_template': <Template memory:7adf7f0f8500>, 'md_name': 'pa_sparse_block_topk', 'includes': ['/shared/data/R7N/andy_luo_3v7/minimaxm3-agentx/overlays/aiter-sparse-indexer-cache-fusion-545d97c-266922c/csrc/cpp_itfs/sparse_attn/pa_sparse_block_select_kernels.cuh', '/shared/data/R7N/andy_luo_3v7/minimaxm3-agentx/overlays/aiter-sparse-indexer-cache-fusion-545d97c-266922c/csrc/include', '/shared/data/R7N/andy_luo_3v7/minimaxm3-agentx/overlays/aiter-sparse-indexer-cache-fusion-545d97c-266922c/csrc/include/ck_tile/'], 'sources': [], 'cxxflags': [], 'func_name': 'pa_sparse_block_topk_4d86fb2115622fb33beae050c761474d', 'folder': 'pa_sparse_block_topk_4d86fb2115622fb33beae050c761474d_77acf8df', 'kwargs': OrderedDict({'block_size': 128, 'topk': 16, 'slots': 16, 'num_waves': 8, 'pages_per_block': 8})}...
[aiter] start build /tmp/inferencex-minimaxm3-1409/home/.aiter/build/pa_sparse_block_topk_4d86fb2115622fb33beae050c761474d_77acf8df
[aiter] finish build /tmp/inferencex-minimaxm3-1409/home/.aiter/build/pa_sparse_block_topk_4d86fb2115622fb33beae050c761474d_77acf8df, cost 2.39125939s
  top-k slots=32 waves=1
[aiter] compile_template_op func_name = 'pa_sparse_block_topk_a91aaf90fc66c204e0a7b936dcf1f9a4' with {'src_template': <Template memory:7adf7f0f8500>, 'md_name': 'pa_sparse_block_topk', 'includes': ['/shared/data/R7N/andy_luo_3v7/minimaxm3-agentx/overlays/aiter-sparse-indexer-cache-fusion-545d97c-266922c/csrc/cpp_itfs/sparse_attn/pa_sparse_block_select_kernels.cuh', '/shared/data/R7N/andy_luo_3v7/minimaxm3-agentx/overlays/aiter-sparse-indexer-cache-fusion-545d97c-266922c/csrc/include', '/shared/data/R7N/andy_luo_3v7/minimaxm3-agentx/overlays/aiter-sparse-indexer-cache-fusion-545d97c-266922c/csrc/include/ck_tile/'], 'sources': [], 'cxxflags': [], 'func_name': 'pa_sparse_block_topk_a91aaf90fc66c204e0a7b936dcf1f9a4', 'folder': 'pa_sparse_block_topk_a91aaf90fc66c204e0a7b936dcf1f9a4_77acf8df', 'kwargs': OrderedDict({'block_size': 128, 'topk': 16, 'slots': 32, 'num_waves': 1, 'pages_per_block': 8})}...
[aiter] start build /tmp/inferencex-minimaxm3-1409/home/.aiter/build/pa_sparse_block_topk_a91aaf90fc66c204e0a7b936dcf1f9a4_77acf8df
[aiter] finish build /tmp/inferencex-minimaxm3-1409/home/.aiter/build/pa_sparse_block_topk_a91aaf90fc66c204e0a7b936dcf1f9a4_77acf8df, cost 2.43201217s
  top-k slots=32 waves=2
[aiter] compile_template_op func_name = 'pa_sparse_block_topk_a47a5abad39a9b15799572289cd2ad94' with {'src_template': <Template memory:7adf7f0f8500>, 'md_name': 'pa_sparse_block_topk', 'includes': ['/shared/data/R7N/andy_luo_3v7/minimaxm3-agentx/overlays/aiter-sparse-indexer-cache-fusion-545d97c-266922c/csrc/cpp_itfs/sparse_attn/pa_sparse_block_select_kernels.cuh', '/shared/data/R7N/andy_luo_3v7/minimaxm3-agentx/overlays/aiter-sparse-indexer-cache-fusion-545d97c-266922c/csrc/include', '/shared/data/R7N/andy_luo_3v7/minimaxm3-agentx/overlays/aiter-sparse-indexer-cache-fusion-545d97c-266922c/csrc/include/ck_tile/'], 'sources': [], 'cxxflags': [], 'func_name': 'pa_sparse_block_topk_a47a5abad39a9b15799572289cd2ad94', 'folder': 'pa_sparse_block_topk_a47a5abad39a9b15799572289cd2ad94_77acf8df', 'kwargs': OrderedDict({'block_size': 128, 'topk': 16, 'slots': 32, 'num_waves': 2, 'pages_per_block': 8})}...
[aiter] start build /tmp/inferencex-minimaxm3-1409/home/.aiter/build/pa_sparse_block_topk_a47a5abad39a9b15799572289cd2ad94_77acf8df
[aiter] finish build /tmp/inferencex-minimaxm3-1409/home/.aiter/build/pa_sparse_block_topk_a47a5abad39a9b15799572289cd2ad94_77acf8df, cost 2.40863166s
  top-k slots=32 waves=4
[aiter] compile_template_op func_name = 'pa_sparse_block_topk_aaf045ab52ceceb4330f4f070b33ee4b' with {'src_template': <Template memory:7adf7f0f8500>, 'md_name': 'pa_sparse_block_topk', 'includes': ['/shared/data/R7N/andy_luo_3v7/minimaxm3-agentx/overlays/aiter-sparse-indexer-cache-fusion-545d97c-266922c/csrc/cpp_itfs/sparse_attn/pa_sparse_block_select_kernels.cuh', '/shared/data/R7N/andy_luo_3v7/minimaxm3-agentx/overlays/aiter-sparse-indexer-cache-fusion-545d97c-266922c/csrc/include', '/shared/data/R7N/andy_luo_3v7/minimaxm3-agentx/overlays/aiter-sparse-indexer-cache-fusion-545d97c-266922c/csrc/include/ck_tile/'], 'sources': [], 'cxxflags': [], 'func_name': 'pa_sparse_block_topk_aaf045ab52ceceb4330f4f070b33ee4b', 'folder': 'pa_sparse_block_topk_aaf045ab52ceceb4330f4f070b33ee4b_77acf8df', 'kwargs': OrderedDict({'block_size': 128, 'topk': 16, 'slots': 32, 'num_waves': 4, 'pages_per_block': 8})}...
[aiter] start build /tmp/inferencex-minimaxm3-1409/home/.aiter/build/pa_sparse_block_topk_aaf045ab52ceceb4330f4f070b33ee4b_77acf8df
[aiter] finish build /tmp/inferencex-minimaxm3-1409/home/.aiter/build/pa_sparse_block_topk_aaf045ab52ceceb4330f4f070b33ee4b_77acf8df, cost 2.39110945s
  top-k slots=32 waves=8
[aiter] compile_template_op func_name = 'pa_sparse_block_topk_e6fd078e78264080f8f95684382a4260' with {'src_template': <Template memory:7adf7f0f8500>, 'md_name': 'pa_sparse_block_topk', 'includes': ['/shared/data/R7N/andy_luo_3v7/minimaxm3-agentx/overlays/aiter-sparse-indexer-cache-fusion-545d97c-266922c/csrc/cpp_itfs/sparse_attn/pa_sparse_block_select_kernels.cuh', '/shared/data/R7N/andy_luo_3v7/minimaxm3-agentx/overlays/aiter-sparse-indexer-cache-fusion-545d97c-266922c/csrc/include', '/shared/data/R7N/andy_luo_3v7/minimaxm3-agentx/overlays/aiter-sparse-indexer-cache-fusion-545d97c-266922c/csrc/include/ck_tile/'], 'sources': [], 'cxxflags': [], 'func_name': 'pa_sparse_block_topk_e6fd078e78264080f8f95684382a4260', 'folder': 'pa_sparse_block_topk_e6fd078e78264080f8f95684382a4260_77acf8df', 'kwargs': OrderedDict({'block_size': 128, 'topk': 16, 'slots': 32, 'num_waves': 8, 'pages_per_block': 8})}...
[aiter] start build /tmp/inferencex-minimaxm3-1409/home/.aiter/build/pa_sparse_block_topk_e6fd078e78264080f8f95684382a4260_77acf8df
[aiter] finish build /tmp/inferencex-minimaxm3-1409/home/.aiter/build/pa_sparse_block_topk_e6fd078e78264080f8f95684382a4260_77acf8df, cost 2.45436395s
  top-k slots=64 waves=1
[aiter] compile_template_op func_name = 'pa_sparse_block_topk_6f0b7dac6a99206b1929ed6551dc3c56' with {'src_template': <Template memory:7adf7f0f8500>, 'md_name': 'pa_sparse_block_topk', 'includes': ['/shared/data/R7N/andy_luo_3v7/minimaxm3-agentx/overlays/aiter-sparse-indexer-cache-fusion-545d97c-266922c/csrc/cpp_itfs/sparse_attn/pa_sparse_block_select_kernels.cuh', '/shared/data/R7N/andy_luo_3v7/minimaxm3-agentx/overlays/aiter-sparse-indexer-cache-fusion-545d97c-266922c/csrc/include', '/shared/data/R7N/andy_luo_3v7/minimaxm3-agentx/overlays/aiter-sparse-indexer-cache-fusion-545d97c-266922c/csrc/include/ck_tile/'], 'sources': [], 'cxxflags': [], 'func_name': 'pa_sparse_block_topk_6f0b7dac6a99206b1929ed6551dc3c56', 'folder': 'pa_sparse_block_topk_6f0b7dac6a99206b1929ed6551dc3c56_77acf8df', 'kwargs': OrderedDict({'block_size': 128, 'topk': 16, 'slots': 64, 'num_waves': 1, 'pages_per_block': 8})}...
[aiter] start build /tmp/inferencex-minimaxm3-1409/home/.aiter/build/pa_sparse_block_topk_6f0b7dac6a99206b1929ed6551dc3c56_77acf8df
[aiter] finish build /tmp/inferencex-minimaxm3-1409/home/.aiter/build/pa_sparse_block_topk_6f0b7dac6a99206b1929ed6551dc3c56_77acf8df, cost 2.50798265s
  top-k slots=64 waves=2
[aiter] compile_template_op func_name = 'pa_sparse_block_topk_ea576546bb3099348a83c48d8e21184c' with {'src_template': <Template memory:7adf7f0f8500>, 'md_name': 'pa_sparse_block_topk', 'includes': ['/shared/data/R7N/andy_luo_3v7/minimaxm3-agentx/overlays/aiter-sparse-indexer-cache-fusion-545d97c-266922c/csrc/cpp_itfs/sparse_attn/pa_sparse_block_select_kernels.cuh', '/shared/data/R7N/andy_luo_3v7/minimaxm3-agentx/overlays/aiter-sparse-indexer-cache-fusion-545d97c-266922c/csrc/include', '/shared/data/R7N/andy_luo_3v7/minimaxm3-agentx/overlays/aiter-sparse-indexer-cache-fusion-545d97c-266922c/csrc/include/ck_tile/'], 'sources': [], 'cxxflags': [], 'func_name': 'pa_sparse_block_topk_ea576546bb3099348a83c48d8e21184c', 'folder': 'pa_sparse_block_topk_ea576546bb3099348a83c48d8e21184c_77acf8df', 'kwargs': OrderedDict({'block_size': 128, 'topk': 16, 'slots': 64, 'num_waves': 2, 'pages_per_block': 8})}...
[aiter] start build /tmp/inferencex-minimaxm3-1409/home/.aiter/build/pa_sparse_block_topk_ea576546bb3099348a83c48d8e21184c_77acf8df
[aiter] finish build /tmp/inferencex-minimaxm3-1409/home/.aiter/build/pa_sparse_block_topk_ea576546bb3099348a83c48d8e21184c_77acf8df, cost 2.49546913s
  top-k slots=64 waves=4
[aiter] compile_template_op func_name = 'pa_sparse_block_topk_710cb450944328ce4ab904200cf78a47' with {'src_template': <Template memory:7adf7f0f8500>, 'md_name': 'pa_sparse_block_topk', 'includes': ['/shared/data/R7N/andy_luo_3v7/minimaxm3-agentx/overlays/aiter-sparse-indexer-cache-fusion-545d97c-266922c/csrc/cpp_itfs/sparse_attn/pa_sparse_block_select_kernels.cuh', '/shared/data/R7N/andy_luo_3v7/minimaxm3-agentx/overlays/aiter-sparse-indexer-cache-fusion-545d97c-266922c/csrc/include', '/shared/data/R7N/andy_luo_3v7/minimaxm3-agentx/overlays/aiter-sparse-indexer-cache-fusion-545d97c-266922c/csrc/include/ck_tile/'], 'sources': [], 'cxxflags': [], 'func_name': 'pa_sparse_block_topk_710cb450944328ce4ab904200cf78a47', 'folder': 'pa_sparse_block_topk_710cb450944328ce4ab904200cf78a47_77acf8df', 'kwargs': OrderedDict({'block_size': 128, 'topk': 16, 'slots': 64, 'num_waves': 4, 'pages_per_block': 8})}...
[aiter] start build /tmp/inferencex-minimaxm3-1409/home/.aiter/build/pa_sparse_block_topk_710cb450944328ce4ab904200cf78a47_77acf8df
[aiter] finish build /tmp/inferencex-minimaxm3-1409/home/.aiter/build/pa_sparse_block_topk_710cb450944328ce4ab904200cf78a47_77acf8df, cost 2.56752025s
  top-k slots=64 waves=8
[aiter] compile_template_op func_name = 'pa_sparse_block_topk_c5ffb2a2d564070d0f8bffbb2d1a5847' with {'src_template': <Template memory:7adf7f0f8500>, 'md_name': 'pa_sparse_block_topk', 'includes': ['/shared/data/R7N/andy_luo_3v7/minimaxm3-agentx/overlays/aiter-sparse-indexer-cache-fusion-545d97c-266922c/csrc/cpp_itfs/sparse_attn/pa_sparse_block_select_kernels.cuh', '/shared/data/R7N/andy_luo_3v7/minimaxm3-agentx/overlays/aiter-sparse-indexer-cache-fusion-545d97c-266922c/csrc/include', '/shared/data/R7N/andy_luo_3v7/minimaxm3-agentx/overlays/aiter-sparse-indexer-cache-fusion-545d97c-266922c/csrc/include/ck_tile/'], 'sources': [], 'cxxflags': [], 'func_name': 'pa_sparse_block_topk_c5ffb2a2d564070d0f8bffbb2d1a5847', 'folder': 'pa_sparse_block_topk_c5ffb2a2d564070d0f8bffbb2d1a5847_77acf8df', 'kwargs': OrderedDict({'block_size': 128, 'topk': 16, 'slots': 64, 'num_waves': 8, 'pages_per_block': 8})}...
[aiter] start build /tmp/inferencex-minimaxm3-1409/home/.aiter/build/pa_sparse_block_topk_c5ffb2a2d564070d0f8bffbb2d1a5847_77acf8df
[aiter] finish build /tmp/inferencex-minimaxm3-1409/home/.aiter/build/pa_sparse_block_topk_c5ffb2a2d564070d0f8bffbb2d1a5847_77acf8df, cost 2.36318028s
  top-k slots=128 waves=1
[aiter] compile_template_op func_name = 'pa_sparse_block_topk_ea1b4f600243d2e753b80e357c50b23e' with {'src_template': <Template memory:7adf7f0f8500>, 'md_name': 'pa_sparse_block_topk', 'includes': ['/shared/data/R7N/andy_luo_3v7/minimaxm3-agentx/overlays/aiter-sparse-indexer-cache-fusion-545d97c-266922c/csrc/cpp_itfs/sparse_attn/pa_sparse_block_select_kernels.cuh', '/shared/data/R7N/andy_luo_3v7/minimaxm3-agentx/overlays/aiter-sparse-indexer-cache-fusion-545d97c-266922c/csrc/include', '/shared/data/R7N/andy_luo_3v7/minimaxm3-agentx/overlays/aiter-sparse-indexer-cache-fusion-545d97c-266922c/csrc/include/ck_tile/'], 'sources': [], 'cxxflags': [], 'func_name': 'pa_sparse_block_topk_ea1b4f600243d2e753b80e357c50b23e', 'folder': 'pa_sparse_block_topk_ea1b4f600243d2e753b80e357c50b23e_77acf8df', 'kwargs': OrderedDict({'block_size': 128, 'topk': 16, 'slots': 128, 'num_waves': 1, 'pages_per_block': 8})}...
[aiter] start build /tmp/inferencex-minimaxm3-1409/home/.aiter/build/pa_sparse_block_topk_ea1b4f600243d2e753b80e357c50b23e_77acf8df
[aiter] finish build /tmp/inferencex-minimaxm3-1409/home/.aiter/build/pa_sparse_block_topk_ea1b4f600243d2e753b80e357c50b23e_77acf8df, cost 2.69749893s
  top-k slots=128 waves=2
[aiter] compile_template_op func_name = 'pa_sparse_block_topk_7ea18e0e5eef7735323600cc003fe250' with {'src_template': <Template memory:7adf7f0f8500>, 'md_name': 'pa_sparse_block_topk', 'includes': ['/shared/data/R7N/andy_luo_3v7/minimaxm3-agentx/overlays/aiter-sparse-indexer-cache-fusion-545d97c-266922c/csrc/cpp_itfs/sparse_attn/pa_sparse_block_select_kernels.cuh', '/shared/data/R7N/andy_luo_3v7/minimaxm3-agentx/overlays/aiter-sparse-indexer-cache-fusion-545d97c-266922c/csrc/include', '/shared/data/R7N/andy_luo_3v7/minimaxm3-agentx/overlays/aiter-sparse-indexer-cache-fusion-545d97c-266922c/csrc/include/ck_tile/'], 'sources': [], 'cxxflags': [], 'func_name': 'pa_sparse_block_topk_7ea18e0e5eef7735323600cc003fe250', 'folder': 'pa_sparse_block_topk_7ea18e0e5eef7735323600cc003fe250_77acf8df', 'kwargs': OrderedDict({'block_size': 128, 'topk': 16, 'slots': 128, 'num_waves': 2, 'pages_per_block': 8})}...
[aiter] start build /tmp/inferencex-minimaxm3-1409/home/.aiter/build/pa_sparse_block_topk_7ea18e0e5eef7735323600cc003fe250_77acf8df
[aiter] finish build /tmp/inferencex-minimaxm3-1409/home/.aiter/build/pa_sparse_block_topk_7ea18e0e5eef7735323600cc003fe250_77acf8df, cost 2.48022861s
  top-k slots=128 waves=4
[aiter] compile_template_op func_name = 'pa_sparse_block_topk_ba29094d64c345dbcf76712283c4c9b9' with {'src_template': <Template memory:7adf7f0f8500>, 'md_name': 'pa_sparse_block_topk', 'includes': ['/shared/data/R7N/andy_luo_3v7/minimaxm3-agentx/overlays/aiter-sparse-indexer-cache-fusion-545d97c-266922c/csrc/cpp_itfs/sparse_attn/pa_sparse_block_select_kernels.cuh', '/shared/data/R7N/andy_luo_3v7/minimaxm3-agentx/overlays/aiter-sparse-indexer-cache-fusion-545d97c-266922c/csrc/include', '/shared/data/R7N/andy_luo_3v7/minimaxm3-agentx/overlays/aiter-sparse-indexer-cache-fusion-545d97c-266922c/csrc/include/ck_tile/'], 'sources': [], 'cxxflags': [], 'func_name': 'pa_sparse_block_topk_ba29094d64c345dbcf76712283c4c9b9', 'folder': 'pa_sparse_block_topk_ba29094d64c345dbcf76712283c4c9b9_77acf8df', 'kwargs': OrderedDict({'block_size': 128, 'topk': 16, 'slots': 128, 'num_waves': 4, 'pages_per_block': 8})}...
[aiter] start build /tmp/inferencex-minimaxm3-1409/home/.aiter/build/pa_sparse_block_topk_ba29094d64c345dbcf76712283c4c9b9_77acf8df
[aiter] finish build /tmp/inferencex-minimaxm3-1409/home/.aiter/build/pa_sparse_block_topk_ba29094d64c345dbcf76712283c4c9b9_77acf8df, cost 2.39704009s
  top-k slots=128 waves=8
[aiter] compile_template_op func_name = 'pa_sparse_block_topk_ad22426619f62325b9c054225a90fa49' with {'src_template': <Template memory:7adf7f0f8500>, 'md_name': 'pa_sparse_block_topk', 'includes': ['/shared/data/R7N/andy_luo_3v7/minimaxm3-agentx/overlays/aiter-sparse-indexer-cache-fusion-545d97c-266922c/csrc/cpp_itfs/sparse_attn/pa_sparse_block_select_kernels.cuh', '/shared/data/R7N/andy_luo_3v7/minimaxm3-agentx/overlays/aiter-sparse-indexer-cache-fusion-545d97c-266922c/csrc/include', '/shared/data/R7N/andy_luo_3v7/minimaxm3-agentx/overlays/aiter-sparse-indexer-cache-fusion-545d97c-266922c/csrc/include/ck_tile/'], 'sources': [], 'cxxflags': [], 'func_name': 'pa_sparse_block_topk_ad22426619f62325b9c054225a90fa49', 'folder': 'pa_sparse_block_topk_ad22426619f62325b9c054225a90fa49_77acf8df', 'kwargs': OrderedDict({'block_size': 128, 'topk': 16, 'slots': 128, 'num_waves': 8, 'pages_per_block': 8})}...
[aiter] start build /tmp/inferencex-minimaxm3-1409/home/.aiter/build/pa_sparse_block_topk_ad22426619f62325b9c054225a90fa49_77acf8df
[aiter] finish build /tmp/inferencex-minimaxm3-1409/home/.aiter/build/pa_sparse_block_topk_ad22426619f62325b9c054225a90fa49_77acf8df, cost 2.37696455s
  score-decode waves=1 q_tiles=1
[aiter] compile_template_op func_name = 'pa_sparse_block_score_decode_b5e7f76efa629ab3e994fb1821f74bcc' with {'src_template': <Template memory:7adf7f0efec0>, 'md_name': 'pa_sparse_block_score_decode', 'includes': ['/shared/data/R7N/andy_luo_3v7/minimaxm3-agentx/overlays/aiter-sparse-indexer-cache-fusion-545d97c-266922c/csrc/cpp_itfs/sparse_attn/pa_sparse_block_select_kernels.cuh', '/shared/data/R7N/andy_luo_3v7/minimaxm3-agentx/overlays/aiter-sparse-indexer-cache-fusion-545d97c-266922c/csrc/include', '/shared/data/R7N/andy_luo_3v7/minimaxm3-agentx/overlays/aiter-sparse-indexer-cache-fusion-545d97c-266922c/csrc/include/ck_tile/'], 'sources': [], 'cxxflags': ['-mllvm -amdgpu-mfma-vgpr-form=1'], 'func_name': 'pa_sparse_block_score_decode_b5e7f76efa629ab3e994fb1821f74bcc', 'folder': 'pa_sparse_block_score_decode_a3296555132891089f84d2f9be095ed1_77acf8df', 'kwargs': OrderedDict({'block_size': 128, 'head_dim': 128, 'num_idx_heads': 1, 'num_waves': 1, 'q_tiles': 1, 'prefetch': 8, 'non_temporal': 'false'})}...
[aiter] start build /tmp/inferencex-minimaxm3-1409/home/.aiter/build/pa_sparse_block_score_decode_a3296555132891089f84d2f9be095ed1_77acf8df
[aiter] finish build /tmp/inferencex-minimaxm3-1409/home/.aiter/build/pa_sparse_block_score_decode_a3296555132891089f84d2f9be095ed1_77acf8df, cost 2.84764100s
  score-decode waves=2 q_tiles=1
[aiter] compile_template_op func_name = 'pa_sparse_block_score_decode_4aca51e16ad93621cb5aedb58f9ce7d8' with {'src_template': <Template memory:7adf7f0efec0>, 'md_name': 'pa_sparse_block_score_decode', 'includes': ['/shared/data/R7N/andy_luo_3v7/minimaxm3-agentx/overlays/aiter-sparse-indexer-cache-fusion-545d97c-266922c/csrc/cpp_itfs/sparse_attn/pa_sparse_block_select_kernels.cuh', '/shared/data/R7N/andy_luo_3v7/minimaxm3-agentx/overlays/aiter-sparse-indexer-cache-fusion-545d97c-266922c/csrc/include', '/shared/data/R7N/andy_luo_3v7/minimaxm3-agentx/overlays/aiter-sparse-indexer-cache-fusion-545d97c-266922c/csrc/include/ck_tile/'], 'sources': [], 'cxxflags': ['-mllvm -amdgpu-mfma-vgpr-form=1'], 'func_name': 'pa_sparse_block_score_decode_4aca51e16ad93621cb5aedb58f9ce7d8', 'folder': 'pa_sparse_block_score_decode_be7824a80454cac2ed9cc78bfdf61057_77acf8df', 'kwargs': OrderedDict({'block_size': 128, 'head_dim': 128, 'num_idx_heads': 1, 'num_waves': 2, 'q_tiles': 1, 'prefetch': 8, 'non_temporal': 'false'})}...
[aiter] start build /tmp/inferencex-minimaxm3-1409/home/.aiter/build/pa_sparse_block_score_decode_be7824a80454cac2ed9cc78bfdf61057_77acf8df
[aiter] finish build /tmp/inferencex-minimaxm3-1409/home/.aiter/build/pa_sparse_block_score_decode_be7824a80454cac2ed9cc78bfdf61057_77acf8df, cost 2.34512307s
  score-decode waves=4 q_tiles=1
[aiter] compile_template_op func_name = 'pa_sparse_block_score_decode_e77773b9e98a6959a86599d0b1b32b36' with {'src_template': <Template memory:7adf7f0efec0>, 'md_name': 'pa_sparse_block_score_decode', 'includes': ['/shared/data/R7N/andy_luo_3v7/minimaxm3-agentx/overlays/aiter-sparse-indexer-cache-fusion-545d97c-266922c/csrc/cpp_itfs/sparse_attn/pa_sparse_block_select_kernels.cuh', '/shared/data/R7N/andy_luo_3v7/minimaxm3-agentx/overlays/aiter-sparse-indexer-cache-fusion-545d97c-266922c/csrc/include', '/shared/data/R7N/andy_luo_3v7/minimaxm3-agentx/overlays/aiter-sparse-indexer-cache-fusion-545d97c-266922c/csrc/include/ck_tile/'], 'sources': [], 'cxxflags': ['-mllvm -amdgpu-mfma-vgpr-form=1'], 'func_name': 'pa_sparse_block_score_decode_e77773b9e98a6959a86599d0b1b32b36', 'folder': 'pa_sparse_block_score_decode_e931eb22d09937c61fe009f1749a7b94_77acf8df', 'kwargs': OrderedDict({'block_size': 128, 'head_dim': 128, 'num_idx_heads': 1, 'num_waves': 4, 'q_tiles': 1, 'prefetch': 8, 'non_temporal': 'false'})}...
[aiter] start build /tmp/inferencex-minimaxm3-1409/home/.aiter/build/pa_sparse_block_score_decode_e931eb22d09937c61fe009f1749a7b94_77acf8df
[aiter] finish build /tmp/inferencex-minimaxm3-1409/home/.aiter/build/pa_sparse_block_score_decode_e931eb22d09937c61fe009f1749a7b94_77acf8df, cost 2.33968164s
  score-prefill waves=4 q_tiles=1
[aiter] compile_template_op func_name = 'pa_sparse_block_score_prefill_251ea0a341a15b3dc6ede6b9ae4ca663' with {'src_template': <Template memory:7adf7f1e2120>, 'md_name': 'pa_sparse_block_score_prefill', 'includes': ['/shared/data/R7N/andy_luo_3v7/minimaxm3-agentx/overlays/aiter-sparse-indexer-cache-fusion-545d97c-266922c/csrc/cpp_itfs/sparse_attn/pa_sparse_block_select_kernels.cuh', '/shared/data/R7N/andy_luo_3v7/minimaxm3-agentx/overlays/aiter-sparse-indexer-cache-fusion-545d97c-266922c/csrc/include', '/shared/data/R7N/andy_luo_3v7/minimaxm3-agentx/overlays/aiter-sparse-indexer-cache-fusion-545d97c-266922c/csrc/include/ck_tile/'], 'sources': [], 'cxxflags': ['-mllvm -amdgpu-mfma-vgpr-form=1'], 'func_name': 'pa_sparse_block_score_prefill_251ea0a341a15b3dc6ede6b9ae4ca663', 'folder': 'pa_sparse_block_score_prefill_251ea0a341a15b3dc6ede6b9ae4ca663_77acf8df', 'kwargs': OrderedDict({'block_size': 128, 'head_dim': 128, 'num_idx_heads': 1, 'num_waves': 4, 'q_tiles': 1})}...
[aiter] start build /tmp/inferencex-minimaxm3-1409/home/.aiter/build/pa_sparse_block_score_prefill_251ea0a341a15b3dc6ede6b9ae4ca663_77acf8df
[aiter] finish build /tmp/inferencex-minimaxm3-1409/home/.aiter/build/pa_sparse_block_score_prefill_251ea0a341a15b3dc6ede6b9ae4ca663_77acf8df, cost 2.34312684s
  score-prefill waves=4 q_tiles=2
[aiter] compile_template_op func_name = 'pa_sparse_block_score_prefill_e5393df7d9a2212c0f081bfbfa81123a' with {'src_template': <Template memory:7adf7f1e2120>, 'md_name': 'pa_sparse_block_score_prefill', 'includes': ['/shared/data/R7N/andy_luo_3v7/minimaxm3-agentx/overlays/aiter-sparse-indexer-cache-fusion-545d97c-266922c/csrc/cpp_itfs/sparse_attn/pa_sparse_block_select_kernels.cuh', '/shared/data/R7N/andy_luo_3v7/minimaxm3-agentx/overlays/aiter-sparse-indexer-cache-fusion-545d97c-266922c/csrc/include', '/shared/data/R7N/andy_luo_3v7/minimaxm3-agentx/overlays/aiter-sparse-indexer-cache-fusion-545d97c-266922c/csrc/include/ck_tile/'], 'sources': [], 'cxxflags': ['-mllvm -amdgpu-mfma-vgpr-form=1'], 'func_name': 'pa_sparse_block_score_prefill_e5393df7d9a2212c0f081bfbfa81123a', 'folder': 'pa_sparse_block_score_prefill_e5393df7d9a2212c0f081bfbfa81123a_77acf8df', 'kwargs': OrderedDict({'block_size': 128, 'head_dim': 128, 'num_idx_heads': 1, 'num_waves': 4, 'q_tiles': 2})}...
[aiter] start build /tmp/inferencex-minimaxm3-1409/home/.aiter/build/pa_sparse_block_score_prefill_e5393df7d9a2212c0f081bfbfa81123a_77acf8df
[aiter] finish build /tmp/inferencex-minimaxm3-1409/home/.aiter/build/pa_sparse_block_score_prefill_e5393df7d9a2212c0f081bfbfa81123a_77acf8df, cost 2.38393175s
  score-prefill waves=4 q_tiles=4
[aiter] compile_template_op func_name = 'pa_sparse_block_score_prefill_fcf0f2c064778ed65bd4c394b79b219f' with {'src_template': <Template memory:7adf7f1e2120>, 'md_name': 'pa_sparse_block_score_prefill', 'includes': ['/shared/data/R7N/andy_luo_3v7/minimaxm3-agentx/overlays/aiter-sparse-indexer-cache-fusion-545d97c-266922c/csrc/cpp_itfs/sparse_attn/pa_sparse_block_select_kernels.cuh', '/shared/data/R7N/andy_luo_3v7/minimaxm3-agentx/overlays/aiter-sparse-indexer-cache-fusion-545d97c-266922c/csrc/include', '/shared/data/R7N/andy_luo_3v7/minimaxm3-agentx/overlays/aiter-sparse-indexer-cache-fusion-545d97c-266922c/csrc/include/ck_tile/'], 'sources': [], 'cxxflags': ['-mllvm -amdgpu-mfma-vgpr-form=1'], 'func_name': 'pa_sparse_block_score_prefill_fcf0f2c064778ed65bd4c394b79b219f', 'folder': 'pa_sparse_block_score_prefill_fcf0f2c064778ed65bd4c394b79b219f_77acf8df', 'kwargs': OrderedDict({'block_size': 128, 'head_dim': 128, 'num_idx_heads': 1, 'num_waves': 4, 'q_tiles': 4})}...
[aiter] start build /tmp/inferencex-minimaxm3-1409/home/.aiter/build/pa_sparse_block_score_prefill_fcf0f2c064778ed65bd4c394b79b219f_77acf8df
[aiter] finish build /tmp/inferencex-minimaxm3-1409/home/.aiter/build/pa_sparse_block_score_prefill_fcf0f2c064778ed65bd4c394b79b219f_77acf8df, cost 2.44855223s
Precompiling fused EAGLE metadata kernels
WARNING 08-25 18:04:23 [rocm.py:123] Using CUDA_VISIBLE_DEVICES on ROCm is deprecated and support will be removed in vLLM v0.26.0. Please use HIP_VISIBLE_DEVICES instead.
  EAGLE prepare-inputs batch=1
  EAGLE prepare-next-token batch=1
  EAGLE step slot/metadata batch=1
  EAGLE prepare-inputs batch=2
  EAGLE prepare-next-token batch=2
  EAGLE step slot/metadata batch=2
  EAGLE prepare-inputs batch=4
  EAGLE prepare-next-token batch=4
  EAGLE step slot/metadata batch=4
  EAGLE prepare-inputs batch=8
  EAGLE prepare-next-token batch=8
  EAGLE step slot/metadata batch=8
  EAGLE prepare-inputs batch=16
  EAGLE prepare-next-token batch=16
  EAGLE step slot/metadata batch=16
  EAGLE prepare-inputs batch=32
  EAGLE prepare-next-token batch=32
  EAGLE step slot/metadata batch=32
Precompiling EAGLE3 draft BF16 GEMM tail buckets
  draft BF16 GEMM M=513 N=5120 K=2880
  draft BF16 GEMM M=513 N=2880 K=4096
  draft BF16 GEMM M=513 N=128 K=2880
  draft BF16 GEMM M=513 N=640 K=2880
  draft BF16 GEMM M=513 N=2880 K=512
  draft BF16 GEMM M=1024 N=5120 K=2880
  draft BF16 GEMM M=1024 N=2880 K=4096
  draft BF16 GEMM M=1024 N=128 K=2880
  draft BF16 GEMM M=1024 N=640 K=2880
  draft BF16 GEMM M=1024 N=2880 K=512
  draft BF16 GEMM M=1025 N=5120 K=2880
  draft BF16 GEMM M=1025 N=2880 K=4096
  draft BF16 GEMM M=1025 N=128 K=2880
  draft BF16 GEMM M=1025 N=640 K=2880
  draft BF16 GEMM M=1025 N=2880 K=512
  draft BF16 GEMM M=2048 N=5120 K=2880
  draft BF16 GEMM M=2048 N=2880 K=4096
  draft BF16 GEMM M=2048 N=128 K=2880
  draft BF16 GEMM M=2048 N=640 K=2880
  draft BF16 GEMM M=2048 N=2880 K=512
  draft BF16 GEMM M=2049 N=5120 K=2880
  draft BF16 GEMM M=2049 N=2880 K=4096
  draft BF16 GEMM M=2049 N=128 K=2880
  draft BF16 GEMM M=2049 N=640 K=2880
  draft BF16 GEMM M=2049 N=2880 K=512
  draft BF16 GEMM M=4096 N=5120 K=2880
  draft BF16 GEMM M=4096 N=2880 K=4096
  draft BF16 GEMM M=4096 N=128 K=2880
  draft BF16 GEMM M=4096 N=640 K=2880
  draft BF16 GEMM M=4096 N=2880 K=512
  draft BF16 GEMM M=4097 N=5120 K=2880
  draft BF16 GEMM M=4097 N=2880 K=4096
  draft BF16 GEMM M=4097 N=128 K=2880
  draft BF16 GEMM M=4097 N=640 K=2880
  draft BF16 GEMM M=4097 N=2880 K=512
  draft BF16 GEMM M=8192 N=5120 K=2880
  draft BF16 GEMM M=8192 N=2880 K=4096
  draft BF16 GEMM M=8192 N=128 K=2880
  draft BF16 GEMM M=8192 N=640 K=2880
  draft BF16 GEMM M=8192 N=2880 K=512
  draft BF16 GEMM M=8193 N=5120 K=2880
  draft BF16 GEMM M=8193 N=2880 K=4096
  draft BF16 GEMM M=8193 N=128 K=2880
  draft BF16 GEMM M=8193 N=640 K=2880
  draft BF16 GEMM M=8193 N=2880 K=512
  draft BF16 GEMM M=32768 N=5120 K=2880
  draft BF16 GEMM M=32768 N=2880 K=4096
  draft BF16 GEMM M=32768 N=128 K=2880
  draft BF16 GEMM M=32768 N=640 K=2880
  draft BF16 GEMM M=32768 N=2880 K=512
Precompiling native top-k/top-p sampler
  sampler top-p batch=1 vocab=200064
  sampler top-k batch=1 vocab=200064
  sampler top-k+top-p batch=1 vocab=200064
  sampler top-p batch=2 vocab=200064
  sampler top-k batch=2 vocab=200064
  sampler top-k+top-p batch=2 vocab=200064
  sampler top-p batch=4 vocab=200064
  sampler top-k batch=4 vocab=200064
  sampler top-k+top-p batch=4 vocab=200064
  sampler top-p batch=8 vocab=200064
  sampler top-k batch=8 vocab=200064
  sampler top-k+top-p batch=8 vocab=200064
  sampler top-p batch=16 vocab=200064
  sampler top-k batch=16 vocab=200064
  sampler top-k+top-p batch=16 vocab=200064
  sampler top-p batch=32 vocab=200064
  sampler top-k batch=32 vocab=200064
  sampler top-k+top-p batch=32 vocab=200064
MiniMax-M3 AgentX precompile complete
++ dirname /shared/data/R7N/andy_luo_3v7/minimaxm3-agentx/repos/InferenceX/benchmarks/single_node/agentic/minimaxm3_fp4_mi355x_mtp_full_indexer.sh
+ source /shared/data/R7N/andy_luo_3v7/minimaxm3-agentx/repos/InferenceX/benchmarks/single_node/agentic/../../benchmark_lib.sh
++ export PYTHONDONTWRITEBYTECODE=1
++ PYTHONDONTWRITEBYTECODE=1
++ export PYTHONPYCACHEPREFIX=/tmp/inferencex-minimaxm3-1409/tmp/inferencex-pycache
++ PYTHONPYCACHEPREFIX=/tmp/inferencex-minimaxm3-1409/tmp/inferencex-pycache
++ mkdir -p /tmp/inferencex-minimaxm3-1409/tmp/inferencex-pycache
++ export PORT=8886
++ PORT=8886
++ _benchmark_caller=/shared/data/R7N/andy_luo_3v7/minimaxm3-agentx/repos/InferenceX/benchmarks/single_node/agentic/minimaxm3_fp4_mi355x_mtp_full_indexer.sh
++ [[ /shared/data/R7N/andy_luo_3v7/minimaxm3-agentx/repos/InferenceX/benchmarks/single_node/agentic/minimaxm3_fp4_mi355x_mtp_full_indexer.sh == */agentic/* ]]
++ unset MAX_MODEL_LEN
++ [[ -z x ]]
++ [[ -z dram ]]
++ case "$KV_OFFLOADING" in
++ [[ -z vllm-simple ]]
++ [[ vllm-simple == \n\o\n\e ]]
++ [[ ! 1499 =~ ^[1-9][0-9]*$ ]]
++ unset _benchmark_caller
++ GPU_MONITOR_PID=
++ GPU_MONITOR_VENDOR=
++ GPU_MONITOR_INTERVAL=1
++ GPU_METRICS_CSV=gpu_metrics.csv
++ NVIDIA_GPU_MONITOR_QUERY=timestamp,index,power.draw,temperature.gpu,clocks.current.sm,clocks.current.memory,utilization.gpu,utilization.memory
++ export GPU_METRICS_CSV
++ INFMAX_CONTAINER_WORKSPACE=/workspace
++ AGENTIC_DIR=/workspace/utils/agentic-benchmark
++ AIPERF_DIR=/workspace/utils/aiperf
++ AIPERF_RUNTIME_DIR=/tmp/inferencex-minimaxm3-1409/runs/mtp-k4-aiter-full-indexer-vllm-simple-v19-tp4-c30-full-indexer-complete-curve-20260825-r1
++ AIPERF_VENV=/tmp/inferencex-minimaxm3-1409/runs/mtp-k4-aiter-full-indexer-vllm-simple-v19-tp4-c30-full-indexer-complete-curve-20260825-r1/venv
++ AIPERF_UV_INSTALL_DIR=/tmp/inferencex-minimaxm3-1409/uv-bin
++ AIPERF_UV_CACHE_DIR=/tmp/inferencex-minimaxm3-1409/uv-cache
++ AIPERF_PYTHON=/tmp/inferencex-minimaxm3-1409/runs/mtp-k4-aiter-full-indexer-vllm-simple-v19-tp4-c30-full-indexer-complete-curve-20260825-r1/venv/bin/python
++ AIPERF_CLI=/tmp/inferencex-minimaxm3-1409/runs/mtp-k4-aiter-full-indexer-vllm-simple-v19-tp4-c30-full-indexer-complete-curve-20260825-r1/venv/bin/aiperf
++ AIPERF_HF_CLI=/tmp/inferencex-minimaxm3-1409/runs/mtp-k4-aiter-full-indexer-vllm-simple-v19-tp4-c30-full-indexer-complete-curve-20260825-r1/venv/bin/hf
++ AIPERF_DEPS_READY=0
++ AIPERF_FAILED_REQUEST_THRESHOLD=0.10
++ AIPERF_LIVE_FAILED_REQUEST_THRESHOLD=0.10
++ AIPERF_TRACE_IDLE_GAP_CAP_SECONDS=300
+ export EVAL_FRAMEWORK=lm-eval
+ EVAL_FRAMEWORK=lm-eval
+ check_env_vars MODEL TP CONC KV_OFFLOADING TOTAL_CPU_DRAM_GB RESULT_DIR DURATION EP_SIZE DP_ATTENTION
+ missing_vars=()
+ local missing_vars
+ for var_name in "$@"
+ [[ -z amd/MiniMax-M3-MXFP4 ]]
+ for var_name in "$@"
+ [[ -z 4 ]]
+ for var_name in "$@"
+ [[ -z 30 ]]
+ for var_name in "$@"
+ [[ -z dram ]]
+ for var_name in "$@"
+ [[ -z 1499 ]]
+ for var_name in "$@"
+ [[ -z /shared/data/R7N/andy_luo_3v7/minimaxm3-agentx/results/mtp-k4-aiter-full-indexer-vllm-simple-v19-tp4-c30-full-indexer-complete-curve-20260825-r1 ]]
+ for var_name in "$@"
+ [[ -z 3600 ]]
+ for var_name in "$@"
+ [[ -z 1 ]]
+ for var_name in "$@"
+ [[ -z false ]]
+ [[ 0 -gt 0 ]]
+ echo 'MODEL=amd/MiniMax-M3-MXFP4 TP=4 CONC=30 KV_OFFLOADING=dram TOTAL_CPU_DRAM_GB=1499 RESULT_DIR=/shared/data/R7N/andy_luo_3v7/minimaxm3-agentx/results/mtp-k4-aiter-full-indexer-vllm-simple-v19-tp4-c30-full-indexer-complete-curve-20260825-r1 DURATION=3600 EP_SIZE=1 DP_ATTENTION=false'
MODEL=amd/MiniMax-M3-MXFP4 TP=4 CONC=30 KV_OFFLOADING=dram TOTAL_CPU_DRAM_GB=1499 RESULT_DIR=/shared/data/R7N/andy_luo_3v7/minimaxm3-agentx/results/mtp-k4-aiter-full-indexer-vllm-simple-v19-tp4-c30-full-indexer-complete-curve-20260825-r1 DURATION=3600 EP_SIZE=1 DP_ATTENTION=false
+ DRAFT_MODEL=Inferact/MiniMax-M3-EAGLE3-GQA
+ NUM_SPEC_TOKENS=4
+ SYNTHETIC_ACCEPT_LEN=3.02
+ [[ -n x ]]
+ echo 'JOB 1409 running on vultr-mi355x-4'
JOB 1409 running on vultr-mi355x-4
+ [[ -n x ]]
+ export HIP_VISIBLE_DEVICES=0,1,2,3,4,5,6,7
+ HIP_VISIBLE_DEVICES=0,1,2,3,4,5,6,7
+ MODEL_REVISION_ARGS=()
+ [[ -n b83d14e3d64bf373a207f3c2a7e9f0b0f1e7fc3a ]]
+ MODEL_REVISION_ARGS=(--revision "$MODEL_REVISION")
+ [[ -n /shared/data/R7N/andy_luo_3v7/minimaxm3-agentx/storage/models/amd--MiniMax-M3-MXFP4 ]]
+ checkpoint_is_complete /shared/data/R7N/andy_luo_3v7/minimaxm3-agentx/storage/models/amd--MiniMax-M3-MXFP4
+ local dir=/shared/data/R7N/andy_luo_3v7/minimaxm3-agentx/storage/models/amd--MiniMax-M3-MXFP4
+ [[ -d /shared/data/R7N/andy_luo_3v7/minimaxm3-agentx/storage/models/amd--MiniMax-M3-MXFP4 ]]
+ [[ -f /shared/data/R7N/andy_luo_3v7/minimaxm3-agentx/storage/models/amd--MiniMax-M3-MXFP4/config.json ]]
+ CKPT_DIR=/shared/data/R7N/andy_luo_3v7/minimaxm3-agentx/storage/models/amd--MiniMax-M3-MXFP4
+ python3 -
+ checkpoint_is_complete /shared/data/R7N/andy_luo_3v7/minimaxm3-agentx/storage/models/amd--MiniMax-M3-MXFP4
+ local dir=/shared/data/R7N/andy_luo_3v7/minimaxm3-agentx/storage/models/amd--MiniMax-M3-MXFP4
+ [[ -d /shared/data/R7N/andy_luo_3v7/minimaxm3-agentx/storage/models/amd--MiniMax-M3-MXFP4 ]]
+ [[ -f /shared/data/R7N/andy_luo_3v7/minimaxm3-agentx/storage/models/amd--MiniMax-M3-MXFP4/config.json ]]
+ CKPT_DIR=/shared/data/R7N/andy_luo_3v7/minimaxm3-agentx/storage/models/amd--MiniMax-M3-MXFP4
+ python3 -
+ [[ 0 != \1 ]]
+ DRAFT_MODEL_REVISION_ARGS=()
+ [[ -n 96692486b5fd38ebf8fd2a5f6bb53427d30819a8 ]]
+ DRAFT_MODEL_REVISION_ARGS=(--revision "$DRAFT_MODEL_REVISION")
+ DRAFT_MODEL_PATH=/shared/data/R7N/andy_luo_3v7/minimaxm3-agentx/storage/models/Inferact--MiniMax-M3-EAGLE3-GQA
+ [[ /shared/data/R7N/andy_luo_3v7/minimaxm3-agentx/storage/models/Inferact--MiniMax-M3-EAGLE3-GQA == \I\n\f\e\r\a\c\t\/\M\i\n\i\M\a\x\-\M\3\-\E\A\G\L\E\3\-\G\Q\A ]]
+ checkpoint_is_complete /shared/data/R7N/andy_luo_3v7/minimaxm3-agentx/storage/models/Inferact--MiniMax-M3-EAGLE3-GQA
+ local dir=/shared/data/R7N/andy_luo_3v7/minimaxm3-agentx/storage/models/Inferact--MiniMax-M3-EAGLE3-GQA
+ [[ -d /shared/data/R7N/andy_luo_3v7/minimaxm3-agentx/storage/models/Inferact--MiniMax-M3-EAGLE3-GQA ]]
+ [[ -f /shared/data/R7N/andy_luo_3v7/minimaxm3-agentx/storage/models/Inferact--MiniMax-M3-EAGLE3-GQA/config.json ]]
+ CKPT_DIR=/shared/data/R7N/andy_luo_3v7/minimaxm3-agentx/storage/models/Inferact--MiniMax-M3-EAGLE3-GQA
+ python3 -
+ rocm-smi


============================================= ROCm System Management Interface =============================================
======================================================= Concise Info =======================================================
Device  Node  IDs              Temp        Power     Partitions          SCLK    MCLK     Fan  Perf  PwrCap   VRAM%  GPU%  
[3m              (DID,     GUID)  (Junction)  (Socket)  (Mem, Compute, ID)                                                    [0m
============================================================================================================================
0       3     0x75a3,   42583  51.0°C      245.0W    NPS1, SPX, 0        161Mhz  2000Mhz  0%   auto  1400.0W  0%     0%    
1       5     0x75a3,   27226  47.0°C      246.0W    NPS1, SPX, 0        163Mhz  2000Mhz  0%   auto  1400.0W  0%     0%    
2       4     0x75a3,   36479  54.0°C      252.0W    NPS1, SPX, 0        160Mhz  2000Mhz  0%   auto  1400.0W  0%     0%    
3       2     0x75a3,   17010  49.0°C      254.0W    NPS1, SPX, 0        178Mhz  2000Mhz  0%   auto  1400.0W  0%     0%    
4       7     0x75a3,   1590   51.0°C      255.0W    NPS1, SPX, 0        160Mhz  2000Mhz  0%   auto  1400.0W  0%     0%    
5       9     0x75a3,   51771  51.0°C      257.0W    NPS1, SPX, 0        159Mhz  2000Mhz  0%   auto  1400.0W  0%     0%    
6       8     0x75a3,   11806  48.0°C      250.0W    NPS1, SPX, 0        160Mhz  2000Mhz  0%   auto  1400.0W  0%     0%    
7       6     0x75a3,   57875  49.0°C      254.0W    NPS1, SPX, 0        159Mhz  2000Mhz  0%   auto  1400.0W  0%     0%    
============================================================================================================================
=================================================== End of ROCm SMI Log ====================================================
+ amd-smi
+------------------------------------------------------------------------------+
| AMD-SMI 26.2.2+c2d9476115    amdgpu version: 6.14.14  ROCm version: 7.2.3    |
| VBIOS version: 023.040.001.008.000001                                        |
| Platform: Linux Baremetal                                                    |
|-------------------------------------+----------------------------------------|
| BDF                        GPU-Name | Mem-Uti   Temp   UEC       Power-Usage |
| GPU  HIP-ID  OAM-ID  Partition-Mode | GFX-Uti    Fan               Mem-Usage |
|=====================================+========================================|
| 0000:05:00.0 AMD Instinct MI355 OAM | 0 %      51 °C   0          244/1400 W |
|   0       1       6        SPX/NPS1 | 0 %        N/A           283/294896 MB |
|-------------------------------------+----------------------------------------|
| 0000:15:00.0 AMD Instinct MI355 OAM | 0 %      47 °C   0          246/1400 W |
|   1       3       7        SPX/NPS1 | 0 %        N/A           283/294896 MB |
|-------------------------------------+----------------------------------------|
| 0000:65:00.0 AMD Instinct MI355 OAM | 0 %      54 °C   0          252/1400 W |
|   2       2       5        SPX/NPS1 | 0 %        N/A           283/294896 MB |
|-------------------------------------+----------------------------------------|
| 0000:75:00.0 AMD Instinct MI355 OAM | 0 %      49 °C   0          253/1400 W |
|   3       0       4        SPX/NPS1 | 0 %        N/A           283/294896 MB |
|-------------------------------------+----------------------------------------|
| 0000:85:00.0 AMD Instinct MI355 OAM | 0 %      51 °C   0          255/1400 W |
|   4       5       2        SPX/NPS1 | 0 %        N/A           283/294896 MB |
|-------------------------------------+----------------------------------------|
| 0000:95:00.0 AMD Instinct MI355 OAM | 0 %      51 °C   0          257/1400 W |
|   5       7       3        SPX/NPS1 | 0 %        N/A           283/294896 MB |
|-------------------------------------+----------------------------------------|
| 0000:e5:00.0 AMD Instinct MI355 OAM | 0 %      48 °C   0          250/1400 W |
|   6       6       1        SPX/NPS1 | 0 %        N/A           283/294896 MB |
|-------------------------------------+----------------------------------------|
| 0000:f5:00.0 AMD Instinct MI355 OAM | 0 %      49 °C   0          253/1400 W |
|   7       4       0        SPX/NPS1 | 0 %        N/A           283/294896 MB |
+-------------------------------------+----------------------------------------+
+------------------------------------------------------------------------------+
| Processes:                                                                   |
|  GPU        PID  Process Name          GTT_MEM  VRAM_MEM  MEM_USAGE     CU % |
|==============================================================================|
|  No running processes found                                                  |
+------------------------------------------------------------------------------+
+ resolve_trace_source
+ local default_loader
+ case "${MODEL_PREFIX:-}" in
+ default_loader=semianalysis_cc_traces_weka_062126
+ local loader=semianalysis_cc_traces_weka_062126
+ local dataset
+ case "$loader" in
+ dataset=semianalysisai/cc-traces-weka-062126
+ TRACE_SOURCE_FLAG='--public-dataset semianalysis_cc_traces_weka_062126'
+ echo 'Loading traces via aiperf public-dataset: semianalysis_cc_traces_weka_062126 (semianalysisai/cc-traces-weka-062126) [MODEL_PREFIX=minimaxm3]'
Loading traces via aiperf public-dataset: semianalysis_cc_traces_weka_062126 (semianalysisai/cc-traces-weka-062126) [MODEL_PREFIX=minimaxm3]
+ ensure_hf_cli
+ install_agentic_deps
+ '[' 0 = 1 ']'
+ command -v git
+ ensure_agentic_uv
+ command -v uv
++ command -v uv
+ AIPERF_UV_BIN=/usr/local/bin/uv
+ return
+ rm -rf /tmp/inferencex-minimaxm3-1409/runs/mtp-k4-aiter-full-indexer-vllm-simple-v19-tp4-c30-full-indexer-complete-curve-20260825-r1/venv
+ mkdir -p /tmp/inferencex-minimaxm3-1409/uv-cache
+ UV_CACHE_DIR=/tmp/inferencex-minimaxm3-1409/uv-cache
+ /usr/local/bin/uv venv --python 3.11 /tmp/inferencex-minimaxm3-1409/runs/mtp-k4-aiter-full-indexer-vllm-simple-v19-tp4-c30-full-indexer-complete-curve-20260825-r1/venv
Downloading cpython-3.11.15-linux-x86_64-gnu (download) (29.5MiB)
 Downloaded cpython-3.11.15-linux-x86_64-gnu (download)
Using CPython 3.11.15
Creating virtual environment at: /tmp/inferencex-minimaxm3-1409/runs/mtp-k4-aiter-full-indexer-vllm-simple-v19-tp4-c30-full-indexer-complete-curve-20260825-r1/venv
Activate with: source /tmp/inferencex-minimaxm3-1409/runs/mtp-k4-aiter-full-indexer-vllm-simple-v19-tp4-c30-full-indexer-complete-curve-20260825-r1/venv/bin/activate
+ UV_CACHE_DIR=/tmp/inferencex-minimaxm3-1409/uv-cache
+ /usr/local/bin/uv pip install --python /tmp/inferencex-minimaxm3-1409/runs/mtp-k4-aiter-full-indexer-vllm-simple-v19-tp4-c30-full-indexer-complete-curve-20260825-r1/venv/bin/python -r /workspace/utils/agentic-benchmark/requirements.txt -e /workspace/utils/aiperf 'datasets>=4.7.0' 'huggingface_hub[cli]>=0.25.0' urllib3 requests
Using Python 3.11.15 environment at: /tmp/inferencex-minimaxm3-1409/runs/mtp-k4-aiter-full-indexer-vllm-simple-v19-tp4-c30-full-indexer-complete-curve-20260825-r1/venv
Resolved 132 packages in 640ms
   Building aiperf @ file:///workspace/utils/aiperf
Downloading tiktoken (1.2MiB)
Downloading numpy (16.1MiB)
Downloading matplotlib (9.6MiB)
Downloading brotli (1.4MiB)
Downloading uvloop (3.6MiB)
Downloading sqlalchemy (3.2MiB)
Downloading tokenizers (3.1MiB)
Downloading hf-xet (4.3MiB)
Downloading fonttools (4.8MiB)
Downloading pandas (12.2MiB)
Downloading kiwisolver (1.4MiB)
Downloading crick (1.7MiB)
Downloading scipy (33.7MiB)
Downloading pygments (1.2MiB)
Downloading pydantic-core (2.0MiB)
Downloading pyarrow (47.7MiB)
Downloading pillow (6.8MiB)
Downloading dash (7.5MiB)
Downloading sentencepiece (1.3MiB)
Downloading zstandard (5.3MiB)
Downloading aiohttp (1.7MiB)
Downloading plotly (9.4MiB)
Downloading transformers (11.2MiB)
Downloading soundfile (1.3MiB)
 Downloaded tiktoken
 Downloaded brotli
 Downloaded soundfile
 Downloaded sentencepiece
 Downloaded kiwisolver
 Downloaded crick
 Downloaded aiohttp
 Downloaded pydantic-core
 Downloaded pygments
 Downloaded tokenizers
 Downloaded sqlalchemy
 Downloaded uvloop
 Downloaded hf-xet
 Downloaded fonttools
 Downloaded zstandard
 Downloaded pillow
 Downloaded dash
      Built aiperf @ file:///workspace/utils/aiperf
 Downloaded matplotlib
 Downloaded plotly
 Downloaded numpy
 Downloaded scipy
 Downloaded pandas
 Downloaded transformers
 Downloaded pyarrow
Prepared 132 packages in 1.44s
Installed 132 packages in 335ms
 + aiofiles==24.1.0
 + aiohappyeyeballs==2.7.1
 + aiohttp==3.13.5
 + aiosignal==1.4.0
 + aiperf==0.12.0 (from file:///workspace/utils/aiperf)
 + alembic==1.19.1
 + annotated-doc==0.0.5
 + annotated-types==0.8.0
 + anyio==4.14.2
 + attrs==26.1.0
 + blinker==1.9.0
 + brotli==1.2.0
 + certifi==2026.7.22
 + cffi==2.1.1
 + charset-normalizer==3.5.1
 + choreographer==1.3.0
 + click==8.4.2
 + colorlog==6.12.0
 + contourpy==1.3.3
 + crick==0.0.8
 + cycler==0.12.1
 + cyclopts==4.23.2
 + dash==3.1.1
 + dash-bootstrap-components==2.0.4
 + datasets==5.0.1
 + dill==0.4.1
 + docstring-parser==0.18.0
 + fastapi==0.141.1
 + ffmpeg-python==0.2.0
 + filelock==3.32.4
 + flask==3.1.3
 + fonttools==4.63.0
 + frozenlist==1.8.0
 + fsspec==2026.6.0
 + future==1.0.0
 + greenlet==3.5.5
 + h11==0.16.0
 + hf-xet==1.6.0
 + httpcore==1.0.9
 + httptools==0.8.0
 + httpx==0.28.1
 + huggingface-hub==1.28.0
 + idna==3.19
 + importlib-metadata==9.0.0
 + iniconfig==2.3.0
 + itsdangerous==2.2.0
 + jinja2==3.1.6
 + jmespath==1.0.1
 + kaleido==1.2.0
 + kiwisolver==1.5.0
 + linkify-it-py==2.1.1
 + logistro==2.0.1
 + mako==1.4.1
 + markdown-it-py==4.2.0
 + markupsafe==3.0.3
 + matplotlib==3.11.1
 + mdit-py-plugins==0.6.1
 + mdurl==0.1.2
 + msgspec==0.21.1
 + multidict==6.7.1
 + multiprocess==0.70.19
 + narwhals==2.25.0
 + nest-asyncio==1.6.0
 + numpy==2.4.6
 + nvidia-ml-py==13.610.43
 + optuna==4.9.0
 + orjson==3.11.9
 + packaging==26.3
 + pandas==2.3.3
 + pillow==12.2.0
 + platformdirs==4.11.4
 + plotly==6.4.0
 + pluggy==1.6.0
 + prometheus-client==0.23.1
 + propcache==0.5.2
 + protobuf==7.36.0
 + psutil==7.0.0
 + pyarrow==25.0.1
 + pycparser==3.0
 + pydantic==2.13.4
 + pydantic-core==2.46.4
 + pydantic-settings==2.15.0
 + pygments==2.21.0
 + pyparsing==3.3.2
 + pytest==9.1.1
 + pytest-timeout==2.4.0
 + python-dateutil==2.9.0.post0
 + python-dotenv==1.2.3
 + pytz==2026.3.post1
 + pyyaml==6.0.3
 + pyzmq==26.4.0
 + regex==2026.7.19
 + requests==2.34.2
 + retrying==1.4.2
 + rich==14.1.0
 + rich-rst==2.1.0
 + ruamel-yaml==0.18.17
 + ruamel-yaml-clib==0.2.15
 + safetensors==0.8.0
 + scipy==1.17.1
 + seaborn==0.13.2
 + sentencepiece==0.2.2
 + setproctitle==1.3.7
 + setuptools==84.0.0
 + shellingham==1.5.4
 + simplejson==4.1.1
 + six==1.17.0
 + soundfile==0.13.1
 + sqlalchemy==2.0.52
 + starlette==1.6.0
 + starlette-compress==1.8.0
 + textual==5.3.0
 + tiktoken==0.14.0
 + tokenizers==0.22.2
 + tqdm==4.70.0
 + transformers==5.15.1
 + typer==0.27.1
 + typing-extensions==4.16.0
 + typing-inspection==0.4.4
 + tzdata==2026.3
 + uc-micro-py==2.0.0
 + urllib3==2.7.0
 + uvicorn==0.52.4
 + uvloop==0.22.1
 + watchfiles==1.2.0
 + websockets==17.0.1
 + werkzeug==3.1.8
 + xlsxwriter==3.2.9
 + xxhash==4.0.1
 + yarl==1.24.5
 + zipp==4.1.0
 + zstandard==0.25.0
warning: The package `huggingface-hub==1.28.0` does not have an extra named `cli`
+ '[' '!' -x /tmp/inferencex-minimaxm3-1409/runs/mtp-k4-aiter-full-indexer-vllm-simple-v19-tp4-c30-full-indexer-complete-curve-20260825-r1/venv/bin/aiperf ']'
+ '[' '!' -x /tmp/inferencex-minimaxm3-1409/runs/mtp-k4-aiter-full-indexer-vllm-simple-v19-tp4-c30-full-indexer-complete-curve-20260825-r1/venv/bin/hf ']'
+ AIPERF_DEPS_READY=1
+ /tmp/inferencex-minimaxm3-1409/runs/mtp-k4-aiter-full-indexer-vllm-simple-v19-tp4-c30-full-indexer-complete-curve-20260825-r1/venv/bin/hf download --repo-type dataset semianalysisai/cc-traces-weka-062126
Fetching 8 files:   0%|          | 0/8 [00:00<?, ?it/s]Fetching 8 files: 100%|██████████| 8/8 [00:00<00:00, 1075.74it/s]
[32m✓ Downloaded[0m
  path: /shared/data/R7N/andy_luo_3v7/minimaxm3-agentx/storage/hf/hub/datasets--semianalysisai--cc-traces-weka-062126/snapshots/23f152f6f0f9399a85901b89a6458def0ef16729
+ install_agentic_deps
+ '[' 1 = 1 ']'
+ return
+ export AIPERF_SERVER_METRICS_URLS=http://localhost:8886/metrics
+ AIPERF_SERVER_METRICS_URLS=http://localhost:8886/metrics
+ export AIPERF_REQUIRED_SERVER_METRIC_PREFIX=vllm:
+ AIPERF_REQUIRED_SERVER_METRIC_PREFIX=vllm:
+ export VLLM_HTTP_TIMEOUT_KEEP_ALIVE=900
+ VLLM_HTTP_TIMEOUT_KEEP_ALIVE=900
+ export AIPERF_HTTP_TCP_USER_TIMEOUT=900000
+ AIPERF_HTTP_TCP_USER_TIMEOUT=900000
+ SERVER_LOG=/shared/data/R7N/andy_luo_3v7/minimaxm3-agentx/results/mtp-k4-aiter-full-indexer-vllm-simple-v19-tp4-c30-full-indexer-complete-curve-20260825-r1/server.log
+ mkdir -p /shared/data/R7N/andy_luo_3v7/minimaxm3-agentx/results/mtp-k4-aiter-full-indexer-vllm-simple-v19-tp4-c30-full-indexer-complete-curve-20260825-r1
+ SERVER_PID=
+ trap cleanup_agentic_services EXIT
+ trap 'exit 130' INT
+ trap 'exit 143' TERM
+ OFFLOAD_ARGS=()
+ case "${KV_OFFLOAD_BACKEND:-}" in
+ require_agentic_kv_offload_backend vllm-simple
+ local expected_backend=vllm-simple
+ [[ -z x ]]
+ [[ -z dram ]]
+ case "$KV_OFFLOADING" in
+ [[ vllm-simple != \v\l\l\m\-\s\i\m\p\l\e ]]
+ [[ ! 1499 =~ ^[1-9][0-9]*$ ]]
+ return 0
+ CPU_OFFLOAD_BYTES=1609538994176
+ export VLLM_USE_SIMPLE_KV_OFFLOAD=1
+ VLLM_USE_SIMPLE_KV_OFFLOAD=1
++ printf '{"kv_connector":"SimpleCPUOffloadConnector","kv_role":"kv_both","kv_connector_extra_config":{"cpu_bytes_to_use":%d,"lazy_offload":true}}' 1609538994176
+ OFFLOAD_CONFIG='{"kv_connector":"SimpleCPUOffloadConnector","kv_role":"kv_both","kv_connector_extra_config":{"cpu_bytes_to_use":1609538994176,"lazy_offload":true}}'
+ OFFLOAD_ARGS=(--kv-transfer-config "$OFFLOAD_CONFIG")
+ PARALLEL_ARGS=(--tensor-parallel-size "$TP")
+ '[' 1 -gt 1 ']'
+ SPECULATIVE_ARGS=()
+ [[ 0 != \1 ]]
+ [[ -z ROCM_AITER_UNIFIED_ATTN ]]
+ DRAFT_MAX_MODEL_LEN_FIELD=
+ [[ -n '' ]]
+ DRAFT_ATTENTION_WINDOW_FIELD=
+ [[ -n 32768 ]]
+ [[ ! 32768 =~ ^[1-9][0-9]*$ ]]
+ DRAFT_ATTENTION_WINDOW_FIELD=', "draft_attention_window": 32768'
+ case "${DRAFT_USE_LOCAL_ARGMAX_REDUCTION:-0}" in
+ DRAFT_LOCAL_ARGMAX_FIELD=
+ '[' false = true ']'
+ SPEC_CONFIG='{"method": "eagle3", "model": "/shared/data/R7N/andy_luo_3v7/minimaxm3-agentx/storage/models/Inferact--MiniMax-M3-EAGLE3-GQA", "num_speculative_tokens": 4, "attention_backend": "ROCM_AITER_UNIFIED_ATTN", "draft_attention_window": 32768, "rejection_sample_method": "synthetic", "synthetic_acceptance_length": 3.02}'
+ SPECULATIVE_ARGS=(--speculative-config "$SPEC_CONFIG")
+ echo 'Starting vllm server...'
Starting vllm server...
+ export PYTHONNOUSERSITE=1
+ PYTHONNOUSERSITE=1
+ export VLLM_ENGINE_READY_TIMEOUT_S=3600
+ VLLM_ENGINE_READY_TIMEOUT_S=3600
+ export VLLM_EXECUTE_MODEL_TIMEOUT_SECONDS=1800
+ VLLM_EXECUTE_MODEL_TIMEOUT_SECONDS=1800
+ export VLLM_USE_BREAKABLE_CUDAGRAPH=0
+ VLLM_USE_BREAKABLE_CUDAGRAPH=0
+ export VLLM_ROCM_USE_AITER=1
+ VLLM_ROCM_USE_AITER=1
+ export VLLM_ROCM_USE_AITER_MOE=1
+ VLLM_ROCM_USE_AITER_MOE=1
+ export VLLM_ROCM_USE_AITER_FUSION_SHARED_EXPERTS=1
+ VLLM_ROCM_USE_AITER_FUSION_SHARED_EXPERTS=1
+ '[' 4 -eq 4 ']'
+ export VLLM_ROCM_SHUFFLE_KV_CACHE_LAYOUT=1
+ VLLM_ROCM_SHUFFLE_KV_CACHE_LAYOUT=1
+ export VLLM_ROCM_QUICK_REDUCE_QUANTIZATION=INT4
+ VLLM_ROCM_QUICK_REDUCE_QUANTIZATION=INT4
+ export VLLM_ROCM_QUICK_REDUCE_CAST_BF16_TO_FP16=0
+ VLLM_ROCM_QUICK_REDUCE_CAST_BF16_TO_FP16=0
+ export VLLM_ROCM_QUICK_REDUCE_QUANTIZATION_MIN_SIZE_KB=256
+ VLLM_ROCM_QUICK_REDUCE_QUANTIZATION_MIN_SIZE_KB=256
+ GPU_MEMORY_UTILIZATION=0.85
+ MAX_NUM_BATCHED_TOKENS=32768
+ MAX_NUM_SEQS=256
+ KV_CACHE_DTYPE=fp8
+ MAX_CUDAGRAPH_ARGS=()
+ [[ -n 512 ]]
+ MAX_CUDAGRAPH_ARGS=(--max-cudagraph-capture-size "$MAX_CUDAGRAPH_CAPTURE_SIZE")
+ JIT_MONITOR_ARGS=()
+ case "${JIT_MONITOR_VERBOSE:-1}" in
+ JIT_MONITOR_ARGS=(--jit-monitor-verbose)
+ ATTENTION_CONFIG_ARGS=()
+ TARGET_ATTENTION_BACKEND=ROCM_AITER_UNIFIED_ATTN
+ [[ -n fp8 ]]
+ case "$INDEXER_KV_DTYPE" in
+ ATTENTION_CONFIG_ARGS=(--attention-config "{\"indexer_kv_dtype\":\"$INDEXER_KV_DTYPE\"}")
+ VLLM_CMD=(vllm serve "$MODEL_PATH" --served-model-name "$MODEL" --host 0.0.0.0 --port "$PORT" "${PARALLEL_ARGS[@]}" --trust-remote-code --block-size 128 --gpu-memory-utilization "$GPU_MEMORY_UTILIZATION" --enable-chunked-prefill --max-num-batched-tokens "$MAX_NUM_BATCHED_TOKENS" --language-model-only --enable-prefix-caching --enable-prompt-tokens-details --attention-backend "$TARGET_ATTENTION_BACKEND" "${ATTENTION_CONFIG_ARGS[@]}" --moe-backend aiter --kv-cache-dtype "$KV_CACHE_DTYPE" --tool-call-parser minimax_m3 --reasoning-parser minimax_m3 --enable-auto-tool-choice --default-chat-template-kwargs '{"thinking_mode":"enabled"}' --max-num-seqs "$MAX_NUM_SEQS" "${MAX_CUDAGRAPH_ARGS[@]}" "${JIT_MONITOR_ARGS[@]}" --stream-interval 20 "${SPECULATIVE_ARGS[@]}" "${OFFLOAD_ARGS[@]}")
+ tee /shared/data/R7N/andy_luo_3v7/minimaxm3-agentx/results/mtp-k4-aiter-full-indexer-vllm-simple-v19-tp4-c30-full-indexer-complete-curve-20260825-r1/vllm_command.txt
+ printf '%q ' vllm serve /shared/data/R7N/andy_luo_3v7/minimaxm3-agentx/storage/models/amd--MiniMax-M3-MXFP4 --served-model-name amd/MiniMax-M3-MXFP4 --host 0.0.0.0 --port 8886 --tensor-parallel-size 4 --trust-remote-code --block-size 128 --gpu-memory-utilization 0.85 --enable-chunked-prefill --max-num-batched-tokens 32768 --language-model-only --enable-prefix-caching --enable-prompt-tokens-details --attention-backend ROCM_AITER_UNIFIED_ATTN --attention-config '{"indexer_kv_dtype":"fp8"}' --moe-backend aiter --kv-cache-dtype fp8 --tool-call-parser minimax_m3 --reasoning-parser minimax_m3 --enable-auto-tool-choice --default-chat-template-kwargs '{"thinking_mode":"enabled"}' --max-num-seqs 256 --max-cudagraph-capture-size 512 --jit-monitor-verbose --stream-interval 20 --speculative-config '{"method": "eagle3", "model": "/shared/data/R7N/andy_luo_3v7/minimaxm3-agentx/storage/models/Inferact--MiniMax-M3-EAGLE3-GQA", "num_speculative_tokens": 4, "attention_backend": "ROCM_AITER_UNIFIED_ATTN", "draft_attention_window": 32768, "rejection_sample_method": "synthetic", "synthetic_acceptance_length": 3.02}' --kv-transfer-config '{"kv_connector":"SimpleCPUOffloadConnector","kv_role":"kv_both","kv_connector_extra_config":{"cpu_bytes_to_use":1609538994176,"lazy_offload":true}}'
vllm serve /shared/data/R7N/andy_luo_3v7/minimaxm3-agentx/storage/models/amd--MiniMax-M3-MXFP4 --served-model-name amd/MiniMax-M3-MXFP4 --host 0.0.0.0 --port 8886 --tensor-parallel-size 4 --trust-remote-code --block-size 128 --gpu-memory-utilization 0.85 --enable-chunked-prefill --max-num-batched-tokens 32768 --language-model-only --enable-prefix-caching --enable-prompt-tokens-details --attention-backend ROCM_AITER_UNIFIED_ATTN --attention-config \{\"indexer_kv_dtype\":\"fp8\"\} --moe-backend aiter --kv-cache-dtype fp8 --tool-call-parser minimax_m3 --reasoning-parser minimax_m3 --enable-auto-tool-choice --default-chat-template-kwargs \{\"thinking_mode\":\"enabled\"\} --max-num-seqs 256 --max-cudagraph-capture-size 512 --jit-monitor-verbose --stream-interval 20 --speculative-config \{\"method\":\ \"eagle3\"\,\ \"model\":\ \"/shared/data/R7N/andy_luo_3v7/minimaxm3-agentx/storage/models/Inferact--MiniMax-M3-EAGLE3-GQA\"\,\ \"num_speculative_tokens\":\ 4\,\ \"attention_backend\":\ \"ROCM_AITER_UNIFIED_ATTN\"\,\ \"draft_attention_window\":\ 32768\,\ \"rejection_sample_method\":\ \"synthetic\"\,\ \"synthetic_acceptance_length\":\ 3.02\} --kv-transfer-config \{\"kv_connector\":\"SimpleCPUOffloadConnector\"\,\"kv_role\":\"kv_both\"\,\"kv_connector_extra_config\":\{\"cpu_bytes_to_use\":1609538994176\,\"lazy_offload\":true\}\} + printf '\n'
+ tee -a /shared/data/R7N/andy_luo_3v7/minimaxm3-agentx/results/mtp-k4-aiter-full-indexer-vllm-simple-v19-tp4-c30-full-indexer-complete-curve-20260825-r1/vllm_command.txt

+ SERVER_PID=3935433
+ echo 'Server PID: 3935433'
Server PID: 3935433
+ wait_for_server_ready --port 8886 --server-log /shared/data/R7N/andy_luo_3v7/minimaxm3-agentx/results/mtp-k4-aiter-full-indexer-vllm-simple-v19-tp4-c30-full-indexer-complete-curve-20260825-r1/server.log --server-pid 3935433
+ local port=
+ local server_log=
+ local server_pid=
+ local sleep_interval=5
+ [[ 6 -gt 0 ]]
+ case $1 in
+ port=8886
+ shift 2
+ [[ 4 -gt 0 ]]
+ case $1 in
+ server_log=/shared/data/R7N/andy_luo_3v7/minimaxm3-agentx/results/mtp-k4-aiter-full-indexer-vllm-simple-v19-tp4-c30-full-indexer-complete-curve-20260825-r1/server.log
+ shift 2
+ [[ 2 -gt 0 ]]
+ case $1 in
+ server_pid=3935433
+ shift 2
+ [[ 0 -gt 0 ]]
+ [[ -z 8886 ]]
+ [[ -z /shared/data/R7N/andy_luo_3v7/minimaxm3-agentx/results/mtp-k4-aiter-full-indexer-vllm-simple-v19-tp4-c30-full-indexer-complete-curve-20260825-r1/server.log ]]
+ [[ -z 3935433 ]]
+ wait_for_ready --endpoint http://0.0.0.0:8886/health --log /shared/data/R7N/andy_luo_3v7/minimaxm3-agentx/results/mtp-k4-aiter-full-indexer-vllm-simple-v19-tp4-c30-full-indexer-complete-curve-20260825-r1/server.log --pid 3935433 --sleep-interval 5
+ set +x
+ vllm serve /shared/data/R7N/andy_luo_3v7/minimaxm3-agentx/storage/models/amd--MiniMax-M3-MXFP4 --served-model-name amd/MiniMax-M3-MXFP4 --host 0.0.0.0 --port 8886 --tensor-parallel-size 4 --trust-remote-code --block-size 128 --gpu-memory-utilization 0.85 --enable-chunked-prefill --max-num-batched-tokens 32768 --language-model-only --enable-prefix-caching --enable-prompt-tokens-details --attention-backend ROCM_AITER_UNIFIED_ATTN --attention-config '{"indexer_kv_dtype":"fp8"}' --moe-backend aiter --kv-cache-dtype fp8 --tool-call-parser minimax_m3 --reasoning-parser minimax_m3 --enable-auto-tool-choice --default-chat-template-kwargs '{"thinking_mode":"enabled"}' --max-num-seqs 256 --max-cudagraph-capture-size 512 --jit-monitor-verbose --stream-interval 20 --speculative-config '{"method": "eagle3", "model": "/shared/data/R7N/andy_luo_3v7/minimaxm3-agentx/storage/models/Inferact--MiniMax-M3-EAGLE3-GQA", "num_speculative_tokens": 4, "attention_backend": "ROCM_AITER_UNIFIED_ATTN", "draft_attention_window": 32768, "rejection_sample_method": "synthetic", "synthetic_acceptance_length": 3.02}' --kv-transfer-config '{"kv_connector":"SimpleCPUOffloadConnector","kv_role":"kv_both","kv_connector_extra_config":{"cpu_bytes_to_use":1609538994176,"lazy_offload":true}}'
WARNING 08-25 18:04:49 [rocm.py:123] Using CUDA_VISIBLE_DEVICES on ROCm is deprecated and support will be removed in vLLM v0.26.0. Please use HIP_VISIBLE_DEVICES instead.
(APIServer pid=3935433) INFO 08-25 18:05:11 [api_utils.py:345] 
(APIServer pid=3935433) INFO 08-25 18:05:11 [api_utils.py:345]        █     █     █▄   ▄█
(APIServer pid=3935433) INFO 08-25 18:05:11 [api_utils.py:345]  ▄▄ ▄█ █     █     █ ▀▄▀ █  version 0.27.1
(APIServer pid=3935433) INFO 08-25 18:05:11 [api_utils.py:345]   █▄█▀ █     █     █     █  model   /shared/data/R7N/andy_luo_3v7/minimaxm3-agentx/storage/models/amd--MiniMax-M3-MXFP4
(APIServer pid=3935433) INFO 08-25 18:05:11 [api_utils.py:345]    ▀▀  ▀▀▀▀▀ ▀▀▀▀▀ ▀     ▀
(APIServer pid=3935433) INFO 08-25 18:05:11 [api_utils.py:345] 
(APIServer pid=3935433) INFO 08-25 18:05:11 [api_utils.py:273] non-default args: {'model_tag': '/shared/data/R7N/andy_luo_3v7/minimaxm3-agentx/storage/models/amd--MiniMax-M3-MXFP4', 'default_chat_template_kwargs': {'thinking_mode': 'enabled'}, 'enable_auto_tool_choice': True, 'tool_call_parser': 'minimax_m3', 'enable_prompt_tokens_details': True, 'host': '0.0.0.0', 'port': 8886, 'model': '/shared/data/R7N/andy_luo_3v7/minimaxm3-agentx/storage/models/amd--MiniMax-M3-MXFP4', 'trust_remote_code': True, 'served_model_name': ['amd/MiniMax-M3-MXFP4'], 'attention_backend': 'ROCM_AITER_UNIFIED_ATTN', 'reasoning_parser': 'minimax_m3', 'tensor_parallel_size': 4, 'block_size': 128, 'gpu_memory_utilization': 0.85, 'kv_cache_dtype': 'fp8', 'enable_prefix_caching': True, 'language_model_only': True, 'jit_monitor_verbose': True, 'max_num_batched_tokens': 32768, 'max_num_seqs': 256, 'enable_chunked_prefill': True, 'stream_interval': 20, 'max_cudagraph_capture_size': 512, 'moe_backend': 'aiter', 'speculative_config': {'method': 'eagle3', 'model': '/shared/data/R7N/andy_luo_3v7/minimaxm3-agentx/storage/models/Inferact--MiniMax-M3-EAGLE3-GQA', 'num_speculative_tokens': 4, 'attention_backend': 'ROCM_AITER_UNIFIED_ATTN', 'draft_attention_window': 32768, 'rejection_sample_method': 'synthetic', 'synthetic_acceptance_length': 3.02}, 'kv_transfer_config': KVTransferConfig(kv_connector='SimpleCPUOffloadConnector', engine_id='96aac920-03da-41ea-af8a-ec1a47626271', kv_buffer_device='cuda', kv_buffer_size=1000000000.0, kv_role='kv_both', kv_rank=None, kv_parallel_size=1, kv_ip='127.0.0.1', kv_port=14579, kv_connector_extra_config={'cpu_bytes_to_use': 1609538994176, 'lazy_offload': True}, kv_connector_module_path=None, enable_permute_local_kv=False, kv_load_failure_policy='fail'), 'attention_config': AttentionConfig(backend=None, minimax_m3_msa_decode_backend='triton', backend_per_kind={}, flash_attn_version=None, use_prefill_decode_attention=False, flash_attn_max_num_splits_for_cuda_graph=32, tq_max_kv_splits_for_cuda_graph=32, use_trtllm_attention=None, disable_flashinfer_q_quantization=False, mla_prefill_backend=None, use_prefill_query_quantization=False, use_fp4_indexer_cache=False, indexer_kv_dtype='fp8', use_non_causal=False, sparse_mla_force_mqa=False, flex_attn_block_m=None, flex_attn_block_n=None, flex_attn_q_block_size=None, flex_attn_kv_block_size=None)}
(APIServer pid=3935433) WARNING 08-25 18:05:11 [envs.py:2128] Unknown vLLM environment variable detected: VLLM_ROCM_AITER_UNIFIED_ATTN_KERNEL
(APIServer pid=3935433) WARNING 08-25 18:05:11 [envs.py:2128] Unknown vLLM environment variable detected: VLLM_MINIMAX_M3_ASM_SPARSE_ATTN
(APIServer pid=3935433) WARNING 08-25 18:05:11 [envs.py:2128] Unknown vLLM environment variable detected: VLLM_ROCM_AITER_UNIFIED_ATTN_QUANT_OUTPUT
(APIServer pid=3935433) WARNING 08-25 18:05:11 [envs.py:2128] Unknown vLLM environment variable detected: VLLM_MINIMAX_M3_ROCM_FP32_ROUTER_GEMM
(APIServer pid=3935433) WARNING 08-25 18:05:11 [envs.py:2128] Unknown vLLM environment variable detected: VLLM_AITER_UNIFIED_ATTN_OVERLAY
(APIServer pid=3935433) WARNING 08-25 18:05:11 [envs.py:2128] Unknown vLLM environment variable detected: VLLM_MINIMAX_M3_WARMUP_OVERLAY
(APIServer pid=3935433) WARNING 08-25 18:05:11 [envs.py:2128] Unknown vLLM environment variable detected: VLLM_ROCM_AITER_UNIFIED_ATTN_QUANT_QUERY
(APIServer pid=3935433) WARNING 08-25 18:05:11 [envs.py:2128] Unknown vLLM environment variable detected: VLLM_ROCM_AITER_UNIFIED_ATTN_CACHE_WRITER
(APIServer pid=3935433) WARNING 08-25 18:05:11 [envs.py:2128] Unknown vLLM environment variable detected: VLLM_MINIMAX_M3_FUSED_CACHE_INSERT
(APIServer pid=3935433) WARNING 08-25 18:05:11 [envs.py:2128] Unknown vLLM environment variable detected: VLLM_MINIMAX_M3_AITER_FUSED_AR_GEMMA
(APIServer pid=3935433) WARNING 08-25 18:05:11 [envs.py:2128] Unknown vLLM environment variable detected: VLLM_MINIMAX_M3_AGENTX_JIT_WARMUP
(APIServer pid=3935433) INFO 08-25 18:05:23 [model.py:645] Resolved architecture: MiniMaxM3SparseForConditionalGeneration
(APIServer pid=3935433) INFO 08-25 18:05:23 [model.py:1883] Using max model len 1048576
(APIServer pid=3935433) INFO 08-25 18:05:24 [registry.py:134] All limits of multimodal modalities supported by the model are set to 0, running in text-only mode.
(APIServer pid=3935433) INFO 08-25 18:05:24 [model.py:842] Disabled mm_prefix attention mode because multimodal inputs are configuration-disabled. Attention backends without mm_prefix support may now be selected.
(APIServer pid=3935433) INFO 08-25 18:05:25 [cache.py:296] Using fp8 data type to store kv cache. It reduces the GPU memory footprint and boosts the performance. Meanwhile, it may cause accuracy drop without a proper scaling factor
(APIServer pid=3935433) INFO 08-25 18:05:36 [model.py:645] Resolved architecture: LlamaForCausalLMEagle3
(APIServer pid=3935433) INFO 08-25 18:05:36 [model.py:1883] Using max model len 1048576
(APIServer pid=3935433) INFO 08-25 18:05:36 [scheduler.py:242] Chunked prefill is enabled with max_num_batched_tokens=32768.
(APIServer pid=3935433) INFO 08-25 18:05:36 [kernel.py:306] Final IR op priority after setting platform defaults: IrOpPriorityConfig(rms_norm=['aiter', 'native'], fused_add_rms_norm=['aiter', 'native'])
(APIServer pid=3935433) INFO 08-25 18:05:36 [compilation.py:329] Enabled custom fusions: norm_quant, act_quant, allreduce_rms, mla_dual_rms_norm
WARNING 08-25 18:05:39 [rocm.py:123] Using CUDA_VISIBLE_DEVICES on ROCm is deprecated and support will be removed in vLLM v0.26.0. Please use HIP_VISIBLE_DEVICES instead.
(EngineCore pid=3936686) INFO 08-25 18:05:48 [core.py:121] Initializing a V1 LLM engine (v0.27.1) with config: model='/shared/data/R7N/andy_luo_3v7/minimaxm3-agentx/storage/models/amd--MiniMax-M3-MXFP4', speculative_config=SpeculativeConfig(method='eagle3', model='/shared/data/R7N/andy_luo_3v7/minimaxm3-agentx/storage/models/Inferact--MiniMax-M3-EAGLE3-GQA', num_spec_tokens=4), tokenizer='/shared/data/R7N/andy_luo_3v7/minimaxm3-agentx/storage/models/amd--MiniMax-M3-MXFP4', skip_tokenizer_init=False, tokenizer_mode=auto, revision=None, tokenizer_revision=None, trust_remote_code=True, dtype=torch.bfloat16, max_seq_len=1048576, download_dir=None, load_format=auto, tensor_parallel_size=4, pipeline_parallel_size=1, data_parallel_size=1, decode_context_parallel_size=1, dcp_comm_backend=ag_rs, disable_custom_all_reduce=False, quantization=quark, quantization_config=None, enforce_eager=False, enable_return_routed_experts=False, kv_cache_dtype=fp8, device_config=cuda, structured_outputs_config=StructuredOutputsConfig(backend='auto', disable_any_whitespace=False, disable_additional_properties=False, reasoning_parser='minimax_m3', reasoning_parser_plugin='', enable_in_reasoning=False), observability_config=ObservabilityConfig(show_hidden_metrics_for_version=None, otlp_traces_endpoint=None, collect_detailed_traces=None, kv_cache_metrics=False, kv_cache_metrics_sample=0.01, cudagraph_metrics=False, enable_layerwise_nvtx_tracing=False, enable_mfu_metrics=False, enable_mm_processor_stats=False, enable_logging_iteration_details=False, jit_monitor_mode='warn', jit_monitor_verbose=True), seed=0, served_model_name=amd/MiniMax-M3-MXFP4, enable_prefix_caching=True, enable_chunked_prefill=True, pooler_config=None, compilation_config={'mode': <CompilationMode.VLLM_COMPILE: 3>, 'debug_dump_path': None, 'cache_dir': '', 'compile_cache_save_format': 'binary', 'backend': 'inductor', 'custom_ops': ['+quant_fp8', '+grouped_topk', '+sparse_attn_indexer', 'none'], 'ir_enable_torch_wrap': True, 'splitting_ops': ['vllm::unified_attention_with_output', 'vllm::unified_mla_attention_with_output', 'vllm::mamba_mixer2', 'vllm::mamba_mixer', 'vllm::short_conv', 'vllm::linear_attention', 'vllm::qwen_gdn_attention_core', 'vllm::gdn_attention_core_xpu', 'vllm::olmo_hybrid_gdn_full_forward', 'vllm::sparse_attn_indexer', 'vllm::rocm_aiter_sparse_attn_indexer', 'vllm::deepseek_v4_attention', 'vllm::hpc_rope_norm_forward', 'vllm::unified_kv_cache_update', 'vllm::unified_mla_kv_cache_update'], 'compile_mm_encoder': False, 'cudagraph_mm_encoder': False, 'encoder_cudagraph_token_budgets': [], 'encoder_cudagraph_max_vision_items_per_batch': 0, 'encoder_cudagraph_max_frames_per_batch': None, 'compile_sizes': [], 'compile_ranges_endpoints': [5461, 32768], 'inductor_compile_config': {'enable_auto_functionalized_v2': False, 'size_asserts': False, 'alignment_asserts': False, 'scalar_asserts': False, 'combo_kernels': True, 'benchmark_combo_kernel': True}, 'inductor_passes': {}, 'cudagraph_mode': <CUDAGraphMode.FULL_AND_PIECEWISE: (2, 1)>, 'cudagraph_num_of_warmups': 1, 'cudagraph_capture_sizes': [1, 2, 4, 8, 16, 24, 32, 40, 48, 56, 64, 72, 80, 88, 96, 104, 112, 120, 128, 136, 144, 152, 160, 168, 176, 184, 192, 200, 208, 216, 224, 232, 240, 248, 256, 272, 288, 304, 320, 336, 352, 368, 384, 400, 416, 432, 448, 464, 480, 496, 512], 'cudagraph_copy_inputs': False, 'cudagraph_specialize_lora': True, 'use_inductor_graph_partition': False, 'pass_config': {'fuse_norm_quant': True, 'fuse_act_quant': True, 'fuse_attn_quant': False, 'enable_sp': False, 'fuse_gemm_comms': False, 'fuse_allreduce_rms': True, 'enable_qk_norm_rope_fusion': False, 'fuse_rope_kvcache_cat_mla': False, 'fuse_act_padding': False, 'fuse_mla_dual_rms_norm': True, 'fuse_rope_kvcache': False, 'fuse_qk_norm_rope_kvcache': False}, 'max_cudagraph_capture_size': 512, 'dynamic_shapes_config': {'type': <DynamicShapesType.BACKED: 'backed'>, 'evaluate_guards': False, 'assume_32_bit_indexing': False}, 'local_cache_dir': None, 'fast_moe_cold_start': False, 'static_all_moe_layers': []}, kernel_config=KernelConfig(ir_op_priority=IrOpPriorityConfig(rms_norm=['aiter', 'native'], fused_add_rms_norm=['aiter', 'native']), enable_flashinfer_autotune=True, enable_cutedsl_warmup=True, enable_jit_warmup=True, enable_bf16x3_router_gemm=False, moe_backend='aiter', linear_backend='auto')
(EngineCore pid=3936686) WARNING 08-25 18:05:48 [multiproc_executor.py:1081] Reducing Torch parallelism from 128 threads to 1 to avoid unnecessary CPU contention. Set OMP_NUM_THREADS in the external environment to tune this value as needed.
(EngineCore pid=3936686) INFO 08-25 18:05:48 [multiproc_executor.py:140] DP group leader: node_rank=0, node_rank_within_dp=0, master_addr=127.0.0.1, mq_connect_ip=45.76.225.195 (local), world_size=4, local_world_size=4
WARNING 08-25 18:05:49 [rocm.py:123] Using CUDA_VISIBLE_DEVICES on ROCm is deprecated and support will be removed in vLLM v0.26.0. Please use HIP_VISIBLE_DEVICES instead.
WARNING 08-25 18:05:49 [rocm.py:123] Using CUDA_VISIBLE_DEVICES on ROCm is deprecated and support will be removed in vLLM v0.26.0. Please use HIP_VISIBLE_DEVICES instead.
WARNING 08-25 18:05:49 [rocm.py:123] Using CUDA_VISIBLE_DEVICES on ROCm is deprecated and support will be removed in vLLM v0.26.0. Please use HIP_VISIBLE_DEVICES instead.
WARNING 08-25 18:05:49 [rocm.py:123] Using CUDA_VISIBLE_DEVICES on ROCm is deprecated and support will be removed in vLLM v0.26.0. Please use HIP_VISIBLE_DEVICES instead.
INFO 08-25 18:05:59 [registry.py:134] All limits of multimodal modalities supported by the model are set to 0, running in text-only mode.
INFO 08-25 18:05:59 [registry.py:134] All limits of multimodal modalities supported by the model are set to 0, running in text-only mode.
INFO 08-25 18:05:59 [registry.py:134] All limits of multimodal modalities supported by the model are set to 0, running in text-only mode.
(Worker pid=3936965) INFO 08-25 18:05:59 [parallel_state.py:1640] world_size=4 rank=2 local_rank=2 distributed_init_method=tcp://127.0.0.1:57919 backend=nccl
(Worker pid=3936964) INFO 08-25 18:05:59 [parallel_state.py:1640] world_size=4 rank=1 local_rank=1 distributed_init_method=tcp://127.0.0.1:57919 backend=nccl
(Worker pid=3936966) INFO 08-25 18:05:59 [parallel_state.py:1640] world_size=4 rank=3 local_rank=3 distributed_init_method=tcp://127.0.0.1:57919 backend=nccl
INFO 08-25 18:05:59 [registry.py:134] All limits of multimodal modalities supported by the model are set to 0, running in text-only mode.
(Worker pid=3936963) INFO 08-25 18:05:59 [parallel_state.py:1640] world_size=4 rank=0 local_rank=0 distributed_init_method=tcp://127.0.0.1:57919 backend=nccl
(Worker pid=3936963) INFO 08-25 18:06:00 [pynccl.py:113] vLLM is using nccl==2.27.7
(Worker pid=3936966) [aiter] import [module_aiter_core] under /tmp/inferencex-minimaxm3-1409/home/.aiter/jit/module_aiter_core.so
(Worker pid=3936964) [aiter] import [module_aiter_core] under /tmp/inferencex-minimaxm3-1409/home/.aiter/jit/module_aiter_core.so
(Worker pid=3936963) [aiter] import [module_aiter_core] under /tmp/inferencex-minimaxm3-1409/home/.aiter/jit/module_aiter_core.so
(Worker pid=3936965) [aiter] import [module_aiter_core] under /tmp/inferencex-minimaxm3-1409/home/.aiter/jit/module_aiter_core.so
(Worker pid=3936966) [aiter] [pid=3936966 pname=VllmWorker-3] start build [module_custom_all_reduce] under /tmp/inferencex-minimaxm3-1409/home/.aiter/jit/build/module_custom_all_reduce
(Worker pid=3936963) [aiter] [pid=3936963 pname=VllmWorker-0] waiting for baton release at /tmp/inferencex-minimaxm3-1409/home/.aiter/jit/build/lock_module_custom_all_reduce
(Worker pid=3936964) [aiter] [pid=3936964 pname=VllmWorker-1] waiting for baton release at /tmp/inferencex-minimaxm3-1409/home/.aiter/jit/build/lock_module_custom_all_reduce
(Worker pid=3936965) [aiter] [pid=3936965 pname=VllmWorker-2] waiting for baton release at /tmp/inferencex-minimaxm3-1409/home/.aiter/jit/build/lock_module_custom_all_reduce
(Worker pid=3936966) [aiter] Current hipcc not support: -mllvm -amdgpu-coerce-illegal-types=1, skip it.
(Worker pid=3936966) [aiter] [pid=3936966 pname=VllmWorker-3] [32mfinish build [module_custom_all_reduce], cost 13.8s [0m
(Worker pid=3936966) [aiter] import [module_custom_all_reduce] under /tmp/inferencex-minimaxm3-1409/home/.aiter/jit/module_custom_all_reduce.so
(Worker pid=3936965) [aiter] import [module_custom_all_reduce] under /tmp/inferencex-minimaxm3-1409/home/.aiter/jit/module_custom_all_reduce.so
(Worker pid=3936963) [aiter] import [module_custom_all_reduce] under /tmp/inferencex-minimaxm3-1409/home/.aiter/jit/module_custom_all_reduce.so
(Worker pid=3936964) [aiter] import [module_custom_all_reduce] under /tmp/inferencex-minimaxm3-1409/home/.aiter/jit/module_custom_all_reduce.so
(Worker pid=3936965) INFO 08-25 18:06:22 [quick_all_reduce.py:254] Custom quick allreduce: quantization codec threshold = 256 KB
(Worker pid=3936964) INFO 08-25 18:06:22 [quick_all_reduce.py:254] Custom quick allreduce: quantization codec threshold = 256 KB
(Worker pid=3936963) INFO 08-25 18:06:22 [quick_all_reduce.py:254] Custom quick allreduce: quantization codec threshold = 256 KB
(Worker pid=3936966) INFO 08-25 18:06:22 [quick_all_reduce.py:254] Custom quick allreduce: quantization codec threshold = 256 KB
(Worker pid=3936963) INFO 08-25 18:06:22 [cuda_communicator.py:266] Using ['QUICK_REDUCE', 'AITER_CUSTOM', 'PYNCCL'] all-reduce backends (in dispatch order) for group 'tp:0' out of potential backends: ['NCCL_SYMM_MEM', 'QUICK_REDUCE', 'FLASHINFER', 'AITER_CUSTOM', 'CUSTOM', 'SYMM_MEM', 'PYNCCL'].
(Worker pid=3936963) INFO 08-25 18:06:23 [cuda_communicator.py:266] Using ['PYNCCL'] all-reduce backends (in dispatch order) for group 'ep:0' out of potential backends: ['NCCL_SYMM_MEM', 'QUICK_REDUCE', 'FLASHINFER', 'AITER_CUSTOM', 'CUSTOM', 'SYMM_MEM', 'PYNCCL'].
(Worker pid=3936963) INFO 08-25 18:06:23 [parallel_state.py:1977] rank 0 in world size 4 is assigned as DP rank 0, PP rank 0, PCP rank 0, TP rank 0, EP rank 0, EPLB rank N/A
(Worker pid=3936963) INFO 08-25 18:06:23 [topk_topp_sampler.py:124] Using aiter sampler on ROCm (lazy import, sampling-only).
(Worker pid=3936964) WARNING 08-25 18:06:24 [__init__.py:205] min_p and logit_bias parameters won't work with speculative decoding.
(Worker pid=3936966) WARNING 08-25 18:06:24 [__init__.py:205] min_p and logit_bias parameters won't work with speculative decoding.
(Worker pid=3936963) WARNING 08-25 18:06:24 [__init__.py:205] min_p and logit_bias parameters won't work with speculative decoding.
(Worker pid=3936965) WARNING 08-25 18:06:24 [__init__.py:205] min_p and logit_bias parameters won't work with speculative decoding.
(Worker_TP0 pid=3936963) INFO 08-25 18:06:24 [gpu_model_runner.py:5308] Starting to load model /shared/data/R7N/andy_luo_3v7/minimaxm3-agentx/storage/models/amd--MiniMax-M3-MXFP4...
(Worker_TP1 pid=3936964) INFO 08-25 18:06:24 [kernel.py:306] Final IR op priority after setting platform defaults: IrOpPriorityConfig(rms_norm=['aiter', 'native'], fused_add_rms_norm=['aiter', 'native'])
(Worker_TP3 pid=3936966) INFO 08-25 18:06:24 [kernel.py:306] Final IR op priority after setting platform defaults: IrOpPriorityConfig(rms_norm=['aiter', 'native'], fused_add_rms_norm=['aiter', 'native'])
(Worker_TP0 pid=3936963) INFO 08-25 18:06:25 [rocm.py:697] Using AITER Flash Attention backend for ViT model.
(Worker_TP0 pid=3936963) INFO 08-25 18:06:25 [mm_encoder_attention.py:375] Using AttentionBackendEnum.ROCM_AITER_FA for MMEncoderAttention.
(Worker_TP0 pid=3936963) INFO 08-25 18:06:25 [kernel.py:306] Final IR op priority after setting platform defaults: IrOpPriorityConfig(rms_norm=['aiter', 'native'], fused_add_rms_norm=['aiter', 'native'])
(Worker_TP0 pid=3936963) INFO 08-25 18:06:25 [compilation.py:329] Enabled custom fusions: norm_quant, act_quant, allreduce_rms, mla_dual_rms_norm
(Worker_TP1 pid=3936964) WARNING 08-25 18:06:25 [vllm.py:2415] `torch.compile` is turned on, but the model /shared/data/R7N/andy_luo_3v7/minimaxm3-agentx/storage/models/amd--MiniMax-M3-MXFP4 does not support it. Please open an issue on GitHub if you want it to be supported.
(Worker_TP2 pid=3936965) INFO 08-25 18:06:25 [kernel.py:306] Final IR op priority after setting platform defaults: IrOpPriorityConfig(rms_norm=['aiter', 'native'], fused_add_rms_norm=['aiter', 'native'])
(Worker_TP1 pid=3936964) WARNING 08-25 18:06:25 [vllm.py:2415] `torch.compile` is turned on, but the model /shared/data/R7N/andy_luo_3v7/minimaxm3-agentx/storage/models/amd--MiniMax-M3-MXFP4 does not support it. Please open an issue on GitHub if you want it to be supported.
(Worker_TP0 pid=3936963) INFO 08-25 18:06:25 [rocm.py:606] Using ROCM_AITER_UNIFIED_ATTN backend (selected via --attention-backend).
(Worker_TP0 pid=3936963) INFO 08-25 18:06:25 [rocm_aiter_unified_attn.py:175] Using aiter unified attention for RocmAiterUnifiedAttentionImpl
(Worker_TP3 pid=3936966) WARNING 08-25 18:06:25 [vllm.py:2415] `torch.compile` is turned on, but the model /shared/data/R7N/andy_luo_3v7/minimaxm3-agentx/storage/models/amd--MiniMax-M3-MXFP4 does not support it. Please open an issue on GitHub if you want it to be supported.
(Worker_TP3 pid=3936966) WARNING 08-25 18:06:25 [vllm.py:2415] `torch.compile` is turned on, but the model /shared/data/R7N/andy_luo_3v7/minimaxm3-agentx/storage/models/amd--MiniMax-M3-MXFP4 does not support it. Please open an issue on GitHub if you want it to be supported.
(Worker_TP1 pid=3936964) INFO 08-25 18:06:25 [weight_utils.py:829] Prefetching checkpoint files into page cache started (in background, num_threads=8, block_size=16777216 bytes)
(Worker_TP3 pid=3936966) INFO 08-25 18:06:25 [weight_utils.py:829] Prefetching checkpoint files into page cache started (in background, num_threads=8, block_size=16777216 bytes)
(Worker_TP0 pid=3936963) INFO 08-25 18:06:25 [rocm_aiter_unified_attn.py:217] AITER unified-attention kernel is aiter; quantized query input is enabled; quantized output is enabled; cache writer is aiter.
(Worker_TP0 pid=3936963) INFO 08-25 18:06:25 [sparse_attention.py:483] MiniMax M3 sparse attention selected AITER_SPARSE_PA (kv_cache_dtype=fp8, topk_blocks=16)
(Worker_TP0 pid=3936963) INFO 08-25 18:06:25 [indexer.py:570] MiniMax M3 indexer: selected AITER (fp8 MFMA score + top-k) [topk_blocks=16, indexer_kv_dtype=fp8]
(Worker_TP0 pid=3936963) INFO 08-25 18:06:25 [mxfp4.py:425] Using 'AITER_MXFP4_MXFP4' Mxfp4 MoE backend.
(Worker_TP0 pid=3936963) INFO 08-25 18:06:25 [quark_moe.py:1139] Using AITER_MXFP4_MXFP4 backend for OCP_MX_Scheme.w_mxfp4_a_mxfp4
(Worker_TP0 pid=3936963) WARNING 08-25 18:06:25 [compilation.py:1347] Op 'grouped_topk' not present in model, enabling with '+grouped_topk' has no effect
(Worker_TP0 pid=3936963) WARNING 08-25 18:06:25 [compilation.py:1347] Op 'sparse_attn_indexer' not present in model, enabling with '+sparse_attn_indexer' has no effect
(Worker_TP0 pid=3936963) WARNING 08-25 18:06:25 [vllm.py:2415] `torch.compile` is turned on, but the model /shared/data/R7N/andy_luo_3v7/minimaxm3-agentx/storage/models/amd--MiniMax-M3-MXFP4 does not support it. Please open an issue on GitHub if you want it to be supported.
(Worker_TP0 pid=3936963) WARNING 08-25 18:06:25 [vllm.py:2415] `torch.compile` is turned on, but the model /shared/data/R7N/andy_luo_3v7/minimaxm3-agentx/storage/models/amd--MiniMax-M3-MXFP4 does not support it. Please open an issue on GitHub if you want it to be supported.
(Worker_TP0 pid=3936963) INFO 08-25 18:06:25 [weight_utils.py:867] Filesystem type for checkpoints: NFS. Checkpoint size: 226.00 GiB. Available RAM: 2948.36 GiB.
(Worker_TP0 pid=3936963) INFO 08-25 18:06:25 [weight_utils.py:829] Prefetching checkpoint files into page cache started (in background, num_threads=8, block_size=16777216 bytes)
(Worker_TP0 pid=3936963) Loading safetensors checkpoint shards:   0% Completed | 0/59 [00:00<?, ?it/s]
(Worker_TP2 pid=3936965) WARNING 08-25 18:06:25 [vllm.py:2415] `torch.compile` is turned on, but the model /shared/data/R7N/andy_luo_3v7/minimaxm3-agentx/storage/models/amd--MiniMax-M3-MXFP4 does not support it. Please open an issue on GitHub if you want it to be supported.
(Worker_TP2 pid=3936965) WARNING 08-25 18:06:25 [vllm.py:2415] `torch.compile` is turned on, but the model /shared/data/R7N/andy_luo_3v7/minimaxm3-agentx/storage/models/amd--MiniMax-M3-MXFP4 does not support it. Please open an issue on GitHub if you want it to be supported.
(Worker_TP2 pid=3936965) INFO 08-25 18:06:25 [weight_utils.py:829] Prefetching checkpoint files into page cache started (in background, num_threads=8, block_size=16777216 bytes)
(Worker_TP2 pid=3936965) INFO 08-25 18:06:30 [weight_utils.py:801] Prefetching checkpoint files: 10% (2/15)
(Worker_TP0 pid=3936963) INFO 08-25 18:06:31 [weight_utils.py:801] Prefetching checkpoint files: 10% (2/15)
(Worker_TP2 pid=3936965) INFO 08-25 18:06:31 [weight_utils.py:801] Prefetching checkpoint files: 20% (3/15)
(Worker_TP0 pid=3936963) Loading safetensors checkpoint shards:   2% Completed | 1/59 [00:05<05:34,  5.77s/it]
(Worker_TP0 pid=3936963) INFO 08-25 18:06:31 [weight_utils.py:801] Prefetching checkpoint files: 20% (3/15)
(Worker_TP2 pid=3936965) INFO 08-25 18:06:31 [weight_utils.py:801] Prefetching checkpoint files: 30% (5/15)
(Worker_TP2 pid=3936965) INFO 08-25 18:06:32 [weight_utils.py:801] Prefetching checkpoint files: 40% (6/15)
(Worker_TP1 pid=3936964) INFO 08-25 18:06:33 [weight_utils.py:801] Prefetching checkpoint files: 10% (2/15)
(Worker_TP1 pid=3936964) INFO 08-25 18:06:33 [weight_utils.py:801] Prefetching checkpoint files: 20% (3/15)
(Worker_TP3 pid=3936966) INFO 08-25 18:06:33 [weight_utils.py:801] Prefetching checkpoint files: 10% (2/14)
(Worker_TP3 pid=3936966) INFO 08-25 18:06:33 [weight_utils.py:801] Prefetching checkpoint files: 20% (3/14)
(Worker_TP0 pid=3936963) INFO 08-25 18:06:34 [weight_utils.py:801] Prefetching checkpoint files: 30% (5/15)
(Worker_TP3 pid=3936966) INFO 08-25 18:06:34 [weight_utils.py:801] Prefetching checkpoint files: 30% (5/14)
(Worker_TP1 pid=3936964) INFO 08-25 18:06:34 [weight_utils.py:801] Prefetching checkpoint files: 30% (5/15)
(Worker_TP3 pid=3936966) INFO 08-25 18:06:34 [weight_utils.py:801] Prefetching checkpoint files: 40% (6/14)
(Worker_TP3 pid=3936966) INFO 08-25 18:06:34 [weight_utils.py:801] Prefetching checkpoint files: 50% (7/14)
(Worker_TP1 pid=3936964) INFO 08-25 18:06:35 [weight_utils.py:801] Prefetching checkpoint files: 40% (6/15)
(Worker_TP0 pid=3936963) Loading safetensors checkpoint shards:   3% Completed | 2/59 [00:10<04:48,  5.07s/it]
(Worker_TP2 pid=3936965) INFO 08-25 18:06:36 [weight_utils.py:801] Prefetching checkpoint files: 50% (8/15)
(Worker_TP0 pid=3936963) INFO 08-25 18:06:36 [weight_utils.py:801] Prefetching checkpoint files: 40% (6/15)
(Worker_TP0 pid=3936963) Loading safetensors checkpoint shards:   5% Completed | 3/59 [00:10<02:42,  2.90s/it]
(Worker_TP2 pid=3936965) INFO 08-25 18:06:36 [weight_utils.py:801] Prefetching checkpoint files: 60% (9/15)
(Worker_TP2 pid=3936965) INFO 08-25 18:06:36 [weight_utils.py:801] Prefetching checkpoint files: 70% (11/15)
(Worker_TP2 pid=3936965) INFO 08-25 18:06:36 [weight_utils.py:801] Prefetching checkpoint files: 80% (12/15)
(Worker_TP2 pid=3936965) INFO 08-25 18:06:36 [weight_utils.py:801] Prefetching checkpoint files: 90% (14/15)
(Worker_TP1 pid=3936964) INFO 08-25 18:06:36 [weight_utils.py:801] Prefetching checkpoint files: 50% (8/15)
(Worker_TP1 pid=3936964) INFO 08-25 18:06:36 [weight_utils.py:801] Prefetching checkpoint files: 60% (9/15)
(Worker_TP0 pid=3936963) INFO 08-25 18:06:37 [weight_utils.py:801] Prefetching checkpoint files: 50% (8/15)
(Worker_TP1 pid=3936964) INFO 08-25 18:06:37 [weight_utils.py:801] Prefetching checkpoint files: 70% (11/15)
(Worker_TP0 pid=3936963) INFO 08-25 18:06:37 [weight_utils.py:801] Prefetching checkpoint files: 60% (9/15)
(Worker_TP1 pid=3936964) INFO 08-25 18:06:37 [weight_utils.py:801] Prefetching checkpoint files: 80% (12/15)
(Worker_TP3 pid=3936966) INFO 08-25 18:06:38 [weight_utils.py:801] Prefetching checkpoint files: 60% (9/14)
(Worker_TP3 pid=3936966) INFO 08-25 18:06:38 [weight_utils.py:801] Prefetching checkpoint files: 70% (10/14)
(Worker_TP1 pid=3936964) INFO 08-25 18:06:39 [weight_utils.py:801] Prefetching checkpoint files: 90% (14/15)
(Worker_TP0 pid=3936963) INFO 08-25 18:06:39 [weight_utils.py:801] Prefetching checkpoint files: 70% (11/15)
(Worker_TP1 pid=3936964) INFO 08-25 18:06:39 [weight_utils.py:801] Prefetching checkpoint files: 100% (15/15)
(Worker_TP1 pid=3936964) INFO 08-25 18:06:39 [weight_utils.py:824] Prefetching checkpoint files into page cache finished in 14.67s
(Worker_TP0 pid=3936963) INFO 08-25 18:06:42 [weight_utils.py:801] Prefetching checkpoint files: 80% (12/15)
(Worker_TP3 pid=3936966) INFO 08-25 18:06:42 [weight_utils.py:801] Prefetching checkpoint files: 80% (12/14)
(Worker_TP2 pid=3936965) INFO 08-25 18:06:45 [weight_utils.py:801] Prefetching checkpoint files: 100% (15/15)
(Worker_TP0 pid=3936963) INFO 08-25 18:06:45 [weight_utils.py:801] Prefetching checkpoint files: 90% (14/15)
(Worker_TP2 pid=3936965) INFO 08-25 18:06:45 [weight_utils.py:824] Prefetching checkpoint files into page cache finished in 20.12s
(Worker_TP0 pid=3936963) INFO 08-25 18:06:45 [weight_utils.py:801] Prefetching checkpoint files: 100% (15/15)
(Worker_TP0 pid=3936963) INFO 08-25 18:06:45 [weight_utils.py:824] Prefetching checkpoint files into page cache finished in 20.39s
(Worker_TP3 pid=3936966) INFO 08-25 18:06:46 [weight_utils.py:801] Prefetching checkpoint files: 90% (13/14)
(Worker_TP3 pid=3936966) INFO 08-25 18:06:47 [weight_utils.py:801] Prefetching checkpoint files: 100% (14/14)
(Worker_TP3 pid=3936966) INFO 08-25 18:06:47 [weight_utils.py:824] Prefetching checkpoint files into page cache finished in 21.74s
(Worker_TP0 pid=3936963) Loading safetensors checkpoint shards:   7% Completed | 4/59 [00:21<05:33,  6.06s/it]
(Worker_TP0 pid=3936963) Loading safetensors checkpoint shards:   8% Completed | 5/59 [00:21<03:35,  3.99s/it]
(Worker_TP0 pid=3936963) Loading safetensors checkpoint shards:  10% Completed | 6/59 [00:22<02:25,  2.74s/it]
(Worker_TP0 pid=3936963) Loading safetensors checkpoint shards:  12% Completed | 7/59 [00:22<01:41,  1.94s/it]
(Worker_TP0 pid=3936963) Loading safetensors checkpoint shards:  14% Completed | 8/59 [00:22<01:12,  1.42s/it]
(Worker_TP0 pid=3936963) Loading safetensors checkpoint shards:  15% Completed | 9/59 [00:23<00:54,  1.08s/it]
(Worker_TP0 pid=3936963) Loading safetensors checkpoint shards:  17% Completed | 10/59 [00:23<00:41,  1.17it/s]
(Worker_TP0 pid=3936963) Loading safetensors checkpoint shards:  19% Completed | 11/59 [00:23<00:33,  1.45it/s]
(Worker_TP0 pid=3936963) Loading safetensors checkpoint shards:  20% Completed | 12/59 [00:24<00:27,  1.73it/s]
(Worker_TP0 pid=3936963) Loading safetensors checkpoint shards:  22% Completed | 13/59 [00:24<00:23,  1.96it/s]
(Worker_TP0 pid=3936963) Loading safetensors checkpoint shards:  24% Completed | 14/59 [00:24<00:20,  2.17it/s]
(Worker_TP0 pid=3936963) Loading safetensors checkpoint shards:  25% Completed | 15/59 [00:25<00:18,  2.39it/s]
(Worker_TP0 pid=3936963) Loading safetensors checkpoint shards:  27% Completed | 16/59 [00:25<00:17,  2.52it/s]
(Worker_TP0 pid=3936963) Loading safetensors checkpoint shards:  29% Completed | 17/59 [00:25<00:15,  2.65it/s]
(Worker_TP0 pid=3936963) Loading safetensors checkpoint shards:  31% Completed | 18/59 [00:26<00:15,  2.73it/s]
(Worker_TP0 pid=3936963) Loading safetensors checkpoint shards:  32% Completed | 19/59 [00:26<00:14,  2.85it/s]
(Worker_TP0 pid=3936963) Loading safetensors checkpoint shards:  34% Completed | 20/59 [00:26<00:13,  2.86it/s]
(Worker_TP0 pid=3936963) Loading safetensors checkpoint shards:  36% Completed | 21/59 [00:27<00:13,  2.86it/s]
(Worker_TP0 pid=3936963) Loading safetensors checkpoint shards:  37% Completed | 22/59 [00:27<00:12,  2.94it/s]
(Worker_TP0 pid=3936963) Loading safetensors checkpoint shards:  39% Completed | 23/59 [00:27<00:12,  3.00it/s]
(Worker_TP0 pid=3936963) Loading safetensors checkpoint shards:  41% Completed | 24/59 [00:28<00:11,  2.99it/s]
(Worker_TP0 pid=3936963) Loading safetensors checkpoint shards:  42% Completed | 25/59 [00:28<00:09,  3.47it/s]
(Worker_TP0 pid=3936963) Loading safetensors checkpoint shards:  44% Completed | 26/59 [00:28<00:09,  3.60it/s]
(Worker_TP0 pid=3936963) Loading safetensors checkpoint shards:  46% Completed | 27/59 [00:28<00:09,  3.50it/s]
(Worker_TP0 pid=3936963) Loading safetensors checkpoint shards:  47% Completed | 28/59 [00:29<00:08,  3.47it/s]
(Worker_TP0 pid=3936963) Loading safetensors checkpoint shards:  49% Completed | 29/59 [00:29<00:09,  3.32it/s]
(Worker_TP0 pid=3936963) Loading safetensors checkpoint shards:  51% Completed | 30/59 [00:29<00:08,  3.31it/s]
(Worker_TP0 pid=3936963) Loading safetensors checkpoint shards:  53% Completed | 31/59 [00:30<00:08,  3.19it/s]
(Worker_TP0 pid=3936963) Loading safetensors checkpoint shards:  54% Completed | 32/59 [00:30<00:08,  3.11it/s]
(Worker_TP0 pid=3936963) Loading safetensors checkpoint shards:  56% Completed | 33/59 [00:30<00:08,  3.07it/s]
(Worker_TP0 pid=3936963) Loading safetensors checkpoint shards:  58% Completed | 34/59 [00:31<00:08,  3.06it/s]
(Worker_TP0 pid=3936963) Loading safetensors checkpoint shards:  59% Completed | 35/59 [00:31<00:07,  3.15it/s]
(Worker_TP0 pid=3936963) Loading safetensors checkpoint shards:  61% Completed | 36/59 [00:31<00:07,  3.11it/s]
(Worker_TP0 pid=3936963) Loading safetensors checkpoint shards:  63% Completed | 37/59 [00:32<00:06,  3.24it/s]
(Worker_TP0 pid=3936963) Loading safetensors checkpoint shards:  64% Completed | 38/59 [00:32<00:06,  3.34it/s]
(Worker_TP0 pid=3936963) Loading safetensors checkpoint shards:  66% Completed | 39/59 [00:32<00:05,  3.41it/s]
(Worker_TP0 pid=3936963) Loading safetensors checkpoint shards:  68% Completed | 40/59 [00:32<00:05,  3.38it/s]
(Worker_TP0 pid=3936963) Loading safetensors checkpoint shards:  69% Completed | 41/59 [00:33<00:05,  3.43it/s]
(Worker_TP0 pid=3936963) Loading safetensors checkpoint shards:  71% Completed | 42/59 [00:33<00:05,  3.40it/s]
(Worker_TP0 pid=3936963) Loading safetensors checkpoint shards:  73% Completed | 43/59 [00:33<00:04,  3.48it/s]
(Worker_TP0 pid=3936963) Loading safetensors checkpoint shards:  75% Completed | 44/59 [00:34<00:04,  3.52it/s]
(Worker_TP0 pid=3936963) Loading safetensors checkpoint shards:  76% Completed | 45/59 [00:34<00:04,  3.46it/s]
(Worker_TP0 pid=3936963) Loading safetensors checkpoint shards:  78% Completed | 46/59 [00:34<00:03,  3.52it/s]
(Worker_TP0 pid=3936963) Loading safetensors checkpoint shards:  80% Completed | 47/59 [00:34<00:03,  3.53it/s]
(Worker_TP0 pid=3936963) Loading safetensors checkpoint shards:  81% Completed | 48/59 [00:35<00:03,  3.48it/s]
(Worker_TP0 pid=3936963) Loading safetensors checkpoint shards:  83% Completed | 49/59 [00:35<00:02,  3.41it/s]
(Worker_TP0 pid=3936963) Loading safetensors checkpoint shards:  85% Completed | 50/59 [00:35<00:02,  3.43it/s]
(Worker_TP0 pid=3936963) Loading safetensors checkpoint shards:  86% Completed | 51/59 [00:36<00:02,  3.40it/s]
(Worker_TP0 pid=3936963) Loading safetensors checkpoint shards:  88% Completed | 52/59 [00:36<00:02,  3.45it/s]
(Worker_TP0 pid=3936963) Loading safetensors checkpoint shards:  90% Completed | 53/59 [00:36<00:01,  3.50it/s]
(Worker_TP0 pid=3936963) Loading safetensors checkpoint shards:  92% Completed | 54/59 [00:36<00:01,  3.54it/s]
(Worker_TP0 pid=3936963) Loading safetensors checkpoint shards:  93% Completed | 55/59 [00:37<00:01,  3.56it/s]
(Worker_TP0 pid=3936963) Loading safetensors checkpoint shards:  95% Completed | 56/59 [00:37<00:00,  3.48it/s]
(Worker_TP0 pid=3936963) Loading safetensors checkpoint shards:  97% Completed | 57/59 [00:37<00:00,  3.40it/s]
(Worker_TP0 pid=3936963) Loading safetensors checkpoint shards:  98% Completed | 58/59 [00:38<00:00,  3.36it/s]
(Worker_TP0 pid=3936963) Loading safetensors checkpoint shards: 100% Completed | 59/59 [00:38<00:00,  3.31it/s]
(Worker_TP0 pid=3936963) Loading safetensors checkpoint shards: 100% Completed | 59/59 [00:38<00:00,  1.53it/s]
(Worker_TP0 pid=3936963) 
(Worker_TP0 pid=3936963) INFO 08-25 18:07:04 [default_loader.py:430] Loading weights took 38.53 seconds
(Worker_TP0 pid=3936963) WARNING 08-25 18:07:04 [kv_cache.py:134] Checkpoint does not provide a q scaling factor. Setting it to k_scale. This only matters for FP8 Attention backends (flash-attn or flashinfer).
(Worker_TP0 pid=3936963) WARNING 08-25 18:07:04 [kv_cache.py:151] Using KV cache scaling factor 1.0 for fp8_e4m3. If this is unintended, verify that k/v_scale scaling factors are properly set in the checkpoint.
(Worker_TP0 pid=3936963) WARNING 08-25 18:07:04 [kv_cache.py:190] Using uncalibrated q_scale 1.0 and/or prob_scale 1.0 with fp8 attention. This may cause accuracy issues. Please make sure q/prob scaling factors are available in the fp8 checkpoint.
(Worker_TP0 pid=3936963) INFO 08-25 18:07:04 [mxfp4.py:1730] Using MoEPrepareAndFinalizeNoDPEPModular
(Worker_TP0 pid=3936963) INFO 08-25 18:07:04 [mxfp4.py:1731] Using AiterExperts
(Worker_TP0 pid=3936963) INFO 08-25 18:07:04 [gpu_model_runner.py:5332] Loading drafter model...
(Worker_TP0 pid=3936963) INFO 08-25 18:07:04 [kernel.py:306] Final IR op priority after setting platform defaults: IrOpPriorityConfig(rms_norm=['aiter', 'native'], fused_add_rms_norm=['aiter', 'native'])
(Worker_TP0 pid=3936963) INFO 08-25 18:07:04 [llama_eagle3.py:47] Using a 32768-token sliding attention window with full KV retention for all 1 Llama EAGLE3 draft layers.
(Worker_TP0 pid=3936963) INFO 08-25 18:07:04 [weight_utils.py:867] Filesystem type for checkpoints: NFS. Checkpoint size: 5.73 GiB. Available RAM: 2941.03 GiB.
(Worker_TP0 pid=3936963) INFO 08-25 18:07:04 [weight_utils.py:829] Prefetching checkpoint files into page cache started (in background, num_threads=8, block_size=16777216 bytes)
(Worker_TP0 pid=3936963) Loading safetensors checkpoint shards:   0% Completed | 0/1 [00:00<?, ?it/s]
(Worker_TP2 pid=3936965) INFO 08-25 18:07:04 [kernel.py:306] Final IR op priority after setting platform defaults: IrOpPriorityConfig(rms_norm=['aiter', 'native'], fused_add_rms_norm=['aiter', 'native'])
(Worker_TP2 pid=3936965) INFO 08-25 18:07:04 [llama_eagle3.py:47] Using a 32768-token sliding attention window with full KV retention for all 1 Llama EAGLE3 draft layers.
(Worker_TP0 pid=3936963) Loading safetensors checkpoint shards: 100% Completed | 1/1 [00:00<00:00, 41.17it/s]
(Worker_TP0 pid=3936963) 
(Worker_TP2 pid=3936965) INFO 08-25 18:07:04 [weight_utils.py:829] Prefetching checkpoint files into page cache started (in background, num_threads=8, block_size=16777216 bytes)
(Worker_TP2 pid=3936965) INFO 08-25 18:07:04 [weight_utils.py:824] Prefetching checkpoint files into page cache finished in 0.00s
(Worker_TP3 pid=3936966) INFO 08-25 18:07:04 [kernel.py:306] Final IR op priority after setting platform defaults: IrOpPriorityConfig(rms_norm=['aiter', 'native'], fused_add_rms_norm=['aiter', 'native'])
(Worker_TP3 pid=3936966) INFO 08-25 18:07:04 [llama_eagle3.py:47] Using a 32768-token sliding attention window with full KV retention for all 1 Llama EAGLE3 draft layers.
(Worker_TP1 pid=3936964) INFO 08-25 18:07:04 [kernel.py:306] Final IR op priority after setting platform defaults: IrOpPriorityConfig(rms_norm=['aiter', 'native'], fused_add_rms_norm=['aiter', 'native'])
(Worker_TP1 pid=3936964) INFO 08-25 18:07:04 [llama_eagle3.py:47] Using a 32768-token sliding attention window with full KV retention for all 1 Llama EAGLE3 draft layers.
(Worker_TP3 pid=3936966) INFO 08-25 18:07:04 [weight_utils.py:829] Prefetching checkpoint files into page cache started (in background, num_threads=8, block_size=16777216 bytes)
(Worker_TP1 pid=3936964) INFO 08-25 18:07:04 [weight_utils.py:829] Prefetching checkpoint files into page cache started (in background, num_threads=8, block_size=16777216 bytes)
(Worker_TP3 pid=3936966) INFO 08-25 18:07:04 [weight_utils.py:824] Prefetching checkpoint files into page cache finished in 0.00s
(Worker_TP1 pid=3936964) INFO 08-25 18:07:04 [weight_utils.py:824] Prefetching checkpoint files into page cache finished in 0.00s
(Worker_TP0 pid=3936963) INFO 08-25 18:07:07 [default_loader.py:430] Loading weights took 2.99 seconds
(Worker_TP0 pid=3936963) INFO 08-25 18:07:07 [llm_base_proposer.py:1465] Detected EAGLE model with embed_tokens identical to the target model. Sharing target model embedding weights with the draft model.
(Worker_TP0 pid=3936963) INFO 08-25 18:07:07 [llm_base_proposer.py:1551] Detected EAGLE model with distinct lm_head weights. Keeping separate lm_head weights from the target model.
(Worker_TP0 pid=3936963) INFO 08-25 18:07:07 [llm_base_proposer.py:1597] Detected MTP model with topk_indices_buffer. Sharing target model topk_indices_buffer with the draft model.
(Worker_TP1 pid=3936964) INFO 08-25 18:07:08 [llm_base_proposer.py:1465] Detected EAGLE model with embed_tokens identical to the target model. Sharing target model embedding weights with the draft model.
(Worker_TP1 pid=3936964) INFO 08-25 18:07:08 [llm_base_proposer.py:1551] Detected EAGLE model with distinct lm_head weights. Keeping separate lm_head weights from the target model.
(Worker_TP1 pid=3936964) INFO 08-25 18:07:08 [llm_base_proposer.py:1597] Detected MTP model with topk_indices_buffer. Sharing target model topk_indices_buffer with the draft model.
(Worker_TP2 pid=3936965) INFO 08-25 18:07:08 [llm_base_proposer.py:1465] Detected EAGLE model with embed_tokens identical to the target model. Sharing target model embedding weights with the draft model.
(Worker_TP3 pid=3936966) INFO 08-25 18:07:08 [llm_base_proposer.py:1465] Detected EAGLE model with embed_tokens identical to the target model. Sharing target model embedding weights with the draft model.
(Worker_TP2 pid=3936965) INFO 08-25 18:07:08 [llm_base_proposer.py:1551] Detected EAGLE model with distinct lm_head weights. Keeping separate lm_head weights from the target model.
(Worker_TP2 pid=3936965) INFO 08-25 18:07:08 [llm_base_proposer.py:1597] Detected MTP model with topk_indices_buffer. Sharing target model topk_indices_buffer with the draft model.
(Worker_TP3 pid=3936966) INFO 08-25 18:07:08 [llm_base_proposer.py:1551] Detected EAGLE model with distinct lm_head weights. Keeping separate lm_head weights from the target model.
(Worker_TP3 pid=3936966) INFO 08-25 18:07:08 [llm_base_proposer.py:1597] Detected MTP model with topk_indices_buffer. Sharing target model topk_indices_buffer with the draft model.
(Worker_TP0 pid=3936963) INFO 08-25 18:07:09 [gpu_model_runner.py:5405] Model loading took 57.7 GiB memory and 42.899569 seconds
(Worker_TP0 pid=3936963) INFO 08-25 18:07:09 [weight_utils.py:801] Prefetching checkpoint files: 10% (1/1)
(Worker_TP0 pid=3936963) INFO 08-25 18:07:09 [weight_utils.py:824] Prefetching checkpoint files into page cache finished in 4.48s
(Worker_TP2 pid=3936965) [aiter] merge tuned file under model_configs/ and configs/ /usr/local/lib/python3.12/dist-packages/aiter/configs/bf16_tuned_gemm.csv:/usr/local/lib/python3.12/dist-packages/aiter/configs/model_configs/dsv3_bf16_tuned_gemm.csv:/usr/local/lib/python3.12/dist-packages/aiter/configs/model_configs/dsv4_bf16_tuned_gemm.csv:/usr/local/lib/python3.12/dist-packages/aiter/configs/model_configs/glm47_bf16_tuned_gemm.csv:/usr/local/lib/python3.12/dist-packages/aiter/configs/model_configs/glm5_bf16_tuned_gemm.csv:/usr/local/lib/python3.12/dist-packages/aiter/configs/model_configs/gptoss_bf16_tuned_gemm.csv:/usr/local/lib/python3.12/dist-packages/aiter/configs/model_configs/kimi_bf16_tuned_gemm.csv:/usr/local/lib/python3.12/dist-packages/aiter/configs/model_configs/kimik2_bf16_tuned_gemm.csv:/usr/local/lib/python3.12/dist-packages/aiter/configs/model_configs/kimik3_bf16_tuned_gemm.csv:/usr/local/lib/python3.12/dist-packages/aiter/configs/model_configs/llama405B_bf16_tuned_gemm.csv:/usr/local/lib/python3.12/dist-packages/aiter/configs/model_configs/llama70B_bf16_tuned_gemm.csv:/usr/local/lib/python3.12/dist-packages/aiter/configs/model_configs/minimax_m3_eagle_bf16_tuned_gemm.csv:/usr/local/lib/python3.12/dist-packages/aiter/configs/model_configs/qwen32B_bf16_tuned_gemm.csv:/usr/local/lib/python3.12/dist-packages/aiter/configs/model_configs/qwen3_5_397b_bf16_tuned_gemm.csv
(Worker_TP1 pid=3936964) [aiter] merge tuned file under model_configs/ and configs/ /usr/local/lib/python3.12/dist-packages/aiter/configs/bf16_tuned_gemm.csv:/usr/local/lib/python3.12/dist-packages/aiter/configs/model_configs/dsv3_bf16_tuned_gemm.csv:/usr/local/lib/python3.12/dist-packages/aiter/configs/model_configs/dsv4_bf16_tuned_gemm.csv:/usr/local/lib/python3.12/dist-packages/aiter/configs/model_configs/glm47_bf16_tuned_gemm.csv:/usr/local/lib/python3.12/dist-packages/aiter/configs/model_configs/glm5_bf16_tuned_gemm.csv:/usr/local/lib/python3.12/dist-packages/aiter/configs/model_configs/gptoss_bf16_tuned_gemm.csv:/usr/local/lib/python3.12/dist-packages/aiter/configs/model_configs/kimi_bf16_tuned_gemm.csv:/usr/local/lib/python3.12/dist-packages/aiter/configs/model_configs/kimik2_bf16_tuned_gemm.csv:/usr/local/lib/python3.12/dist-packages/aiter/configs/model_configs/kimik3_bf16_tuned_gemm.csv:/usr/local/lib/python3.12/dist-packages/aiter/configs/model_configs/llama405B_bf16_tuned_gemm.csv:/usr/local/lib/python3.12/dist-packages/aiter/configs/model_configs/llama70B_bf16_tuned_gemm.csv:/usr/local/lib/python3.12/dist-packages/aiter/configs/model_configs/minimax_m3_eagle_bf16_tuned_gemm.csv:/usr/local/lib/python3.12/dist-packages/aiter/configs/model_configs/qwen32B_bf16_tuned_gemm.csv:/usr/local/lib/python3.12/dist-packages/aiter/configs/model_configs/qwen3_5_397b_bf16_tuned_gemm.csv
(Worker_TP0 pid=3936963) [aiter] merge tuned file under model_configs/ and configs/ /usr/local/lib/python3.12/dist-packages/aiter/configs/bf16_tuned_gemm.csv:/usr/local/lib/python3.12/dist-packages/aiter/configs/model_configs/dsv3_bf16_tuned_gemm.csv:/usr/local/lib/python3.12/dist-packages/aiter/configs/model_configs/dsv4_bf16_tuned_gemm.csv:/usr/local/lib/python3.12/dist-packages/aiter/configs/model_configs/glm47_bf16_tuned_gemm.csv:/usr/local/lib/python3.12/dist-packages/aiter/configs/model_configs/glm5_bf16_tuned_gemm.csv:/usr/local/lib/python3.12/dist-packages/aiter/configs/model_configs/gptoss_bf16_tuned_gemm.csv:/usr/local/lib/python3.12/dist-packages/aiter/configs/model_configs/kimi_bf16_tuned_gemm.csv:/usr/local/lib/python3.12/dist-packages/aiter/configs/model_configs/kimik2_bf16_tuned_gemm.csv:/usr/local/lib/python3.12/dist-packages/aiter/configs/model_configs/kimik3_bf16_tuned_gemm.csv:/usr/local/lib/python3.12/dist-packages/aiter/configs/model_configs/llama405B_bf16_tuned_gemm.csv:/usr/local/lib/python3.12/dist-packages/aiter/configs/model_configs/llama70B_bf16_tuned_gemm.csv:/usr/local/lib/python3.12/dist-packages/aiter/configs/model_configs/minimax_m3_eagle_bf16_tuned_gemm.csv:/usr/local/lib/python3.12/dist-packages/aiter/configs/model_configs/qwen32B_bf16_tuned_gemm.csv:/usr/local/lib/python3.12/dist-packages/aiter/configs/model_configs/qwen3_5_397b_bf16_tuned_gemm.csv
(Worker_TP0 pid=3936963) [aiter] [pid=3936963 pname=VllmWorker-0] waiting for baton release at /tmp/aiter_configs/bf16_tuned_gemm.csv.lock
(Worker_TP3 pid=3936966) [aiter] merge tuned file under model_configs/ and configs/ /usr/local/lib/python3.12/dist-packages/aiter/configs/bf16_tuned_gemm.csv:/usr/local/lib/python3.12/dist-packages/aiter/configs/model_configs/dsv3_bf16_tuned_gemm.csv:/usr/local/lib/python3.12/dist-packages/aiter/configs/model_configs/dsv4_bf16_tuned_gemm.csv:/usr/local/lib/python3.12/dist-packages/aiter/configs/model_configs/glm47_bf16_tuned_gemm.csv:/usr/local/lib/python3.12/dist-packages/aiter/configs/model_configs/glm5_bf16_tuned_gemm.csv:/usr/local/lib/python3.12/dist-packages/aiter/configs/model_configs/gptoss_bf16_tuned_gemm.csv:/usr/local/lib/python3.12/dist-packages/aiter/configs/model_configs/kimi_bf16_tuned_gemm.csv:/usr/local/lib/python3.12/dist-packages/aiter/configs/model_configs/kimik2_bf16_tuned_gemm.csv:/usr/local/lib/python3.12/dist-packages/aiter/configs/model_configs/kimik3_bf16_tuned_gemm.csv:/usr/local/lib/python3.12/dist-packages/aiter/configs/model_configs/llama405B_bf16_tuned_gemm.csv:/usr/local/lib/python3.12/dist-packages/aiter/configs/model_configs/llama70B_bf16_tuned_gemm.csv:/usr/local/lib/python3.12/dist-packages/aiter/configs/model_configs/minimax_m3_eagle_bf16_tuned_gemm.csv:/usr/local/lib/python3.12/dist-packages/aiter/configs/model_configs/qwen32B_bf16_tuned_gemm.csv:/usr/local/lib/python3.12/dist-packages/aiter/configs/model_configs/qwen3_5_397b_bf16_tuned_gemm.csv
(Worker_TP2 pid=3936965) [aiter] [pid=3936965 pname=VllmWorker-2] start build [module_gemm_a16w16_asm] under /tmp/inferencex-minimaxm3-1409/home/.aiter/jit/build/module_gemm_a16w16_asm
(Worker_TP1 pid=3936964) [aiter] [pid=3936964 pname=VllmWorker-1] waiting for baton release at /tmp/inferencex-minimaxm3-1409/home/.aiter/jit/build/lock_module_gemm_a16w16_asm
(Worker_TP3 pid=3936966) [aiter] [pid=3936966 pname=VllmWorker-3] waiting for baton release at /tmp/inferencex-minimaxm3-1409/home/.aiter/jit/build/lock_module_gemm_a16w16_asm
(Worker_TP0 pid=3936963) [aiter] [pid=3936963 pname=VllmWorker-0] waiting for baton release at /tmp/inferencex-minimaxm3-1409/home/.aiter/jit/build/lock_module_gemm_a16w16_asm
(Worker_TP2 pid=3936965) [aiter] Current hipcc not support: -mllvm -amdgpu-coerce-illegal-types=1, skip it.
/usr/local/lib/python3.12/dist-packages/aiter_meta/hsa/codegen.py:14: Pandas4Warning: 'future.no_silent_downcasting' is deprecated, please refrain from using it.
  pd.set_option("future.no_silent_downcasting", True)
/usr/local/lib/python3.12/dist-packages/aiter_meta/hsa/codegen.py:153: Pandas4Warning: The copy keyword is deprecated and will be removed in a future version. Copy-on-Write is active in pandas since 3.0 which utilizes a lazy copy mechanism that defers copies until necessary. Use .copy() to make an eager copy if necessary.
  pd.concat(dfs, ignore_index=True).fillna(0).infer_objects(copy=False)
(Worker_TP2 pid=3936965) [aiter] [pid=3936965 pname=VllmWorker-2] [32mfinish build [module_gemm_a16w16_asm], cost 6.6s [0m
[aiter] LoadKernel: _ZN5aiter24bf16gemm_bf16_tn_256x256E hsaco: /usr/local/lib/python3.12/dist-packages/aiter_meta/hsa//gfx950/bf16gemm/bf16gemm_bf16_tn_256x256.co
[aiter] LoadKernel: _ZN5aiter24bf16gemm_bf16_tn_256x256E hsaco: /usr/local/lib/python3.12/dist-packages/aiter_meta/hsa//gfx950/bf16gemm/bf16gemm_bf16_tn_256x256.co
[aiter] LoadKernel: _ZN5aiter24bf16gemm_bf16_tn_256x256E hsaco: /usr/local/lib/python3.12/dist-packages/aiter_meta/hsa//gfx950/bf16gemm/bf16gemm_bf16_tn_256x256.co
[aiter] LoadKernel: _ZN5aiter24bf16gemm_bf16_tn_256x256E hsaco: /usr/local/lib/python3.12/dist-packages/aiter_meta/hsa//gfx950/bf16gemm/bf16gemm_bf16_tn_256x256.co
(Worker_TP2 pid=3936965) [aiter] [pid=3936965 pname=VllmWorker-2] start build [module_gemm_common] under /tmp/inferencex-minimaxm3-1409/home/.aiter/jit/build/module_gemm_common
(Worker_TP3 pid=3936966) [aiter] [pid=3936966 pname=VllmWorker-3] waiting for baton release at /tmp/inferencex-minimaxm3-1409/home/.aiter/jit/build/lock_module_gemm_common
(Worker_TP0 pid=3936963) [aiter] [pid=3936963 pname=VllmWorker-0] waiting for baton release at /tmp/inferencex-minimaxm3-1409/home/.aiter/jit/build/lock_module_gemm_common
(Worker_TP2 pid=3936965) [aiter] [pid=3936965 pname=VllmWorker-2] [32mfinish build [module_gemm_common], cost 0.7s [0m
(Worker_TP2 pid=3936965) [aiter] shape is M:32768, N:128, K:6144 dtype='torch.float32' otype='torch.float32' bias=False, scaleAB=False, bpreshuffle=False, not found tuned config in /tmp/aiter_configs/bf16_tuned_gemm.csv, will use default config! using torch solution:0
(Worker_TP3 pid=3936966) [aiter] shape is M:32768, N:128, K:6144 dtype='torch.float32' otype='torch.float32' bias=False, scaleAB=False, bpreshuffle=False, not found tuned config in /tmp/aiter_configs/bf16_tuned_gemm.csv, will use default config! using torch solution:0
(Worker_TP0 pid=3936963) [aiter] shape is M:32768, N:128, K:6144 dtype='torch.float32' otype='torch.float32' bias=False, scaleAB=False, bpreshuffle=False, not found tuned config in /tmp/aiter_configs/bf16_tuned_gemm.csv, will use default config! using torch solution:0
(Worker_TP1 pid=3936964) [aiter] shape is M:32768, N:128, K:6144 dtype='torch.float32' otype='torch.float32' bias=False, scaleAB=False, bpreshuffle=False, not found tuned config in /tmp/aiter_configs/bf16_tuned_gemm.csv, will use default config! using torch solution:0
(Worker_TP2 pid=3936965) [aiter] [pid=3936965 pname=VllmWorker-2] start build [module_moe_asm] under /tmp/inferencex-minimaxm3-1409/home/.aiter/jit/build/module_moe_asm
(Worker_TP0 pid=3936963) [aiter] [pid=3936963 pname=VllmWorker-0] waiting for baton release at /tmp/inferencex-minimaxm3-1409/home/.aiter/jit/build/lock_module_moe_asm
(Worker_TP3 pid=3936966) [aiter] [pid=3936966 pname=VllmWorker-3] waiting for baton release at /tmp/inferencex-minimaxm3-1409/home/.aiter/jit/build/lock_module_moe_asm
(Worker_TP1 pid=3936964) [aiter] [pid=3936964 pname=VllmWorker-1] waiting for baton release at /tmp/inferencex-minimaxm3-1409/home/.aiter/jit/build/lock_module_moe_asm
(Worker_TP2 pid=3936965) [aiter] [pid=3936965 pname=VllmWorker-2] [32mfinish build [module_moe_asm], cost 11.9s [0m
(Worker_TP2 pid=3936965) [aiter] import [module_moe_asm] under /tmp/inferencex-minimaxm3-1409/home/.aiter/jit/module_moe_asm.so
(Worker_TP2 pid=3936965) [aiter] merge tuned file under model_configs/ and configs/ /usr/local/lib/python3.12/dist-packages/aiter/configs/tuned_fmoe.csv:/usr/local/lib/python3.12/dist-packages/aiter/configs/model_configs/a8w8_blockscale_tuned_fmoe_ds_v3.csv:/usr/local/lib/python3.12/dist-packages/aiter/configs/model_configs/a8w8_blockscale_tuned_fmoe_glm5.csv:/usr/local/lib/python3.12/dist-packages/aiter/configs/model_configs/a8w8_blockscale_tuned_fmoe_glm5_1.csv:/usr/local/lib/python3.12/dist-packages/aiter/configs/model_configs/a8w8_blockscale_tuned_fmoe_minimax-m2_5.csv:/usr/local/lib/python3.12/dist-packages/aiter/configs/model_configs/a8w8_blockscale_tuned_fmoe_qwen3_235b.csv:/usr/local/lib/python3.12/dist-packages/aiter/configs/model_configs/a8w8_blockscale_tuned_fmoe_qwen3_5_397b.csv:/usr/local/lib/python3.12/dist-packages/aiter/configs/model_configs/dsv3_fp4_tuned_fmoe.csv:/usr/local/lib/python3.12/dist-packages/aiter/configs/model_configs/dsv4_fp8fp4_tuned_fmoe.csv:/usr/local/lib/python3.12/dist-packages/aiter/configs/model_configs/glm47_fp8_tuned_fmoe.csv:/usr/local/lib/python3.12/dist-packages/aiter/configs/model_configs/glm5_fp4_tuned_fmoe.csv:/usr/local/lib/python3.12/dist-packages/aiter/configs/model_configs/glm5_mxfp8_tuned_fmoe.csv:/usr/local/lib/python3.12/dist-packages/aiter/configs/model_configs/glm5_ptpc_tuned_fmoe.csv:/usr/local/lib/python3.12/dist-packages/aiter/configs/model_configs/gptoss_a16w4_tuned_fmoe.csv:/usr/local/lib/python3.12/dist-packages/aiter/configs/model_configs/gptoss_fp4_tuned_fmoe.csv:/usr/local/lib/python3.12/dist-packages/aiter/configs/model_configs/gptoss_fp8fp4_tuned_fmoe.csv:/usr/local/lib/python3.12/dist-packages/aiter/configs/model_configs/kimik2_fp4_tuned_fmoe.csv:/usr/local/lib/python3.12/dist-packages/aiter/configs/model_configs/kimik2_fp8fp4_tuned_fmoe.csv:/usr/local/lib/python3.12/dist-packages/aiter/configs/model_configs/kimik2_i4_tuned_fmoe.csv:/usr/local/lib/python3.12/dist-packages/aiter/configs/model_configs/kimik3_a8w4_tuned_fmoe.csv:/usr/local/lib/python3.12/dist-packages/aiter/configs/model_configs/kimik3_fp4_tuned_fmoe.csv:/usr/local/lib/python3.12/dist-packages/aiter/configs/model_configs/mimo_v2_5_pro_tuned_fmoe.csv:/usr/local/lib/python3.12/dist-packages/aiter/configs/model_configs/minimax_m25_fp4_tuned_fmoe.csv:/usr/local/lib/python3.12/dist-packages/aiter/configs/model_configs/minimax_m3_fp4_tuned_fmoe.csv:/usr/local/lib/python3.12/dist-packages/aiter/configs/model_configs/minimax_m3_mxfp8_tuned_fmoe.csv:/usr/local/lib/python3.12/dist-packages/aiter/configs/model_configs/qwen3_235b_bf16_tuned_fmoe.csv:/usr/local/lib/python3.12/dist-packages/aiter/configs/model_configs/qwen3_5_397b_fp4_tuned_fmoe.csv:/usr/local/lib/python3.12/dist-packages/aiter/configs/model_configs/qwen3next_80b_fp8_tuned_fmoe.csv
(Worker_TP1 pid=3936964) [aiter] import [module_moe_asm] under /tmp/inferencex-minimaxm3-1409/home/.aiter/jit/module_moe_asm.so
(Worker_TP1 pid=3936964) [aiter] merge tuned file under model_configs/ and configs/ /usr/local/lib/python3.12/dist-packages/aiter/configs/tuned_fmoe.csv:/usr/local/lib/python3.12/dist-packages/aiter/configs/model_configs/a8w8_blockscale_tuned_fmoe_ds_v3.csv:/usr/local/lib/python3.12/dist-packages/aiter/configs/model_configs/a8w8_blockscale_tuned_fmoe_glm5.csv:/usr/local/lib/python3.12/dist-packages/aiter/configs/model_configs/a8w8_blockscale_tuned_fmoe_glm5_1.csv:/usr/local/lib/python3.12/dist-packages/aiter/configs/model_configs/a8w8_blockscale_tuned_fmoe_minimax-m2_5.csv:/usr/local/lib/python3.12/dist-packages/aiter/configs/model_configs/a8w8_blockscale_tuned_fmoe_qwen3_235b.csv:/usr/local/lib/python3.12/dist-packages/aiter/configs/model_configs/a8w8_blockscale_tuned_fmoe_qwen3_5_397b.csv:/usr/local/lib/python3.12/dist-packages/aiter/configs/model_configs/dsv3_fp4_tuned_fmoe.csv:/usr/local/lib/python3.12/dist-packages/aiter/configs/model_configs/dsv4_fp8fp4_tuned_fmoe.csv:/usr/local/lib/python3.12/dist-packages/aiter/configs/model_configs/glm47_fp8_tuned_fmoe.csv:/usr/local/lib/python3.12/dist-packages/aiter/configs/model_configs/glm5_fp4_tuned_fmoe.csv:/usr/local/lib/python3.12/dist-packages/aiter/configs/model_configs/glm5_mxfp8_tuned_fmoe.csv:/usr/local/lib/python3.12/dist-packages/aiter/configs/model_configs/glm5_ptpc_tuned_fmoe.csv:/usr/local/lib/python3.12/dist-packages/aiter/configs/model_configs/gptoss_a16w4_tuned_fmoe.csv:/usr/local/lib/python3.12/dist-packages/aiter/configs/model_configs/gptoss_fp4_tuned_fmoe.csv:/usr/local/lib/python3.12/dist-packages/aiter/configs/model_configs/gptoss_fp8fp4_tuned_fmoe.csv:/usr/local/lib/python3.12/dist-packages/aiter/configs/model_configs/kimik2_fp4_tuned_fmoe.csv:/usr/local/lib/python3.12/dist-packages/aiter/configs/model_configs/kimik2_fp8fp4_tuned_fmoe.csv:/usr/local/lib/python3.12/dist-packages/aiter/configs/model_configs/kimik2_i4_tuned_fmoe.csv:/usr/local/lib/python3.12/dist-packages/aiter/configs/model_configs/kimik3_a8w4_tuned_fmoe.csv:/usr/local/lib/python3.12/dist-packages/aiter/configs/model_configs/kimik3_fp4_tuned_fmoe.csv:/usr/local/lib/python3.12/dist-packages/aiter/configs/model_configs/mimo_v2_5_pro_tuned_fmoe.csv:/usr/local/lib/python3.12/dist-packages/aiter/configs/model_configs/minimax_m25_fp4_tuned_fmoe.csv:/usr/local/lib/python3.12/dist-packages/aiter/configs/model_configs/minimax_m3_fp4_tuned_fmoe.csv:/usr/local/lib/python3.12/dist-packages/aiter/configs/model_configs/minimax_m3_mxfp8_tuned_fmoe.csv:/usr/local/lib/python3.12/dist-packages/aiter/configs/model_configs/qwen3_235b_bf16_tuned_fmoe.csv:/usr/local/lib/python3.12/dist-packages/aiter/configs/model_configs/qwen3_5_397b_fp4_tuned_fmoe.csv:/usr/local/lib/python3.12/dist-packages/aiter/configs/model_configs/qwen3next_80b_fp8_tuned_fmoe.csv
(Worker_TP2 pid=3936965) [aiter] [fused_moe] duplicate tuned rows after disabling act_type in /tmp/aiter_configs/tuned_fmoe.csv; keeping first match for 449 rows
(Worker_TP2 pid=3936965) [aiter] [fused_moe] using 2stage (kernelName1='flydsl_moe1_afp4_wfp4_bf16_t128x128x256_w3_bnt0_xcd4', kernelName2='flydsl_moe2_afp4_wfp4_bf16_t64x256x256_reduce_xcd4_persist_sbm128') for ('gfx950', 256, 32768, 6144, 768, 129, 5, 'ActivationType.Swiglu', 'torch.bfloat16', 'torch.float4_e2m1fn_x2', 'torch.float4_e2m1fn_x2', 'QuantType.per_1x32', True, False) 
(Worker_TP2 pid=3936965) [aiter] [pid=3936965 pname=VllmWorker-2] start build [module_moe_sorting_opus] under /tmp/inferencex-minimaxm3-1409/home/.aiter/jit/build/module_moe_sorting_opus
(Worker_TP1 pid=3936964) [aiter] [fused_moe] duplicate tuned rows after disabling act_type in /tmp/aiter_configs/tuned_fmoe.csv; keeping first match for 449 rows
(Worker_TP1 pid=3936964) [aiter] [fused_moe] using 2stage (kernelName1='flydsl_moe1_afp4_wfp4_bf16_t128x128x256_w3_bnt0_xcd4', kernelName2='flydsl_moe2_afp4_wfp4_bf16_t64x256x256_reduce_xcd4_persist_sbm128') for ('gfx950', 256, 32768, 6144, 768, 129, 5, 'ActivationType.Swiglu', 'torch.bfloat16', 'torch.float4_e2m1fn_x2', 'torch.float4_e2m1fn_x2', 'QuantType.per_1x32', True, False) 
(Worker_TP1 pid=3936964) [aiter] [pid=3936964 pname=VllmWorker-1] waiting for baton release at /tmp/inferencex-minimaxm3-1409/home/.aiter/jit/build/lock_module_moe_sorting_opus
(Worker_TP3 pid=3936966) [aiter] import [module_moe_asm] under /tmp/inferencex-minimaxm3-1409/home/.aiter/jit/module_moe_asm.so
(Worker_TP0 pid=3936963) [aiter] import [module_moe_asm] under /tmp/inferencex-minimaxm3-1409/home/.aiter/jit/module_moe_asm.so
(Worker_TP3 pid=3936966) [aiter] merge tuned file under model_configs/ and configs/ /usr/local/lib/python3.12/dist-packages/aiter/configs/tuned_fmoe.csv:/usr/local/lib/python3.12/dist-packages/aiter/configs/model_configs/a8w8_blockscale_tuned_fmoe_ds_v3.csv:/usr/local/lib/python3.12/dist-packages/aiter/configs/model_configs/a8w8_blockscale_tuned_fmoe_glm5.csv:/usr/local/lib/python3.12/dist-packages/aiter/configs/model_configs/a8w8_blockscale_tuned_fmoe_glm5_1.csv:/usr/local/lib/python3.12/dist-packages/aiter/configs/model_configs/a8w8_blockscale_tuned_fmoe_minimax-m2_5.csv:/usr/local/lib/python3.12/dist-packages/aiter/configs/model_configs/a8w8_blockscale_tuned_fmoe_qwen3_235b.csv:/usr/local/lib/python3.12/dist-packages/aiter/configs/model_configs/a8w8_blockscale_tuned_fmoe_qwen3_5_397b.csv:/usr/local/lib/python3.12/dist-packages/aiter/configs/model_configs/dsv3_fp4_tuned_fmoe.csv:/usr/local/lib/python3.12/dist-packages/aiter/configs/model_configs/dsv4_fp8fp4_tuned_fmoe.csv:/usr/local/lib/python3.12/dist-packages/aiter/configs/model_configs/glm47_fp8_tuned_fmoe.csv:/usr/local/lib/python3.12/dist-packages/aiter/configs/model_configs/glm5_fp4_tuned_fmoe.csv:/usr/local/lib/python3.12/dist-packages/aiter/configs/model_configs/glm5_mxfp8_tuned_fmoe.csv:/usr/local/lib/python3.12/dist-packages/aiter/configs/model_configs/glm5_ptpc_tuned_fmoe.csv:/usr/local/lib/python3.12/dist-packages/aiter/configs/model_configs/gptoss_a16w4_tuned_fmoe.csv:/usr/local/lib/python3.12/dist-packages/aiter/configs/model_configs/gptoss_fp4_tuned_fmoe.csv:/usr/local/lib/python3.12/dist-packages/aiter/configs/model_configs/gptoss_fp8fp4_tuned_fmoe.csv:/usr/local/lib/python3.12/dist-packages/aiter/configs/model_configs/kimik2_fp4_tuned_fmoe.csv:/usr/local/lib/python3.12/dist-packages/aiter/configs/model_configs/kimik2_fp8fp4_tuned_fmoe.csv:/usr/local/lib/python3.12/dist-packages/aiter/configs/model_configs/kimik2_i4_tuned_fmoe.csv:/usr/local/lib/python3.12/dist-packages/aiter/configs/model_configs/kimik3_a8w4_tuned_fmoe.csv:/usr/local/lib/python3.12/dist-packages/aiter/configs/model_configs/kimik3_fp4_tuned_fmoe.csv:/usr/local/lib/python3.12/dist-packages/aiter/configs/model_configs/mimo_v2_5_pro_tuned_fmoe.csv:/usr/local/lib/python3.12/dist-packages/aiter/configs/model_configs/minimax_m25_fp4_tuned_fmoe.csv:/usr/local/lib/python3.12/dist-packages/aiter/configs/model_configs/minimax_m3_fp4_tuned_fmoe.csv:/usr/local/lib/python3.12/dist-packages/aiter/configs/model_configs/minimax_m3_mxfp8_tuned_fmoe.csv:/usr/local/lib/python3.12/dist-packages/aiter/configs/model_configs/qwen3_235b_bf16_tuned_fmoe.csv:/usr/local/lib/python3.12/dist-packages/aiter/configs/model_configs/qwen3_5_397b_fp4_tuned_fmoe.csv:/usr/local/lib/python3.12/dist-packages/aiter/configs/model_configs/qwen3next_80b_fp8_tuned_fmoe.csv
(Worker_TP0 pid=3936963) [aiter] merge tuned file under model_configs/ and configs/ /usr/local/lib/python3.12/dist-packages/aiter/configs/tuned_fmoe.csv:/usr/local/lib/python3.12/dist-packages/aiter/configs/model_configs/a8w8_blockscale_tuned_fmoe_ds_v3.csv:/usr/local/lib/python3.12/dist-packages/aiter/configs/model_configs/a8w8_blockscale_tuned_fmoe_glm5.csv:/usr/local/lib/python3.12/dist-packages/aiter/configs/model_configs/a8w8_blockscale_tuned_fmoe_glm5_1.csv:/usr/local/lib/python3.12/dist-packages/aiter/configs/model_configs/a8w8_blockscale_tuned_fmoe_minimax-m2_5.csv:/usr/local/lib/python3.12/dist-packages/aiter/configs/model_configs/a8w8_blockscale_tuned_fmoe_qwen3_235b.csv:/usr/local/lib/python3.12/dist-packages/aiter/configs/model_configs/a8w8_blockscale_tuned_fmoe_qwen3_5_397b.csv:/usr/local/lib/python3.12/dist-packages/aiter/configs/model_configs/dsv3_fp4_tuned_fmoe.csv:/usr/local/lib/python3.12/dist-packages/aiter/configs/model_configs/dsv4_fp8fp4_tuned_fmoe.csv:/usr/local/lib/python3.12/dist-packages/aiter/configs/model_configs/glm47_fp8_tuned_fmoe.csv:/usr/local/lib/python3.12/dist-packages/aiter/configs/model_configs/glm5_fp4_tuned_fmoe.csv:/usr/local/lib/python3.12/dist-packages/aiter/configs/model_configs/glm5_mxfp8_tuned_fmoe.csv:/usr/local/lib/python3.12/dist-packages/aiter/configs/model_configs/glm5_ptpc_tuned_fmoe.csv:/usr/local/lib/python3.12/dist-packages/aiter/configs/model_configs/gptoss_a16w4_tuned_fmoe.csv:/usr/local/lib/python3.12/dist-packages/aiter/configs/model_configs/gptoss_fp4_tuned_fmoe.csv:/usr/local/lib/python3.12/dist-packages/aiter/configs/model_configs/gptoss_fp8fp4_tuned_fmoe.csv:/usr/local/lib/python3.12/dist-packages/aiter/configs/model_configs/kimik2_fp4_tuned_fmoe.csv:/usr/local/lib/python3.12/dist-packages/aiter/configs/model_configs/kimik2_fp8fp4_tuned_fmoe.csv:/usr/local/lib/python3.12/dist-packages/aiter/configs/model_configs/kimik2_i4_tuned_fmoe.csv:/usr/local/lib/python3.12/dist-packages/aiter/configs/model_configs/kimik3_a8w4_tuned_fmoe.csv:/usr/local/lib/python3.12/dist-packages/aiter/configs/model_configs/kimik3_fp4_tuned_fmoe.csv:/usr/local/lib/python3.12/dist-packages/aiter/configs/model_configs/mimo_v2_5_pro_tuned_fmoe.csv:/usr/local/lib/python3.12/dist-packages/aiter/configs/model_configs/minimax_m25_fp4_tuned_fmoe.csv:/usr/local/lib/python3.12/dist-packages/aiter/configs/model_configs/minimax_m3_fp4_tuned_fmoe.csv:/usr/local/lib/python3.12/dist-packages/aiter/configs/model_configs/minimax_m3_mxfp8_tuned_fmoe.csv:/usr/local/lib/python3.12/dist-packages/aiter/configs/model_configs/qwen3_235b_bf16_tuned_fmoe.csv:/usr/local/lib/python3.12/dist-packages/aiter/configs/model_configs/qwen3_5_397b_fp4_tuned_fmoe.csv:/usr/local/lib/python3.12/dist-packages/aiter/configs/model_configs/qwen3next_80b_fp8_tuned_fmoe.csv
(Worker_TP0 pid=3936963) [aiter] [pid=3936963 pname=VllmWorker-0] waiting for baton release at /tmp/aiter_configs/tuned_fmoe.csv.lock
(Worker_TP3 pid=3936966) [aiter] [fused_moe] duplicate tuned rows after disabling act_type in /tmp/aiter_configs/tuned_fmoe.csv; keeping first match for 449 rows
(Worker_TP3 pid=3936966) [aiter] [fused_moe] using 2stage (kernelName1='flydsl_moe1_afp4_wfp4_bf16_t128x128x256_w3_bnt0_xcd4', kernelName2='flydsl_moe2_afp4_wfp4_bf16_t64x256x256_reduce_xcd4_persist_sbm128') for ('gfx950', 256, 32768, 6144, 768, 129, 5, 'ActivationType.Swiglu', 'torch.bfloat16', 'torch.float4_e2m1fn_x2', 'torch.float4_e2m1fn_x2', 'QuantType.per_1x32', True, False) 
(Worker_TP3 pid=3936966) [aiter] [pid=3936966 pname=VllmWorker-3] waiting for baton release at /tmp/inferencex-minimaxm3-1409/home/.aiter/jit/build/lock_module_moe_sorting_opus
(Worker_TP0 pid=3936963) [aiter] [fused_moe] duplicate tuned rows after disabling act_type in /tmp/aiter_configs/tuned_fmoe.csv; keeping first match for 449 rows
(Worker_TP0 pid=3936963) [aiter] [fused_moe] using 2stage (kernelName1='flydsl_moe1_afp4_wfp4_bf16_t128x128x256_w3_bnt0_xcd4', kernelName2='flydsl_moe2_afp4_wfp4_bf16_t64x256x256_reduce_xcd4_persist_sbm128') for ('gfx950', 256, 32768, 6144, 768, 129, 5, 'ActivationType.Swiglu', 'torch.bfloat16', 'torch.float4_e2m1fn_x2', 'torch.float4_e2m1fn_x2', 'QuantType.per_1x32', True, False) 
(Worker_TP0 pid=3936963) [aiter] [pid=3936963 pname=VllmWorker-0] waiting for baton release at /tmp/inferencex-minimaxm3-1409/home/.aiter/jit/build/lock_module_moe_sorting_opus
(Worker_TP2 pid=3936965) [aiter] [pid=3936965 pname=VllmWorker-2] [32mfinish build [module_moe_sorting_opus], cost 6.4s [0m
(Worker_TP2 pid=3936965) [aiter] import [module_moe_sorting_opus] under /tmp/inferencex-minimaxm3-1409/home/.aiter/jit/module_moe_sorting_opus.so
(Worker_TP2 pid=3936965) [aiter] [pid=3936965 pname=VllmWorker-2] start build [module_quant] under /tmp/inferencex-minimaxm3-1409/home/.aiter/jit/build/module_quant
(Worker_TP0 pid=3936963) [aiter] import [module_moe_sorting_opus] under /tmp/inferencex-minimaxm3-1409/home/.aiter/jit/module_moe_sorting_opus.so
(Worker_TP3 pid=3936966) [aiter] import [module_moe_sorting_opus] under /tmp/inferencex-minimaxm3-1409/home/.aiter/jit/module_moe_sorting_opus.so
(Worker_TP0 pid=3936963) [aiter] [pid=3936963 pname=VllmWorker-0] waiting for baton release at /tmp/inferencex-minimaxm3-1409/home/.aiter/jit/build/lock_module_quant
(Worker_TP3 pid=3936966) [aiter] [pid=3936966 pname=VllmWorker-3] waiting for baton release at /tmp/inferencex-minimaxm3-1409/home/.aiter/jit/build/lock_module_quant
(Worker_TP1 pid=3936964) [aiter] import [module_moe_sorting_opus] under /tmp/inferencex-minimaxm3-1409/home/.aiter/jit/module_moe_sorting_opus.so
(Worker_TP1 pid=3936964) [aiter] [pid=3936964 pname=VllmWorker-1] waiting for baton release at /tmp/inferencex-minimaxm3-1409/home/.aiter/jit/build/lock_module_quant
(Worker_TP2 pid=3936965) [aiter] [pid=3936965 pname=VllmWorker-2] [32mfinish build [module_quant], cost 12.4s [0m
(Worker_TP2 pid=3936965) [aiter] import [module_quant] under /tmp/inferencex-minimaxm3-1409/home/.aiter/jit/module_quant.so
(Worker_TP0 pid=3936963) [aiter] import [module_quant] under /tmp/inferencex-minimaxm3-1409/home/.aiter/jit/module_quant.so
(Worker_TP3 pid=3936966) [aiter] import [module_quant] under /tmp/inferencex-minimaxm3-1409/home/.aiter/jit/module_quant.so
(Worker_TP1 pid=3936964) [aiter] import [module_quant] under /tmp/inferencex-minimaxm3-1409/home/.aiter/jit/module_quant.so
(Worker_TP0 pid=3936963) INFO 08-25 18:07:55 [backends.py:1094] Using cache directory: /tmp/inferencex-minimaxm3-1409/home/.cache/vllm/torch_compile_cache/2e32313130/rank_0_0/eagle_head for vLLM's torch.compile
(Worker_TP0 pid=3936963) INFO 08-25 18:07:55 [backends.py:1155] Dynamo bytecode transform time: 0.42 s
(Worker_TP0 pid=3936963) INFO 08-25 18:07:57 [backends.py:378] Cache the graph of compile range (1, 5461) for later use
(Worker_TP0 pid=3936963) INFO 08-25 18:07:58 [backends.py:378] Cache the graph of compile range (5462, 32768) for later use
(Worker_TP2 pid=3936965) [aiter] [pid=3936965 pname=VllmWorker-2] start build [module_rmsnorm_quant] under /tmp/inferencex-minimaxm3-1409/home/.aiter/jit/build/module_rmsnorm_quant
(Worker_TP0 pid=3936963) INFO 08-25 18:07:59 [backends.py:393] Compiling a graph for compile range (1, 5461) takes 1.12 s
(Worker_TP1 pid=3936964) [aiter] [pid=3936964 pname=VllmWorker-1] waiting for baton release at /tmp/inferencex-minimaxm3-1409/home/.aiter/jit/build/lock_module_rmsnorm_quant
(Worker_TP0 pid=3936963) INFO 08-25 18:07:59 [backends.py:393] Compiling a graph for compile range (5462, 32768) takes 1.29 s
(Worker_TP3 pid=3936966) [aiter] [pid=3936966 pname=VllmWorker-3] waiting for baton release at /tmp/inferencex-minimaxm3-1409/home/.aiter/jit/build/lock_module_rmsnorm_quant
(Worker_TP0 pid=3936963) INFO 08-25 18:07:59 [decorators.py:708] saved AOT compiled function to /tmp/inferencex-minimaxm3-1409/home/.cache/vllm/torch_compile_cache/torch_aot_compile/cbd42ce7fa11573ac2c8886f9aff513d6f444cabd0f9ffe0a58ac6ec3b56e01a/rank_0_0/model
(Worker_TP0 pid=3936963) INFO 08-25 18:07:59 [monitor.py:53] torch.compile took 4.63 s in total
(Worker_TP0 pid=3936963) [aiter] [pid=3936963 pname=VllmWorker-0] waiting for baton release at /tmp/inferencex-minimaxm3-1409/home/.aiter/jit/build/lock_module_rmsnorm_quant
(EngineCore pid=3936686) INFO 08-25 18:08:11 [shm_broadcast.py:802] No available shared memory broadcast block found in 60 seconds. This typically happens when some processes are hanging or doing some time-consuming work (e.g. compilation, weight/kv cache quantization).
(Worker_TP2 pid=3936965) [aiter] [pid=3936965 pname=VllmWorker-2] [32mfinish build [module_rmsnorm_quant], cost 29.3s [0m
(Worker_TP2 pid=3936965) [aiter] import [module_rmsnorm_quant] under /tmp/inferencex-minimaxm3-1409/home/.aiter/jit/module_rmsnorm_quant.so
(Worker_TP1 pid=3936964) [aiter] import [module_rmsnorm_quant] under /tmp/inferencex-minimaxm3-1409/home/.aiter/jit/module_rmsnorm_quant.so
(Worker_TP0 pid=3936963) [aiter] import [module_rmsnorm_quant] under /tmp/inferencex-minimaxm3-1409/home/.aiter/jit/module_rmsnorm_quant.so
(Worker_TP2 pid=3936965) [aiter] shape is M:32768, N:2304, K:12288 dtype='torch.bfloat16' otype='torch.bfloat16' bias=False, scaleAB=False, bpreshuffle=False, not found tuned config in /tmp/aiter_configs/bf16_tuned_gemm.csv, will use default config! using torch solution:0
(Worker_TP1 pid=3936964) [aiter] shape is M:32768, N:2304, K:12288 dtype='torch.bfloat16' otype='torch.bfloat16' bias=False, scaleAB=False, bpreshuffle=False, not found tuned config in /tmp/aiter_configs/bf16_tuned_gemm.csv, will use default config! using torch solution:0
(Worker_TP0 pid=3936963) [aiter] shape is M:32768, N:2304, K:12288 dtype='torch.bfloat16' otype='torch.bfloat16' bias=False, scaleAB=False, bpreshuffle=False, not found tuned config in /tmp/aiter_configs/bf16_tuned_gemm.csv, will use default config! using torch solution:0
(Worker_TP3 pid=3936966) [aiter] import [module_rmsnorm_quant] under /tmp/inferencex-minimaxm3-1409/home/.aiter/jit/module_rmsnorm_quant.so
(Worker_TP2 pid=3936965) [aiter] type hints mismatch, override to --> static_per_tensor_quant(arg0: aiter_tensor_t, arg1: aiter_tensor_t, arg2: aiter_tensor_t) -> None
(Worker_TP1 pid=3936964) [aiter] type hints mismatch, override to --> static_per_tensor_quant(arg0: aiter_tensor_t, arg1: aiter_tensor_t, arg2: aiter_tensor_t) -> None
(Worker_TP0 pid=3936963) [aiter] type hints mismatch, override to --> static_per_tensor_quant(arg0: aiter_tensor_t, arg1: aiter_tensor_t, arg2: aiter_tensor_t) -> None
(Worker_TP3 pid=3936966) [aiter] shape is M:32768, N:2304, K:12288 dtype='torch.bfloat16' otype='torch.bfloat16' bias=False, scaleAB=False, bpreshuffle=False, not found tuned config in /tmp/aiter_configs/bf16_tuned_gemm.csv, will use default config! using torch solution:0
(Worker_TP3 pid=3936966) [aiter] type hints mismatch, override to --> static_per_tensor_quant(arg0: aiter_tensor_t, arg1: aiter_tensor_t, arg2: aiter_tensor_t) -> None
(Worker_TP0 pid=3936963) INFO 08-25 18:08:28 [monitor.py:81] Initial profiling/warmup run took 29.35 s
(Worker_TP0 pid=3936963) [aiter] compile_template_op func_name = 'top_k_top_p_sampling_from_probs_51f5779b2644c0a61347d39ea3295db7' with {'src_template': <Template memory:75246bda2810>, 'md_name': 'top_k_top_p_sampling_from_probs', 'includes': ['/shared/data/R7N/andy_luo_3v7/minimaxm3-agentx/overlays/aiter-sparse-indexer-cache-fusion-545d97c-266922c/csrc/cpp_itfs/utils.h', '/shared/data/R7N/andy_luo_3v7/minimaxm3-agentx/overlays/aiter-sparse-indexer-cache-fusion-545d97c-266922c/csrc/cpp_itfs/sampling/sampling.cuh', '/shared/data/R7N/andy_luo_3v7/minimaxm3-agentx/overlays/aiter-sparse-indexer-cache-fusion-545d97c-266922c/csrc/cpp_itfs/sampling/vec_dtypes.cuh'], 'sources': [], 'cxxflags': [], 'func_name': 'top_k_top_p_sampling_from_probs_51f5779b2644c0a61347d39ea3295db7', 'folder': 'top_k_top_p_sampling_from_probs_51f5779b2644c0a61347d39ea3295db7', 'kwargs': OrderedDict({'vec_size': 4, 'deterministic': True})}...
(Worker_TP3 pid=3936966) [aiter] compile_template_op func_name = 'top_k_top_p_sampling_from_probs_51f5779b2644c0a61347d39ea3295db7' with {'src_template': <Template memory:7e788e9a9880>, 'md_name': 'top_k_top_p_sampling_from_probs', 'includes': ['/shared/data/R7N/andy_luo_3v7/minimaxm3-agentx/overlays/aiter-sparse-indexer-cache-fusion-545d97c-266922c/csrc/cpp_itfs/utils.h', '/shared/data/R7N/andy_luo_3v7/minimaxm3-agentx/overlays/aiter-sparse-indexer-cache-fusion-545d97c-266922c/csrc/cpp_itfs/sampling/sampling.cuh', '/shared/data/R7N/andy_luo_3v7/minimaxm3-agentx/overlays/aiter-sparse-indexer-cache-fusion-545d97c-266922c/csrc/cpp_itfs/sampling/vec_dtypes.cuh'], 'sources': [], 'cxxflags': [], 'func_name': 'top_k_top_p_sampling_from_probs_51f5779b2644c0a61347d39ea3295db7', 'folder': 'top_k_top_p_sampling_from_probs_51f5779b2644c0a61347d39ea3295db7', 'kwargs': OrderedDict({'vec_size': 4, 'deterministic': True})}...
(Worker_TP0 pid=3936963) [aiter] [pid=3936963 pname=VllmWorker-0] waiting for baton release at /tmp/inferencex-minimaxm3-1409/home/.aiter/build/top_k_top_p_sampling_from_probs_51f5779b2644c0a61347d39ea3295db7/lock
(Worker_TP1 pid=3936964) [aiter] compile_template_op func_name = 'top_k_top_p_sampling_from_probs_51f5779b2644c0a61347d39ea3295db7' with {'src_template': <Template memory:7735f107f170>, 'md_name': 'top_k_top_p_sampling_from_probs', 'includes': ['/shared/data/R7N/andy_luo_3v7/minimaxm3-agentx/overlays/aiter-sparse-indexer-cache-fusion-545d97c-266922c/csrc/cpp_itfs/utils.h', '/shared/data/R7N/andy_luo_3v7/minimaxm3-agentx/overlays/aiter-sparse-indexer-cache-fusion-545d97c-266922c/csrc/cpp_itfs/sampling/sampling.cuh', '/shared/data/R7N/andy_luo_3v7/minimaxm3-agentx/overlays/aiter-sparse-indexer-cache-fusion-545d97c-266922c/csrc/cpp_itfs/sampling/vec_dtypes.cuh'], 'sources': [], 'cxxflags': [], 'func_name': 'top_k_top_p_sampling_from_probs_51f5779b2644c0a61347d39ea3295db7', 'folder': 'top_k_top_p_sampling_from_probs_51f5779b2644c0a61347d39ea3295db7', 'kwargs': OrderedDict({'vec_size': 4, 'deterministic': True})}...
(Worker_TP3 pid=3936966) [aiter] start build /tmp/inferencex-minimaxm3-1409/home/.aiter/build/top_k_top_p_sampling_from_probs_51f5779b2644c0a61347d39ea3295db7
(Worker_TP1 pid=3936964) [aiter] [pid=3936964 pname=VllmWorker-1] waiting for baton release at /tmp/inferencex-minimaxm3-1409/home/.aiter/build/top_k_top_p_sampling_from_probs_51f5779b2644c0a61347d39ea3295db7/lock
(Worker_TP2 pid=3936965) [aiter] compile_template_op func_name = 'top_k_top_p_sampling_from_probs_51f5779b2644c0a61347d39ea3295db7' with {'src_template': <Template memory:7062cd542000>, 'md_name': 'top_k_top_p_sampling_from_probs', 'includes': ['/shared/data/R7N/andy_luo_3v7/minimaxm3-agentx/overlays/aiter-sparse-indexer-cache-fusion-545d97c-266922c/csrc/cpp_itfs/utils.h', '/shared/data/R7N/andy_luo_3v7/minimaxm3-agentx/overlays/aiter-sparse-indexer-cache-fusion-545d97c-266922c/csrc/cpp_itfs/sampling/sampling.cuh', '/shared/data/R7N/andy_luo_3v7/minimaxm3-agentx/overlays/aiter-sparse-indexer-cache-fusion-545d97c-266922c/csrc/cpp_itfs/sampling/vec_dtypes.cuh'], 'sources': [], 'cxxflags': [], 'func_name': 'top_k_top_p_sampling_from_probs_51f5779b2644c0a61347d39ea3295db7', 'folder': 'top_k_top_p_sampling_from_probs_51f5779b2644c0a61347d39ea3295db7', 'kwargs': OrderedDict({'vec_size': 4, 'deterministic': True})}...
(Worker_TP2 pid=3936965) [aiter] [pid=3936965 pname=VllmWorker-2] waiting for baton release at /tmp/inferencex-minimaxm3-1409/home/.aiter/build/top_k_top_p_sampling_from_probs_51f5779b2644c0a61347d39ea3295db7/lock
clang (LLVM option parsing): Unknown command line argument '-amdgpu-coerce-illegal-types=1'.  Try: 'clang (LLVM option parsing) --help'
clang (LLVM option parsing): Did you mean '--amdgpu-mode-register=1'?
failed to execute:/opt/rocm/lib/llvm/bin/clang++  --offload-arch=gfx950 --offload-arch=gfx950 --offload-arch=gfx950 --offload-arch=gfx950 --offload-arch=gfx950 --offload-arch=gfx950 --offload-arch=gfx950 --offload-arch=gfx950 -O3  -mllvm -amdgpu-coerce-illegal-types=1 -x hip -c /dev/null -o "/dev/null"
(Worker_TP3 pid=3936966) [aiter] -mllvm -amdgpu-coerce-illegal-types=1 is not supported by hipcc.
(Worker_TP3 pid=3936966) [aiter] finish build /tmp/inferencex-minimaxm3-1409/home/.aiter/build/top_k_top_p_sampling_from_probs_51f5779b2644c0a61347d39ea3295db7, cost 15.42006368s
(Worker_TP0 pid=3936963) WARNING 08-25 18:08:45 [topk_topp_sampler.py:240] aiter sampler does not support per-request generators; falling back to PyTorch-native.
(Worker_TP3 pid=3936966) INFO 08-25 18:08:48 [gpu_model_runner.py:6681] Profiling CUDA graph memory: PIECEWISE=48 (largest=500), FULL=48 (largest=500)
(Worker_TP2 pid=3936965) INFO 08-25 18:08:48 [gpu_model_runner.py:6681] Profiling CUDA graph memory: PIECEWISE=48 (largest=500), FULL=48 (largest=500)
(Worker_TP1 pid=3936964) INFO 08-25 18:08:48 [gpu_model_runner.py:6681] Profiling CUDA graph memory: PIECEWISE=48 (largest=500), FULL=48 (largest=500)
(Worker_TP0 pid=3936963) INFO 08-25 18:08:48 [gpu_model_runner.py:6681] Profiling CUDA graph memory: PIECEWISE=48 (largest=500), FULL=48 (largest=500)
(Worker_TP3 pid=3936966) [aiter] [pid=3936966 pname=VllmWorker-3] start build [module_minimax_m3_fused_qknorm_rope_cache_shuffle] under /tmp/inferencex-minimaxm3-1409/home/.aiter/jit/build/module_minimax_m3_fused_qknorm_rope_cache_shuffle
(Worker_TP2 pid=3936965) [aiter] [pid=3936965 pname=VllmWorker-2] waiting for baton release at /tmp/inferencex-minimaxm3-1409/home/.aiter/jit/build/lock_module_minimax_m3_fused_qknorm_rope_cache_shuffle
(Worker_TP1 pid=3936964) [aiter] [pid=3936964 pname=VllmWorker-1] waiting for baton release at /tmp/inferencex-minimaxm3-1409/home/.aiter/jit/build/lock_module_minimax_m3_fused_qknorm_rope_cache_shuffle
(Worker_TP0 pid=3936963) [aiter] [pid=3936963 pname=VllmWorker-0] waiting for baton release at /tmp/inferencex-minimaxm3-1409/home/.aiter/jit/build/lock_module_minimax_m3_fused_qknorm_rope_cache_shuffle
(Worker_TP3 pid=3936966) [aiter] [pid=3936966 pname=VllmWorker-3] [32mfinish build [module_minimax_m3_fused_qknorm_rope_cache_shuffle], cost 5.7s [0m
(Worker_TP3 pid=3936966) [aiter] import [module_minimax_m3_fused_qknorm_rope_cache_shuffle] under /tmp/inferencex-minimaxm3-1409/home/.aiter/jit/module_minimax_m3_fused_qknorm_rope_cache_shuffle.so
(Worker_TP3 pid=3936966) [aiter] shape is M:500, N:128, K:6144 dtype='torch.float32' otype='torch.float32' bias=False, scaleAB=False, bpreshuffle=False, not found tuned config in /tmp/aiter_configs/bf16_tuned_gemm.csv, will use default config! using torch solution:0
(Worker_TP3 pid=3936966) [aiter] [fused_moe] using 2stage (kernelName1='flydsl_moe1_afp4_wfp4_bf16_t32x128x256_w2_fp4', kernelName2='flydsl_moe2_afp4_wfp4_bf16_t32x128x256_atomic_persist') for ('gfx950', 256, 512, 6144, 768, 129, 5, 'ActivationType.Swiglu', 'torch.bfloat16', 'torch.float4_e2m1fn_x2', 'torch.float4_e2m1fn_x2', 'QuantType.per_1x32', True, False) 
(Worker_TP2 pid=3936965) [aiter] import [module_minimax_m3_fused_qknorm_rope_cache_shuffle] under /tmp/inferencex-minimaxm3-1409/home/.aiter/jit/module_minimax_m3_fused_qknorm_rope_cache_shuffle.so
(Worker_TP2 pid=3936965) [aiter] shape is M:500, N:128, K:6144 dtype='torch.float32' otype='torch.float32' bias=False, scaleAB=False, bpreshuffle=False, not found tuned config in /tmp/aiter_configs/bf16_tuned_gemm.csv, will use default config! using torch solution:0
(Worker_TP2 pid=3936965) [aiter] [fused_moe] using 2stage (kernelName1='flydsl_moe1_afp4_wfp4_bf16_t32x128x256_w2_fp4', kernelName2='flydsl_moe2_afp4_wfp4_bf16_t32x128x256_atomic_persist') for ('gfx950', 256, 512, 6144, 768, 129, 5, 'ActivationType.Swiglu', 'torch.bfloat16', 'torch.float4_e2m1fn_x2', 'torch.float4_e2m1fn_x2', 'QuantType.per_1x32', True, False) 
(Worker_TP0 pid=3936963) [aiter] import [module_minimax_m3_fused_qknorm_rope_cache_shuffle] under /tmp/inferencex-minimaxm3-1409/home/.aiter/jit/module_minimax_m3_fused_qknorm_rope_cache_shuffle.so
(Worker_TP0 pid=3936963) [aiter] shape is M:500, N:128, K:6144 dtype='torch.float32' otype='torch.float32' bias=False, scaleAB=False, bpreshuffle=False, not found tuned config in /tmp/aiter_configs/bf16_tuned_gemm.csv, will use default config! using torch solution:0
(Worker_TP0 pid=3936963) [aiter] [fused_moe] using 2stage (kernelName1='flydsl_moe1_afp4_wfp4_bf16_t32x128x256_w2_fp4', kernelName2='flydsl_moe2_afp4_wfp4_bf16_t32x128x256_atomic_persist') for ('gfx950', 256, 512, 6144, 768, 129, 5, 'ActivationType.Swiglu', 'torch.bfloat16', 'torch.float4_e2m1fn_x2', 'torch.float4_e2m1fn_x2', 'QuantType.per_1x32', True, False) 
(Worker_TP1 pid=3936964) [aiter] import [module_minimax_m3_fused_qknorm_rope_cache_shuffle] under /tmp/inferencex-minimaxm3-1409/home/.aiter/jit/module_minimax_m3_fused_qknorm_rope_cache_shuffle.so
(Worker_TP1 pid=3936964) [aiter] shape is M:500, N:128, K:6144 dtype='torch.float32' otype='torch.float32' bias=False, scaleAB=False, bpreshuffle=False, not found tuned config in /tmp/aiter_configs/bf16_tuned_gemm.csv, will use default config! using torch solution:0
(Worker_TP1 pid=3936964) [aiter] [fused_moe] using 2stage (kernelName1='flydsl_moe1_afp4_wfp4_bf16_t32x128x256_w2_fp4', kernelName2='flydsl_moe2_afp4_wfp4_bf16_t32x128x256_atomic_persist') for ('gfx950', 256, 512, 6144, 768, 129, 5, 'ActivationType.Swiglu', 'torch.bfloat16', 'torch.float4_e2m1fn_x2', 'torch.float4_e2m1fn_x2', 'QuantType.per_1x32', True, False) 
(Worker_TP3 pid=3936966) [aiter] shape is M:500, N:2304, K:12288 dtype='torch.bfloat16' otype='torch.bfloat16' bias=False, scaleAB=False, bpreshuffle=False, not found tuned config in /tmp/aiter_configs/bf16_tuned_gemm.csv, will use default config! using torch solution:0
(Worker_TP2 pid=3936965) [aiter] shape is M:500, N:2304, K:12288 dtype='torch.bfloat16' otype='torch.bfloat16' bias=False, scaleAB=False, bpreshuffle=False, not found tuned config in /tmp/aiter_configs/bf16_tuned_gemm.csv, will use default config! using torch solution:0
(Worker_TP0 pid=3936963) [aiter] shape is M:500, N:2304, K:12288 dtype='torch.bfloat16' otype='torch.bfloat16' bias=False, scaleAB=False, bpreshuffle=False, not found tuned config in /tmp/aiter_configs/bf16_tuned_gemm.csv, will use default config! using torch solution:0
(Worker_TP1 pid=3936964) [aiter] shape is M:500, N:2304, K:12288 dtype='torch.bfloat16' otype='torch.bfloat16' bias=False, scaleAB=False, bpreshuffle=False, not found tuned config in /tmp/aiter_configs/bf16_tuned_gemm.csv, will use default config! using torch solution:0
(Worker_TP3 pid=3936966) [aiter] shape is M:480, N:128, K:6144 dtype='torch.float32' otype='torch.float32' bias=False, scaleAB=False, bpreshuffle=False, not found tuned config in /tmp/aiter_configs/bf16_tuned_gemm.csv, will use default config! using torch solution:0
(Worker_TP2 pid=3936965) [aiter] shape is M:480, N:128, K:6144 dtype='torch.float32' otype='torch.float32' bias=False, scaleAB=False, bpreshuffle=False, not found tuned config in /tmp/aiter_configs/bf16_tuned_gemm.csv, will use default config! using torch solution:0
(Worker_TP3 pid=3936966) [aiter] shape is M:480, N:2304, K:12288 dtype='torch.bfloat16' otype='torch.bfloat16' bias=False, scaleAB=False, bpreshuffle=False, not found tuned config in /tmp/aiter_configs/bf16_tuned_gemm.csv, will use default config! using torch solution:0
(Worker_TP2 pid=3936965) [aiter] shape is M:480, N:2304, K:12288 dtype='torch.bfloat16' otype='torch.bfloat16' bias=False, scaleAB=False, bpreshuffle=False, not found tuned config in /tmp/aiter_configs/bf16_tuned_gemm.csv, will use default config! using torch solution:0
(Worker_TP0 pid=3936963) [aiter] shape is M:480, N:128, K:6144 dtype='torch.float32' otype='torch.float32' bias=False, scaleAB=False, bpreshuffle=False, not found tuned config in /tmp/aiter_configs/bf16_tuned_gemm.csv, will use default config! using torch solution:0
(Worker_TP1 pid=3936964) [aiter] shape is M:480, N:128, K:6144 dtype='torch.float32' otype='torch.float32' bias=False, scaleAB=False, bpreshuffle=False, not found tuned config in /tmp/aiter_configs/bf16_tuned_gemm.csv, will use default config! using torch solution:0
(Worker_TP0 pid=3936963) [aiter] shape is M:480, N:2304, K:12288 dtype='torch.bfloat16' otype='torch.bfloat16' bias=False, scaleAB=False, bpreshuffle=False, not found tuned config in /tmp/aiter_configs/bf16_tuned_gemm.csv, will use default config! using torch solution:0
(Worker_TP1 pid=3936964) [aiter] shape is M:480, N:2304, K:12288 dtype='torch.bfloat16' otype='torch.bfloat16' bias=False, scaleAB=False, bpreshuffle=False, not found tuned config in /tmp/aiter_configs/bf16_tuned_gemm.csv, will use default config! using torch solution:0
(Worker_TP3 pid=3936966) [aiter] compile_template_op func_name = 'pa_ps_a326c53e1b25c0f509d02cae5ec55dd0' with {'src_template': <Template memory:7ea947ad9640>, 'md_name': 'pa_ps', 'includes': ['/shared/data/R7N/andy_luo_3v7/minimaxm3-agentx/overlays/aiter-sparse-indexer-cache-fusion-545d97c-266922c/csrc/cpp_itfs/pa/pa_ps.cuh'], 'sources': [], 'cxxflags': [], 'func_name': 'pa_ps_a326c53e1b25c0f509d02cae5ec55dd0', 'folder': 'pa_ps_a326c53e1b25c0f509d02cae5ec55dd0', 'kwargs': OrderedDict({'head_size': 128, 'query_group_size': 16, 'context_partition_num': 2, 'out_dtype': '__hip_bfloat16', 'logits_dtype': '__hip_bfloat16', 'sink_dtype': '__hip_bfloat16', 'use_sinks': False})}...
(Worker_TP3 pid=3936966) [aiter] start build /tmp/inferencex-minimaxm3-1409/home/.aiter/build/pa_ps_a326c53e1b25c0f509d02cae5ec55dd0
(Worker_TP2 pid=3936965) [aiter] compile_template_op func_name = 'pa_ps_a326c53e1b25c0f509d02cae5ec55dd0' with {'src_template': <Template memory:708b8795a9c0>, 'md_name': 'pa_ps', 'includes': ['/shared/data/R7N/andy_luo_3v7/minimaxm3-agentx/overlays/aiter-sparse-indexer-cache-fusion-545d97c-266922c/csrc/cpp_itfs/pa/pa_ps.cuh'], 'sources': [], 'cxxflags': [], 'func_name': 'pa_ps_a326c53e1b25c0f509d02cae5ec55dd0', 'folder': 'pa_ps_a326c53e1b25c0f509d02cae5ec55dd0', 'kwargs': OrderedDict({'head_size': 128, 'query_group_size': 16, 'context_partition_num': 2, 'out_dtype': '__hip_bfloat16', 'logits_dtype': '__hip_bfloat16', 'sink_dtype': '__hip_bfloat16', 'use_sinks': False})}...
(Worker_TP2 pid=3936965) [aiter] [pid=3936965 pname=VllmWorker-2] waiting for baton release at /tmp/inferencex-minimaxm3-1409/home/.aiter/build/pa_ps_a326c53e1b25c0f509d02cae5ec55dd0/lock
(Worker_TP0 pid=3936963) [aiter] compile_template_op func_name = 'pa_ps_a326c53e1b25c0f509d02cae5ec55dd0' with {'src_template': <Template memory:75653c7209b0>, 'md_name': 'pa_ps', 'includes': ['/shared/data/R7N/andy_luo_3v7/minimaxm3-agentx/overlays/aiter-sparse-indexer-cache-fusion-545d97c-266922c/csrc/cpp_itfs/pa/pa_ps.cuh'], 'sources': [], 'cxxflags': [], 'func_name': 'pa_ps_a326c53e1b25c0f509d02cae5ec55dd0', 'folder': 'pa_ps_a326c53e1b25c0f509d02cae5ec55dd0', 'kwargs': OrderedDict({'head_size': 128, 'query_group_size': 16, 'context_partition_num': 2, 'out_dtype': '__hip_bfloat16', 'logits_dtype': '__hip_bfloat16', 'sink_dtype': '__hip_bfloat16', 'use_sinks': False})}...
(Worker_TP0 pid=3936963) [aiter] [pid=3936963 pname=VllmWorker-0] waiting for baton release at /tmp/inferencex-minimaxm3-1409/home/.aiter/build/pa_ps_a326c53e1b25c0f509d02cae5ec55dd0/lock
(Worker_TP1 pid=3936964) [aiter] compile_template_op func_name = 'pa_ps_a326c53e1b25c0f509d02cae5ec55dd0' with {'src_template': <Template memory:7776bba554c0>, 'md_name': 'pa_ps', 'includes': ['/shared/data/R7N/andy_luo_3v7/minimaxm3-agentx/overlays/aiter-sparse-indexer-cache-fusion-545d97c-266922c/csrc/cpp_itfs/pa/pa_ps.cuh'], 'sources': [], 'cxxflags': [], 'func_name': 'pa_ps_a326c53e1b25c0f509d02cae5ec55dd0', 'folder': 'pa_ps_a326c53e1b25c0f509d02cae5ec55dd0', 'kwargs': OrderedDict({'head_size': 128, 'query_group_size': 16, 'context_partition_num': 2, 'out_dtype': '__hip_bfloat16', 'logits_dtype': '__hip_bfloat16', 'sink_dtype': '__hip_bfloat16', 'use_sinks': False})}...
(Worker_TP1 pid=3936964) [aiter] [pid=3936964 pname=VllmWorker-1] waiting for baton release at /tmp/inferencex-minimaxm3-1409/home/.aiter/build/pa_ps_a326c53e1b25c0f509d02cae5ec55dd0/lock
(Worker_TP3 pid=3936966) [aiter] finish build /tmp/inferencex-minimaxm3-1409/home/.aiter/build/pa_ps_a326c53e1b25c0f509d02cae5ec55dd0, cost 1.55905244s
(Worker_TP1 pid=3936964) [aiter] Registering 248 cuda graph addresses
(Worker_TP0 pid=3936963) [aiter] Registering 248 cuda graph addresses
(Worker_TP3 pid=3936966) [aiter] Registering 248 cuda graph addresses
(Worker_TP2 pid=3936965) [aiter] Registering 248 cuda graph addresses
(Worker_TP1 pid=3936964) INFO 08-25 18:09:00 [gpu_model_runner.py:6806] Estimated CUDA graph memory: 2.31 GiB total
(Worker_TP1 pid=3936964) INFO 08-25 18:09:00 [gpu_worker.py:578] CUDA graph memory profiling is enabled (default since v0.21.0). The current --gpu-memory-utilization=0.8500 is equivalent to --gpu-memory-utilization=0.8420 without CUDA graph memory profiling. To maintain the same effective KV cache size as before, increase --gpu-memory-utilization to 0.8580. To disable, set VLLM_MEMORY_PROFILER_ESTIMATE_CUDAGRAPHS=0.
(Worker_TP3 pid=3936966) INFO 08-25 18:09:00 [gpu_model_runner.py:6806] Estimated CUDA graph memory: 2.31 GiB total
(Worker_TP3 pid=3936966) INFO 08-25 18:09:00 [gpu_worker.py:578] CUDA graph memory profiling is enabled (default since v0.21.0). The current --gpu-memory-utilization=0.8500 is equivalent to --gpu-memory-utilization=0.8420 without CUDA graph memory profiling. To maintain the same effective KV cache size as before, increase --gpu-memory-utilization to 0.8580. To disable, set VLLM_MEMORY_PROFILER_ESTIMATE_CUDAGRAPHS=0.
(Worker_TP0 pid=3936963) INFO 08-25 18:09:00 [gpu_model_runner.py:6806] Estimated CUDA graph memory: 2.31 GiB total
(Worker_TP0 pid=3936963) INFO 08-25 18:09:00 [gpu_worker.py:563] Available KV cache memory: 174.78 GiB
(Worker_TP0 pid=3936963) INFO 08-25 18:09:00 [gpu_worker.py:578] CUDA graph memory profiling is enabled (default since v0.21.0). The current --gpu-memory-utilization=0.8500 is equivalent to --gpu-memory-utilization=0.8420 without CUDA graph memory profiling. To maintain the same effective KV cache size as before, increase --gpu-memory-utilization to 0.8580. To disable, set VLLM_MEMORY_PROFILER_ESTIMATE_CUDAGRAPHS=0.
(Worker_TP2 pid=3936965) INFO 08-25 18:09:00 [gpu_model_runner.py:6806] Estimated CUDA graph memory: 2.31 GiB total
(Worker_TP2 pid=3936965) INFO 08-25 18:09:00 [gpu_worker.py:578] CUDA graph memory profiling is enabled (default since v0.21.0). The current --gpu-memory-utilization=0.8500 is equivalent to --gpu-memory-utilization=0.8420 without CUDA graph memory profiling. To maintain the same effective KV cache size as before, increase --gpu-memory-utilization to 0.8580. To disable, set VLLM_MEMORY_PROFILER_ESTIMATE_CUDAGRAPHS=0.
(EngineCore pid=3936686) INFO 08-25 18:09:00 [kv_cache_utils.py:2235] GPU KV cache size: 8,184,960 tokens
(EngineCore pid=3936686) INFO 08-25 18:09:00 [kv_cache_utils.py:2236] Maximum concurrency for 1,048,576 tokens per request: 7.81x
(Worker_TP0 pid=3936963) INFO 08-25 18:09:00 [factory.py:62] Creating v1 connector with name: SimpleCPUOffloadConnector and engine_id: 96aac920-03da-41ea-af8a-ec1a47626271
(Worker_TP0 pid=3936963) WARNING 08-25 18:09:00 [base.py:202] Initializing KVConnectorBase_V1. This API is experimental and subject to change in the future as we iterate the design.
(Worker_TP0 pid=3936963) INFO 08-25 18:09:00 [simple_cpu_offload_connector.py:95] SimpleCPUOffloadConnector: role=WORKER, per_rank=374.75 GB, world_size=4, mode=lazy
(Worker_TP1 pid=3936964) INFO 08-25 18:09:00 [factory.py:62] Creating v1 connector with name: SimpleCPUOffloadConnector and engine_id: 96aac920-03da-41ea-af8a-ec1a47626271
(Worker_TP1 pid=3936964) WARNING 08-25 18:09:00 [base.py:202] Initializing KVConnectorBase_V1. This API is experimental and subject to change in the future as we iterate the design.
(Worker_TP1 pid=3936964) INFO 08-25 18:09:00 [simple_cpu_offload_connector.py:95] SimpleCPUOffloadConnector: role=WORKER, per_rank=374.75 GB, world_size=4, mode=lazy
(Worker_TP3 pid=3936966) INFO 08-25 18:09:00 [factory.py:62] Creating v1 connector with name: SimpleCPUOffloadConnector and engine_id: 96aac920-03da-41ea-af8a-ec1a47626271
(Worker_TP3 pid=3936966) WARNING 08-25 18:09:00 [base.py:202] Initializing KVConnectorBase_V1. This API is experimental and subject to change in the future as we iterate the design.
(Worker_TP3 pid=3936966) INFO 08-25 18:09:00 [simple_cpu_offload_connector.py:95] SimpleCPUOffloadConnector: role=WORKER, per_rank=374.75 GB, world_size=4, mode=lazy
(Worker_TP2 pid=3936965) INFO 08-25 18:09:00 [factory.py:62] Creating v1 connector with name: SimpleCPUOffloadConnector and engine_id: 96aac920-03da-41ea-af8a-ec1a47626271
(Worker_TP2 pid=3936965) WARNING 08-25 18:09:00 [base.py:202] Initializing KVConnectorBase_V1. This API is experimental and subject to change in the future as we iterate the design.
(Worker_TP2 pid=3936965) INFO 08-25 18:09:00 [simple_cpu_offload_connector.py:95] SimpleCPUOffloadConnector: role=WORKER, per_rank=374.75 GB, world_size=4, mode=lazy
(Worker_TP0 pid=3936963) INFO 08-25 18:09:00 [worker.py:148] SimpleCPUOffloadWorker: 175 unique GPU KV tensors, allocating 137204 CPU blocks (374.75 GB)
(Worker_TP1 pid=3936964) INFO 08-25 18:09:00 [worker.py:148] SimpleCPUOffloadWorker: 175 unique GPU KV tensors, allocating 137204 CPU blocks (374.75 GB)
(Worker_TP3 pid=3936966) INFO 08-25 18:09:00 [worker.py:148] SimpleCPUOffloadWorker: 175 unique GPU KV tensors, allocating 137204 CPU blocks (374.75 GB)
(Worker_TP2 pid=3936965) INFO 08-25 18:09:00 [worker.py:148] SimpleCPUOffloadWorker: 175 unique GPU KV tensors, allocating 137204 CPU blocks (374.75 GB)
(Worker_TP0 pid=3936963) INFO 08-25 18:09:49 [gpu_worker.py:707] Compile and warming up model for size 32768
(Worker_TP3 pid=3936966) INFO 08-25 18:09:49 [gpu_worker.py:707] Compile and warming up model for size 32768
(Worker_TP1 pid=3936964) INFO 08-25 18:09:49 [gpu_worker.py:707] Compile and warming up model for size 32768
(Worker_TP2 pid=3936965) INFO 08-25 18:09:49 [gpu_worker.py:707] Compile and warming up model for size 32768
(Worker_TP2 pid=3936965) INFO 08-25 18:09:50 [ll_bf16.py:30] cuteDSL (CUTLASS Python) not available, ll_bf16_gemm disabled
(Worker_TP2 pid=3936965) INFO 08-25 18:09:50 [minimax_m3_msa_warmup.py:455] Warming MiniMax M3 ROCm AgentX dynamic kernels in-process.
(Worker_TP3 pid=3936966) INFO 08-25 18:09:50 [ll_bf16.py:30] cuteDSL (CUTLASS Python) not available, ll_bf16_gemm disabled
(Worker_TP2 pid=3936965) INFO 08-25 18:09:50 [minimax_m3_msa_warmup.py:225] Warming 128 MiniMax M3 AITER unified-attention configurations twice.
(Worker_TP0 pid=3936963) INFO 08-25 18:09:50 [ll_bf16.py:30] cuteDSL (CUTLASS Python) not available, ll_bf16_gemm disabled
(Worker_TP1 pid=3936964) INFO 08-25 18:09:50 [ll_bf16.py:30] cuteDSL (CUTLASS Python) not available, ll_bf16_gemm disabled
(Worker_TP3 pid=3936966) INFO 08-25 18:09:50 [minimax_m3_msa_warmup.py:455] Warming MiniMax M3 ROCm AgentX dynamic kernels in-process.
(Worker_TP3 pid=3936966) INFO 08-25 18:09:50 [minimax_m3_msa_warmup.py:225] Warming 128 MiniMax M3 AITER unified-attention configurations twice.
(Worker_TP0 pid=3936963) INFO 08-25 18:09:50 [minimax_m3_msa_warmup.py:455] Warming MiniMax M3 ROCm AgentX dynamic kernels in-process.
(Worker_TP1 pid=3936964) INFO 08-25 18:09:50 [minimax_m3_msa_warmup.py:455] Warming MiniMax M3 ROCm AgentX dynamic kernels in-process.
(Worker_TP0 pid=3936963) INFO 08-25 18:09:50 [minimax_m3_msa_warmup.py:225] Warming 128 MiniMax M3 AITER unified-attention configurations twice.
(Worker_TP1 pid=3936964) INFO 08-25 18:09:50 [minimax_m3_msa_warmup.py:225] Warming 128 MiniMax M3 AITER unified-attention configurations twice.
(Worker_TP2 pid=3936965) INFO 08-25 18:10:17 [minimax_m3_msa_warmup.py:346] Warming MiniMax M3 AITER sparse paged-attention prefills (32, 818, 820) with int32 context offsets (0, 1, 2, 3) twice.
(Worker_TP2 pid=3936965) [aiter] compile_template_op func_name = 'pa_ps_a55a84d8af60d1de6986294da4009911' with {'src_template': <Template memory:708b8795a9c0>, 'md_name': 'pa_ps', 'includes': ['/shared/data/R7N/andy_luo_3v7/minimaxm3-agentx/overlays/aiter-sparse-indexer-cache-fusion-545d97c-266922c/csrc/cpp_itfs/pa/pa_ps.cuh'], 'sources': [], 'cxxflags': [], 'func_name': 'pa_ps_a55a84d8af60d1de6986294da4009911', 'folder': 'pa_ps_a55a84d8af60d1de6986294da4009911', 'kwargs': OrderedDict({'head_size': 128, 'query_group_size': 16, 'context_partition_num': 8, 'out_dtype': '__hip_bfloat16', 'logits_dtype': '__hip_bfloat16', 'sink_dtype': '__hip_bfloat16', 'use_sinks': False})}...
(Worker_TP2 pid=3936965) [aiter] start build /tmp/inferencex-minimaxm3-1409/home/.aiter/build/pa_ps_a55a84d8af60d1de6986294da4009911
(Worker_TP1 pid=3936964) INFO 08-25 18:10:17 [minimax_m3_msa_warmup.py:346] Warming MiniMax M3 AITER sparse paged-attention prefills (32, 818, 820) with int32 context offsets (0, 1, 2, 3) twice.
(Worker_TP1 pid=3936964) [aiter] compile_template_op func_name = 'pa_ps_a55a84d8af60d1de6986294da4009911' with {'src_template': <Template memory:7776bba554c0>, 'md_name': 'pa_ps', 'includes': ['/shared/data/R7N/andy_luo_3v7/minimaxm3-agentx/overlays/aiter-sparse-indexer-cache-fusion-545d97c-266922c/csrc/cpp_itfs/pa/pa_ps.cuh'], 'sources': [], 'cxxflags': [], 'func_name': 'pa_ps_a55a84d8af60d1de6986294da4009911', 'folder': 'pa_ps_a55a84d8af60d1de6986294da4009911', 'kwargs': OrderedDict({'head_size': 128, 'query_group_size': 16, 'context_partition_num': 8, 'out_dtype': '__hip_bfloat16', 'logits_dtype': '__hip_bfloat16', 'sink_dtype': '__hip_bfloat16', 'use_sinks': False})}...
(Worker_TP1 pid=3936964) [aiter] [pid=3936964 pname=VllmWorker-1] waiting for baton release at /tmp/inferencex-minimaxm3-1409/home/.aiter/build/pa_ps_a55a84d8af60d1de6986294da4009911/lock
(Worker_TP3 pid=3936966) INFO 08-25 18:10:17 [minimax_m3_msa_warmup.py:346] Warming MiniMax M3 AITER sparse paged-attention prefills (32, 818, 820) with int32 context offsets (0, 1, 2, 3) twice.
(Worker_TP3 pid=3936966) [aiter] compile_template_op func_name = 'pa_ps_a55a84d8af60d1de6986294da4009911' with {'src_template': <Template memory:7ea947ad9640>, 'md_name': 'pa_ps', 'includes': ['/shared/data/R7N/andy_luo_3v7/minimaxm3-agentx/overlays/aiter-sparse-indexer-cache-fusion-545d97c-266922c/csrc/cpp_itfs/pa/pa_ps.cuh'], 'sources': [], 'cxxflags': [], 'func_name': 'pa_ps_a55a84d8af60d1de6986294da4009911', 'folder': 'pa_ps_a55a84d8af60d1de6986294da4009911', 'kwargs': OrderedDict({'head_size': 128, 'query_group_size': 16, 'context_partition_num': 8, 'out_dtype': '__hip_bfloat16', 'logits_dtype': '__hip_bfloat16', 'sink_dtype': '__hip_bfloat16', 'use_sinks': False})}...
(Worker_TP3 pid=3936966) [aiter] [pid=3936966 pname=VllmWorker-3] waiting for baton release at /tmp/inferencex-minimaxm3-1409/home/.aiter/build/pa_ps_a55a84d8af60d1de6986294da4009911/lock
(Worker_TP0 pid=3936963) INFO 08-25 18:10:18 [minimax_m3_msa_warmup.py:346] Warming MiniMax M3 AITER sparse paged-attention prefills (32, 818, 820) with int32 context offsets (0, 1, 2, 3) twice.
(Worker_TP0 pid=3936963) [aiter] compile_template_op func_name = 'pa_ps_a55a84d8af60d1de6986294da4009911' with {'src_template': <Template memory:75653c7209b0>, 'md_name': 'pa_ps', 'includes': ['/shared/data/R7N/andy_luo_3v7/minimaxm3-agentx/overlays/aiter-sparse-indexer-cache-fusion-545d97c-266922c/csrc/cpp_itfs/pa/pa_ps.cuh'], 'sources': [], 'cxxflags': [], 'func_name': 'pa_ps_a55a84d8af60d1de6986294da4009911', 'folder': 'pa_ps_a55a84d8af60d1de6986294da4009911', 'kwargs': OrderedDict({'head_size': 128, 'query_group_size': 16, 'context_partition_num': 8, 'out_dtype': '__hip_bfloat16', 'logits_dtype': '__hip_bfloat16', 'sink_dtype': '__hip_bfloat16', 'use_sinks': False})}...
(Worker_TP0 pid=3936963) [aiter] [pid=3936963 pname=VllmWorker-0] waiting for baton release at /tmp/inferencex-minimaxm3-1409/home/.aiter/build/pa_ps_a55a84d8af60d1de6986294da4009911/lock
clang (LLVM option parsing): Unknown command line argument '-amdgpu-coerce-illegal-types=1'.  Try: 'clang (LLVM option parsing) --help'
clang (LLVM option parsing): Did you mean '--amdgpu-mode-register=1'?
failed to execute:/opt/rocm/lib/llvm/bin/clang++  --offload-arch=gfx950 --offload-arch=gfx950 --offload-arch=gfx950 --offload-arch=gfx950 --offload-arch=gfx950 --offload-arch=gfx950 --offload-arch=gfx950 --offload-arch=gfx950 -O3  -mllvm -amdgpu-coerce-illegal-types=1 -x hip -c /dev/null -o "/dev/null"
(Worker_TP2 pid=3936965) [aiter] -mllvm -amdgpu-coerce-illegal-types=1 is not supported by hipcc.
(Worker_TP2 pid=3936965) [aiter] finish build /tmp/inferencex-minimaxm3-1409/home/.aiter/build/pa_ps_a55a84d8af60d1de6986294da4009911, cost 13.81230617s
(Worker_TP2 pid=3936965) INFO 08-25 18:10:32 [minimax_m3_msa_warmup.py:419] MiniMax M3 AgentX drafter BF16 GEMM warmup shapes: (('model.layers.0.self_attn.qkv_proj.weight', (2304, 12288)), ('model.layers.0.self_attn.o_proj.weight', (6144, 2048)), ('model.layers.0.mlp.down_proj.weight', (6144, 4608)), ('model.fc.weight', (6144, 18432)), ('model.layers.0.mlp.gate_up_proj.weight', (9216, 6144)))
(Worker_TP1 pid=3936964) INFO 08-25 18:10:32 [minimax_m3_msa_warmup.py:419] MiniMax M3 AgentX drafter BF16 GEMM warmup shapes: (('model.layers.0.self_attn.qkv_proj.weight', (2304, 12288)), ('model.layers.0.self_attn.o_proj.weight', (6144, 2048)), ('model.layers.0.mlp.down_proj.weight', (6144, 4608)), ('model.fc.weight', (6144, 18432)), ('model.layers.0.mlp.gate_up_proj.weight', (9216, 6144)))
(Worker_TP3 pid=3936966) INFO 08-25 18:10:32 [minimax_m3_msa_warmup.py:419] MiniMax M3 AgentX drafter BF16 GEMM warmup shapes: (('model.layers.0.self_attn.qkv_proj.weight', (2304, 12288)), ('model.layers.0.self_attn.o_proj.weight', (6144, 2048)), ('model.layers.0.mlp.down_proj.weight', (6144, 4608)), ('model.fc.weight', (6144, 18432)), ('model.layers.0.mlp.gate_up_proj.weight', (9216, 6144)))
(Worker_TP0 pid=3936963) INFO 08-25 18:10:33 [minimax_m3_msa_warmup.py:419] MiniMax M3 AgentX drafter BF16 GEMM warmup shapes: (('model.layers.0.self_attn.qkv_proj.weight', (2304, 12288)), ('model.layers.0.self_attn.o_proj.weight', (6144, 2048)), ('model.layers.0.mlp.down_proj.weight', (6144, 4608)), ('model.fc.weight', (6144, 18432)), ('model.layers.0.mlp.gate_up_proj.weight', (9216, 6144)))
(Worker_TP2 pid=3936965) INFO 08-25 18:10:49 [minimax_m3_msa_warmup.py:609] MiniMax M3 ROCm AgentX dynamic-kernel warmup complete.
(Worker_TP1 pid=3936964) INFO 08-25 18:10:49 [minimax_m3_msa_warmup.py:609] MiniMax M3 ROCm AgentX dynamic-kernel warmup complete.
(Worker_TP3 pid=3936966) INFO 08-25 18:10:49 [minimax_m3_msa_warmup.py:609] MiniMax M3 ROCm AgentX dynamic-kernel warmup complete.
(Worker_TP0 pid=3936963) INFO 08-25 18:10:49 [minimax_m3_msa_warmup.py:609] MiniMax M3 ROCm AgentX dynamic-kernel warmup complete.
(Worker_TP0 pid=3936963) INFO 08-25 18:10:49 [gpu_model_runner.py:6867] Rank 0: Torch profiler disabled for CUDA graph capture
(Worker_TP2 pid=3936965) [aiter] shape is M:465, N:128, K:6144 dtype='torch.float32' otype='torch.float32' bias=False, scaleAB=False, bpreshuffle=False, not found tuned config in /tmp/aiter_configs/bf16_tuned_gemm.csv, will use default config! using torch solution:0
(Worker_TP2 pid=3936965) [aiter] shape is M:465, N:2304, K:12288 dtype='torch.bfloat16' otype='torch.bfloat16' bias=False, scaleAB=False, bpreshuffle=False, not found tuned config in /tmp/aiter_configs/bf16_tuned_gemm.csv, will use default config! using torch solution:0
(Worker_TP2 pid=3936965) [aiter] shape is M:450, N:128, K:6144 dtype='torch.float32' otype='torch.float32' bias=False, scaleAB=False, bpreshuffle=False, not found tuned config in /tmp/aiter_configs/bf16_tuned_gemm.csv, will use default config! using torch solution:0
(Worker_TP2 pid=3936965) [aiter] shape is M:450, N:2304, K:12288 dtype='torch.bfloat16' otype='torch.bfloat16' bias=False, scaleAB=False, bpreshuffle=False, not found tuned config in /tmp/aiter_configs/bf16_tuned_gemm.csv, will use default config! using torch solution:0
(Worker_TP2 pid=3936965) [aiter] shape is M:435, N:128, K:6144 dtype='torch.float32' otype='torch.float32' bias=False, scaleAB=False, bpreshuffle=False, not found tuned config in /tmp/aiter_configs/bf16_tuned_gemm.csv, will use default config! using torch solution:0
(Worker_TP2 pid=3936965) [aiter] shape is M:435, N:2304, K:12288 dtype='torch.bfloat16' otype='torch.bfloat16' bias=False, scaleAB=False, bpreshuffle=False, not found tuned config in /tmp/aiter_configs/bf16_tuned_gemm.csv, will use default config! using torch solution:0
(Worker_TP1 pid=3936964) [aiter] shape is M:465, N:128, K:6144 dtype='torch.float32' otype='torch.float32' bias=False, scaleAB=False, bpreshuffle=False, not found tuned config in /tmp/aiter_configs/bf16_tuned_gemm.csv, will use default config! using torch solution:0
(Worker_TP2 pid=3936965) [aiter] shape is M:420, N:128, K:6144 dtype='torch.float32' otype='torch.float32' bias=False, scaleAB=False, bpreshuffle=False, not found tuned config in /tmp/aiter_configs/bf16_tuned_gemm.csv, will use default config! using torch solution:0
(Worker_TP1 pid=3936964) [aiter] shape is M:465, N:2304, K:12288 dtype='torch.bfloat16' otype='torch.bfloat16' bias=False, scaleAB=False, bpreshuffle=False, not found tuned config in /tmp/aiter_configs/bf16_tuned_gemm.csv, will use default config! using torch solution:0
(Worker_TP2 pid=3936965) [aiter] shape is M:420, N:2304, K:12288 dtype='torch.bfloat16' otype='torch.bfloat16' bias=False, scaleAB=False, bpreshuffle=False, not found tuned config in /tmp/aiter_configs/bf16_tuned_gemm.csv, will use default config! using torch solution:0
(Worker_TP1 pid=3936964) [aiter] shape is M:450, N:128, K:6144 dtype='torch.float32' otype='torch.float32' bias=False, scaleAB=False, bpreshuffle=False, not found tuned config in /tmp/aiter_configs/bf16_tuned_gemm.csv, will use default config! using torch solution:0
(Worker_TP2 pid=3936965) [aiter] shape is M:400, N:128, K:6144 dtype='torch.float32' otype='torch.float32' bias=False, scaleAB=False, bpreshuffle=False, not found tuned config in /tmp/aiter_configs/bf16_tuned_gemm.csv, will use default config! using torch solution:0
(EngineCore pid=3936686) INFO 08-25 18:10:50 [shm_broadcast.py:802] No available shared memory broadcast block found in 60 seconds. This typically happens when some processes are hanging or doing some time-consuming work (e.g. compilation, weight/kv cache quantization).
(Worker_TP1 pid=3936964) [aiter] shape is M:450, N:2304, K:12288 dtype='torch.bfloat16' otype='torch.bfloat16' bias=False, scaleAB=False, bpreshuffle=False, not found tuned config in /tmp/aiter_configs/bf16_tuned_gemm.csv, will use default config! using torch solution:0
(Worker_TP3 pid=3936966) [aiter] shape is M:465, N:128, K:6144 dtype='torch.float32' otype='torch.float32' bias=False, scaleAB=False, bpreshuffle=False, not found tuned config in /tmp/aiter_configs/bf16_tuned_gemm.csv, will use default config! using torch solution:0
(Worker_TP2 pid=3936965) [aiter] shape is M:400, N:2304, K:12288 dtype='torch.bfloat16' otype='torch.bfloat16' bias=False, scaleAB=False, bpreshuffle=False, not found tuned config in /tmp/aiter_configs/bf16_tuned_gemm.csv, will use default config! using torch solution:0
(Worker_TP0 pid=3936963) Capturing CUDA graphs (mixed prefill-decode, PIECEWISE):   0%|          | 0/48 [00:00<?, ?it/s](Worker_TP1 pid=3936964) [aiter] shape is M:435, N:128, K:6144 dtype='torch.float32' otype='torch.float32' bias=False, scaleAB=False, bpreshuffle=False, not found tuned config in /tmp/aiter_configs/bf16_tuned_gemm.csv, will use default config! using torch solution:0
(Worker_TP3 pid=3936966) [aiter] shape is M:465, N:2304, K:12288 dtype='torch.bfloat16' otype='torch.bfloat16' bias=False, scaleAB=False, bpreshuffle=False, not found tuned config in /tmp/aiter_configs/bf16_tuned_gemm.csv, will use default config! using torch solution:0
(Worker_TP2 pid=3936965) [aiter] shape is M:385, N:128, K:6144 dtype='torch.float32' otype='torch.float32' bias=False, scaleAB=False, bpreshuffle=False, not found tuned config in /tmp/aiter_configs/bf16_tuned_gemm.csv, will use default config! using torch solution:0
(Worker_TP1 pid=3936964) [aiter] shape is M:435, N:2304, K:12288 dtype='torch.bfloat16' otype='torch.bfloat16' bias=False, scaleAB=False, bpreshuffle=False, not found tuned config in /tmp/aiter_configs/bf16_tuned_gemm.csv, will use default config! using torch solution:0
(Worker_TP3 pid=3936966) [aiter] shape is M:450, N:128, K:6144 dtype='torch.float32' otype='torch.float32' bias=False, scaleAB=False, bpreshuffle=False, not found tuned config in /tmp/aiter_configs/bf16_tuned_gemm.csv, will use default config! using torch solution:0
(Worker_TP2 pid=3936965) [aiter] shape is M:385, N:2304, K:12288 dtype='torch.bfloat16' otype='torch.bfloat16' bias=False, scaleAB=False, bpreshuffle=False, not found tuned config in /tmp/aiter_configs/bf16_tuned_gemm.csv, will use default config! using torch solution:0
(Worker_TP1 pid=3936964) [aiter] shape is M:420, N:128, K:6144 dtype='torch.float32' otype='torch.float32' bias=False, scaleAB=False, bpreshuffle=False, not found tuned config in /tmp/aiter_configs/bf16_tuned_gemm.csv, will use default config! using torch solution:0
(Worker_TP3 pid=3936966) [aiter] shape is M:450, N:2304, K:12288 dtype='torch.bfloat16' otype='torch.bfloat16' bias=False, scaleAB=False, bpreshuffle=False, not found tuned config in /tmp/aiter_configs/bf16_tuned_gemm.csv, will use default config! using torch solution:0
Capturing CUDA graphs (mixed prefill-decode, PIECEWISE):   2%|▏         | 1/48 [00:00<00:06,  7.58it/s](Worker_TP2 pid=3936965) [aiter] shape is M:370, N:128, K:6144 dtype='torch.float32' otype='torch.float32' bias=False, scaleAB=False, bpreshuffle=False, not found tuned config in /tmp/aiter_configs/bf16_tuned_gemm.csv, will use default config! using torch solution:0
(Worker_TP1 pid=3936964) [aiter] shape is M:420, N:2304, K:12288 dtype='torch.bfloat16' otype='torch.bfloat16' bias=False, scaleAB=False, bpreshuffle=False, not found tuned config in /tmp/aiter_configs/bf16_tuned_gemm.csv, will use default config! using torch solution:0
(Worker_TP2 pid=3936965) [aiter] shape is M:370, N:2304, K:12288 dtype='torch.bfloat16' otype='torch.bfloat16' bias=False, scaleAB=False, bpreshuffle=False, not found tuned config in /tmp/aiter_configs/bf16_tuned_gemm.csv, will use default config! using torch solution:0
(Worker_TP3 pid=3936966) [aiter] shape is M:435, N:128, K:6144 dtype='torch.float32' otype='torch.float32' bias=False, scaleAB=False, bpreshuffle=False, not found tuned config in /tmp/aiter_configs/bf16_tuned_gemm.csv, will use default config! using torch solution:0
(Worker_TP1 pid=3936964) [aiter] shape is M:400, N:128, K:6144 dtype='torch.float32' otype='torch.float32' bias=False, scaleAB=False, bpreshuffle=False, not found tuned config in /tmp/aiter_configs/bf16_tuned_gemm.csv, will use default config! using torch solution:0
(Worker_TP3 pid=3936966) [aiter] shape is M:435, N:2304, K:12288 dtype='torch.bfloat16' otype='torch.bfloat16' bias=False, scaleAB=False, bpreshuffle=False, not found tuned config in /tmp/aiter_configs/bf16_tuned_gemm.csv, will use default config! using torch solution:0
[aiter] shape is M:465, N:128, K:6144 dtype='torch.float32' otype='torch.float32' bias=False, scaleAB=False, bpreshuffle=False, not found tuned config in /tmp/aiter_configs/bf16_tuned_gemm.csv, will use default config! using torch solution:0
(Worker_TP2 pid=3936965) [aiter] shape is M:355, N:128, K:6144 dtype='torch.float32' otype='torch.float32' bias=False, scaleAB=False, bpreshuffle=False, not found tuned config in /tmp/aiter_configs/bf16_tuned_gemm.csv, will use default config! using torch solution:0
(Worker_TP1 pid=3936964) [aiter] shape is M:400, N:2304, K:12288 dtype='torch.bfloat16' otype='torch.bfloat16' bias=False, scaleAB=False, bpreshuffle=False, not found tuned config in /tmp/aiter_configs/bf16_tuned_gemm.csv, will use default config! using torch solution:0
(Worker_TP0 pid=3936963) [aiter] shape is M:465, N:2304, K:12288 dtype='torch.bfloat16' otype='torch.bfloat16' bias=False, scaleAB=False, bpreshuffle=False, not found tuned config in /tmp/aiter_configs/bf16_tuned_gemm.csv, will use default config! using torch solution:0
(Worker_TP2 pid=3936965) [aiter] shape is M:355, N:2304, K:12288 dtype='torch.bfloat16' otype='torch.bfloat16' bias=False, scaleAB=False, bpreshuffle=False, not found tuned config in /tmp/aiter_configs/bf16_tuned_gemm.csv, will use default config! using torch solution:0
(Worker_TP3 pid=3936966) [aiter] shape is M:420, N:128, K:6144 dtype='torch.float32' otype='torch.float32' bias=False, scaleAB=False, bpreshuffle=False, not found tuned config in /tmp/aiter_configs/bf16_tuned_gemm.csv, will use default config! using torch solution:0
(Worker_TP1 pid=3936964) [aiter] shape is M:385, N:128, K:6144 dtype='torch.float32' otype='torch.float32' bias=False, scaleAB=False, bpreshuffle=False, not found tuned config in /tmp/aiter_configs/bf16_tuned_gemm.csv, will use default config! using torch solution:0
(Worker_TP2 pid=3936965) [aiter] shape is M:340, N:128, K:6144 dtype='torch.float32' otype='torch.float32' bias=False, scaleAB=False, bpreshuffle=False, not found tuned config in /tmp/aiter_configs/bf16_tuned_gemm.csv, will use default config! using torch solution:0
(Worker_TP3 pid=3936966) [aiter] shape is M:420, N:2304, K:12288 dtype='torch.bfloat16' otype='torch.bfloat16' bias=False, scaleAB=False, bpreshuffle=False, not found tuned config in /tmp/aiter_configs/bf16_tuned_gemm.csv, will use default config! using torch solution:0
(Worker_TP0 pid=3936963) Capturing CUDA graphs (mixed prefill-decode, PIECEWISE):   6%|▋         | 3/48 [00:00<00:04,  9.51it/s][aiter] shape is M:450, N:128, K:6144 dtype='torch.float32' otype='torch.float32' bias=False, scaleAB=False, bpreshuffle=False, not found tuned config in /tmp/aiter_configs/bf16_tuned_gemm.csv, will use default config! using torch solution:0
(Worker_TP1 pid=3936964) [aiter] shape is M:385, N:2304, K:12288 dtype='torch.bfloat16' otype='torch.bfloat16' bias=False, scaleAB=False, bpreshuffle=False, not found tuned config in /tmp/aiter_configs/bf16_tuned_gemm.csv, will use default config! using torch solution:0
(Worker_TP2 pid=3936965) [aiter] shape is M:340, N:2304, K:12288 dtype='torch.bfloat16' otype='torch.bfloat16' bias=False, scaleAB=False, bpreshuffle=False, not found tuned config in /tmp/aiter_configs/bf16_tuned_gemm.csv, will use default config! using torch solution:0
(Worker_TP0 pid=3936963) [aiter] shape is M:450, N:2304, K:12288 dtype='torch.bfloat16' otype='torch.bfloat16' bias=False, scaleAB=False, bpreshuffle=False, not found tuned config in /tmp/aiter_configs/bf16_tuned_gemm.csv, will use default config! using torch solution:0
(Worker_TP3 pid=3936966) [aiter] shape is M:400, N:128, K:6144 dtype='torch.float32' otype='torch.float32' bias=False, scaleAB=False, bpreshuffle=False, not found tuned config in /tmp/aiter_configs/bf16_tuned_gemm.csv, will use default config! using torch solution:0
(Worker_TP1 pid=3936964) [aiter] shape is M:370, N:128, K:6144 dtype='torch.float32' otype='torch.float32' bias=False, scaleAB=False, bpreshuffle=False, not found tuned config in /tmp/aiter_configs/bf16_tuned_gemm.csv, will use default config! using torch solution:0
(Worker_TP3 pid=3936966) [aiter] shape is M:400, N:2304, K:12288 dtype='torch.bfloat16' otype='torch.bfloat16' bias=False, scaleAB=False, bpreshuffle=False, not found tuned config in /tmp/aiter_configs/bf16_tuned_gemm.csv, will use default config! using torch solution:0
(Worker_TP0 pid=3936963) [aiter] shape is M:435, N:128, K:6144 dtype='torch.float32' otype='torch.float32' bias=False, scaleAB=False, bpreshuffle=False, not found tuned config in /tmp/aiter_configs/bf16_tuned_gemm.csv, will use default config! using torch solution:0
(Worker_TP1 pid=3936964) [aiter] shape is M:370, N:2304, K:12288 dtype='torch.bfloat16' otype='torch.bfloat16' bias=False, scaleAB=False, bpreshuffle=False, not found tuned config in /tmp/aiter_configs/bf16_tuned_gemm.csv, will use default config! using torch solution:0
(Worker_TP0 pid=3936963) [aiter] shape is M:435, N:2304, K:12288 dtype='torch.bfloat16' otype='torch.bfloat16' bias=False, scaleAB=False, bpreshuffle=False, not found tuned config in /tmp/aiter_configs/bf16_tuned_gemm.csv, will use default config! using torch solution:0
(Worker_TP3 pid=3936966) [aiter] shape is M:385, N:128, K:6144 dtype='torch.float32' otype='torch.float32' bias=False, scaleAB=False, bpreshuffle=False, not found tuned config in /tmp/aiter_configs/bf16_tuned_gemm.csv, will use default config! using torch solution:0
(Worker_TP1 pid=3936964) [aiter] shape is M:355, N:128, K:6144 dtype='torch.float32' otype='torch.float32' bias=False, scaleAB=False, bpreshuffle=False, not found tuned config in /tmp/aiter_configs/bf16_tuned_gemm.csv, will use default config! using torch solution:0
(Worker_TP3 pid=3936966) [aiter] shape is M:385, N:2304, K:12288 dtype='torch.bfloat16' otype='torch.bfloat16' bias=False, scaleAB=False, bpreshuffle=False, not found tuned config in /tmp/aiter_configs/bf16_tuned_gemm.csv, will use default config! using torch solution:0
(Worker_TP0 pid=3936963) Capturing CUDA graphs (mixed prefill-decode, PIECEWISE):  10%|█         | 5/48 [00:00<00:04, 10.02it/s][aiter] shape is M:420, N:128, K:6144 dtype='torch.float32' otype='torch.float32' bias=False, scaleAB=False, bpreshuffle=False, not found tuned config in /tmp/aiter_configs/bf16_tuned_gemm.csv, will use default config! using torch solution:0
(Worker_TP1 pid=3936964) [aiter] shape is M:355, N:2304, K:12288 dtype='torch.bfloat16' otype='torch.bfloat16' bias=False, scaleAB=False, bpreshuffle=False, not found tuned config in /tmp/aiter_configs/bf16_tuned_gemm.csv, will use default config! using torch solution:0
(Worker_TP0 pid=3936963) [aiter] shape is M:420, N:2304, K:12288 dtype='torch.bfloat16' otype='torch.bfloat16' bias=False, scaleAB=False, bpreshuffle=False, not found tuned config in /tmp/aiter_configs/bf16_tuned_gemm.csv, will use default config! using torch solution:0
(Worker_TP3 pid=3936966) [aiter] shape is M:370, N:128, K:6144 dtype='torch.float32' otype='torch.float32' bias=False, scaleAB=False, bpreshuffle=False, not found tuned config in /tmp/aiter_configs/bf16_tuned_gemm.csv, will use default config! using torch solution:0
(Worker_TP1 pid=3936964) [aiter] shape is M:340, N:128, K:6144 dtype='torch.float32' otype='torch.float32' bias=False, scaleAB=False, bpreshuffle=False, not found tuned config in /tmp/aiter_configs/bf16_tuned_gemm.csv, will use default config! using torch solution:0
(Worker_TP3 pid=3936966) [aiter] shape is M:370, N:2304, K:12288 dtype='torch.bfloat16' otype='torch.bfloat16' bias=False, scaleAB=False, bpreshuffle=False, not found tuned config in /tmp/aiter_configs/bf16_tuned_gemm.csv, will use default config! using torch solution:0
(Worker_TP0 pid=3936963) [aiter] shape is M:400, N:128, K:6144 dtype='torch.float32' otype='torch.float32' bias=False, scaleAB=False, bpreshuffle=False, not found tuned config in /tmp/aiter_configs/bf16_tuned_gemm.csv, will use default config! using torch solution:0
(Worker_TP1 pid=3936964) [aiter] shape is M:340, N:2304, K:12288 dtype='torch.bfloat16' otype='torch.bfloat16' bias=False, scaleAB=False, bpreshuffle=False, not found tuned config in /tmp/aiter_configs/bf16_tuned_gemm.csv, will use default config! using torch solution:0
(Worker_TP0 pid=3936963) [aiter] shape is M:400, N:2304, K:12288 dtype='torch.bfloat16' otype='torch.bfloat16' bias=False, scaleAB=False, bpreshuffle=False, not found tuned config in /tmp/aiter_configs/bf16_tuned_gemm.csv, will use default config! using torch solution:0
(Worker_TP3 pid=3936966) [aiter] shape is M:355, N:128, K:6144 dtype='torch.float32' otype='torch.float32' bias=False, scaleAB=False, bpreshuffle=False, not found tuned config in /tmp/aiter_configs/bf16_tuned_gemm.csv, will use default config! using torch solution:0
(Worker_TP3 pid=3936966) [aiter] shape is M:355, N:2304, K:12288 dtype='torch.bfloat16' otype='torch.bfloat16' bias=False, scaleAB=False, bpreshuffle=False, not found tuned config in /tmp/aiter_configs/bf16_tuned_gemm.csv, will use default config! using torch solution:0
(Worker_TP0 pid=3936963) Capturing CUDA graphs (mixed prefill-decode, PIECEWISE):  15%|█▍        | 7/48 [00:00<00:03, 10.37it/s][aiter] shape is M:385, N:128, K:6144 dtype='torch.float32' otype='torch.float32' bias=False, scaleAB=False, bpreshuffle=False, not found tuned config in /tmp/aiter_configs/bf16_tuned_gemm.csv, will use default config! using torch solution:0
(Worker_TP2 pid=3936965) [aiter] shape is M:320, N:128, K:6144 dtype='torch.float32' otype='torch.float32' bias=False, scaleAB=False, bpreshuffle=False, not found tuned config in /tmp/aiter_configs/bf16_tuned_gemm.csv, will use default config! using torch solution:0
(Worker_TP0 pid=3936963) [aiter] shape is M:385, N:2304, K:12288 dtype='torch.bfloat16' otype='torch.bfloat16' bias=False, scaleAB=False, bpreshuffle=False, not found tuned config in /tmp/aiter_configs/bf16_tuned_gemm.csv, will use default config! using torch solution:0
(Worker_TP3 pid=3936966) [aiter] shape is M:340, N:128, K:6144 dtype='torch.float32' otype='torch.float32' bias=False, scaleAB=False, bpreshuffle=False, not found tuned config in /tmp/aiter_configs/bf16_tuned_gemm.csv, will use default config! using torch solution:0
(Worker_TP2 pid=3936965) [aiter] shape is M:320, N:2304, K:12288 dtype='torch.bfloat16' otype='torch.bfloat16' bias=False, scaleAB=False, bpreshuffle=False, not found tuned config in /tmp/aiter_configs/bf16_tuned_gemm.csv, will use default config! using torch solution:0
(Worker_TP3 pid=3936966) [aiter] shape is M:340, N:2304, K:12288 dtype='torch.bfloat16' otype='torch.bfloat16' bias=False, scaleAB=False, bpreshuffle=False, not found tuned config in /tmp/aiter_configs/bf16_tuned_gemm.csv, will use default config! using torch solution:0
(Worker_TP0 pid=3936963) [aiter] shape is M:370, N:128, K:6144 dtype='torch.float32' otype='torch.float32' bias=False, scaleAB=False, bpreshuffle=False, not found tuned config in /tmp/aiter_configs/bf16_tuned_gemm.csv, will use default config! using torch solution:0
(Worker_TP0 pid=3936963) [aiter] shape is M:370, N:2304, K:12288 dtype='torch.bfloat16' otype='torch.bfloat16' bias=False, scaleAB=False, bpreshuffle=False, not found tuned config in /tmp/aiter_configs/bf16_tuned_gemm.csv, will use default config! using torch solution:0
(Worker_TP0 pid=3936963) Capturing CUDA graphs (mixed prefill-decode, PIECEWISE):  19%|█▉        | 9/48 [00:00<00:03, 10.64it/s][aiter] shape is M:355, N:128, K:6144 dtype='torch.float32' otype='torch.float32' bias=False, scaleAB=False, bpreshuffle=False, not found tuned config in /tmp/aiter_configs/bf16_tuned_gemm.csv, will use default config! using torch solution:0
(Worker_TP0 pid=3936963) [aiter] shape is M:355, N:2304, K:12288 dtype='torch.bfloat16' otype='torch.bfloat16' bias=False, scaleAB=False, bpreshuffle=False, not found tuned config in /tmp/aiter_configs/bf16_tuned_gemm.csv, will use default config! using torch solution:0
(Worker_TP0 pid=3936963) [aiter] shape is M:340, N:128, K:6144 dtype='torch.float32' otype='torch.float32' bias=False, scaleAB=False, bpreshuffle=False, not found tuned config in /tmp/aiter_configs/bf16_tuned_gemm.csv, will use default config! using torch solution:0
(Worker_TP2 pid=3936965) [aiter] shape is M:305, N:128, K:6144 dtype='torch.float32' otype='torch.float32' bias=False, scaleAB=False, bpreshuffle=False, not found tuned config in /tmp/aiter_configs/bf16_tuned_gemm.csv, will use default config! using torch solution:0
(Worker_TP0 pid=3936963) [aiter] shape is M:340, N:2304, K:12288 dtype='torch.bfloat16' otype='torch.bfloat16' bias=False, scaleAB=False, bpreshuffle=False, not found tuned config in /tmp/aiter_configs/bf16_tuned_gemm.csv, will use default config! using torch solution:0
(Worker_TP1 pid=3936964) [aiter] shape is M:320, N:128, K:6144 dtype='torch.float32' otype='torch.float32' bias=False, scaleAB=False, bpreshuffle=False, not found tuned config in /tmp/aiter_configs/bf16_tuned_gemm.csv, will use default config! using torch solution:0
(Worker_TP2 pid=3936965) [aiter] shape is M:305, N:2304, K:12288 dtype='torch.bfloat16' otype='torch.bfloat16' bias=False, scaleAB=False, bpreshuffle=False, not found tuned config in /tmp/aiter_configs/bf16_tuned_gemm.csv, will use default config! using torch solution:0
(Worker_TP0 pid=3936963) Capturing CUDA graphs (mixed prefill-decode, PIECEWISE):  23%|██▎       | 11/48 [00:01<00:03, 10.81it/s](Worker_TP1 pid=3936964) [aiter] shape is M:320, N:2304, K:12288 dtype='torch.bfloat16' otype='torch.bfloat16' bias=False, scaleAB=False, bpreshuffle=False, not found tuned config in /tmp/aiter_configs/bf16_tuned_gemm.csv, will use default config! using torch solution:0
(Worker_TP2 pid=3936965) [aiter] shape is M:290, N:128, K:6144 dtype='torch.float32' otype='torch.float32' bias=False, scaleAB=False, bpreshuffle=False, not found tuned config in /tmp/aiter_configs/bf16_tuned_gemm.csv, will use default config! using torch solution:0
(Worker_TP2 pid=3936965) [aiter] shape is M:290, N:2304, K:12288 dtype='torch.bfloat16' otype='torch.bfloat16' bias=False, scaleAB=False, bpreshuffle=False, not found tuned config in /tmp/aiter_configs/bf16_tuned_gemm.csv, will use default config! using torch solution:0
(Worker_TP3 pid=3936966) [aiter] shape is M:320, N:128, K:6144 dtype='torch.float32' otype='torch.float32' bias=False, scaleAB=False, bpreshuffle=False, not found tuned config in /tmp/aiter_configs/bf16_tuned_gemm.csv, will use default config! using torch solution:0
(Worker_TP2 pid=3936965) [aiter] shape is M:275, N:128, K:6144 dtype='torch.float32' otype='torch.float32' bias=False, scaleAB=False, bpreshuffle=False, not found tuned config in /tmp/aiter_configs/bf16_tuned_gemm.csv, will use default config! using torch solution:0
(Worker_TP3 pid=3936966) [aiter] shape is M:320, N:2304, K:12288 dtype='torch.bfloat16' otype='torch.bfloat16' bias=False, scaleAB=False, bpreshuffle=False, not found tuned config in /tmp/aiter_configs/bf16_tuned_gemm.csv, will use default config! using torch solution:0
(Worker_TP2 pid=3936965) [aiter] shape is M:275, N:2304, K:12288 dtype='torch.bfloat16' otype='torch.bfloat16' bias=False, scaleAB=False, bpreshuffle=False, not found tuned config in /tmp/aiter_configs/bf16_tuned_gemm.csv, will use default config! using torch solution:0
(Worker_TP2 pid=3936965) [aiter] shape is M:260, N:128, K:6144 dtype='torch.float32' otype='torch.float32' bias=False, scaleAB=False, bpreshuffle=False, not found tuned config in /tmp/aiter_configs/bf16_tuned_gemm.csv, will use default config! using torch solution:0
(Worker_TP1 pid=3936964) [aiter] shape is M:305, N:128, K:6144 dtype='torch.float32' otype='torch.float32' bias=False, scaleAB=False, bpreshuffle=False, not found tuned config in /tmp/aiter_configs/bf16_tuned_gemm.csv, will use default config! using torch solution:0
(Worker_TP2 pid=3936965) [aiter] shape is M:260, N:2304, K:12288 dtype='torch.bfloat16' otype='torch.bfloat16' bias=False, scaleAB=False, bpreshuffle=False, not found tuned config in /tmp/aiter_configs/bf16_tuned_gemm.csv, will use default config! using torch solution:0
(Worker_TP1 pid=3936964) [aiter] shape is M:305, N:2304, K:12288 dtype='torch.bfloat16' otype='torch.bfloat16' bias=False, scaleAB=False, bpreshuffle=False, not found tuned config in /tmp/aiter_configs/bf16_tuned_gemm.csv, will use default config! using torch solution:0
[aiter] shape is M:320, N:128, K:6144 dtype='torch.float32' otype='torch.float32' bias=False, scaleAB=False, bpreshuffle=False, not found tuned config in /tmp/aiter_configs/bf16_tuned_gemm.csv, will use default config! using torch solution:0
(Worker_TP1 pid=3936964) [aiter] shape is M:290, N:128, K:6144 dtype='torch.float32' otype='torch.float32' bias=False, scaleAB=False, bpreshuffle=False, not found tuned config in /tmp/aiter_configs/bf16_tuned_gemm.csv, will use default config! using torch solution:0
(Worker_TP3 pid=3936966) [aiter] shape is M:305, N:128, K:6144 dtype='torch.float32' otype='torch.float32' bias=False, scaleAB=False, bpreshuffle=False, not found tuned config in /tmp/aiter_configs/bf16_tuned_gemm.csv, will use default config! using torch solution:0
(Worker_TP0 pid=3936963) [aiter] shape is M:320, N:2304, K:12288 dtype='torch.bfloat16' otype='torch.bfloat16' bias=False, scaleAB=False, bpreshuffle=False, not found tuned config in /tmp/aiter_configs/bf16_tuned_gemm.csv, will use default config! using torch solution:0
(Worker_TP1 pid=3936964) [aiter] shape is M:290, N:2304, K:12288 dtype='torch.bfloat16' otype='torch.bfloat16' bias=False, scaleAB=False, bpreshuffle=False, not found tuned config in /tmp/aiter_configs/bf16_tuned_gemm.csv, will use default config! using torch solution:0
(Worker_TP3 pid=3936966) [aiter] shape is M:305, N:2304, K:12288 dtype='torch.bfloat16' otype='torch.bfloat16' bias=False, scaleAB=False, bpreshuffle=False, not found tuned config in /tmp/aiter_configs/bf16_tuned_gemm.csv, will use default config! using torch solution:0
(Worker_TP1 pid=3936964) [aiter] shape is M:275, N:128, K:6144 dtype='torch.float32' otype='torch.float32' bias=False, scaleAB=False, bpreshuffle=False, not found tuned config in /tmp/aiter_configs/bf16_tuned_gemm.csv, will use default config! using torch solution:0
[aiter] LoadKernel: _ZN5aiter39bf16gemm_fp32bf16_tn_96x64_splitk_cleanE hsaco: /usr/local/lib/python3.12/dist-packages/aiter_meta/hsa//gfx950/bf16gemm/bf16gemm_fp32bf16_tn_96x64_splitk_clean.co
(Worker_TP2 pid=3936965) [aiter] shape is M:250, N:128, K:6144 dtype='torch.float32' otype='torch.float32' bias=False, scaleAB=False, bpreshuffle=False, not found tuned config in /tmp/aiter_configs/bf16_tuned_gemm.csv, will use default config! using torch solution:0
(Worker_TP2 pid=3936965) [aiter] run_1stage = False, xbf16 = False, ksplit = 0 q_type = QuantType.per_1x32 block_m = 32 use_nt = True, estimated_m_per_expert = 9
(Worker_TP2 pid=3936965) [aiter] [fused_moe] using 2stage default for ('gfx950', 256, 256, 6144, 768, 129, 5, 'ActivationType.Swiglu', 'torch.bfloat16', 'torch.bfloat16', 'torch.float4_e2m1fn_x2', 'QuantType.per_1x32', True, False) 
(Worker_TP2 pid=3936965) [aiter] [pid=3936965 pname=VllmWorker-2] start build [module_moe_cktile2stages] under /tmp/inferencex-minimaxm3-1409/home/.aiter/jit/build/module_moe_cktile2stages
(Worker_TP3 pid=3936966) [aiter] shape is M:290, N:128, K:6144 dtype='torch.float32' otype='torch.float32' bias=False, scaleAB=False, bpreshuffle=False, not found tuned config in /tmp/aiter_configs/bf16_tuned_gemm.csv, will use default config! using torch solution:0
(Worker_TP1 pid=3936964) [aiter] shape is M:275, N:2304, K:12288 dtype='torch.bfloat16' otype='torch.bfloat16' bias=False, scaleAB=False, bpreshuffle=False, not found tuned config in /tmp/aiter_configs/bf16_tuned_gemm.csv, will use default config! using torch solution:0
(Worker_TP3 pid=3936966) [aiter] shape is M:290, N:2304, K:12288 dtype='torch.bfloat16' otype='torch.bfloat16' bias=False, scaleAB=False, bpreshuffle=False, not found tuned config in /tmp/aiter_configs/bf16_tuned_gemm.csv, will use default config! using torch solution:0
(Worker_TP1 pid=3936964) [aiter] shape is M:260, N:128, K:6144 dtype='torch.float32' otype='torch.float32' bias=False, scaleAB=False, bpreshuffle=False, not found tuned config in /tmp/aiter_configs/bf16_tuned_gemm.csv, will use default config! using torch solution:0
(Worker_TP1 pid=3936964) [aiter] shape is M:260, N:2304, K:12288 dtype='torch.bfloat16' otype='torch.bfloat16' bias=False, scaleAB=False, bpreshuffle=False, not found tuned config in /tmp/aiter_configs/bf16_tuned_gemm.csv, will use default config! using torch solution:0
(Worker_TP3 pid=3936966) [aiter] shape is M:275, N:128, K:6144 dtype='torch.float32' otype='torch.float32' bias=False, scaleAB=False, bpreshuffle=False, not found tuned config in /tmp/aiter_configs/bf16_tuned_gemm.csv, will use default config! using torch solution:0
(Worker_TP0 pid=3936963) [aiter] shape is M:305, N:128, K:6144 dtype='torch.float32' otype='torch.float32' bias=False, scaleAB=False, bpreshuffle=False, not found tuned config in /tmp/aiter_configs/bf16_tuned_gemm.csv, will use default config! using torch solution:0
(Worker_TP3 pid=3936966) [aiter] shape is M:275, N:2304, K:12288 dtype='torch.bfloat16' otype='torch.bfloat16' bias=False, scaleAB=False, bpreshuffle=False, not found tuned config in /tmp/aiter_configs/bf16_tuned_gemm.csv, will use default config! using torch solution:0
(Worker_TP0 pid=3936963) [aiter] shape is M:305, N:2304, K:12288 dtype='torch.bfloat16' otype='torch.bfloat16' bias=False, scaleAB=False, bpreshuffle=False, not found tuned config in /tmp/aiter_configs/bf16_tuned_gemm.csv, will use default config! using torch solution:0
(Worker_TP3 pid=3936966) [aiter] shape is M:260, N:128, K:6144 dtype='torch.float32' otype='torch.float32' bias=False, scaleAB=False, bpreshuffle=False, not found tuned config in /tmp/aiter_configs/bf16_tuned_gemm.csv, will use default config! using torch solution:0
(Worker_TP0 pid=3936963) Capturing CUDA graphs (mixed prefill-decode, PIECEWISE):  27%|██▋       | 13/48 [00:01<00:06,  5.65it/s][aiter] shape is M:290, N:128, K:6144 dtype='torch.float32' otype='torch.float32' bias=False, scaleAB=False, bpreshuffle=False, not found tuned config in /tmp/aiter_configs/bf16_tuned_gemm.csv, will use default config! using torch solution:0
(Worker_TP3 pid=3936966) [aiter] shape is M:260, N:2304, K:12288 dtype='torch.bfloat16' otype='torch.bfloat16' bias=False, scaleAB=False, bpreshuffle=False, not found tuned config in /tmp/aiter_configs/bf16_tuned_gemm.csv, will use default config! using torch solution:0
(Worker_TP0 pid=3936963) [aiter] shape is M:290, N:2304, K:12288 dtype='torch.bfloat16' otype='torch.bfloat16' bias=False, scaleAB=False, bpreshuffle=False, not found tuned config in /tmp/aiter_configs/bf16_tuned_gemm.csv, will use default config! using torch solution:0
[aiter] LoadKernel: _ZN5aiter39bf16gemm_fp32bf16_tn_96x64_splitk_cleanE hsaco: /usr/local/lib/python3.12/dist-packages/aiter_meta/hsa//gfx950/bf16gemm/bf16gemm_fp32bf16_tn_96x64_splitk_clean.co
(Worker_TP1 pid=3936964) [aiter] shape is M:250, N:128, K:6144 dtype='torch.float32' otype='torch.float32' bias=False, scaleAB=False, bpreshuffle=False, not found tuned config in /tmp/aiter_configs/bf16_tuned_gemm.csv, will use default config! using torch solution:0
(Worker_TP1 pid=3936964) [aiter] run_1stage = False, xbf16 = False, ksplit = 0 q_type = QuantType.per_1x32 block_m = 32 use_nt = True, estimated_m_per_expert = 9
(Worker_TP1 pid=3936964) [aiter] [fused_moe] using 2stage default for ('gfx950', 256, 256, 6144, 768, 129, 5, 'ActivationType.Swiglu', 'torch.bfloat16', 'torch.bfloat16', 'torch.float4_e2m1fn_x2', 'QuantType.per_1x32', True, False) 
(Worker_TP1 pid=3936964) [aiter] [pid=3936964 pname=VllmWorker-1] waiting for baton release at /tmp/inferencex-minimaxm3-1409/home/.aiter/jit/build/lock_module_moe_cktile2stages
(Worker_TP0 pid=3936963) [aiter] shape is M:275, N:128, K:6144 dtype='torch.float32' otype='torch.float32' bias=False, scaleAB=False, bpreshuffle=False, not found tuned config in /tmp/aiter_configs/bf16_tuned_gemm.csv, will use default config! using torch solution:0
(Worker_TP0 pid=3936963) [aiter] shape is M:275, N:2304, K:12288 dtype='torch.bfloat16' otype='torch.bfloat16' bias=False, scaleAB=False, bpreshuffle=False, not found tuned config in /tmp/aiter_configs/bf16_tuned_gemm.csv, will use default config! using torch solution:0
(Worker_TP0 pid=3936963) Capturing CUDA graphs (mixed prefill-decode, PIECEWISE):  31%|███▏      | 15/48 [00:01<00:04,  6.67it/s][aiter] shape is M:260, N:128, K:6144 dtype='torch.float32' otype='torch.float32' bias=False, scaleAB=False, bpreshuffle=False, not found tuned config in /tmp/aiter_configs/bf16_tuned_gemm.csv, will use default config! using torch solution:0
[aiter] LoadKernel: _ZN5aiter39bf16gemm_fp32bf16_tn_96x64_splitk_cleanE hsaco: /usr/local/lib/python3.12/dist-packages/aiter_meta/hsa//gfx950/bf16gemm/bf16gemm_fp32bf16_tn_96x64_splitk_clean.co
(Worker_TP3 pid=3936966) [aiter] shape is M:250, N:128, K:6144 dtype='torch.float32' otype='torch.float32' bias=False, scaleAB=False, bpreshuffle=False, not found tuned config in /tmp/aiter_configs/bf16_tuned_gemm.csv, will use default config! using torch solution:0
(Worker_TP3 pid=3936966) [aiter] run_1stage = False, xbf16 = False, ksplit = 0 q_type = QuantType.per_1x32 block_m = 32 use_nt = True, estimated_m_per_expert = 9
(Worker_TP3 pid=3936966) [aiter] [fused_moe] using 2stage default for ('gfx950', 256, 256, 6144, 768, 129, 5, 'ActivationType.Swiglu', 'torch.bfloat16', 'torch.bfloat16', 'torch.float4_e2m1fn_x2', 'QuantType.per_1x32', True, False) 
(Worker_TP3 pid=3936966) [aiter] [pid=3936966 pname=VllmWorker-3] waiting for baton release at /tmp/inferencex-minimaxm3-1409/home/.aiter/jit/build/lock_module_moe_cktile2stages
(Worker_TP0 pid=3936963) [aiter] shape is M:260, N:2304, K:12288 dtype='torch.bfloat16' otype='torch.bfloat16' bias=False, scaleAB=False, bpreshuffle=False, not found tuned config in /tmp/aiter_configs/bf16_tuned_gemm.csv, will use default config! using torch solution:0
[aiter] LoadKernel: _ZN5aiter39bf16gemm_fp32bf16_tn_96x64_splitk_cleanE hsaco: /usr/local/lib/python3.12/dist-packages/aiter_meta/hsa//gfx950/bf16gemm/bf16gemm_fp32bf16_tn_96x64_splitk_clean.co
(Worker_TP0 pid=3936963) [aiter] shape is M:250, N:128, K:6144 dtype='torch.float32' otype='torch.float32' bias=False, scaleAB=False, bpreshuffle=False, not found tuned config in /tmp/aiter_configs/bf16_tuned_gemm.csv, will use default config! using torch solution:0
(Worker_TP0 pid=3936963) [aiter] run_1stage = False, xbf16 = False, ksplit = 0 q_type = QuantType.per_1x32 block_m = 32 use_nt = True, estimated_m_per_expert = 9
(Worker_TP0 pid=3936963) [aiter] [fused_moe] using 2stage default for ('gfx950', 256, 256, 6144, 768, 129, 5, 'ActivationType.Swiglu', 'torch.bfloat16', 'torch.bfloat16', 'torch.float4_e2m1fn_x2', 'QuantType.per_1x32', True, False) 
(Worker_TP0 pid=3936963) [aiter] [pid=3936963 pname=VllmWorker-0] waiting for baton release at /tmp/inferencex-minimaxm3-1409/home/.aiter/jit/build/lock_module_moe_cktile2stages
(EngineCore pid=3936686) INFO 08-25 18:11:50 [shm_broadcast.py:802] No available shared memory broadcast block found in 60 seconds. This typically happens when some processes are hanging or doing some time-consuming work (e.g. compilation, weight/kv cache quantization).
(EngineCore pid=3936686) INFO 08-25 18:12:50 [shm_broadcast.py:802] No available shared memory broadcast block found in 60 seconds. This typically happens when some processes are hanging or doing some time-consuming work (e.g. compilation, weight/kv cache quantization).
(EngineCore pid=3936686) INFO 08-25 18:13:50 [shm_broadcast.py:802] No available shared memory broadcast block found in 60 seconds. This typically happens when some processes are hanging or doing some time-consuming work (e.g. compilation, weight/kv cache quantization).
(EngineCore pid=3936686) INFO 08-25 18:14:50 [shm_broadcast.py:802] No available shared memory broadcast block found in 60 seconds. This typically happens when some processes are hanging or doing some time-consuming work (e.g. compilation, weight/kv cache quantization).
(Worker_TP2 pid=3936965) [aiter] [pid=3936965 pname=VllmWorker-2] [32mfinish build [module_moe_cktile2stages], cost 242.7s [0m
(Worker_TP2 pid=3936965) [aiter] import [module_moe_cktile2stages] under /tmp/inferencex-minimaxm3-1409/home/.aiter/jit/module_moe_cktile2stages.so
(Worker_TP2 pid=3936965) [aiter] [pid=3936965 pname=VllmWorker-2] start build [module_activation] under /tmp/inferencex-minimaxm3-1409/home/.aiter/jit/build/module_activation
(Worker_TP3 pid=3936966) [aiter] import [module_moe_cktile2stages] under /tmp/inferencex-minimaxm3-1409/home/.aiter/jit/module_moe_cktile2stages.so
(Worker_TP0 pid=3936963) [aiter] import [module_moe_cktile2stages] under /tmp/inferencex-minimaxm3-1409/home/.aiter/jit/module_moe_cktile2stages.so
(Worker_TP3 pid=3936966) [aiter] [pid=3936966 pname=VllmWorker-3] waiting for baton release at /tmp/inferencex-minimaxm3-1409/home/.aiter/jit/build/lock_module_activation
(Worker_TP0 pid=3936963) [aiter] [pid=3936963 pname=VllmWorker-0] waiting for baton release at /tmp/inferencex-minimaxm3-1409/home/.aiter/jit/build/lock_module_activation
(Worker_TP1 pid=3936964) [aiter] import [module_moe_cktile2stages] under /tmp/inferencex-minimaxm3-1409/home/.aiter/jit/module_moe_cktile2stages.so
(Worker_TP1 pid=3936964) [aiter] [pid=3936964 pname=VllmWorker-1] waiting for baton release at /tmp/inferencex-minimaxm3-1409/home/.aiter/jit/build/lock_module_activation
(Worker_TP2 pid=3936965) [aiter] [pid=3936965 pname=VllmWorker-2] [32mfinish build [module_activation], cost 16.6s [0m
(Worker_TP2 pid=3936965) [aiter] import [module_activation] under /tmp/inferencex-minimaxm3-1409/home/.aiter/jit/module_activation.so
(Worker_TP3 pid=3936966) [aiter] import [module_activation] under /tmp/inferencex-minimaxm3-1409/home/.aiter/jit/module_activation.so
(Worker_TP0 pid=3936963) [aiter] import [module_activation] under /tmp/inferencex-minimaxm3-1409/home/.aiter/jit/module_activation.so
(Worker_TP2 pid=3936965) [aiter] shape is M:250, N:2304, K:12288 dtype='torch.bfloat16' otype='torch.bfloat16' bias=False, scaleAB=False, bpreshuffle=False, not found tuned config in /tmp/aiter_configs/bf16_tuned_gemm.csv, will use default config! using torch solution:0
(Worker_TP1 pid=3936964) [aiter] import [module_activation] under /tmp/inferencex-minimaxm3-1409/home/.aiter/jit/module_activation.so
(Worker_TP3 pid=3936966) [aiter] shape is M:250, N:2304, K:12288 dtype='torch.bfloat16' otype='torch.bfloat16' bias=False, scaleAB=False, bpreshuffle=False, not found tuned config in /tmp/aiter_configs/bf16_tuned_gemm.csv, will use default config! using torch solution:0
(Worker_TP0 pid=3936963) [aiter] shape is M:250, N:2304, K:12288 dtype='torch.bfloat16' otype='torch.bfloat16' bias=False, scaleAB=False, bpreshuffle=False, not found tuned config in /tmp/aiter_configs/bf16_tuned_gemm.csv, will use default config! using torch solution:0
(Worker_TP2 pid=3936965) [aiter] shape is M:240, N:128, K:6144 dtype='torch.float32' otype='torch.float32' bias=False, scaleAB=False, bpreshuffle=False, not found tuned config in /tmp/aiter_configs/bf16_tuned_gemm.csv, will use default config! using torch solution:0
(Worker_TP0 pid=3936963) Capturing CUDA graphs (mixed prefill-decode, PIECEWISE):  35%|███▌      | 17/48 [04:21<21:09, 40.97s/it](Worker_TP3 pid=3936966) [aiter] shape is M:240, N:128, K:6144 dtype='torch.float32' otype='torch.float32' bias=False, scaleAB=False, bpreshuffle=False, not found tuned config in /tmp/aiter_configs/bf16_tuned_gemm.csv, will use default config! using torch solution:0
[aiter] shape is M:240, N:128, K:6144 dtype='torch.float32' otype='torch.float32' bias=False, scaleAB=False, bpreshuffle=False, not found tuned config in /tmp/aiter_configs/bf16_tuned_gemm.csv, will use default config! using torch solution:0
(Worker_TP1 pid=3936964) [aiter] shape is M:250, N:2304, K:12288 dtype='torch.bfloat16' otype='torch.bfloat16' bias=False, scaleAB=False, bpreshuffle=False, not found tuned config in /tmp/aiter_configs/bf16_tuned_gemm.csv, will use default config! using torch solution:0
(Worker_TP2 pid=3936965) [aiter] shape is M:240, N:2304, K:12288 dtype='torch.bfloat16' otype='torch.bfloat16' bias=False, scaleAB=False, bpreshuffle=False, not found tuned config in /tmp/aiter_configs/bf16_tuned_gemm.csv, will use default config! using torch solution:0
(Worker_TP3 pid=3936966) [aiter] shape is M:240, N:2304, K:12288 dtype='torch.bfloat16' otype='torch.bfloat16' bias=False, scaleAB=False, bpreshuffle=False, not found tuned config in /tmp/aiter_configs/bf16_tuned_gemm.csv, will use default config! using torch solution:0
(Worker_TP0 pid=3936963) [aiter] shape is M:240, N:2304, K:12288 dtype='torch.bfloat16' otype='torch.bfloat16' bias=False, scaleAB=False, bpreshuffle=False, not found tuned config in /tmp/aiter_configs/bf16_tuned_gemm.csv, will use default config! using torch solution:0
(Worker_TP1 pid=3936964) [aiter] shape is M:240, N:128, K:6144 dtype='torch.float32' otype='torch.float32' bias=False, scaleAB=False, bpreshuffle=False, not found tuned config in /tmp/aiter_configs/bf16_tuned_gemm.csv, will use default config! using torch solution:0
(Worker_TP2 pid=3936965) [aiter] shape is M:235, N:128, K:6144 dtype='torch.float32' otype='torch.float32' bias=False, scaleAB=False, bpreshuffle=False, not found tuned config in /tmp/aiter_configs/bf16_tuned_gemm.csv, will use default config! using torch solution:0
(Worker_TP3 pid=3936966) [aiter] shape is M:235, N:128, K:6144 dtype='torch.float32' otype='torch.float32' bias=False, scaleAB=False, bpreshuffle=False, not found tuned config in /tmp/aiter_configs/bf16_tuned_gemm.csv, will use default config! using torch solution:0
(Worker_TP0 pid=3936963) [aiter] shape is M:235, N:128, K:6144 dtype='torch.float32' otype='torch.float32' bias=False, scaleAB=False, bpreshuffle=False, not found tuned config in /tmp/aiter_configs/bf16_tuned_gemm.csv, will use default config! using torch solution:0
(Worker_TP1 pid=3936964) [aiter] shape is M:240, N:2304, K:12288 dtype='torch.bfloat16' otype='torch.bfloat16' bias=False, scaleAB=False, bpreshuffle=False, not found tuned config in /tmp/aiter_configs/bf16_tuned_gemm.csv, will use default config! using torch solution:0
(Worker_TP2 pid=3936965) [aiter] shape is M:235, N:2304, K:12288 dtype='torch.bfloat16' otype='torch.bfloat16' bias=False, scaleAB=False, bpreshuffle=False, not found tuned config in /tmp/aiter_configs/bf16_tuned_gemm.csv, will use default config! using torch solution:0
(Worker_TP0 pid=3936963) [aiter] shape is M:235, N:2304, K:12288 dtype='torch.bfloat16' otype='torch.bfloat16' bias=False, scaleAB=False, bpreshuffle=False, not found tuned config in /tmp/aiter_configs/bf16_tuned_gemm.csv, will use default config! using torch solution:0
(Worker_TP3 pid=3936966) [aiter] shape is M:235, N:2304, K:12288 dtype='torch.bfloat16' otype='torch.bfloat16' bias=False, scaleAB=False, bpreshuffle=False, not found tuned config in /tmp/aiter_configs/bf16_tuned_gemm.csv, will use default config! using torch solution:0
(Worker_TP1 pid=3936964) [aiter] shape is M:235, N:128, K:6144 dtype='torch.float32' otype='torch.float32' bias=False, scaleAB=False, bpreshuffle=False, not found tuned config in /tmp/aiter_configs/bf16_tuned_gemm.csv, will use default config! using torch solution:0
(Worker_TP2 pid=3936965) [aiter] shape is M:225, N:128, K:6144 dtype='torch.float32' otype='torch.float32' bias=False, scaleAB=False, bpreshuffle=False, not found tuned config in /tmp/aiter_configs/bf16_tuned_gemm.csv, will use default config! using torch solution:0
(Worker_TP0 pid=3936963) Capturing CUDA graphs (mixed prefill-decode, PIECEWISE):  40%|███▉      | 19/48 [04:21<13:39, 28.27s/it][aiter] shape is M:225, N:128, K:6144 dtype='torch.float32' otype='torch.float32' bias=False, scaleAB=False, bpreshuffle=False, not found tuned config in /tmp/aiter_configs/bf16_tuned_gemm.csv, will use default config! using torch solution:0
(Worker_TP3 pid=3936966) [aiter] shape is M:225, N:128, K:6144 dtype='torch.float32' otype='torch.float32' bias=False, scaleAB=False, bpreshuffle=False, not found tuned config in /tmp/aiter_configs/bf16_tuned_gemm.csv, will use default config! using torch solution:0
(Worker_TP1 pid=3936964) [aiter] shape is M:235, N:2304, K:12288 dtype='torch.bfloat16' otype='torch.bfloat16' bias=False, scaleAB=False, bpreshuffle=False, not found tuned config in /tmp/aiter_configs/bf16_tuned_gemm.csv, will use default config! using torch solution:0
(Worker_TP2 pid=3936965) [aiter] shape is M:225, N:2304, K:12288 dtype='torch.bfloat16' otype='torch.bfloat16' bias=False, scaleAB=False, bpreshuffle=False, not found tuned config in /tmp/aiter_configs/bf16_tuned_gemm.csv, will use default config! using torch solution:0
(Worker_TP0 pid=3936963) [aiter] shape is M:225, N:2304, K:12288 dtype='torch.bfloat16' otype='torch.bfloat16' bias=False, scaleAB=False, bpreshuffle=False, not found tuned config in /tmp/aiter_configs/bf16_tuned_gemm.csv, will use default config! using torch solution:0
(Worker_TP3 pid=3936966) [aiter] shape is M:225, N:2304, K:12288 dtype='torch.bfloat16' otype='torch.bfloat16' bias=False, scaleAB=False, bpreshuffle=False, not found tuned config in /tmp/aiter_configs/bf16_tuned_gemm.csv, will use default config! using torch solution:0
(Worker_TP1 pid=3936964) [aiter] shape is M:225, N:128, K:6144 dtype='torch.float32' otype='torch.float32' bias=False, scaleAB=False, bpreshuffle=False, not found tuned config in /tmp/aiter_configs/bf16_tuned_gemm.csv, will use default config! using torch solution:0
(Worker_TP2 pid=3936965) [aiter] shape is M:220, N:128, K:6144 dtype='torch.float32' otype='torch.float32' bias=False, scaleAB=False, bpreshuffle=False, not found tuned config in /tmp/aiter_configs/bf16_tuned_gemm.csv, will use default config! using torch solution:0
(Worker_TP0 pid=3936963) [aiter] shape is M:220, N:128, K:6144 dtype='torch.float32' otype='torch.float32' bias=False, scaleAB=False, bpreshuffle=False, not found tuned config in /tmp/aiter_configs/bf16_tuned_gemm.csv, will use default config! using torch solution:0
(Worker_TP3 pid=3936966) [aiter] shape is M:220, N:128, K:6144 dtype='torch.float32' otype='torch.float32' bias=False, scaleAB=False, bpreshuffle=False, not found tuned config in /tmp/aiter_configs/bf16_tuned_gemm.csv, will use default config! using torch solution:0
(Worker_TP1 pid=3936964) [aiter] shape is M:225, N:2304, K:12288 dtype='torch.bfloat16' otype='torch.bfloat16' bias=False, scaleAB=False, bpreshuffle=False, not found tuned config in /tmp/aiter_configs/bf16_tuned_gemm.csv, will use default config! using torch solution:0
(Worker_TP2 pid=3936965) [aiter] shape is M:220, N:2304, K:12288 dtype='torch.bfloat16' otype='torch.bfloat16' bias=False, scaleAB=False, bpreshuffle=False, not found tuned config in /tmp/aiter_configs/bf16_tuned_gemm.csv, will use default config! using torch solution:0
(Worker_TP0 pid=3936963) [aiter] shape is M:220, N:2304, K:12288 dtype='torch.bfloat16' otype='torch.bfloat16' bias=False, scaleAB=False, bpreshuffle=False, not found tuned config in /tmp/aiter_configs/bf16_tuned_gemm.csv, will use default config! using torch solution:0
(Worker_TP3 pid=3936966) [aiter] shape is M:220, N:2304, K:12288 dtype='torch.bfloat16' otype='torch.bfloat16' bias=False, scaleAB=False, bpreshuffle=False, not found tuned config in /tmp/aiter_configs/bf16_tuned_gemm.csv, will use default config! using torch solution:0
(Worker_TP1 pid=3936964) [aiter] shape is M:220, N:128, K:6144 dtype='torch.float32' otype='torch.float32' bias=False, scaleAB=False, bpreshuffle=False, not found tuned config in /tmp/aiter_configs/bf16_tuned_gemm.csv, will use default config! using torch solution:0
(Worker_TP2 pid=3936965) [aiter] shape is M:210, N:128, K:6144 dtype='torch.float32' otype='torch.float32' bias=False, scaleAB=False, bpreshuffle=False, not found tuned config in /tmp/aiter_configs/bf16_tuned_gemm.csv, will use default config! using torch solution:0
(Worker_TP0 pid=3936963) Capturing CUDA graphs (mixed prefill-decode, PIECEWISE):  44%|████▍     | 21/48 [04:21<08:49, 19.60s/it][aiter] shape is M:210, N:128, K:6144 dtype='torch.float32' otype='torch.float32' bias=False, scaleAB=False, bpreshuffle=False, not found tuned config in /tmp/aiter_configs/bf16_tuned_gemm.csv, will use default config! using torch solution:0
(Worker_TP3 pid=3936966) [aiter] shape is M:210, N:128, K:6144 dtype='torch.float32' otype='torch.float32' bias=False, scaleAB=False, bpreshuffle=False, not found tuned config in /tmp/aiter_configs/bf16_tuned_gemm.csv, will use default config! using torch solution:0
(Worker_TP1 pid=3936964) [aiter] shape is M:220, N:2304, K:12288 dtype='torch.bfloat16' otype='torch.bfloat16' bias=False, scaleAB=False, bpreshuffle=False, not found tuned config in /tmp/aiter_configs/bf16_tuned_gemm.csv, will use default config! using torch solution:0
(Worker_TP2 pid=3936965) [aiter] shape is M:210, N:2304, K:12288 dtype='torch.bfloat16' otype='torch.bfloat16' bias=False, scaleAB=False, bpreshuffle=False, not found tuned config in /tmp/aiter_configs/bf16_tuned_gemm.csv, will use default config! using torch solution:0
(Worker_TP0 pid=3936963) [aiter] shape is M:210, N:2304, K:12288 dtype='torch.bfloat16' otype='torch.bfloat16' bias=False, scaleAB=False, bpreshuffle=False, not found tuned config in /tmp/aiter_configs/bf16_tuned_gemm.csv, will use default config! using torch solution:0
(Worker_TP3 pid=3936966) [aiter] shape is M:210, N:2304, K:12288 dtype='torch.bfloat16' otype='torch.bfloat16' bias=False, scaleAB=False, bpreshuffle=False, not found tuned config in /tmp/aiter_configs/bf16_tuned_gemm.csv, will use default config! using torch solution:0
(Worker_TP1 pid=3936964) [aiter] shape is M:210, N:128, K:6144 dtype='torch.float32' otype='torch.float32' bias=False, scaleAB=False, bpreshuffle=False, not found tuned config in /tmp/aiter_configs/bf16_tuned_gemm.csv, will use default config! using torch solution:0
(Worker_TP2 pid=3936965) [aiter] shape is M:200, N:128, K:6144 dtype='torch.float32' otype='torch.float32' bias=False, scaleAB=False, bpreshuffle=False, not found tuned config in /tmp/aiter_configs/bf16_tuned_gemm.csv, will use default config! using torch solution:0
(Worker_TP0 pid=3936963) [aiter] shape is M:200, N:128, K:6144 dtype='torch.float32' otype='torch.float32' bias=False, scaleAB=False, bpreshuffle=False, not found tuned config in /tmp/aiter_configs/bf16_tuned_gemm.csv, will use default config! using torch solution:0
(Worker_TP1 pid=3936964) [aiter] shape is M:210, N:2304, K:12288 dtype='torch.bfloat16' otype='torch.bfloat16' bias=False, scaleAB=False, bpreshuffle=False, not found tuned config in /tmp/aiter_configs/bf16_tuned_gemm.csv, will use default config! using torch solution:0
(Worker_TP3 pid=3936966) [aiter] shape is M:200, N:128, K:6144 dtype='torch.float32' otype='torch.float32' bias=False, scaleAB=False, bpreshuffle=False, not found tuned config in /tmp/aiter_configs/bf16_tuned_gemm.csv, will use default config! using torch solution:0
(Worker_TP2 pid=3936965) [aiter] shape is M:200, N:2304, K:12288 dtype='torch.bfloat16' otype='torch.bfloat16' bias=False, scaleAB=False, bpreshuffle=False, not found tuned config in /tmp/aiter_configs/bf16_tuned_gemm.csv, will use default config! using torch solution:0
(Worker_TP0 pid=3936963) [aiter] shape is M:200, N:2304, K:12288 dtype='torch.bfloat16' otype='torch.bfloat16' bias=False, scaleAB=False, bpreshuffle=False, not found tuned config in /tmp/aiter_configs/bf16_tuned_gemm.csv, will use default config! using torch solution:0
(Worker_TP3 pid=3936966) [aiter] shape is M:200, N:2304, K:12288 dtype='torch.bfloat16' otype='torch.bfloat16' bias=False, scaleAB=False, bpreshuffle=False, not found tuned config in /tmp/aiter_configs/bf16_tuned_gemm.csv, will use default config! using torch solution:0
(Worker_TP1 pid=3936964) [aiter] shape is M:200, N:128, K:6144 dtype='torch.float32' otype='torch.float32' bias=False, scaleAB=False, bpreshuffle=False, not found tuned config in /tmp/aiter_configs/bf16_tuned_gemm.csv, will use default config! using torch solution:0
(Worker_TP2 pid=3936965) [aiter] shape is M:195, N:128, K:6144 dtype='torch.float32' otype='torch.float32' bias=False, scaleAB=False, bpreshuffle=False, not found tuned config in /tmp/aiter_configs/bf16_tuned_gemm.csv, will use default config! using torch solution:0
(Worker_TP0 pid=3936963) Capturing CUDA graphs (mixed prefill-decode, PIECEWISE):  48%|████▊     | 23/48 [04:21<05:41, 13.65s/it][aiter] shape is M:195, N:128, K:6144 dtype='torch.float32' otype='torch.float32' bias=False, scaleAB=False, bpreshuffle=False, not found tuned config in /tmp/aiter_configs/bf16_tuned_gemm.csv, will use default config! using torch solution:0
(Worker_TP1 pid=3936964) [aiter] shape is M:200, N:2304, K:12288 dtype='torch.bfloat16' otype='torch.bfloat16' bias=False, scaleAB=False, bpreshuffle=False, not found tuned config in /tmp/aiter_configs/bf16_tuned_gemm.csv, will use default config! using torch solution:0
(Worker_TP3 pid=3936966) [aiter] shape is M:195, N:128, K:6144 dtype='torch.float32' otype='torch.float32' bias=False, scaleAB=False, bpreshuffle=False, not found tuned config in /tmp/aiter_configs/bf16_tuned_gemm.csv, will use default config! using torch solution:0
(Worker_TP2 pid=3936965) [aiter] shape is M:195, N:2304, K:12288 dtype='torch.bfloat16' otype='torch.bfloat16' bias=False, scaleAB=False, bpreshuffle=False, not found tuned config in /tmp/aiter_configs/bf16_tuned_gemm.csv, will use default config! using torch solution:0
(Worker_TP0 pid=3936963) [aiter] shape is M:195, N:2304, K:12288 dtype='torch.bfloat16' otype='torch.bfloat16' bias=False, scaleAB=False, bpreshuffle=False, not found tuned config in /tmp/aiter_configs/bf16_tuned_gemm.csv, will use default config! using torch solution:0
(Worker_TP1 pid=3936964) [aiter] shape is M:195, N:128, K:6144 dtype='torch.float32' otype='torch.float32' bias=False, scaleAB=False, bpreshuffle=False, not found tuned config in /tmp/aiter_configs/bf16_tuned_gemm.csv, will use default config! using torch solution:0
(Worker_TP3 pid=3936966) [aiter] shape is M:195, N:2304, K:12288 dtype='torch.bfloat16' otype='torch.bfloat16' bias=False, scaleAB=False, bpreshuffle=False, not found tuned config in /tmp/aiter_configs/bf16_tuned_gemm.csv, will use default config! using torch solution:0
(Worker_TP2 pid=3936965) [aiter] shape is M:185, N:128, K:6144 dtype='torch.float32' otype='torch.float32' bias=False, scaleAB=False, bpreshuffle=False, not found tuned config in /tmp/aiter_configs/bf16_tuned_gemm.csv, will use default config! using torch solution:0
(Worker_TP0 pid=3936963) [aiter] shape is M:185, N:128, K:6144 dtype='torch.float32' otype='torch.float32' bias=False, scaleAB=False, bpreshuffle=False, not found tuned config in /tmp/aiter_configs/bf16_tuned_gemm.csv, will use default config! using torch solution:0
(Worker_TP1 pid=3936964) [aiter] shape is M:195, N:2304, K:12288 dtype='torch.bfloat16' otype='torch.bfloat16' bias=False, scaleAB=False, bpreshuffle=False, not found tuned config in /tmp/aiter_configs/bf16_tuned_gemm.csv, will use default config! using torch solution:0
(Worker_TP2 pid=3936965) [aiter] shape is M:185, N:2304, K:12288 dtype='torch.bfloat16' otype='torch.bfloat16' bias=False, scaleAB=False, bpreshuffle=False, not found tuned config in /tmp/aiter_configs/bf16_tuned_gemm.csv, will use default config! using torch solution:0
(Worker_TP3 pid=3936966) [aiter] shape is M:185, N:128, K:6144 dtype='torch.float32' otype='torch.float32' bias=False, scaleAB=False, bpreshuffle=False, not found tuned config in /tmp/aiter_configs/bf16_tuned_gemm.csv, will use default config! using torch solution:0
(Worker_TP0 pid=3936963) [aiter] shape is M:185, N:2304, K:12288 dtype='torch.bfloat16' otype='torch.bfloat16' bias=False, scaleAB=False, bpreshuffle=False, not found tuned config in /tmp/aiter_configs/bf16_tuned_gemm.csv, will use default config! using torch solution:0
(Worker_TP1 pid=3936964) [aiter] shape is M:185, N:128, K:6144 dtype='torch.float32' otype='torch.float32' bias=False, scaleAB=False, bpreshuffle=False, not found tuned config in /tmp/aiter_configs/bf16_tuned_gemm.csv, will use default config! using torch solution:0
(Worker_TP3 pid=3936966) [aiter] shape is M:185, N:2304, K:12288 dtype='torch.bfloat16' otype='torch.bfloat16' bias=False, scaleAB=False, bpreshuffle=False, not found tuned config in /tmp/aiter_configs/bf16_tuned_gemm.csv, will use default config! using torch solution:0
(Worker_TP2 pid=3936965) [aiter] shape is M:180, N:128, K:6144 dtype='torch.float32' otype='torch.float32' bias=False, scaleAB=False, bpreshuffle=False, not found tuned config in /tmp/aiter_configs/bf16_tuned_gemm.csv, will use default config! using torch solution:0
(Worker_TP0 pid=3936963) Capturing CUDA graphs (mixed prefill-decode, PIECEWISE):  52%|█████▏    | 25/48 [04:21<03:39,  9.53s/it][aiter] shape is M:180, N:128, K:6144 dtype='torch.float32' otype='torch.float32' bias=False, scaleAB=False, bpreshuffle=False, not found tuned config in /tmp/aiter_configs/bf16_tuned_gemm.csv, will use default config! using torch solution:0
(Worker_TP1 pid=3936964) [aiter] shape is M:185, N:2304, K:12288 dtype='torch.bfloat16' otype='torch.bfloat16' bias=False, scaleAB=False, bpreshuffle=False, not found tuned config in /tmp/aiter_configs/bf16_tuned_gemm.csv, will use default config! using torch solution:0
(Worker_TP2 pid=3936965) [aiter] shape is M:180, N:2304, K:12288 dtype='torch.bfloat16' otype='torch.bfloat16' bias=False, scaleAB=False, bpreshuffle=False, not found tuned config in /tmp/aiter_configs/bf16_tuned_gemm.csv, will use default config! using torch solution:0
(Worker_TP3 pid=3936966) [aiter] shape is M:180, N:128, K:6144 dtype='torch.float32' otype='torch.float32' bias=False, scaleAB=False, bpreshuffle=False, not found tuned config in /tmp/aiter_configs/bf16_tuned_gemm.csv, will use default config! using torch solution:0
(Worker_TP0 pid=3936963) [aiter] shape is M:180, N:2304, K:12288 dtype='torch.bfloat16' otype='torch.bfloat16' bias=False, scaleAB=False, bpreshuffle=False, not found tuned config in /tmp/aiter_configs/bf16_tuned_gemm.csv, will use default config! using torch solution:0
(Worker_TP1 pid=3936964) [aiter] shape is M:180, N:128, K:6144 dtype='torch.float32' otype='torch.float32' bias=False, scaleAB=False, bpreshuffle=False, not found tuned config in /tmp/aiter_configs/bf16_tuned_gemm.csv, will use default config! using torch solution:0
(Worker_TP3 pid=3936966) [aiter] shape is M:180, N:2304, K:12288 dtype='torch.bfloat16' otype='torch.bfloat16' bias=False, scaleAB=False, bpreshuffle=False, not found tuned config in /tmp/aiter_configs/bf16_tuned_gemm.csv, will use default config! using torch solution:0
(Worker_TP2 pid=3936965) [aiter] shape is M:170, N:128, K:6144 dtype='torch.float32' otype='torch.float32' bias=False, scaleAB=False, bpreshuffle=False, not found tuned config in /tmp/aiter_configs/bf16_tuned_gemm.csv, will use default config! using torch solution:0
(Worker_TP0 pid=3936963) [aiter] shape is M:170, N:128, K:6144 dtype='torch.float32' otype='torch.float32' bias=False, scaleAB=False, bpreshuffle=False, not found tuned config in /tmp/aiter_configs/bf16_tuned_gemm.csv, will use default config! using torch solution:0
(Worker_TP1 pid=3936964) [aiter] shape is M:180, N:2304, K:12288 dtype='torch.bfloat16' otype='torch.bfloat16' bias=False, scaleAB=False, bpreshuffle=False, not found tuned config in /tmp/aiter_configs/bf16_tuned_gemm.csv, will use default config! using torch solution:0
(Worker_TP2 pid=3936965) [aiter] shape is M:170, N:2304, K:12288 dtype='torch.bfloat16' otype='torch.bfloat16' bias=False, scaleAB=False, bpreshuffle=False, not found tuned config in /tmp/aiter_configs/bf16_tuned_gemm.csv, will use default config! using torch solution:0
(Worker_TP0 pid=3936963) [aiter] shape is M:170, N:2304, K:12288 dtype='torch.bfloat16' otype='torch.bfloat16' bias=False, scaleAB=False, bpreshuffle=False, not found tuned config in /tmp/aiter_configs/bf16_tuned_gemm.csv, will use default config! using torch solution:0
(Worker_TP3 pid=3936966) [aiter] shape is M:170, N:128, K:6144 dtype='torch.float32' otype='torch.float32' bias=False, scaleAB=False, bpreshuffle=False, not found tuned config in /tmp/aiter_configs/bf16_tuned_gemm.csv, will use default config! using torch solution:0
(Worker_TP1 pid=3936964) [aiter] shape is M:170, N:128, K:6144 dtype='torch.float32' otype='torch.float32' bias=False, scaleAB=False, bpreshuffle=False, not found tuned config in /tmp/aiter_configs/bf16_tuned_gemm.csv, will use default config! using torch solution:0
(Worker_TP3 pid=3936966) [aiter] shape is M:170, N:2304, K:12288 dtype='torch.bfloat16' otype='torch.bfloat16' bias=False, scaleAB=False, bpreshuffle=False, not found tuned config in /tmp/aiter_configs/bf16_tuned_gemm.csv, will use default config! using torch solution:0
(Worker_TP0 pid=3936963) Capturing CUDA graphs (mixed prefill-decode, PIECEWISE):  56%|█████▋    | 27/48 [04:21<02:20,  6.68s/it](Worker_TP2 pid=3936965) [aiter] shape is M:160, N:128, K:6144 dtype='torch.float32' otype='torch.float32' bias=False, scaleAB=False, bpreshuffle=False, not found tuned config in /tmp/aiter_configs/bf16_tuned_gemm.csv, will use default config! using torch solution:0
[aiter] shape is M:160, N:128, K:6144 dtype='torch.float32' otype='torch.float32' bias=False, scaleAB=False, bpreshuffle=False, not found tuned config in /tmp/aiter_configs/bf16_tuned_gemm.csv, will use default config! using torch solution:0
(Worker_TP1 pid=3936964) [aiter] shape is M:170, N:2304, K:12288 dtype='torch.bfloat16' otype='torch.bfloat16' bias=False, scaleAB=False, bpreshuffle=False, not found tuned config in /tmp/aiter_configs/bf16_tuned_gemm.csv, will use default config! using torch solution:0
(Worker_TP2 pid=3936965) [aiter] shape is M:160, N:2304, K:12288 dtype='torch.bfloat16' otype='torch.bfloat16' bias=False, scaleAB=False, bpreshuffle=False, not found tuned config in /tmp/aiter_configs/bf16_tuned_gemm.csv, will use default config! using torch solution:0
(Worker_TP0 pid=3936963) [aiter] shape is M:160, N:2304, K:12288 dtype='torch.bfloat16' otype='torch.bfloat16' bias=False, scaleAB=False, bpreshuffle=False, not found tuned config in /tmp/aiter_configs/bf16_tuned_gemm.csv, will use default config! using torch solution:0
(Worker_TP3 pid=3936966) [aiter] shape is M:160, N:128, K:6144 dtype='torch.float32' otype='torch.float32' bias=False, scaleAB=False, bpreshuffle=False, not found tuned config in /tmp/aiter_configs/bf16_tuned_gemm.csv, will use default config! using torch solution:0
(Worker_TP1 pid=3936964) [aiter] shape is M:160, N:128, K:6144 dtype='torch.float32' otype='torch.float32' bias=False, scaleAB=False, bpreshuffle=False, not found tuned config in /tmp/aiter_configs/bf16_tuned_gemm.csv, will use default config! using torch solution:0
(Worker_TP0 pid=3936963) [aiter] shape is M:155, N:128, K:6144 dtype='torch.float32' otype='torch.float32' bias=False, scaleAB=False, bpreshuffle=False, not found tuned config in /tmp/aiter_configs/bf16_tuned_gemm.csv, will use default config! using torch solution:0
(Worker_TP2 pid=3936965) [aiter] shape is M:155, N:128, K:6144 dtype='torch.float32' otype='torch.float32' bias=False, scaleAB=False, bpreshuffle=False, not found tuned config in /tmp/aiter_configs/bf16_tuned_gemm.csv, will use default config! using torch solution:0
(Worker_TP3 pid=3936966) [aiter] shape is M:160, N:2304, K:12288 dtype='torch.bfloat16' otype='torch.bfloat16' bias=False, scaleAB=False, bpreshuffle=False, not found tuned config in /tmp/aiter_configs/bf16_tuned_gemm.csv, will use default config! using torch solution:0
(Worker_TP1 pid=3936964) [aiter] shape is M:160, N:2304, K:12288 dtype='torch.bfloat16' otype='torch.bfloat16' bias=False, scaleAB=False, bpreshuffle=False, not found tuned config in /tmp/aiter_configs/bf16_tuned_gemm.csv, will use default config! using torch solution:0
(Worker_TP0 pid=3936963) [aiter] shape is M:155, N:2304, K:12288 dtype='torch.bfloat16' otype='torch.bfloat16' bias=False, scaleAB=False, bpreshuffle=False, not found tuned config in /tmp/aiter_configs/bf16_tuned_gemm.csv, will use default config! using torch solution:0
(Worker_TP2 pid=3936965) [aiter] shape is M:155, N:2304, K:12288 dtype='torch.bfloat16' otype='torch.bfloat16' bias=False, scaleAB=False, bpreshuffle=False, not found tuned config in /tmp/aiter_configs/bf16_tuned_gemm.csv, will use default config! using torch solution:0
(Worker_TP3 pid=3936966) [aiter] shape is M:155, N:128, K:6144 dtype='torch.float32' otype='torch.float32' bias=False, scaleAB=False, bpreshuffle=False, not found tuned config in /tmp/aiter_configs/bf16_tuned_gemm.csv, will use default config! using torch solution:0
(Worker_TP1 pid=3936964) [aiter] shape is M:155, N:128, K:6144 dtype='torch.float32' otype='torch.float32' bias=False, scaleAB=False, bpreshuffle=False, not found tuned config in /tmp/aiter_configs/bf16_tuned_gemm.csv, will use default config! using torch solution:0
(Worker_TP0 pid=3936963) Capturing CUDA graphs (mixed prefill-decode, PIECEWISE):  60%|██████    | 29/48 [04:22<01:29,  4.69s/it][aiter] shape is M:145, N:128, K:6144 dtype='torch.float32' otype='torch.float32' bias=False, scaleAB=False, bpreshuffle=False, not found tuned config in /tmp/aiter_configs/bf16_tuned_gemm.csv, will use default config! using torch solution:0
(Worker_TP2 pid=3936965) [aiter] shape is M:145, N:128, K:6144 dtype='torch.float32' otype='torch.float32' bias=False, scaleAB=False, bpreshuffle=False, not found tuned config in /tmp/aiter_configs/bf16_tuned_gemm.csv, will use default config! using torch solution:0
(Worker_TP3 pid=3936966) [aiter] shape is M:155, N:2304, K:12288 dtype='torch.bfloat16' otype='torch.bfloat16' bias=False, scaleAB=False, bpreshuffle=False, not found tuned config in /tmp/aiter_configs/bf16_tuned_gemm.csv, will use default config! using torch solution:0
(Worker_TP1 pid=3936964) [aiter] shape is M:155, N:2304, K:12288 dtype='torch.bfloat16' otype='torch.bfloat16' bias=False, scaleAB=False, bpreshuffle=False, not found tuned config in /tmp/aiter_configs/bf16_tuned_gemm.csv, will use default config! using torch solution:0
(Worker_TP0 pid=3936963) [aiter] shape is M:145, N:2304, K:12288 dtype='torch.bfloat16' otype='torch.bfloat16' bias=False, scaleAB=False, bpreshuffle=False, not found tuned config in /tmp/aiter_configs/bf16_tuned_gemm.csv, will use default config! using torch solution:0
(Worker_TP2 pid=3936965) [aiter] shape is M:145, N:2304, K:12288 dtype='torch.bfloat16' otype='torch.bfloat16' bias=False, scaleAB=False, bpreshuffle=False, not found tuned config in /tmp/aiter_configs/bf16_tuned_gemm.csv, will use default config! using torch solution:0
(Worker_TP3 pid=3936966) [aiter] shape is M:145, N:128, K:6144 dtype='torch.float32' otype='torch.float32' bias=False, scaleAB=False, bpreshuffle=False, not found tuned config in /tmp/aiter_configs/bf16_tuned_gemm.csv, will use default config! using torch solution:0
(Worker_TP1 pid=3936964) [aiter] shape is M:145, N:128, K:6144 dtype='torch.float32' otype='torch.float32' bias=False, scaleAB=False, bpreshuffle=False, not found tuned config in /tmp/aiter_configs/bf16_tuned_gemm.csv, will use default config! using torch solution:0
(Worker_TP0 pid=3936963) [aiter] shape is M:140, N:128, K:6144 dtype='torch.float32' otype='torch.float32' bias=False, scaleAB=False, bpreshuffle=False, not found tuned config in /tmp/aiter_configs/bf16_tuned_gemm.csv, will use default config! using torch solution:0
(Worker_TP2 pid=3936965) [aiter] shape is M:140, N:128, K:6144 dtype='torch.float32' otype='torch.float32' bias=False, scaleAB=False, bpreshuffle=False, not found tuned config in /tmp/aiter_configs/bf16_tuned_gemm.csv, will use default config! using torch solution:0
(Worker_TP3 pid=3936966) [aiter] shape is M:145, N:2304, K:12288 dtype='torch.bfloat16' otype='torch.bfloat16' bias=False, scaleAB=False, bpreshuffle=False, not found tuned config in /tmp/aiter_configs/bf16_tuned_gemm.csv, will use default config! using torch solution:0
(Worker_TP1 pid=3936964) [aiter] shape is M:145, N:2304, K:12288 dtype='torch.bfloat16' otype='torch.bfloat16' bias=False, scaleAB=False, bpreshuffle=False, not found tuned config in /tmp/aiter_configs/bf16_tuned_gemm.csv, will use default config! using torch solution:0
(Worker_TP0 pid=3936963) [aiter] shape is M:140, N:2304, K:12288 dtype='torch.bfloat16' otype='torch.bfloat16' bias=False, scaleAB=False, bpreshuffle=False, not found tuned config in /tmp/aiter_configs/bf16_tuned_gemm.csv, will use default config! using torch solution:0
(Worker_TP2 pid=3936965) [aiter] shape is M:140, N:2304, K:12288 dtype='torch.bfloat16' otype='torch.bfloat16' bias=False, scaleAB=False, bpreshuffle=False, not found tuned config in /tmp/aiter_configs/bf16_tuned_gemm.csv, will use default config! using torch solution:0
(Worker_TP3 pid=3936966) [aiter] shape is M:140, N:128, K:6144 dtype='torch.float32' otype='torch.float32' bias=False, scaleAB=False, bpreshuffle=False, not found tuned config in /tmp/aiter_configs/bf16_tuned_gemm.csv, will use default config! using torch solution:0
(Worker_TP0 pid=3936963) Capturing CUDA graphs (mixed prefill-decode, PIECEWISE):  65%|██████▍   | 31/48 [04:22<00:56,  3.30s/it](Worker_TP1 pid=3936964) [aiter] shape is M:140, N:128, K:6144 dtype='torch.float32' otype='torch.float32' bias=False, scaleAB=False, bpreshuffle=False, not found tuned config in /tmp/aiter_configs/bf16_tuned_gemm.csv, will use default config! using torch solution:0
[aiter] shape is M:130, N:128, K:6144 dtype='torch.float32' otype='torch.float32' bias=False, scaleAB=False, bpreshuffle=False, not found tuned config in /tmp/aiter_configs/bf16_tuned_gemm.csv, will use default config! using torch solution:0
(Worker_TP2 pid=3936965) [aiter] shape is M:130, N:128, K:6144 dtype='torch.float32' otype='torch.float32' bias=False, scaleAB=False, bpreshuffle=False, not found tuned config in /tmp/aiter_configs/bf16_tuned_gemm.csv, will use default config! using torch solution:0
(Worker_TP3 pid=3936966) [aiter] shape is M:140, N:2304, K:12288 dtype='torch.bfloat16' otype='torch.bfloat16' bias=False, scaleAB=False, bpreshuffle=False, not found tuned config in /tmp/aiter_configs/bf16_tuned_gemm.csv, will use default config! using torch solution:0
(Worker_TP0 pid=3936963) [aiter] shape is M:130, N:2304, K:12288 dtype='torch.bfloat16' otype='torch.bfloat16' bias=False, scaleAB=False, bpreshuffle=False, not found tuned config in /tmp/aiter_configs/bf16_tuned_gemm.csv, will use default config! using torch solution:0
(Worker_TP1 pid=3936964) [aiter] shape is M:140, N:2304, K:12288 dtype='torch.bfloat16' otype='torch.bfloat16' bias=False, scaleAB=False, bpreshuffle=False, not found tuned config in /tmp/aiter_configs/bf16_tuned_gemm.csv, will use default config! using torch solution:0
(Worker_TP2 pid=3936965) [aiter] shape is M:130, N:2304, K:12288 dtype='torch.bfloat16' otype='torch.bfloat16' bias=False, scaleAB=False, bpreshuffle=False, not found tuned config in /tmp/aiter_configs/bf16_tuned_gemm.csv, will use default config! using torch solution:0
(Worker_TP3 pid=3936966) [aiter] shape is M:130, N:128, K:6144 dtype='torch.float32' otype='torch.float32' bias=False, scaleAB=False, bpreshuffle=False, not found tuned config in /tmp/aiter_configs/bf16_tuned_gemm.csv, will use default config! using torch solution:0
[aiter] LoadKernel: _ZN5aiter39bf16gemm_fp32bf16_tn_64x64_splitk_cleanE hsaco: /usr/local/lib/python3.12/dist-packages/aiter_meta/hsa//gfx950/bf16gemm/bf16gemm_fp32bf16_tn_64x64_splitk_clean.co
(Worker_TP1 pid=3936964) [aiter] shape is M:130, N:128, K:6144 dtype='torch.float32' otype='torch.float32' bias=False, scaleAB=False, bpreshuffle=False, not found tuned config in /tmp/aiter_configs/bf16_tuned_gemm.csv, will use default config! using torch solution:0
[aiter] LoadKernel: _ZN5aiter39bf16gemm_fp32bf16_tn_64x64_splitk_cleanE hsaco: /usr/local/lib/python3.12/dist-packages/aiter_meta/hsa//gfx950/bf16gemm/bf16gemm_fp32bf16_tn_64x64_splitk_clean.co
(Worker_TP3 pid=3936966) [aiter] shape is M:130, N:2304, K:12288 dtype='torch.bfloat16' otype='torch.bfloat16' bias=False, scaleAB=False, bpreshuffle=False, not found tuned config in /tmp/aiter_configs/bf16_tuned_gemm.csv, will use default config! using torch solution:0
(Worker_TP1 pid=3936964) [aiter] shape is M:130, N:2304, K:12288 dtype='torch.bfloat16' otype='torch.bfloat16' bias=False, scaleAB=False, bpreshuffle=False, not found tuned config in /tmp/aiter_configs/bf16_tuned_gemm.csv, will use default config! using torch solution:0
[aiter] LoadKernel: _ZN5aiter39bf16gemm_fp32bf16_tn_64x64_splitk_cleanE hsaco: /usr/local/lib/python3.12/dist-packages/aiter_meta/hsa//gfx950/bf16gemm/bf16gemm_fp32bf16_tn_64x64_splitk_clean.co
[aiter] LoadKernel: _ZN5aiter39bf16gemm_fp32bf16_tn_64x64_splitk_cleanE hsaco: /usr/local/lib/python3.12/dist-packages/aiter_meta/hsa//gfx950/bf16gemm/bf16gemm_fp32bf16_tn_64x64_splitk_clean.co
(Worker_TP0 pid=3936963) [aiter] shape is M:120, N:128, K:6144 dtype='torch.float32' otype='torch.float32' bias=False, scaleAB=False, bpreshuffle=False, not found tuned config in /tmp/aiter_configs/bf16_tuned_gemm.csv, will use default config! using torch solution:0
(Worker_TP0 pid=3936963) [aiter] run_1stage = False, xbf16 = False, ksplit = 0 q_type = QuantType.per_1x32 block_m = 32 use_nt = True, estimated_m_per_expert = 4
(Worker_TP0 pid=3936963) [aiter] [fused_moe] using 2stage default for ('gfx950', 256, 128, 6144, 768, 129, 5, 'ActivationType.Swiglu', 'torch.bfloat16', 'torch.bfloat16', 'torch.float4_e2m1fn_x2', 'QuantType.per_1x32', True, False) 
(Worker_TP2 pid=3936965) [aiter] shape is M:120, N:128, K:6144 dtype='torch.float32' otype='torch.float32' bias=False, scaleAB=False, bpreshuffle=False, not found tuned config in /tmp/aiter_configs/bf16_tuned_gemm.csv, will use default config! using torch solution:0
(Worker_TP2 pid=3936965) [aiter] run_1stage = False, xbf16 = False, ksplit = 0 q_type = QuantType.per_1x32 block_m = 32 use_nt = True, estimated_m_per_expert = 4
(Worker_TP2 pid=3936965) [aiter] [fused_moe] using 2stage default for ('gfx950', 256, 128, 6144, 768, 129, 5, 'ActivationType.Swiglu', 'torch.bfloat16', 'torch.bfloat16', 'torch.float4_e2m1fn_x2', 'QuantType.per_1x32', True, False) 
(Worker_TP0 pid=3936963) [aiter] shape is M:120, N:2304, K:12288 dtype='torch.bfloat16' otype='torch.bfloat16' bias=False, scaleAB=False, bpreshuffle=False, not found tuned config in /tmp/aiter_configs/bf16_tuned_gemm.csv, will use default config! using torch solution:0
(Worker_TP2 pid=3936965) [aiter] shape is M:120, N:2304, K:12288 dtype='torch.bfloat16' otype='torch.bfloat16' bias=False, scaleAB=False, bpreshuffle=False, not found tuned config in /tmp/aiter_configs/bf16_tuned_gemm.csv, will use default config! using torch solution:0
(Worker_TP1 pid=3936964) [aiter] shape is M:120, N:128, K:6144 dtype='torch.float32' otype='torch.float32' bias=False, scaleAB=False, bpreshuffle=False, not found tuned config in /tmp/aiter_configs/bf16_tuned_gemm.csv, will use default config! using torch solution:0
(Worker_TP3 pid=3936966) [aiter] shape is M:120, N:128, K:6144 dtype='torch.float32' otype='torch.float32' bias=False, scaleAB=False, bpreshuffle=False, not found tuned config in /tmp/aiter_configs/bf16_tuned_gemm.csv, will use default config! using torch solution:0
(Worker_TP1 pid=3936964) [aiter] run_1stage = False, xbf16 = False, ksplit = 0 q_type = QuantType.per_1x32 block_m = 32 use_nt = True, estimated_m_per_expert = 4
(Worker_TP1 pid=3936964) [aiter] [fused_moe] using 2stage default for ('gfx950', 256, 128, 6144, 768, 129, 5, 'ActivationType.Swiglu', 'torch.bfloat16', 'torch.bfloat16', 'torch.float4_e2m1fn_x2', 'QuantType.per_1x32', True, False) 
(Worker_TP3 pid=3936966) [aiter] run_1stage = False, xbf16 = False, ksplit = 0 q_type = QuantType.per_1x32 block_m = 32 use_nt = True, estimated_m_per_expert = 4
(Worker_TP3 pid=3936966) [aiter] [fused_moe] using 2stage default for ('gfx950', 256, 128, 6144, 768, 129, 5, 'ActivationType.Swiglu', 'torch.bfloat16', 'torch.bfloat16', 'torch.float4_e2m1fn_x2', 'QuantType.per_1x32', True, False) 
(Worker_TP1 pid=3936964) [aiter] shape is M:120, N:2304, K:12288 dtype='torch.bfloat16' otype='torch.bfloat16' bias=False, scaleAB=False, bpreshuffle=False, not found tuned config in /tmp/aiter_configs/bf16_tuned_gemm.csv, will use default config! using torch solution:0
(Worker_TP3 pid=3936966) [aiter] shape is M:120, N:2304, K:12288 dtype='torch.bfloat16' otype='torch.bfloat16' bias=False, scaleAB=False, bpreshuffle=False, not found tuned config in /tmp/aiter_configs/bf16_tuned_gemm.csv, will use default config! using torch solution:0
(Worker_TP0 pid=3936963) Capturing CUDA graphs (mixed prefill-decode, PIECEWISE):  69%|██████▉   | 33/48 [04:22<00:35,  2.38s/it][aiter] shape is M:115, N:128, K:6144 dtype='torch.float32' otype='torch.float32' bias=False, scaleAB=False, bpreshuffle=False, not found tuned config in /tmp/aiter_configs/bf16_tuned_gemm.csv, will use default config! using torch solution:0
(Worker_TP2 pid=3936965) [aiter] shape is M:115, N:128, K:6144 dtype='torch.float32' otype='torch.float32' bias=False, scaleAB=False, bpreshuffle=False, not found tuned config in /tmp/aiter_configs/bf16_tuned_gemm.csv, will use default config! using torch solution:0
(Worker_TP0 pid=3936963) [aiter] shape is M:115, N:2304, K:12288 dtype='torch.bfloat16' otype='torch.bfloat16' bias=False, scaleAB=False, bpreshuffle=False, not found tuned config in /tmp/aiter_configs/bf16_tuned_gemm.csv, will use default config! using torch solution:0
(Worker_TP2 pid=3936965) [aiter] shape is M:115, N:2304, K:12288 dtype='torch.bfloat16' otype='torch.bfloat16' bias=False, scaleAB=False, bpreshuffle=False, not found tuned config in /tmp/aiter_configs/bf16_tuned_gemm.csv, will use default config! using torch solution:0
(Worker_TP0 pid=3936963) [aiter] shape is M:105, N:128, K:6144 dtype='torch.float32' otype='torch.float32' bias=False, scaleAB=False, bpreshuffle=False, not found tuned config in /tmp/aiter_configs/bf16_tuned_gemm.csv, will use default config! using torch solution:0
(Worker_TP1 pid=3936964) [aiter] shape is M:115, N:128, K:6144 dtype='torch.float32' otype='torch.float32' bias=False, scaleAB=False, bpreshuffle=False, not found tuned config in /tmp/aiter_configs/bf16_tuned_gemm.csv, will use default config! using torch solution:0
(Worker_TP2 pid=3936965) [aiter] shape is M:105, N:128, K:6144 dtype='torch.float32' otype='torch.float32' bias=False, scaleAB=False, bpreshuffle=False, not found tuned config in /tmp/aiter_configs/bf16_tuned_gemm.csv, will use default config! using torch solution:0
(Worker_TP3 pid=3936966) [aiter] shape is M:115, N:128, K:6144 dtype='torch.float32' otype='torch.float32' bias=False, scaleAB=False, bpreshuffle=False, not found tuned config in /tmp/aiter_configs/bf16_tuned_gemm.csv, will use default config! using torch solution:0
(Worker_TP0 pid=3936963) [aiter] shape is M:105, N:2304, K:12288 dtype='torch.bfloat16' otype='torch.bfloat16' bias=False, scaleAB=False, bpreshuffle=False, not found tuned config in /tmp/aiter_configs/bf16_tuned_gemm.csv, will use default config! using torch solution:0
(Worker_TP1 pid=3936964) [aiter] shape is M:115, N:2304, K:12288 dtype='torch.bfloat16' otype='torch.bfloat16' bias=False, scaleAB=False, bpreshuffle=False, not found tuned config in /tmp/aiter_configs/bf16_tuned_gemm.csv, will use default config! using torch solution:0
(Worker_TP2 pid=3936965) [aiter] shape is M:105, N:2304, K:12288 dtype='torch.bfloat16' otype='torch.bfloat16' bias=False, scaleAB=False, bpreshuffle=False, not found tuned config in /tmp/aiter_configs/bf16_tuned_gemm.csv, will use default config! using torch solution:0
(Worker_TP3 pid=3936966) [aiter] shape is M:115, N:2304, K:12288 dtype='torch.bfloat16' otype='torch.bfloat16' bias=False, scaleAB=False, bpreshuffle=False, not found tuned config in /tmp/aiter_configs/bf16_tuned_gemm.csv, will use default config! using torch solution:0
(Worker_TP0 pid=3936963) Capturing CUDA graphs (mixed prefill-decode, PIECEWISE):  73%|███████▎  | 35/48 [04:22<00:21,  1.69s/it][aiter] shape is M:100, N:128, K:6144 dtype='torch.float32' otype='torch.float32' bias=False, scaleAB=False, bpreshuffle=False, not found tuned config in /tmp/aiter_configs/bf16_tuned_gemm.csv, will use default config! using torch solution:0
(Worker_TP1 pid=3936964) [aiter] shape is M:105, N:128, K:6144 dtype='torch.float32' otype='torch.float32' bias=False, scaleAB=False, bpreshuffle=False, not found tuned config in /tmp/aiter_configs/bf16_tuned_gemm.csv, will use default config! using torch solution:0
(Worker_TP2 pid=3936965) [aiter] shape is M:100, N:128, K:6144 dtype='torch.float32' otype='torch.float32' bias=False, scaleAB=False, bpreshuffle=False, not found tuned config in /tmp/aiter_configs/bf16_tuned_gemm.csv, will use default config! using torch solution:0
(Worker_TP3 pid=3936966) [aiter] shape is M:105, N:128, K:6144 dtype='torch.float32' otype='torch.float32' bias=False, scaleAB=False, bpreshuffle=False, not found tuned config in /tmp/aiter_configs/bf16_tuned_gemm.csv, will use default config! using torch solution:0
(Worker_TP0 pid=3936963) [aiter] shape is M:100, N:2304, K:12288 dtype='torch.bfloat16' otype='torch.bfloat16' bias=False, scaleAB=False, bpreshuffle=False, not found tuned config in /tmp/aiter_configs/bf16_tuned_gemm.csv, will use default config! using torch solution:0
(Worker_TP1 pid=3936964) [aiter] shape is M:105, N:2304, K:12288 dtype='torch.bfloat16' otype='torch.bfloat16' bias=False, scaleAB=False, bpreshuffle=False, not found tuned config in /tmp/aiter_configs/bf16_tuned_gemm.csv, will use default config! using torch solution:0
(Worker_TP2 pid=3936965) [aiter] shape is M:100, N:2304, K:12288 dtype='torch.bfloat16' otype='torch.bfloat16' bias=False, scaleAB=False, bpreshuffle=False, not found tuned config in /tmp/aiter_configs/bf16_tuned_gemm.csv, will use default config! using torch solution:0
(Worker_TP3 pid=3936966) [aiter] shape is M:105, N:2304, K:12288 dtype='torch.bfloat16' otype='torch.bfloat16' bias=False, scaleAB=False, bpreshuffle=False, not found tuned config in /tmp/aiter_configs/bf16_tuned_gemm.csv, will use default config! using torch solution:0
(Worker_TP0 pid=3936963) [aiter] shape is M:90, N:128, K:6144 dtype='torch.float32' otype='torch.float32' bias=False, scaleAB=False, bpreshuffle=False, not found tuned config in /tmp/aiter_configs/bf16_tuned_gemm.csv, will use default config! using torch solution:0
(Worker_TP1 pid=3936964) [aiter] shape is M:100, N:128, K:6144 dtype='torch.float32' otype='torch.float32' bias=False, scaleAB=False, bpreshuffle=False, not found tuned config in /tmp/aiter_configs/bf16_tuned_gemm.csv, will use default config! using torch solution:0
(Worker_TP2 pid=3936965) [aiter] shape is M:90, N:128, K:6144 dtype='torch.float32' otype='torch.float32' bias=False, scaleAB=False, bpreshuffle=False, not found tuned config in /tmp/aiter_configs/bf16_tuned_gemm.csv, will use default config! using torch solution:0
(Worker_TP3 pid=3936966) [aiter] shape is M:100, N:128, K:6144 dtype='torch.float32' otype='torch.float32' bias=False, scaleAB=False, bpreshuffle=False, not found tuned config in /tmp/aiter_configs/bf16_tuned_gemm.csv, will use default config! using torch solution:0
(Worker_TP0 pid=3936963) [aiter] shape is M:90, N:2304, K:12288 dtype='torch.bfloat16' otype='torch.bfloat16' bias=False, scaleAB=False, bpreshuffle=False, not found tuned config in /tmp/aiter_configs/bf16_tuned_gemm.csv, will use default config! using torch solution:0
(Worker_TP1 pid=3936964) [aiter] shape is M:100, N:2304, K:12288 dtype='torch.bfloat16' otype='torch.bfloat16' bias=False, scaleAB=False, bpreshuffle=False, not found tuned config in /tmp/aiter_configs/bf16_tuned_gemm.csv, will use default config! using torch solution:0
(Worker_TP2 pid=3936965) [aiter] shape is M:90, N:2304, K:12288 dtype='torch.bfloat16' otype='torch.bfloat16' bias=False, scaleAB=False, bpreshuffle=False, not found tuned config in /tmp/aiter_configs/bf16_tuned_gemm.csv, will use default config! using torch solution:0
(Worker_TP3 pid=3936966) [aiter] shape is M:100, N:2304, K:12288 dtype='torch.bfloat16' otype='torch.bfloat16' bias=False, scaleAB=False, bpreshuffle=False, not found tuned config in /tmp/aiter_configs/bf16_tuned_gemm.csv, will use default config! using torch solution:0
(Worker_TP0 pid=3936963) Capturing CUDA graphs (mixed prefill-decode, PIECEWISE):  77%|███████▋  | 37/48 [04:23<00:13,  1.20s/it][aiter] shape is M:80, N:128, K:6144 dtype='torch.float32' otype='torch.float32' bias=False, scaleAB=False, bpreshuffle=False, not found tuned config in /tmp/aiter_configs/bf16_tuned_gemm.csv, will use default config! using torch solution:0
(Worker_TP1 pid=3936964) [aiter] shape is M:90, N:128, K:6144 dtype='torch.float32' otype='torch.float32' bias=False, scaleAB=False, bpreshuffle=False, not found tuned config in /tmp/aiter_configs/bf16_tuned_gemm.csv, will use default config! using torch solution:0
(Worker_TP2 pid=3936965) [aiter] shape is M:80, N:128, K:6144 dtype='torch.float32' otype='torch.float32' bias=False, scaleAB=False, bpreshuffle=False, not found tuned config in /tmp/aiter_configs/bf16_tuned_gemm.csv, will use default config! using torch solution:0
(Worker_TP3 pid=3936966) [aiter] shape is M:90, N:128, K:6144 dtype='torch.float32' otype='torch.float32' bias=False, scaleAB=False, bpreshuffle=False, not found tuned config in /tmp/aiter_configs/bf16_tuned_gemm.csv, will use default config! using torch solution:0
(Worker_TP0 pid=3936963) [aiter] shape is M:80, N:2304, K:12288 dtype='torch.bfloat16' otype='torch.bfloat16' bias=False, scaleAB=False, bpreshuffle=False, not found tuned config in /tmp/aiter_configs/bf16_tuned_gemm.csv, will use default config! using torch solution:0
(Worker_TP1 pid=3936964) [aiter] shape is M:90, N:2304, K:12288 dtype='torch.bfloat16' otype='torch.bfloat16' bias=False, scaleAB=False, bpreshuffle=False, not found tuned config in /tmp/aiter_configs/bf16_tuned_gemm.csv, will use default config! using torch solution:0
(Worker_TP2 pid=3936965) [aiter] shape is M:80, N:2304, K:12288 dtype='torch.bfloat16' otype='torch.bfloat16' bias=False, scaleAB=False, bpreshuffle=False, not found tuned config in /tmp/aiter_configs/bf16_tuned_gemm.csv, will use default config! using torch solution:0
(Worker_TP3 pid=3936966) [aiter] shape is M:90, N:2304, K:12288 dtype='torch.bfloat16' otype='torch.bfloat16' bias=False, scaleAB=False, bpreshuffle=False, not found tuned config in /tmp/aiter_configs/bf16_tuned_gemm.csv, will use default config! using torch solution:0
(Worker_TP0 pid=3936963) [aiter] shape is M:75, N:128, K:6144 dtype='torch.float32' otype='torch.float32' bias=False, scaleAB=False, bpreshuffle=False, not found tuned config in /tmp/aiter_configs/bf16_tuned_gemm.csv, will use default config! using torch solution:0
(Worker_TP1 pid=3936964) [aiter] shape is M:80, N:128, K:6144 dtype='torch.float32' otype='torch.float32' bias=False, scaleAB=False, bpreshuffle=False, not found tuned config in /tmp/aiter_configs/bf16_tuned_gemm.csv, will use default config! using torch solution:0
(Worker_TP3 pid=3936966) [aiter] shape is M:80, N:128, K:6144 dtype='torch.float32' otype='torch.float32' bias=False, scaleAB=False, bpreshuffle=False, not found tuned config in /tmp/aiter_configs/bf16_tuned_gemm.csv, will use default config! using torch solution:0
(Worker_TP2 pid=3936965) [aiter] shape is M:75, N:128, K:6144 dtype='torch.float32' otype='torch.float32' bias=False, scaleAB=False, bpreshuffle=False, not found tuned config in /tmp/aiter_configs/bf16_tuned_gemm.csv, will use default config! using torch solution:0
(Worker_TP0 pid=3936963) [aiter] shape is M:75, N:2304, K:12288 dtype='torch.bfloat16' otype='torch.bfloat16' bias=False, scaleAB=False, bpreshuffle=False, not found tuned config in /tmp/aiter_configs/bf16_tuned_gemm.csv, will use default config! using torch solution:0
(Worker_TP1 pid=3936964) [aiter] shape is M:80, N:2304, K:12288 dtype='torch.bfloat16' otype='torch.bfloat16' bias=False, scaleAB=False, bpreshuffle=False, not found tuned config in /tmp/aiter_configs/bf16_tuned_gemm.csv, will use default config! using torch solution:0
(Worker_TP3 pid=3936966) [aiter] shape is M:80, N:2304, K:12288 dtype='torch.bfloat16' otype='torch.bfloat16' bias=False, scaleAB=False, bpreshuffle=False, not found tuned config in /tmp/aiter_configs/bf16_tuned_gemm.csv, will use default config! using torch solution:0
(Worker_TP2 pid=3936965) [aiter] shape is M:75, N:2304, K:12288 dtype='torch.bfloat16' otype='torch.bfloat16' bias=False, scaleAB=False, bpreshuffle=False, not found tuned config in /tmp/aiter_configs/bf16_tuned_gemm.csv, will use default config! using torch solution:0
(Worker_TP0 pid=3936963) Capturing CUDA graphs (mixed prefill-decode, PIECEWISE):  81%|████████▏ | 39/48 [04:23<00:07,  1.15it/s][aiter] shape is M:65, N:128, K:6144 dtype='torch.float32' otype='torch.float32' bias=False, scaleAB=False, bpreshuffle=False, not found tuned config in /tmp/aiter_configs/bf16_tuned_gemm.csv, will use default config! using torch solution:0
(Worker_TP1 pid=3936964) [aiter] shape is M:75, N:128, K:6144 dtype='torch.float32' otype='torch.float32' bias=False, scaleAB=False, bpreshuffle=False, not found tuned config in /tmp/aiter_configs/bf16_tuned_gemm.csv, will use default config! using torch solution:0
(Worker_TP3 pid=3936966) [aiter] shape is M:75, N:128, K:6144 dtype='torch.float32' otype='torch.float32' bias=False, scaleAB=False, bpreshuffle=False, not found tuned config in /tmp/aiter_configs/bf16_tuned_gemm.csv, will use default config! using torch solution:0
(Worker_TP2 pid=3936965) [aiter] shape is M:65, N:128, K:6144 dtype='torch.float32' otype='torch.float32' bias=False, scaleAB=False, bpreshuffle=False, not found tuned config in /tmp/aiter_configs/bf16_tuned_gemm.csv, will use default config! using torch solution:0
(Worker_TP0 pid=3936963) [aiter] shape is M:65, N:2304, K:12288 dtype='torch.bfloat16' otype='torch.bfloat16' bias=False, scaleAB=False, bpreshuffle=False, not found tuned config in /tmp/aiter_configs/bf16_tuned_gemm.csv, will use default config! using torch solution:0
(Worker_TP1 pid=3936964) [aiter] shape is M:75, N:2304, K:12288 dtype='torch.bfloat16' otype='torch.bfloat16' bias=False, scaleAB=False, bpreshuffle=False, not found tuned config in /tmp/aiter_configs/bf16_tuned_gemm.csv, will use default config! using torch solution:0
(Worker_TP3 pid=3936966) [aiter] shape is M:75, N:2304, K:12288 dtype='torch.bfloat16' otype='torch.bfloat16' bias=False, scaleAB=False, bpreshuffle=False, not found tuned config in /tmp/aiter_configs/bf16_tuned_gemm.csv, will use default config! using torch solution:0
(Worker_TP2 pid=3936965) [aiter] shape is M:65, N:2304, K:12288 dtype='torch.bfloat16' otype='torch.bfloat16' bias=False, scaleAB=False, bpreshuffle=False, not found tuned config in /tmp/aiter_configs/bf16_tuned_gemm.csv, will use default config! using torch solution:0
(Worker_TP1 pid=3936964) [aiter] shape is M:65, N:128, K:6144 dtype='torch.float32' otype='torch.float32' bias=False, scaleAB=False, bpreshuffle=False, not found tuned config in /tmp/aiter_configs/bf16_tuned_gemm.csv, will use default config! using torch solution:0
(Worker_TP3 pid=3936966) [aiter] shape is M:65, N:128, K:6144 dtype='torch.float32' otype='torch.float32' bias=False, scaleAB=False, bpreshuffle=False, not found tuned config in /tmp/aiter_configs/bf16_tuned_gemm.csv, will use default config! using torch solution:0
(Worker_TP1 pid=3936964) [aiter] shape is M:65, N:2304, K:12288 dtype='torch.bfloat16' otype='torch.bfloat16' bias=False, scaleAB=False, bpreshuffle=False, not found tuned config in /tmp/aiter_configs/bf16_tuned_gemm.csv, will use default config! using torch solution:0
(Worker_TP3 pid=3936966) [aiter] shape is M:65, N:2304, K:12288 dtype='torch.bfloat16' otype='torch.bfloat16' bias=False, scaleAB=False, bpreshuffle=False, not found tuned config in /tmp/aiter_configs/bf16_tuned_gemm.csv, will use default config! using torch solution:0
(Worker_TP0 pid=3936963) [aiter] shape is M:60, N:128, K:6144 dtype='torch.float32' otype='torch.float32' bias=False, scaleAB=False, bpreshuffle=False, not found tuned config in /tmp/aiter_configs/bf16_tuned_gemm.csv, will use default config! using torch solution:0
(Worker_TP0 pid=3936963) [aiter] run_1stage = False, xbf16 = False, ksplit = 0 q_type = QuantType.per_1x32 block_m = 32 use_nt = True, estimated_m_per_expert = 2
(Worker_TP0 pid=3936963) [aiter] [fused_moe] using 2stage default for ('gfx950', 256, 64, 6144, 768, 129, 5, 'ActivationType.Swiglu', 'torch.bfloat16', 'torch.bfloat16', 'torch.float4_e2m1fn_x2', 'QuantType.per_1x32', True, False) 
(Worker_TP2 pid=3936965) [aiter] shape is M:60, N:128, K:6144 dtype='torch.float32' otype='torch.float32' bias=False, scaleAB=False, bpreshuffle=False, not found tuned config in /tmp/aiter_configs/bf16_tuned_gemm.csv, will use default config! using torch solution:0
(Worker_TP2 pid=3936965) [aiter] run_1stage = False, xbf16 = False, ksplit = 0 q_type = QuantType.per_1x32 block_m = 32 use_nt = True, estimated_m_per_expert = 2
(Worker_TP2 pid=3936965) [aiter] [fused_moe] using 2stage default for ('gfx950', 256, 64, 6144, 768, 129, 5, 'ActivationType.Swiglu', 'torch.bfloat16', 'torch.bfloat16', 'torch.float4_e2m1fn_x2', 'QuantType.per_1x32', True, False) 
(Worker_TP0 pid=3936963) [aiter] shape is M:60, N:2304, K:12288 dtype='torch.bfloat16' otype='torch.bfloat16' bias=False, scaleAB=False, bpreshuffle=False, not found tuned config in /tmp/aiter_configs/bf16_tuned_gemm.csv, will use default config! using torch solution:0
(Worker_TP2 pid=3936965) [aiter] shape is M:60, N:2304, K:12288 dtype='torch.bfloat16' otype='torch.bfloat16' bias=False, scaleAB=False, bpreshuffle=False, not found tuned config in /tmp/aiter_configs/bf16_tuned_gemm.csv, will use default config! using torch solution:0
(Worker_TP1 pid=3936964) [aiter] shape is M:60, N:128, K:6144 dtype='torch.float32' otype='torch.float32' bias=False, scaleAB=False, bpreshuffle=False, not found tuned config in /tmp/aiter_configs/bf16_tuned_gemm.csv, will use default config! using torch solution:0
(Worker_TP1 pid=3936964) [aiter] run_1stage = False, xbf16 = False, ksplit = 0 q_type = QuantType.per_1x32 block_m = 32 use_nt = True, estimated_m_per_expert = 2
(Worker_TP1 pid=3936964) [aiter] [fused_moe] using 2stage default for ('gfx950', 256, 64, 6144, 768, 129, 5, 'ActivationType.Swiglu', 'torch.bfloat16', 'torch.bfloat16', 'torch.float4_e2m1fn_x2', 'QuantType.per_1x32', True, False) 
(Worker_TP3 pid=3936966) [aiter] shape is M:60, N:128, K:6144 dtype='torch.float32' otype='torch.float32' bias=False, scaleAB=False, bpreshuffle=False, not found tuned config in /tmp/aiter_configs/bf16_tuned_gemm.csv, will use default config! using torch solution:0
(Worker_TP3 pid=3936966) [aiter] run_1stage = False, xbf16 = False, ksplit = 0 q_type = QuantType.per_1x32 block_m = 32 use_nt = True, estimated_m_per_expert = 2
(Worker_TP3 pid=3936966) [aiter] [fused_moe] using 2stage default for ('gfx950', 256, 64, 6144, 768, 129, 5, 'ActivationType.Swiglu', 'torch.bfloat16', 'torch.bfloat16', 'torch.float4_e2m1fn_x2', 'QuantType.per_1x32', True, False) 
(Worker_TP1 pid=3936964) [aiter] shape is M:60, N:2304, K:12288 dtype='torch.bfloat16' otype='torch.bfloat16' bias=False, scaleAB=False, bpreshuffle=False, not found tuned config in /tmp/aiter_configs/bf16_tuned_gemm.csv, will use default config! using torch solution:0
(Worker_TP0 pid=3936963) Capturing CUDA graphs (mixed prefill-decode, PIECEWISE):  85%|████████▌ | 41/48 [04:23<00:04,  1.44it/s](Worker_TP3 pid=3936966) [aiter] shape is M:60, N:2304, K:12288 dtype='torch.bfloat16' otype='torch.bfloat16' bias=False, scaleAB=False, bpreshuffle=False, not found tuned config in /tmp/aiter_configs/bf16_tuned_gemm.csv, will use default config! using torch solution:0
[aiter] shape is M:50, N:128, K:6144 dtype='torch.float32' otype='torch.float32' bias=False, scaleAB=False, bpreshuffle=False, not found tuned config in /tmp/aiter_configs/bf16_tuned_gemm.csv, will use default config! using torch solution:0
(Worker_TP2 pid=3936965) [aiter] shape is M:50, N:128, K:6144 dtype='torch.float32' otype='torch.float32' bias=False, scaleAB=False, bpreshuffle=False, not found tuned config in /tmp/aiter_configs/bf16_tuned_gemm.csv, will use default config! using torch solution:0
(Worker_TP0 pid=3936963) [aiter] shape is M:50, N:2304, K:12288 dtype='torch.bfloat16' otype='torch.bfloat16' bias=False, scaleAB=False, bpreshuffle=False, not found tuned config in /tmp/aiter_configs/bf16_tuned_gemm.csv, will use default config! using torch solution:0
(Worker_TP2 pid=3936965) [aiter] shape is M:50, N:2304, K:12288 dtype='torch.bfloat16' otype='torch.bfloat16' bias=False, scaleAB=False, bpreshuffle=False, not found tuned config in /tmp/aiter_configs/bf16_tuned_gemm.csv, will use default config! using torch solution:0
(Worker_TP1 pid=3936964) [aiter] shape is M:50, N:128, K:6144 dtype='torch.float32' otype='torch.float32' bias=False, scaleAB=False, bpreshuffle=False, not found tuned config in /tmp/aiter_configs/bf16_tuned_gemm.csv, will use default config! using torch solution:0
(Worker_TP3 pid=3936966) [aiter] shape is M:50, N:128, K:6144 dtype='torch.float32' otype='torch.float32' bias=False, scaleAB=False, bpreshuffle=False, not found tuned config in /tmp/aiter_configs/bf16_tuned_gemm.csv, will use default config! using torch solution:0
(Worker_TP1 pid=3936964) [aiter] shape is M:50, N:2304, K:12288 dtype='torch.bfloat16' otype='torch.bfloat16' bias=False, scaleAB=False, bpreshuffle=False, not found tuned config in /tmp/aiter_configs/bf16_tuned_gemm.csv, will use default config! using torch solution:0
(Worker_TP3 pid=3936966) [aiter] shape is M:50, N:2304, K:12288 dtype='torch.bfloat16' otype='torch.bfloat16' bias=False, scaleAB=False, bpreshuffle=False, not found tuned config in /tmp/aiter_configs/bf16_tuned_gemm.csv, will use default config! using torch solution:0
(Worker_TP0 pid=3936963) [aiter] shape is M:40, N:128, K:6144 dtype='torch.float32' otype='torch.float32' bias=False, scaleAB=False, bpreshuffle=False, not found tuned config in /tmp/aiter_configs/bf16_tuned_gemm.csv, will use default config! using torch solution:0
(Worker_TP2 pid=3936965) [aiter] shape is M:40, N:128, K:6144 dtype='torch.float32' otype='torch.float32' bias=False, scaleAB=False, bpreshuffle=False, not found tuned config in /tmp/aiter_configs/bf16_tuned_gemm.csv, will use default config! using torch solution:0
(Worker_TP0 pid=3936963) [aiter] shape is M:40, N:2304, K:12288 dtype='torch.bfloat16' otype='torch.bfloat16' bias=False, scaleAB=False, bpreshuffle=False, not found tuned config in /tmp/aiter_configs/bf16_tuned_gemm.csv, will use default config! using torch solution:0
(Worker_TP2 pid=3936965) [aiter] shape is M:40, N:2304, K:12288 dtype='torch.bfloat16' otype='torch.bfloat16' bias=False, scaleAB=False, bpreshuffle=False, not found tuned config in /tmp/aiter_configs/bf16_tuned_gemm.csv, will use default config! using torch solution:0
(Worker_TP0 pid=3936963) Capturing CUDA graphs (mixed prefill-decode, PIECEWISE):  90%|████████▉ | 43/48 [04:24<00:02,  1.89it/s][aiter] shape is M:35, N:128, K:6144 dtype='torch.float32' otype='torch.float32' bias=False, scaleAB=False, bpreshuffle=False, not found tuned config in /tmp/aiter_configs/bf16_tuned_gemm.csv, will use default config! using torch solution:0
(Worker_TP0 pid=3936963) [aiter] shape is M:35, N:2304, K:12288 dtype='torch.bfloat16' otype='torch.bfloat16' bias=False, scaleAB=False, bpreshuffle=False, not found tuned config in /tmp/aiter_configs/bf16_tuned_gemm.csv, will use default config! using torch solution:0
(Worker_TP2 pid=3936965) [aiter] shape is M:35, N:128, K:6144 dtype='torch.float32' otype='torch.float32' bias=False, scaleAB=False, bpreshuffle=False, not found tuned config in /tmp/aiter_configs/bf16_tuned_gemm.csv, will use default config! using torch solution:0
(Worker_TP1 pid=3936964) [aiter] shape is M:40, N:128, K:6144 dtype='torch.float32' otype='torch.float32' bias=False, scaleAB=False, bpreshuffle=False, not found tuned config in /tmp/aiter_configs/bf16_tuned_gemm.csv, will use default config! using torch solution:0
(Worker_TP3 pid=3936966) [aiter] shape is M:40, N:128, K:6144 dtype='torch.float32' otype='torch.float32' bias=False, scaleAB=False, bpreshuffle=False, not found tuned config in /tmp/aiter_configs/bf16_tuned_gemm.csv, will use default config! using torch solution:0
(Worker_TP2 pid=3936965) [aiter] shape is M:35, N:2304, K:12288 dtype='torch.bfloat16' otype='torch.bfloat16' bias=False, scaleAB=False, bpreshuffle=False, not found tuned config in /tmp/aiter_configs/bf16_tuned_gemm.csv, will use default config! using torch solution:0
(Worker_TP1 pid=3936964) [aiter] shape is M:40, N:2304, K:12288 dtype='torch.bfloat16' otype='torch.bfloat16' bias=False, scaleAB=False, bpreshuffle=False, not found tuned config in /tmp/aiter_configs/bf16_tuned_gemm.csv, will use default config! using torch solution:0
(Worker_TP3 pid=3936966) [aiter] shape is M:40, N:2304, K:12288 dtype='torch.bfloat16' otype='torch.bfloat16' bias=False, scaleAB=False, bpreshuffle=False, not found tuned config in /tmp/aiter_configs/bf16_tuned_gemm.csv, will use default config! using torch solution:0
(Worker_TP1 pid=3936964) [aiter] shape is M:35, N:128, K:6144 dtype='torch.float32' otype='torch.float32' bias=False, scaleAB=False, bpreshuffle=False, not found tuned config in /tmp/aiter_configs/bf16_tuned_gemm.csv, will use default config! using torch solution:0
(Worker_TP3 pid=3936966) [aiter] shape is M:35, N:128, K:6144 dtype='torch.float32' otype='torch.float32' bias=False, scaleAB=False, bpreshuffle=False, not found tuned config in /tmp/aiter_configs/bf16_tuned_gemm.csv, will use default config! using torch solution:0
(Worker_TP1 pid=3936964) [aiter] shape is M:35, N:2304, K:12288 dtype='torch.bfloat16' otype='torch.bfloat16' bias=False, scaleAB=False, bpreshuffle=False, not found tuned config in /tmp/aiter_configs/bf16_tuned_gemm.csv, will use default config! using torch solution:0
(Worker_TP3 pid=3936966) [aiter] shape is M:35, N:2304, K:12288 dtype='torch.bfloat16' otype='torch.bfloat16' bias=False, scaleAB=False, bpreshuffle=False, not found tuned config in /tmp/aiter_configs/bf16_tuned_gemm.csv, will use default config! using torch solution:0
(Worker_TP0 pid=3936963) [aiter] shape is M:25, N:128, K:6144 dtype='torch.float32' otype='torch.float32' bias=False, scaleAB=False, bpreshuffle=False, not found tuned config in /tmp/aiter_configs/bf16_tuned_gemm.csv, will use default config! using torch solution:0
(Worker_TP0 pid=3936963) [aiter] run_1stage = False, xbf16 = False, ksplit = 0 q_type = QuantType.per_1x32 block_m = 32 use_nt = True, estimated_m_per_expert = 1
(Worker_TP0 pid=3936963) [aiter] [fused_moe] using 2stage default for ('gfx950', 256, 32, 6144, 768, 129, 5, 'ActivationType.Swiglu', 'torch.bfloat16', 'torch.bfloat16', 'torch.float4_e2m1fn_x2', 'QuantType.per_1x32', True, False) 
(Worker_TP2 pid=3936965) [aiter] shape is M:25, N:128, K:6144 dtype='torch.float32' otype='torch.float32' bias=False, scaleAB=False, bpreshuffle=False, not found tuned config in /tmp/aiter_configs/bf16_tuned_gemm.csv, will use default config! using torch solution:0
(Worker_TP2 pid=3936965) [aiter] run_1stage = False, xbf16 = False, ksplit = 0 q_type = QuantType.per_1x32 block_m = 32 use_nt = True, estimated_m_per_expert = 1
(Worker_TP2 pid=3936965) [aiter] [fused_moe] using 2stage default for ('gfx950', 256, 32, 6144, 768, 129, 5, 'ActivationType.Swiglu', 'torch.bfloat16', 'torch.bfloat16', 'torch.float4_e2m1fn_x2', 'QuantType.per_1x32', True, False) 
(Worker_TP0 pid=3936963) [aiter] shape is M:25, N:2304, K:12288 dtype='torch.bfloat16' otype='torch.bfloat16' bias=False, scaleAB=False, bpreshuffle=False, not found tuned config in /tmp/aiter_configs/bf16_tuned_gemm.csv, will use default config! using torch solution:0
(Worker_TP2 pid=3936965) [aiter] shape is M:25, N:2304, K:12288 dtype='torch.bfloat16' otype='torch.bfloat16' bias=False, scaleAB=False, bpreshuffle=False, not found tuned config in /tmp/aiter_configs/bf16_tuned_gemm.csv, will use default config! using torch solution:0
(Worker_TP3 pid=3936966) [aiter] shape is M:25, N:128, K:6144 dtype='torch.float32' otype='torch.float32' bias=False, scaleAB=False, bpreshuffle=False, not found tuned config in /tmp/aiter_configs/bf16_tuned_gemm.csv, will use default config! using torch solution:0
(Worker_TP3 pid=3936966) [aiter] run_1stage = False, xbf16 = False, ksplit = 0 q_type = QuantType.per_1x32 block_m = 32 use_nt = True, estimated_m_per_expert = 1
(Worker_TP3 pid=3936966) [aiter] [fused_moe] using 2stage default for ('gfx950', 256, 32, 6144, 768, 129, 5, 'ActivationType.Swiglu', 'torch.bfloat16', 'torch.bfloat16', 'torch.float4_e2m1fn_x2', 'QuantType.per_1x32', True, False) 
(Worker_TP1 pid=3936964) [aiter] shape is M:25, N:128, K:6144 dtype='torch.float32' otype='torch.float32' bias=False, scaleAB=False, bpreshuffle=False, not found tuned config in /tmp/aiter_configs/bf16_tuned_gemm.csv, will use default config! using torch solution:0
(Worker_TP1 pid=3936964) [aiter] run_1stage = False, xbf16 = False, ksplit = 0 q_type = QuantType.per_1x32 block_m = 32 use_nt = True, estimated_m_per_expert = 1
(Worker_TP1 pid=3936964) [aiter] [fused_moe] using 2stage default for ('gfx950', 256, 32, 6144, 768, 129, 5, 'ActivationType.Swiglu', 'torch.bfloat16', 'torch.bfloat16', 'torch.float4_e2m1fn_x2', 'QuantType.per_1x32', True, False) 
(Worker_TP0 pid=3936963) Capturing CUDA graphs (mixed prefill-decode, PIECEWISE):  94%|█████████▍| 45/48 [04:24<00:01,  2.24it/s][aiter] shape is M:20, N:128, K:6144 dtype='torch.float32' otype='torch.float32' bias=False, scaleAB=False, bpreshuffle=False, not found tuned config in /tmp/aiter_configs/bf16_tuned_gemm.csv, will use default config! using torch solution:0
(Worker_TP3 pid=3936966) [aiter] shape is M:25, N:2304, K:12288 dtype='torch.bfloat16' otype='torch.bfloat16' bias=False, scaleAB=False, bpreshuffle=False, not found tuned config in /tmp/aiter_configs/bf16_tuned_gemm.csv, will use default config! using torch solution:0
(Worker_TP1 pid=3936964) [aiter] shape is M:25, N:2304, K:12288 dtype='torch.bfloat16' otype='torch.bfloat16' bias=False, scaleAB=False, bpreshuffle=False, not found tuned config in /tmp/aiter_configs/bf16_tuned_gemm.csv, will use default config! using torch solution:0
(Worker_TP2 pid=3936965) [aiter] shape is M:20, N:128, K:6144 dtype='torch.float32' otype='torch.float32' bias=False, scaleAB=False, bpreshuffle=False, not found tuned config in /tmp/aiter_configs/bf16_tuned_gemm.csv, will use default config! using torch solution:0
(Worker_TP0 pid=3936963) [aiter] shape is M:20, N:2304, K:12288 dtype='torch.bfloat16' otype='torch.bfloat16' bias=False, scaleAB=False, bpreshuffle=False, not found tuned config in /tmp/aiter_configs/bf16_tuned_gemm.csv, will use default config! using torch solution:0
(Worker_TP2 pid=3936965) [aiter] shape is M:20, N:2304, K:12288 dtype='torch.bfloat16' otype='torch.bfloat16' bias=False, scaleAB=False, bpreshuffle=False, not found tuned config in /tmp/aiter_configs/bf16_tuned_gemm.csv, will use default config! using torch solution:0
(Worker_TP1 pid=3936964) [aiter] shape is M:20, N:128, K:6144 dtype='torch.float32' otype='torch.float32' bias=False, scaleAB=False, bpreshuffle=False, not found tuned config in /tmp/aiter_configs/bf16_tuned_gemm.csv, will use default config! using torch solution:0
(Worker_TP3 pid=3936966) [aiter] shape is M:20, N:128, K:6144 dtype='torch.float32' otype='torch.float32' bias=False, scaleAB=False, bpreshuffle=False, not found tuned config in /tmp/aiter_configs/bf16_tuned_gemm.csv, will use default config! using torch solution:0
(Worker_TP1 pid=3936964) [aiter] shape is M:20, N:2304, K:12288 dtype='torch.bfloat16' otype='torch.bfloat16' bias=False, scaleAB=False, bpreshuffle=False, not found tuned config in /tmp/aiter_configs/bf16_tuned_gemm.csv, will use default config! using torch solution:0
(Worker_TP3 pid=3936966) [aiter] shape is M:20, N:2304, K:12288 dtype='torch.bfloat16' otype='torch.bfloat16' bias=False, scaleAB=False, bpreshuffle=False, not found tuned config in /tmp/aiter_configs/bf16_tuned_gemm.csv, will use default config! using torch solution:0
(Worker_TP0 pid=3936963) [aiter] shape is M:10, N:128, K:6144 dtype='torch.float32' otype='torch.float32' bias=False, scaleAB=False, bpreshuffle=False, not found tuned config in /tmp/aiter_configs/bf16_tuned_gemm.csv, will use default config! using torch solution:0
(Worker_TP0 pid=3936963) [aiter] run_1stage = False, xbf16 = False, ksplit = 0 q_type = QuantType.per_1x32 block_m = 32 use_nt = True, estimated_m_per_expert = 0
(Worker_TP0 pid=3936963) [aiter] [fused_moe] using 2stage default for ('gfx950', 256, 16, 6144, 768, 129, 5, 'ActivationType.Swiglu', 'torch.bfloat16', 'torch.bfloat16', 'torch.float4_e2m1fn_x2', 'QuantType.per_1x32', True, False) 
(Worker_TP2 pid=3936965) [aiter] shape is M:10, N:128, K:6144 dtype='torch.float32' otype='torch.float32' bias=False, scaleAB=False, bpreshuffle=False, not found tuned config in /tmp/aiter_configs/bf16_tuned_gemm.csv, will use default config! using torch solution:0
(Worker_TP2 pid=3936965) [aiter] run_1stage = False, xbf16 = False, ksplit = 0 q_type = QuantType.per_1x32 block_m = 32 use_nt = True, estimated_m_per_expert = 0
(Worker_TP2 pid=3936965) [aiter] [fused_moe] using 2stage default for ('gfx950', 256, 16, 6144, 768, 129, 5, 'ActivationType.Swiglu', 'torch.bfloat16', 'torch.bfloat16', 'torch.float4_e2m1fn_x2', 'QuantType.per_1x32', True, False) 
(Worker_TP0 pid=3936963) [aiter] shape is M:10, N:2304, K:12288 dtype='torch.bfloat16' otype='torch.bfloat16' bias=False, scaleAB=False, bpreshuffle=False, not found tuned config in /tmp/aiter_configs/bf16_tuned_gemm.csv, will use default config! using torch solution:0
(Worker_TP2 pid=3936965) [aiter] shape is M:10, N:2304, K:12288 dtype='torch.bfloat16' otype='torch.bfloat16' bias=False, scaleAB=False, bpreshuffle=False, not found tuned config in /tmp/aiter_configs/bf16_tuned_gemm.csv, will use default config! using torch solution:0
(Worker_TP1 pid=3936964) [aiter] shape is M:10, N:128, K:6144 dtype='torch.float32' otype='torch.float32' bias=False, scaleAB=False, bpreshuffle=False, not found tuned config in /tmp/aiter_configs/bf16_tuned_gemm.csv, will use default config! using torch solution:0
(Worker_TP1 pid=3936964) [aiter] run_1stage = False, xbf16 = False, ksplit = 0 q_type = QuantType.per_1x32 block_m = 32 use_nt = True, estimated_m_per_expert = 0
(Worker_TP1 pid=3936964) [aiter] [fused_moe] using 2stage default for ('gfx950', 256, 16, 6144, 768, 129, 5, 'ActivationType.Swiglu', 'torch.bfloat16', 'torch.bfloat16', 'torch.float4_e2m1fn_x2', 'QuantType.per_1x32', True, False) 
(Worker_TP3 pid=3936966) [aiter] shape is M:10, N:128, K:6144 dtype='torch.float32' otype='torch.float32' bias=False, scaleAB=False, bpreshuffle=False, not found tuned config in /tmp/aiter_configs/bf16_tuned_gemm.csv, will use default config! using torch solution:0
(Worker_TP3 pid=3936966) [aiter] run_1stage = False, xbf16 = False, ksplit = 0 q_type = QuantType.per_1x32 block_m = 32 use_nt = True, estimated_m_per_expert = 0
(Worker_TP3 pid=3936966) [aiter] [fused_moe] using 2stage default for ('gfx950', 256, 16, 6144, 768, 129, 5, 'ActivationType.Swiglu', 'torch.bfloat16', 'torch.bfloat16', 'torch.float4_e2m1fn_x2', 'QuantType.per_1x32', True, False) 
(Worker_TP1 pid=3936964) [aiter] shape is M:10, N:2304, K:12288 dtype='torch.bfloat16' otype='torch.bfloat16' bias=False, scaleAB=False, bpreshuffle=False, not found tuned config in /tmp/aiter_configs/bf16_tuned_gemm.csv, will use default config! using torch solution:0
(Worker_TP3 pid=3936966) [aiter] shape is M:10, N:2304, K:12288 dtype='torch.bfloat16' otype='torch.bfloat16' bias=False, scaleAB=False, bpreshuffle=False, not found tuned config in /tmp/aiter_configs/bf16_tuned_gemm.csv, will use default config! using torch solution:0
(Worker_TP0 pid=3936963) Capturing CUDA graphs (mixed prefill-decode, PIECEWISE):  98%|█████████▊| 47/48 [04:25<00:00,  2.49it/s][aiter] shape is M:5, N:128, K:6144 dtype='torch.float32' otype='torch.float32' bias=False, scaleAB=False, bpreshuffle=False, not found tuned config in /tmp/aiter_configs/bf16_tuned_gemm.csv, will use default config! using torch solution:0
(Worker_TP0 pid=3936963) [aiter] run_1stage = False, xbf16 = False, ksplit = 2 q_type = QuantType.per_1x32 block_m = 32 use_nt = True, estimated_m_per_expert = 0
(Worker_TP0 pid=3936963) [aiter] [fused_moe] using 2stage default for ('gfx950', 256, 8, 6144, 768, 129, 5, 'ActivationType.Swiglu', 'torch.bfloat16', 'torch.bfloat16', 'torch.float4_e2m1fn_x2', 'QuantType.per_1x32', True, False) 
(Worker_TP2 pid=3936965) [aiter] shape is M:5, N:128, K:6144 dtype='torch.float32' otype='torch.float32' bias=False, scaleAB=False, bpreshuffle=False, not found tuned config in /tmp/aiter_configs/bf16_tuned_gemm.csv, will use default config! using torch solution:0
(Worker_TP2 pid=3936965) [aiter] run_1stage = False, xbf16 = False, ksplit = 2 q_type = QuantType.per_1x32 block_m = 32 use_nt = True, estimated_m_per_expert = 0
(Worker_TP2 pid=3936965) [aiter] [fused_moe] using 2stage default for ('gfx950', 256, 8, 6144, 768, 129, 5, 'ActivationType.Swiglu', 'torch.bfloat16', 'torch.bfloat16', 'torch.float4_e2m1fn_x2', 'QuantType.per_1x32', True, False) 
(Worker_TP0 pid=3936963) Capturing CUDA graphs (mixed prefill-decode, PIECEWISE): 100%|██████████| 48/48 [04:25<00:00,  5.53s/it]
(Worker_TP0 pid=3936963) Capturing CUDA graphs (decode, FULL):   0%|          | 0/48 [00:00<?, ?it/s](Worker_TP1 pid=3936964) [aiter] shape is M:5, N:128, K:6144 dtype='torch.float32' otype='torch.float32' bias=False, scaleAB=False, bpreshuffle=False, not found tuned config in /tmp/aiter_configs/bf16_tuned_gemm.csv, will use default config! using torch solution:0
(Worker_TP1 pid=3936964) [aiter] run_1stage = False, xbf16 = False, ksplit = 2 q_type = QuantType.per_1x32 block_m = 32 use_nt = True, estimated_m_per_expert = 0
(Worker_TP1 pid=3936964) [aiter] [fused_moe] using 2stage default for ('gfx950', 256, 8, 6144, 768, 129, 5, 'ActivationType.Swiglu', 'torch.bfloat16', 'torch.bfloat16', 'torch.float4_e2m1fn_x2', 'QuantType.per_1x32', True, False) 
(Worker_TP3 pid=3936966) [aiter] shape is M:5, N:128, K:6144 dtype='torch.float32' otype='torch.float32' bias=False, scaleAB=False, bpreshuffle=False, not found tuned config in /tmp/aiter_configs/bf16_tuned_gemm.csv, will use default config! using torch solution:0
(Worker_TP3 pid=3936966) [aiter] run_1stage = False, xbf16 = False, ksplit = 2 q_type = QuantType.per_1x32 block_m = 32 use_nt = True, estimated_m_per_expert = 0
(Worker_TP3 pid=3936966) [aiter] [fused_moe] using 2stage default for ('gfx950', 256, 8, 6144, 768, 129, 5, 'ActivationType.Swiglu', 'torch.bfloat16', 'torch.bfloat16', 'torch.float4_e2m1fn_x2', 'QuantType.per_1x32', True, False) 
Capturing CUDA graphs (decode, FULL):   2%|▏         | 1/48 [00:00<00:05,  8.10it/s]Capturing CUDA graphs (decode, FULL):   4%|▍         | 2/48 [00:00<00:05,  8.18it/s]Capturing CUDA graphs (decode, FULL):   6%|▋         | 3/48 [00:00<00:05,  8.20it/s]Capturing CUDA graphs (decode, FULL):   8%|▊         | 4/48 [00:00<00:05,  8.21it/s]Capturing CUDA graphs (decode, FULL):  10%|█         | 5/48 [00:00<00:05,  8.19it/s]Capturing CUDA graphs (decode, FULL):  12%|█▎        | 6/48 [00:01<00:08,  4.69it/s]Capturing CUDA graphs (decode, FULL):  15%|█▍        | 7/48 [00:01<00:07,  5.46it/s]Capturing CUDA graphs (decode, FULL):  17%|█▋        | 8/48 [00:01<00:06,  6.15it/s]Capturing CUDA graphs (decode, FULL):  19%|█▉        | 9/48 [00:01<00:05,  6.73it/s]Capturing CUDA graphs (decode, FULL):  21%|██        | 10/48 [00:01<00:05,  7.16it/s]Capturing CUDA graphs (decode, FULL):  23%|██▎       | 11/48 [00:01<00:04,  7.49it/s]Capturing CUDA graphs (decode, FULL):  25%|██▌       | 12/48 [00:01<00:04,  7.73it/s]Capturing CUDA graphs (decode, FULL):  27%|██▋       | 13/48 [00:01<00:04,  7.90it/s]Capturing CUDA graphs (decode, FULL):  29%|██▉       | 14/48 [00:01<00:04,  8.01it/s]Capturing CUDA graphs (decode, FULL):  31%|███▏      | 15/48 [00:02<00:04,  8.13it/s]Capturing CUDA graphs (decode, FULL):  33%|███▎      | 16/48 [00:02<00:03,  8.13it/s][aiter] compile_template_op func_name = 'pa_ps_4331853e5d783a2810374702b377af58' with {'src_template': <Template memory:75653c7209b0>, 'md_name': 'pa_ps', 'includes': ['/shared/data/R7N/andy_luo_3v7/minimaxm3-agentx/overlays/aiter-sparse-indexer-cache-fusion-545d97c-266922c/csrc/cpp_itfs/pa/pa_ps.cuh'], 'sources': [], 'cxxflags': [], 'func_name': 'pa_ps_4331853e5d783a2810374702b377af58', 'folder': 'pa_ps_4331853e5d783a2810374702b377af58', 'kwargs': OrderedDict({'head_size': 128, 'query_group_size': 16, 'context_partition_num': 3, 'out_dtype': '__hip_bfloat16', 'logits_dtype': '__hip_bfloat16', 'sink_dtype': '__hip_bfloat16', 'use_sinks': False})}...
(Worker_TP0 pid=3936963) [aiter] start build /tmp/inferencex-minimaxm3-1409/home/.aiter/build/pa_ps_4331853e5d783a2810374702b377af58
(Worker_TP2 pid=3936965) [aiter] compile_template_op func_name = 'pa_ps_4331853e5d783a2810374702b377af58' with {'src_template': <Template memory:708b8795a9c0>, 'md_name': 'pa_ps', 'includes': ['/shared/data/R7N/andy_luo_3v7/minimaxm3-agentx/overlays/aiter-sparse-indexer-cache-fusion-545d97c-266922c/csrc/cpp_itfs/pa/pa_ps.cuh'], 'sources': [], 'cxxflags': [], 'func_name': 'pa_ps_4331853e5d783a2810374702b377af58', 'folder': 'pa_ps_4331853e5d783a2810374702b377af58', 'kwargs': OrderedDict({'head_size': 128, 'query_group_size': 16, 'context_partition_num': 3, 'out_dtype': '__hip_bfloat16', 'logits_dtype': '__hip_bfloat16', 'sink_dtype': '__hip_bfloat16', 'use_sinks': False})}...
(Worker_TP2 pid=3936965) [aiter] [pid=3936965 pname=VllmWorker-2] waiting for baton release at /tmp/inferencex-minimaxm3-1409/home/.aiter/build/pa_ps_4331853e5d783a2810374702b377af58/lock
(Worker_TP1 pid=3936964) [aiter] compile_template_op func_name = 'pa_ps_4331853e5d783a2810374702b377af58' with {'src_template': <Template memory:7776bba554c0>, 'md_name': 'pa_ps', 'includes': ['/shared/data/R7N/andy_luo_3v7/minimaxm3-agentx/overlays/aiter-sparse-indexer-cache-fusion-545d97c-266922c/csrc/cpp_itfs/pa/pa_ps.cuh'], 'sources': [], 'cxxflags': [], 'func_name': 'pa_ps_4331853e5d783a2810374702b377af58', 'folder': 'pa_ps_4331853e5d783a2810374702b377af58', 'kwargs': OrderedDict({'head_size': 128, 'query_group_size': 16, 'context_partition_num': 3, 'out_dtype': '__hip_bfloat16', 'logits_dtype': '__hip_bfloat16', 'sink_dtype': '__hip_bfloat16', 'use_sinks': False})}...
(Worker_TP1 pid=3936964) [aiter] [pid=3936964 pname=VllmWorker-1] waiting for baton release at /tmp/inferencex-minimaxm3-1409/home/.aiter/build/pa_ps_4331853e5d783a2810374702b377af58/lock
(Worker_TP3 pid=3936966) [aiter] compile_template_op func_name = 'pa_ps_4331853e5d783a2810374702b377af58' with {'src_template': <Template memory:7ea947ad9640>, 'md_name': 'pa_ps', 'includes': ['/shared/data/R7N/andy_luo_3v7/minimaxm3-agentx/overlays/aiter-sparse-indexer-cache-fusion-545d97c-266922c/csrc/cpp_itfs/pa/pa_ps.cuh'], 'sources': [], 'cxxflags': [], 'func_name': 'pa_ps_4331853e5d783a2810374702b377af58', 'folder': 'pa_ps_4331853e5d783a2810374702b377af58', 'kwargs': OrderedDict({'head_size': 128, 'query_group_size': 16, 'context_partition_num': 3, 'out_dtype': '__hip_bfloat16', 'logits_dtype': '__hip_bfloat16', 'sink_dtype': '__hip_bfloat16', 'use_sinks': False})}...
(Worker_TP3 pid=3936966) [aiter] [pid=3936966 pname=VllmWorker-3] waiting for baton release at /tmp/inferencex-minimaxm3-1409/home/.aiter/build/pa_ps_4331853e5d783a2810374702b377af58/lock
clang (LLVM option parsing): Unknown command line argument '-amdgpu-coerce-illegal-types=1'.  Try: 'clang (LLVM option parsing) --help'
clang (LLVM option parsing): Did you mean '--amdgpu-mode-register=1'?
failed to execute:/opt/rocm/lib/llvm/bin/clang++  --offload-arch=gfx950 --offload-arch=gfx950 --offload-arch=gfx950 --offload-arch=gfx950 --offload-arch=gfx950 --offload-arch=gfx950 --offload-arch=gfx950 --offload-arch=gfx950 -O3  -mllvm -amdgpu-coerce-illegal-types=1 -x hip -c /dev/null -o "/dev/null"
(Worker_TP0 pid=3936963) [aiter] -mllvm -amdgpu-coerce-illegal-types=1 is not supported by hipcc.
(Worker_TP0 pid=3936963) [aiter] finish build /tmp/inferencex-minimaxm3-1409/home/.aiter/build/pa_ps_4331853e5d783a2810374702b377af58, cost 14.14975612s
(Worker_TP0 pid=3936963) Capturing CUDA graphs (decode, FULL):  35%|███▌      | 17/48 [00:16<02:15,  4.38s/it]Capturing CUDA graphs (decode, FULL):  38%|███▊      | 18/48 [00:16<01:33,  3.10s/it]Capturing CUDA graphs (decode, FULL):  40%|███▉      | 19/48 [00:16<01:03,  2.21s/it]Capturing CUDA graphs (decode, FULL):  42%|████▏     | 20/48 [00:16<00:44,  1.58s/it]Capturing CUDA graphs (decode, FULL):  44%|████▍     | 21/48 [00:16<00:30,  1.14s/it]Capturing CUDA graphs (decode, FULL):  46%|████▌     | 22/48 [00:17<00:23,  1.09it/s]Capturing CUDA graphs (decode, FULL):  48%|████▊     | 23/48 [00:17<00:16,  1.47it/s]Capturing CUDA graphs (decode, FULL):  50%|█████     | 24/48 [00:17<00:12,  1.96it/s]Capturing CUDA graphs (decode, FULL):  52%|█████▏    | 25/48 [00:17<00:09,  2.55it/s]Capturing CUDA graphs (decode, FULL):  54%|█████▍    | 26/48 [00:17<00:06,  3.23it/s][aiter] compile_template_op func_name = 'pa_ps_45d4dc080d01c2828052fdbeafff3c3b' with {'src_template': <Template memory:75653c7209b0>, 'md_name': 'pa_ps', 'includes': ['/shared/data/R7N/andy_luo_3v7/minimaxm3-agentx/overlays/aiter-sparse-indexer-cache-fusion-545d97c-266922c/csrc/cpp_itfs/pa/pa_ps.cuh'], 'sources': [], 'cxxflags': [], 'func_name': 'pa_ps_45d4dc080d01c2828052fdbeafff3c3b', 'folder': 'pa_ps_45d4dc080d01c2828052fdbeafff3c3b', 'kwargs': OrderedDict({'head_size': 128, 'query_group_size': 16, 'context_partition_num': 4, 'out_dtype': '__hip_bfloat16', 'logits_dtype': '__hip_bfloat16', 'sink_dtype': '__hip_bfloat16', 'use_sinks': False})}...
(Worker_TP0 pid=3936963) [aiter] start build /tmp/inferencex-minimaxm3-1409/home/.aiter/build/pa_ps_45d4dc080d01c2828052fdbeafff3c3b
(Worker_TP3 pid=3936966) [aiter] compile_template_op func_name = 'pa_ps_45d4dc080d01c2828052fdbeafff3c3b' with {'src_template': <Template memory:7ea947ad9640>, 'md_name': 'pa_ps', 'includes': ['/shared/data/R7N/andy_luo_3v7/minimaxm3-agentx/overlays/aiter-sparse-indexer-cache-fusion-545d97c-266922c/csrc/cpp_itfs/pa/pa_ps.cuh'], 'sources': [], 'cxxflags': [], 'func_name': 'pa_ps_45d4dc080d01c2828052fdbeafff3c3b', 'folder': 'pa_ps_45d4dc080d01c2828052fdbeafff3c3b', 'kwargs': OrderedDict({'head_size': 128, 'query_group_size': 16, 'context_partition_num': 4, 'out_dtype': '__hip_bfloat16', 'logits_dtype': '__hip_bfloat16', 'sink_dtype': '__hip_bfloat16', 'use_sinks': False})}...
(Worker_TP3 pid=3936966) [aiter] [pid=3936966 pname=VllmWorker-3] waiting for baton release at /tmp/inferencex-minimaxm3-1409/home/.aiter/build/pa_ps_45d4dc080d01c2828052fdbeafff3c3b/lock
(Worker_TP1 pid=3936964) [aiter] compile_template_op func_name = 'pa_ps_45d4dc080d01c2828052fdbeafff3c3b' with {'src_template': <Template memory:7776bba554c0>, 'md_name': 'pa_ps', 'includes': ['/shared/data/R7N/andy_luo_3v7/minimaxm3-agentx/overlays/aiter-sparse-indexer-cache-fusion-545d97c-266922c/csrc/cpp_itfs/pa/pa_ps.cuh'], 'sources': [], 'cxxflags': [], 'func_name': 'pa_ps_45d4dc080d01c2828052fdbeafff3c3b', 'folder': 'pa_ps_45d4dc080d01c2828052fdbeafff3c3b', 'kwargs': OrderedDict({'head_size': 128, 'query_group_size': 16, 'context_partition_num': 4, 'out_dtype': '__hip_bfloat16', 'logits_dtype': '__hip_bfloat16', 'sink_dtype': '__hip_bfloat16', 'use_sinks': False})}...
(Worker_TP1 pid=3936964) [aiter] [pid=3936964 pname=VllmWorker-1] waiting for baton release at /tmp/inferencex-minimaxm3-1409/home/.aiter/build/pa_ps_45d4dc080d01c2828052fdbeafff3c3b/lock
(Worker_TP2 pid=3936965) [aiter] compile_template_op func_name = 'pa_ps_45d4dc080d01c2828052fdbeafff3c3b' with {'src_template': <Template memory:708b8795a9c0>, 'md_name': 'pa_ps', 'includes': ['/shared/data/R7N/andy_luo_3v7/minimaxm3-agentx/overlays/aiter-sparse-indexer-cache-fusion-545d97c-266922c/csrc/cpp_itfs/pa/pa_ps.cuh'], 'sources': [], 'cxxflags': [], 'func_name': 'pa_ps_45d4dc080d01c2828052fdbeafff3c3b', 'folder': 'pa_ps_45d4dc080d01c2828052fdbeafff3c3b', 'kwargs': OrderedDict({'head_size': 128, 'query_group_size': 16, 'context_partition_num': 4, 'out_dtype': '__hip_bfloat16', 'logits_dtype': '__hip_bfloat16', 'sink_dtype': '__hip_bfloat16', 'use_sinks': False})}...
(Worker_TP2 pid=3936965) [aiter] [pid=3936965 pname=VllmWorker-2] waiting for baton release at /tmp/inferencex-minimaxm3-1409/home/.aiter/build/pa_ps_45d4dc080d01c2828052fdbeafff3c3b/lock
(Worker_TP0 pid=3936963) [aiter] finish build /tmp/inferencex-minimaxm3-1409/home/.aiter/build/pa_ps_45d4dc080d01c2828052fdbeafff3c3b, cost 1.41645162s
(Worker_TP0 pid=3936963) Capturing CUDA graphs (decode, FULL):  56%|█████▋    | 27/48 [00:19<00:14,  1.47it/s]Capturing CUDA graphs (decode, FULL):  58%|█████▊    | 28/48 [00:19<00:11,  1.67it/s]Capturing CUDA graphs (decode, FULL):  60%|██████    | 29/48 [00:19<00:08,  2.19it/s]Capturing CUDA graphs (decode, FULL):  62%|██████▎   | 30/48 [00:20<00:06,  2.83it/s]Capturing CUDA graphs (decode, FULL):  65%|██████▍   | 31/48 [00:20<00:04,  3.55it/s]Capturing CUDA graphs (decode, FULL):  67%|██████▋   | 32/48 [00:20<00:03,  4.32it/s][aiter] compile_template_op func_name = 'pa_ps_57dcdec950f1285d882472c6064ca9dd' with {'src_template': <Template memory:75653c7209b0>, 'md_name': 'pa_ps', 'includes': ['/shared/data/R7N/andy_luo_3v7/minimaxm3-agentx/overlays/aiter-sparse-indexer-cache-fusion-545d97c-266922c/csrc/cpp_itfs/pa/pa_ps.cuh'], 'sources': [], 'cxxflags': [], 'func_name': 'pa_ps_57dcdec950f1285d882472c6064ca9dd', 'folder': 'pa_ps_57dcdec950f1285d882472c6064ca9dd', 'kwargs': OrderedDict({'head_size': 128, 'query_group_size': 16, 'context_partition_num': 5, 'out_dtype': '__hip_bfloat16', 'logits_dtype': '__hip_bfloat16', 'sink_dtype': '__hip_bfloat16', 'use_sinks': False})}...
(Worker_TP0 pid=3936963) [aiter] start build /tmp/inferencex-minimaxm3-1409/home/.aiter/build/pa_ps_57dcdec950f1285d882472c6064ca9dd
(Worker_TP3 pid=3936966) [aiter] compile_template_op func_name = 'pa_ps_57dcdec950f1285d882472c6064ca9dd' with {'src_template': <Template memory:7ea947ad9640>, 'md_name': 'pa_ps', 'includes': ['/shared/data/R7N/andy_luo_3v7/minimaxm3-agentx/overlays/aiter-sparse-indexer-cache-fusion-545d97c-266922c/csrc/cpp_itfs/pa/pa_ps.cuh'], 'sources': [], 'cxxflags': [], 'func_name': 'pa_ps_57dcdec950f1285d882472c6064ca9dd', 'folder': 'pa_ps_57dcdec950f1285d882472c6064ca9dd', 'kwargs': OrderedDict({'head_size': 128, 'query_group_size': 16, 'context_partition_num': 5, 'out_dtype': '__hip_bfloat16', 'logits_dtype': '__hip_bfloat16', 'sink_dtype': '__hip_bfloat16', 'use_sinks': False})}...
(Worker_TP3 pid=3936966) [aiter] [pid=3936966 pname=VllmWorker-3] waiting for baton release at /tmp/inferencex-minimaxm3-1409/home/.aiter/build/pa_ps_57dcdec950f1285d882472c6064ca9dd/lock
(Worker_TP1 pid=3936964) [aiter] compile_template_op func_name = 'pa_ps_57dcdec950f1285d882472c6064ca9dd' with {'src_template': <Template memory:7776bba554c0>, 'md_name': 'pa_ps', 'includes': ['/shared/data/R7N/andy_luo_3v7/minimaxm3-agentx/overlays/aiter-sparse-indexer-cache-fusion-545d97c-266922c/csrc/cpp_itfs/pa/pa_ps.cuh'], 'sources': [], 'cxxflags': [], 'func_name': 'pa_ps_57dcdec950f1285d882472c6064ca9dd', 'folder': 'pa_ps_57dcdec950f1285d882472c6064ca9dd', 'kwargs': OrderedDict({'head_size': 128, 'query_group_size': 16, 'context_partition_num': 5, 'out_dtype': '__hip_bfloat16', 'logits_dtype': '__hip_bfloat16', 'sink_dtype': '__hip_bfloat16', 'use_sinks': False})}...
(Worker_TP1 pid=3936964) [aiter] [pid=3936964 pname=VllmWorker-1] waiting for baton release at /tmp/inferencex-minimaxm3-1409/home/.aiter/build/pa_ps_57dcdec950f1285d882472c6064ca9dd/lock
(Worker_TP2 pid=3936965) [aiter] compile_template_op func_name = 'pa_ps_57dcdec950f1285d882472c6064ca9dd' with {'src_template': <Template memory:708b8795a9c0>, 'md_name': 'pa_ps', 'includes': ['/shared/data/R7N/andy_luo_3v7/minimaxm3-agentx/overlays/aiter-sparse-indexer-cache-fusion-545d97c-266922c/csrc/cpp_itfs/pa/pa_ps.cuh'], 'sources': [], 'cxxflags': [], 'func_name': 'pa_ps_57dcdec950f1285d882472c6064ca9dd', 'folder': 'pa_ps_57dcdec950f1285d882472c6064ca9dd', 'kwargs': OrderedDict({'head_size': 128, 'query_group_size': 16, 'context_partition_num': 5, 'out_dtype': '__hip_bfloat16', 'logits_dtype': '__hip_bfloat16', 'sink_dtype': '__hip_bfloat16', 'use_sinks': False})}...
(Worker_TP2 pid=3936965) [aiter] [pid=3936965 pname=VllmWorker-2] waiting for baton release at /tmp/inferencex-minimaxm3-1409/home/.aiter/build/pa_ps_57dcdec950f1285d882472c6064ca9dd/lock
(Worker_TP0 pid=3936963) [aiter] finish build /tmp/inferencex-minimaxm3-1409/home/.aiter/build/pa_ps_57dcdec950f1285d882472c6064ca9dd, cost 1.45934674s
(Worker_TP0 pid=3936963) Capturing CUDA graphs (decode, FULL):  69%|██████▉   | 33/48 [00:21<00:09,  1.57it/s]Capturing CUDA graphs (decode, FULL):  71%|███████   | 34/48 [00:21<00:06,  2.08it/s]Capturing CUDA graphs (decode, FULL):  73%|███████▎  | 35/48 [00:22<00:05,  2.18it/s][aiter] compile_template_op func_name = 'pa_ps_f95f4bb8adf849cff0d734e8f59f2c2b' with {'src_template': <Template memory:75653c7209b0>, 'md_name': 'pa_ps', 'includes': ['/shared/data/R7N/andy_luo_3v7/minimaxm3-agentx/overlays/aiter-sparse-indexer-cache-fusion-545d97c-266922c/csrc/cpp_itfs/pa/pa_ps.cuh'], 'sources': [], 'cxxflags': [], 'func_name': 'pa_ps_f95f4bb8adf849cff0d734e8f59f2c2b', 'folder': 'pa_ps_f95f4bb8adf849cff0d734e8f59f2c2b', 'kwargs': OrderedDict({'head_size': 128, 'query_group_size': 16, 'context_partition_num': 6, 'out_dtype': '__hip_bfloat16', 'logits_dtype': '__hip_bfloat16', 'sink_dtype': '__hip_bfloat16', 'use_sinks': False})}...
(Worker_TP0 pid=3936963) [aiter] start build /tmp/inferencex-minimaxm3-1409/home/.aiter/build/pa_ps_f95f4bb8adf849cff0d734e8f59f2c2b
(Worker_TP2 pid=3936965) [aiter] compile_template_op func_name = 'pa_ps_f95f4bb8adf849cff0d734e8f59f2c2b' with {'src_template': <Template memory:708b8795a9c0>, 'md_name': 'pa_ps', 'includes': ['/shared/data/R7N/andy_luo_3v7/minimaxm3-agentx/overlays/aiter-sparse-indexer-cache-fusion-545d97c-266922c/csrc/cpp_itfs/pa/pa_ps.cuh'], 'sources': [], 'cxxflags': [], 'func_name': 'pa_ps_f95f4bb8adf849cff0d734e8f59f2c2b', 'folder': 'pa_ps_f95f4bb8adf849cff0d734e8f59f2c2b', 'kwargs': OrderedDict({'head_size': 128, 'query_group_size': 16, 'context_partition_num': 6, 'out_dtype': '__hip_bfloat16', 'logits_dtype': '__hip_bfloat16', 'sink_dtype': '__hip_bfloat16', 'use_sinks': False})}...
(Worker_TP2 pid=3936965) [aiter] [pid=3936965 pname=VllmWorker-2] waiting for baton release at /tmp/inferencex-minimaxm3-1409/home/.aiter/build/pa_ps_f95f4bb8adf849cff0d734e8f59f2c2b/lock
(Worker_TP1 pid=3936964) [aiter] compile_template_op func_name = 'pa_ps_f95f4bb8adf849cff0d734e8f59f2c2b' with {'src_template': <Template memory:7776bba554c0>, 'md_name': 'pa_ps', 'includes': ['/shared/data/R7N/andy_luo_3v7/minimaxm3-agentx/overlays/aiter-sparse-indexer-cache-fusion-545d97c-266922c/csrc/cpp_itfs/pa/pa_ps.cuh'], 'sources': [], 'cxxflags': [], 'func_name': 'pa_ps_f95f4bb8adf849cff0d734e8f59f2c2b', 'folder': 'pa_ps_f95f4bb8adf849cff0d734e8f59f2c2b', 'kwargs': OrderedDict({'head_size': 128, 'query_group_size': 16, 'context_partition_num': 6, 'out_dtype': '__hip_bfloat16', 'logits_dtype': '__hip_bfloat16', 'sink_dtype': '__hip_bfloat16', 'use_sinks': False})}...
(Worker_TP1 pid=3936964) [aiter] [pid=3936964 pname=VllmWorker-1] waiting for baton release at /tmp/inferencex-minimaxm3-1409/home/.aiter/build/pa_ps_f95f4bb8adf849cff0d734e8f59f2c2b/lock
(Worker_TP3 pid=3936966) [aiter] compile_template_op func_name = 'pa_ps_f95f4bb8adf849cff0d734e8f59f2c2b' with {'src_template': <Template memory:7ea947ad9640>, 'md_name': 'pa_ps', 'includes': ['/shared/data/R7N/andy_luo_3v7/minimaxm3-agentx/overlays/aiter-sparse-indexer-cache-fusion-545d97c-266922c/csrc/cpp_itfs/pa/pa_ps.cuh'], 'sources': [], 'cxxflags': [], 'func_name': 'pa_ps_f95f4bb8adf849cff0d734e8f59f2c2b', 'folder': 'pa_ps_f95f4bb8adf849cff0d734e8f59f2c2b', 'kwargs': OrderedDict({'head_size': 128, 'query_group_size': 16, 'context_partition_num': 6, 'out_dtype': '__hip_bfloat16', 'logits_dtype': '__hip_bfloat16', 'sink_dtype': '__hip_bfloat16', 'use_sinks': False})}...
(Worker_TP3 pid=3936966) [aiter] [pid=3936966 pname=VllmWorker-3] waiting for baton release at /tmp/inferencex-minimaxm3-1409/home/.aiter/build/pa_ps_f95f4bb8adf849cff0d734e8f59f2c2b/lock
(Worker_TP0 pid=3936963) [aiter] finish build /tmp/inferencex-minimaxm3-1409/home/.aiter/build/pa_ps_f95f4bb8adf849cff0d734e8f59f2c2b, cost 1.42398024s
(Worker_TP0 pid=3936963) Capturing CUDA graphs (decode, FULL):  75%|███████▌  | 36/48 [00:23<00:09,  1.27it/s]Capturing CUDA graphs (decode, FULL):  77%|███████▋  | 37/48 [00:24<00:06,  1.71it/s][aiter] compile_template_op func_name = 'pa_ps_854ae9e94347156b92bc3b571f2c0106' with {'src_template': <Template memory:75653c7209b0>, 'md_name': 'pa_ps', 'includes': ['/shared/data/R7N/andy_luo_3v7/minimaxm3-agentx/overlays/aiter-sparse-indexer-cache-fusion-545d97c-266922c/csrc/cpp_itfs/pa/pa_ps.cuh'], 'sources': [], 'cxxflags': [], 'func_name': 'pa_ps_854ae9e94347156b92bc3b571f2c0106', 'folder': 'pa_ps_854ae9e94347156b92bc3b571f2c0106', 'kwargs': OrderedDict({'head_size': 128, 'query_group_size': 16, 'context_partition_num': 7, 'out_dtype': '__hip_bfloat16', 'logits_dtype': '__hip_bfloat16', 'sink_dtype': '__hip_bfloat16', 'use_sinks': False})}...
(Worker_TP0 pid=3936963) [aiter] start build /tmp/inferencex-minimaxm3-1409/home/.aiter/build/pa_ps_854ae9e94347156b92bc3b571f2c0106
(Worker_TP2 pid=3936965) [aiter] compile_template_op func_name = 'pa_ps_854ae9e94347156b92bc3b571f2c0106' with {'src_template': <Template memory:708b8795a9c0>, 'md_name': 'pa_ps', 'includes': ['/shared/data/R7N/andy_luo_3v7/minimaxm3-agentx/overlays/aiter-sparse-indexer-cache-fusion-545d97c-266922c/csrc/cpp_itfs/pa/pa_ps.cuh'], 'sources': [], 'cxxflags': [], 'func_name': 'pa_ps_854ae9e94347156b92bc3b571f2c0106', 'folder': 'pa_ps_854ae9e94347156b92bc3b571f2c0106', 'kwargs': OrderedDict({'head_size': 128, 'query_group_size': 16, 'context_partition_num': 7, 'out_dtype': '__hip_bfloat16', 'logits_dtype': '__hip_bfloat16', 'sink_dtype': '__hip_bfloat16', 'use_sinks': False})}...
(Worker_TP2 pid=3936965) [aiter] [pid=3936965 pname=VllmWorker-2] waiting for baton release at /tmp/inferencex-minimaxm3-1409/home/.aiter/build/pa_ps_854ae9e94347156b92bc3b571f2c0106/lock
(Worker_TP1 pid=3936964) [aiter] compile_template_op func_name = 'pa_ps_854ae9e94347156b92bc3b571f2c0106' with {'src_template': <Template memory:7776bba554c0>, 'md_name': 'pa_ps', 'includes': ['/shared/data/R7N/andy_luo_3v7/minimaxm3-agentx/overlays/aiter-sparse-indexer-cache-fusion-545d97c-266922c/csrc/cpp_itfs/pa/pa_ps.cuh'], 'sources': [], 'cxxflags': [], 'func_name': 'pa_ps_854ae9e94347156b92bc3b571f2c0106', 'folder': 'pa_ps_854ae9e94347156b92bc3b571f2c0106', 'kwargs': OrderedDict({'head_size': 128, 'query_group_size': 16, 'context_partition_num': 7, 'out_dtype': '__hip_bfloat16', 'logits_dtype': '__hip_bfloat16', 'sink_dtype': '__hip_bfloat16', 'use_sinks': False})}...
(Worker_TP1 pid=3936964) [aiter] [pid=3936964 pname=VllmWorker-1] waiting for baton release at /tmp/inferencex-minimaxm3-1409/home/.aiter/build/pa_ps_854ae9e94347156b92bc3b571f2c0106/lock
(Worker_TP3 pid=3936966) [aiter] compile_template_op func_name = 'pa_ps_854ae9e94347156b92bc3b571f2c0106' with {'src_template': <Template memory:7ea947ad9640>, 'md_name': 'pa_ps', 'includes': ['/shared/data/R7N/andy_luo_3v7/minimaxm3-agentx/overlays/aiter-sparse-indexer-cache-fusion-545d97c-266922c/csrc/cpp_itfs/pa/pa_ps.cuh'], 'sources': [], 'cxxflags': [], 'func_name': 'pa_ps_854ae9e94347156b92bc3b571f2c0106', 'folder': 'pa_ps_854ae9e94347156b92bc3b571f2c0106', 'kwargs': OrderedDict({'head_size': 128, 'query_group_size': 16, 'context_partition_num': 7, 'out_dtype': '__hip_bfloat16', 'logits_dtype': '__hip_bfloat16', 'sink_dtype': '__hip_bfloat16', 'use_sinks': False})}...
(Worker_TP3 pid=3936966) [aiter] [pid=3936966 pname=VllmWorker-3] waiting for baton release at /tmp/inferencex-minimaxm3-1409/home/.aiter/build/pa_ps_854ae9e94347156b92bc3b571f2c0106/lock
(Worker_TP0 pid=3936963) [aiter] finish build /tmp/inferencex-minimaxm3-1409/home/.aiter/build/pa_ps_854ae9e94347156b92bc3b571f2c0106, cost 1.41220763s
(Worker_TP0 pid=3936963) Capturing CUDA graphs (decode, FULL):  79%|███████▉  | 38/48 [00:25<00:08,  1.15it/s]Capturing CUDA graphs (decode, FULL):  81%|████████▏ | 39/48 [00:25<00:05,  1.55it/s]Capturing CUDA graphs (decode, FULL):  83%|████████▎ | 40/48 [00:25<00:03,  2.05it/s]Capturing CUDA graphs (decode, FULL):  85%|████████▌ | 41/48 [00:25<00:02,  2.66it/s]Capturing CUDA graphs (decode, FULL):  88%|████████▊ | 42/48 [00:26<00:01,  3.37it/s]Capturing CUDA graphs (decode, FULL):  90%|████████▉ | 43/48 [00:26<00:01,  4.13it/s]Capturing CUDA graphs (decode, FULL):  92%|█████████▏| 44/48 [00:26<00:00,  4.91it/s]Capturing CUDA graphs (decode, FULL):  94%|█████████▍| 45/48 [00:26<00:00,  5.62it/s]Capturing CUDA graphs (decode, FULL):  96%|█████████▌| 46/48 [00:26<00:00,  6.25it/s]Capturing CUDA graphs (decode, FULL):  98%|█████████▊| 47/48 [00:26<00:00,  6.81it/s]Capturing CUDA graphs (decode, FULL): 100%|██████████| 48/48 [00:27<00:00,  4.37it/s]Capturing CUDA graphs (decode, FULL): 100%|██████████| 48/48 [00:27<00:00,  1.78it/s]
(Worker_TP0 pid=3936963) [aiter] Registering 5952 cuda graph addresses
(Worker_TP3 pid=3936966) [aiter] Registering 5952 cuda graph addresses
(Worker_TP1 pid=3936964) [aiter] Registering 5952 cuda graph addresses
(Worker_TP2 pid=3936965) [aiter] Registering 5952 cuda graph addresses
(Worker_TP1 pid=3936964) INFO 08-25 18:15:43 [gpu_worker.py:726] CUDA graph pool memory: 0.98 GiB (actual), 2.31 GiB (estimated), difference: 1.33 GiB (135.7%).
(Worker_TP1 pid=3936964) INFO 08-25 18:15:43 [gpu_worker.py:789] Free memory on device (279.8/287.98 GiB) on startup. Desired GPU memory utilization is (0.85, 244.79 GiB). Actual usage is 62.29 GiB for consumed memory (weights + non-torch), 7.81 GiB for peak activation, and 0.98 GiB for CUDAGraph memory. Replace gpu_memory_utilization config with `--kv-cache-memory=186361780122` (173.56 GiB) to fit into requested memory, or `--kv-cache-memory=223957843456` (208.58 GiB) to fully utilize gpu memory. Current kv cache memory in use is 174.69 GiB.
(Worker_TP1 pid=3936964) [aiter] shape is M:256, N:128, K:6144 dtype='torch.float32' otype='torch.float32' bias=False, scaleAB=False, bpreshuffle=False, not found tuned config in /tmp/aiter_configs/bf16_tuned_gemm.csv, will use default config! using torch solution:0
(Worker_TP1 pid=3936964) [aiter] [fused_moe] using 2stage (kernelName1='flydsl_moe1_afp4_wfp4_bf16_t64x128x256_w4_xcd4_fp4', kernelName2='flydsl_moe2_afp4_wfp4_bf16_t64x128x256_reduce_bnt2') for ('gfx950', 256, 256, 6144, 768, 129, 5, 'ActivationType.Swiglu', 'torch.bfloat16', 'torch.float4_e2m1fn_x2', 'torch.float4_e2m1fn_x2', 'QuantType.per_1x32', True, False) 
(Worker_TP3 pid=3936966) INFO 08-25 18:15:43 [gpu_worker.py:726] CUDA graph pool memory: 0.98 GiB (actual), 2.31 GiB (estimated), difference: 1.33 GiB (135.7%).
(Worker_TP3 pid=3936966) INFO 08-25 18:15:43 [gpu_worker.py:789] Free memory on device (279.74/287.98 GiB) on startup. Desired GPU memory utilization is (0.85, 244.79 GiB). Actual usage is 62.32 GiB for consumed memory (weights + non-torch), 7.81 GiB for peak activation, and 0.98 GiB for CUDAGraph memory. Replace gpu_memory_utilization config with `--kv-cache-memory=186328225690` (173.53 GiB) to fit into requested memory, or `--kv-cache-memory=223857180160` (208.48 GiB) to fully utilize gpu memory. Current kv cache memory in use is 174.66 GiB.
(Worker_TP3 pid=3936966) [aiter] shape is M:256, N:128, K:6144 dtype='torch.float32' otype='torch.float32' bias=False, scaleAB=False, bpreshuffle=False, not found tuned config in /tmp/aiter_configs/bf16_tuned_gemm.csv, will use default config! using torch solution:0
(Worker_TP3 pid=3936966) [aiter] [fused_moe] using 2stage (kernelName1='flydsl_moe1_afp4_wfp4_bf16_t64x128x256_w4_xcd4_fp4', kernelName2='flydsl_moe2_afp4_wfp4_bf16_t64x128x256_reduce_bnt2') for ('gfx950', 256, 256, 6144, 768, 129, 5, 'ActivationType.Swiglu', 'torch.bfloat16', 'torch.float4_e2m1fn_x2', 'torch.float4_e2m1fn_x2', 'QuantType.per_1x32', True, False) 
(Worker_TP0 pid=3936963) INFO 08-25 18:15:43 [gpu_model_runner.py:6913] Graph capturing finished in 294 secs, took 0.98 GiB
(Worker_TP0 pid=3936963) INFO 08-25 18:15:43 [gpu_worker.py:726] CUDA graph pool memory: 0.98 GiB (actual), 2.31 GiB (estimated), difference: 1.33 GiB (135.7%).
(Worker_TP0 pid=3936963) INFO 08-25 18:15:43 [gpu_worker.py:789] Free memory on device (279.99/287.98 GiB) on startup. Desired GPU memory utilization is (0.85, 244.79 GiB). Actual usage is 62.2 GiB for consumed memory (weights + non-torch), 7.81 GiB for peak activation, and 0.98 GiB for CUDAGraph memory. Replace gpu_memory_utilization config with `--kv-cache-memory=186462443418` (173.66 GiB) to fit into requested memory, or `--kv-cache-memory=224259833344` (208.86 GiB) to fully utilize gpu memory. Current kv cache memory in use is 174.78 GiB.
(Worker_TP0 pid=3936963) [aiter] shape is M:256, N:128, K:6144 dtype='torch.float32' otype='torch.float32' bias=False, scaleAB=False, bpreshuffle=False, not found tuned config in /tmp/aiter_configs/bf16_tuned_gemm.csv, will use default config! using torch solution:0
(Worker_TP0 pid=3936963) [aiter] [fused_moe] using 2stage (kernelName1='flydsl_moe1_afp4_wfp4_bf16_t64x128x256_w4_xcd4_fp4', kernelName2='flydsl_moe2_afp4_wfp4_bf16_t64x128x256_reduce_bnt2') for ('gfx950', 256, 256, 6144, 768, 129, 5, 'ActivationType.Swiglu', 'torch.bfloat16', 'torch.float4_e2m1fn_x2', 'torch.float4_e2m1fn_x2', 'QuantType.per_1x32', True, False) 
(Worker_TP1 pid=3936964) [aiter] shape is M:256, N:2304, K:12288 dtype='torch.bfloat16' otype='torch.bfloat16' bias=False, scaleAB=False, bpreshuffle=False, not found tuned config in /tmp/aiter_configs/bf16_tuned_gemm.csv, will use default config! using torch solution:0
(Worker_TP2 pid=3936965) INFO 08-25 18:15:44 [gpu_worker.py:726] CUDA graph pool memory: 0.98 GiB (actual), 2.31 GiB (estimated), difference: 1.33 GiB (135.7%).
(Worker_TP2 pid=3936965) INFO 08-25 18:15:44 [gpu_worker.py:789] Free memory on device (279.8/287.98 GiB) on startup. Desired GPU memory utilization is (0.85, 244.79 GiB). Actual usage is 62.29 GiB for consumed memory (weights + non-torch), 7.81 GiB for peak activation, and 0.98 GiB for CUDAGraph memory. Replace gpu_memory_utilization config with `--kv-cache-memory=186361780122` (173.56 GiB) to fit into requested memory, or `--kv-cache-memory=223957843456` (208.58 GiB) to fully utilize gpu memory. Current kv cache memory in use is 174.69 GiB.
(Worker_TP2 pid=3936965) [aiter] shape is M:256, N:128, K:6144 dtype='torch.float32' otype='torch.float32' bias=False, scaleAB=False, bpreshuffle=False, not found tuned config in /tmp/aiter_configs/bf16_tuned_gemm.csv, will use default config! using torch solution:0
(Worker_TP2 pid=3936965) [aiter] [fused_moe] using 2stage (kernelName1='flydsl_moe1_afp4_wfp4_bf16_t64x128x256_w4_xcd4_fp4', kernelName2='flydsl_moe2_afp4_wfp4_bf16_t64x128x256_reduce_bnt2') for ('gfx950', 256, 256, 6144, 768, 129, 5, 'ActivationType.Swiglu', 'torch.bfloat16', 'torch.float4_e2m1fn_x2', 'torch.float4_e2m1fn_x2', 'QuantType.per_1x32', True, False) 
(Worker_TP3 pid=3936966) [aiter] shape is M:256, N:2304, K:12288 dtype='torch.bfloat16' otype='torch.bfloat16' bias=False, scaleAB=False, bpreshuffle=False, not found tuned config in /tmp/aiter_configs/bf16_tuned_gemm.csv, will use default config! using torch solution:0
(Worker_TP0 pid=3936963) [aiter] shape is M:256, N:2304, K:12288 dtype='torch.bfloat16' otype='torch.bfloat16' bias=False, scaleAB=False, bpreshuffle=False, not found tuned config in /tmp/aiter_configs/bf16_tuned_gemm.csv, will use default config! using torch solution:0
(Worker_TP2 pid=3936965) [aiter] shape is M:256, N:2304, K:12288 dtype='torch.bfloat16' otype='torch.bfloat16' bias=False, scaleAB=False, bpreshuffle=False, not found tuned config in /tmp/aiter_configs/bf16_tuned_gemm.csv, will use default config! using torch solution:0
(Worker_TP0 pid=3936963) INFO 08-25 18:15:44 [jit_monitor.py:79] Kernel JIT monitor activated; monitored JIT compilations during inference will use mode=warn.
(Worker_TP1 pid=3936964) INFO 08-25 18:15:44 [jit_monitor.py:79] Kernel JIT monitor activated; monitored JIT compilations during inference will use mode=warn.
(Worker_TP3 pid=3936966) INFO 08-25 18:15:44 [jit_monitor.py:79] Kernel JIT monitor activated; monitored JIT compilations during inference will use mode=warn.
(Worker_TP2 pid=3936965) INFO 08-25 18:15:44 [jit_monitor.py:79] Kernel JIT monitor activated; monitored JIT compilations during inference will use mode=warn.
(EngineCore pid=3936686) INFO 08-25 18:15:45 [core.py:348] init engine (profile, create kv cache, warmup model) took 515.19 s (compilation: 4.63 s)
(EngineCore pid=3936686) INFO 08-25 18:15:45 [factory.py:62] Creating v1 connector with name: SimpleCPUOffloadConnector and engine_id: 96aac920-03da-41ea-af8a-ec1a47626271
(EngineCore pid=3936686) WARNING 08-25 18:15:45 [base.py:202] Initializing KVConnectorBase_V1. This API is experimental and subject to change in the future as we iterate the design.
(EngineCore pid=3936686) INFO 08-25 18:15:45 [simple_cpu_offload_connector.py:95] SimpleCPUOffloadConnector: role=SCHEDULER, per_rank=374.75 GB, world_size=4, mode=lazy
(EngineCore pid=3936686) INFO 08-25 18:15:45 [manager.py:113] SimpleCPUOffloadScheduler: Allocating 137204 CPU blocks (374.75 GB, mode=lazy)
(EngineCore pid=3936686) INFO 08-25 18:15:46 [registry.py:134] All limits of multimodal modalities supported by the model are set to 0, running in text-only mode.
(EngineCore pid=3936686) INFO 08-25 18:15:46 [kernel.py:306] Final IR op priority after setting platform defaults: IrOpPriorityConfig(rms_norm=['aiter', 'native'], fused_add_rms_norm=['aiter', 'native'])
(EngineCore pid=3936686) INFO 08-25 18:15:46 [compilation.py:329] Enabled custom fusions: norm_quant, act_quant, allreduce_rms, mla_dual_rms_norm
(APIServer pid=3935433) INFO 08-25 18:15:46 [api_server.py:678] Supported tasks: ['generate']
(APIServer pid=3935433) INFO 08-25 18:15:46 [parser_manager.py:37] "auto" tool choice has been enabled.
(APIServer pid=3935433) INFO 08-25 18:15:47 [hf.py:540] Detected the chat template content format to be 'openai'. You can set `--chat-template-content-format` to override this.
(APIServer pid=3935433) WARNING 08-25 18:15:47 [model.py:1637] Default vLLM sampling parameters have been overridden by the model's `generation_config.json`: `{'temperature': 1.0, 'top_p': 0.95}`. If this is not intended, please relaunch vLLM instance with `--generation-config vllm`.
(APIServer pid=3935433) INFO 08-25 18:15:47 [api_server.py:682] Starting vLLM server on http://0.0.0.0:8886
(APIServer pid=3935433) INFO 08-25 18:15:47 [launcher.py:37] Available routes are:
(APIServer pid=3935433) INFO 08-25 18:15:47 [launcher.py:46] Route: /openapi.json, Methods: GET, HEAD
(APIServer pid=3935433) INFO 08-25 18:15:47 [launcher.py:46] Route: /docs, Methods: GET, HEAD
(APIServer pid=3935433) INFO 08-25 18:15:47 [launcher.py:46] Route: /docs/oauth2-redirect, Methods: GET, HEAD
(APIServer pid=3935433) INFO 08-25 18:15:47 [launcher.py:46] Route: /redoc, Methods: GET, HEAD
(APIServer pid=3935433) INFO 08-25 18:15:47 [launcher.py:46] Route: /load, Methods: GET
(APIServer pid=3935433) INFO 08-25 18:15:47 [launcher.py:46] Route: /version, Methods: GET
(APIServer pid=3935433) INFO 08-25 18:15:47 [launcher.py:46] Route: /health, Methods: GET
(APIServer pid=3935433) INFO 08-25 18:15:47 [launcher.py:46] Route: /metrics, Methods: GET
(APIServer pid=3935433) INFO 08-25 18:15:47 [launcher.py:46] Route: /tokenize, Methods: POST
(APIServer pid=3935433) INFO 08-25 18:15:47 [launcher.py:46] Route: /detokenize, Methods: POST
(APIServer pid=3935433) INFO 08-25 18:15:47 [launcher.py:46] Route: /v1/models, Methods: GET
(APIServer pid=3935433) INFO 08-25 18:15:47 [launcher.py:46] Route: /ping, Methods: GET
(APIServer pid=3935433) INFO 08-25 18:15:47 [launcher.py:46] Route: /ping, Methods: POST
(APIServer pid=3935433) INFO 08-25 18:15:47 [launcher.py:46] Route: /invocations, Methods: POST
(APIServer pid=3935433) INFO 08-25 18:15:47 [launcher.py:46] Route: /v1/chat/completions, Methods: POST
(APIServer pid=3935433) INFO 08-25 18:15:47 [launcher.py:46] Route: /v1/chat/completions/batch, Methods: POST
(APIServer pid=3935433) INFO 08-25 18:15:47 [launcher.py:46] Route: /v1/responses, Methods: POST
(APIServer pid=3935433) INFO 08-25 18:15:47 [launcher.py:46] Route: /v1/responses/{response_id}, Methods: GET
(APIServer pid=3935433) INFO 08-25 18:15:47 [launcher.py:46] Route: /v1/responses/{response_id}/cancel, Methods: POST
(APIServer pid=3935433) INFO 08-25 18:15:47 [launcher.py:46] Route: /v1/completions, Methods: POST
(APIServer pid=3935433) INFO 08-25 18:15:47 [launcher.py:46] Route: /v1/messages, Methods: POST
(APIServer pid=3935433) INFO 08-25 18:15:47 [launcher.py:46] Route: /v1/messages/count_tokens, Methods: POST
(APIServer pid=3935433) INFO 08-25 18:15:47 [launcher.py:46] Route: /generative_scoring, Methods: POST
(APIServer pid=3935433) INFO 08-25 18:15:47 [launcher.py:46] Route: /scale_elastic_ep, Methods: POST
(APIServer pid=3935433) INFO 08-25 18:15:47 [launcher.py:46] Route: /is_scaling_elastic_ep, Methods: POST
(APIServer pid=3935433) INFO 08-25 18:15:47 [launcher.py:46] Route: /v1/chat/completions/render, Methods: POST
(APIServer pid=3935433) INFO 08-25 18:15:47 [launcher.py:46] Route: /v1/completions/render, Methods: POST
(APIServer pid=3935433) INFO 08-25 18:15:47 [launcher.py:46] Route: /v1/chat/completions/derender, Methods: POST
(APIServer pid=3935433) INFO 08-25 18:15:47 [launcher.py:46] Route: /v1/completions/derender, Methods: POST
(APIServer pid=3935433) INFO 08-25 18:15:47 [launcher.py:46] Route: /inference/v1/generate, Methods: POST
(APIServer pid=3935433) INFO 08-25 18:15:47 [launcher.py:99] API server: waiting for HTTP server to start
(APIServer pid=3935433) INFO:     Started server process [3935433]
(APIServer pid=3935433) INFO:     Waiting for application startup.
(APIServer pid=3935433) INFO:     Application startup complete.
(APIServer pid=3935433) INFO 08-25 18:15:48 [launcher.py:105] API server: HTTP server started
+ tee /shared/data/R7N/andy_luo_3v7/minimaxm3-agentx/results/mtp-k4-aiter-full-indexer-vllm-simple-v19-tp4-c30-full-indexer-complete-curve-20260825-r1/benchmark.log
+ /tmp/inferencex-minimaxm3-1409/runs/mtp-k4-aiter-full-indexer-vllm-simple-v19-tp4-c30-full-indexer-complete-curve-20260825-r1/venv/bin/aiperf profile --scenario inferencex-agentx-mvp --url http://localhost:8886 --endpoint /v1/chat/completions --endpoint-type chat --streaming --model amd/MiniMax-M3-MXFP4 --tokenizer amd/MiniMax-M3-MXFP4 --concurrency 30 --benchmark-duration 3600 --stats-interval 30 --random-seed 42 --failed-request-threshold 0.10 --trajectory-start-min-ratio 0.25 --trajectory-start-max-ratio 0.75 --warmup-requests-per-lane 10 --trace-idle-gap-cap-seconds 300 --warmup-grace-period 1800 --use-server-token-count --no-gpu-telemetry --tokenizer-trust-remote-code --num-dataset-entries 393 --slice-duration 1.0 --server-metrics http://localhost:8886/metrics --output-artifact-dir /shared/data/R7N/andy_luo_3v7/minimaxm3-agentx/results/mtp-k4-aiter-full-indexer-vllm-simple-v19-tp4-c30-full-indexer-complete-curve-20260825-r1/aiperf_artifacts --public-dataset semianalysis_cc_traces_weka_062126 --apply-chat-template
18:15:50.959 INFO     Starting AIPerf System (_single_run.py:64)
18:15:50.969 INFO     Scenario 'inferencex-agentx-mvp': setting profiling-phase timing_mode=agentic_replay. (validator.py:226)
18:15:50.969 INFO     Scenario 'inferencex-agentx-mvp': injecting extra_inputs.ignore_eos=true (was absent). (validator.py:285)
18:15:50.970 INFO     Scenario 'inferencex-agentx-mvp': auto-set --cache-bust=first_turn_prefix (was at default none). (validator.py:538)
18:15:50.970 INFO     Scenario 'inferencex-agentx-mvp': auto-set --system-idle-gap-cap-seconds=10.0 (was unset). (validator.py:779)
18:15:51.185 INFO     GPU telemetry disabled via --no-gpu-telemetry (system_controller.py:269)
18:15:51.196 INFO     Registered Worker Manager (id: 'worker_manager') (system_controller.py:413)
18:15:51.226 INFO     Server Metrics: Discovered 1 endpoints: ['http://localhost:8886/metrics'] (manager.py:97)
18:15:51.258 INFO     Telemetry streaming is disabled (set --otel-url and/or --mlflow-tracking-uri to enable) (otel_metrics_results_processor.py:127)
18:15:51.260 INFO     Record metrics export enabled: /shared/data/R7N/andy_luo_3v7/minimaxm3-agentx/results/mtp-k4-aiter-full-indexer-vllm-simple-v19-tp4-c30-full-indexer-complete-curve-20260825-r1/aiperf_artifacts/profile_export.jsonl (record_export_jsonl_writer.py:62)
18:15:51.294 INFO     Registered Record Processor (id: 'record_processor_c5eab5cb') (system_controller.py:413)
18:15:51.297 INFO     Registered Records Manager (id: 'records_manager') (system_controller.py:413)
18:15:51.306 INFO     Registered Record Processor (id: 'record_processor_65f1611a') (system_controller.py:413)
18:15:51.306 INFO     Registered Record Processor (id: 'record_processor_feb366ac') (system_controller.py:413)
18:15:51.310 INFO     Registered Record Processor (id: 'record_processor_0fb1c5f0') (system_controller.py:413)
18:15:51.350 INFO     Registered Server Metrics Manager (id: 'server_metrics_manager') (system_controller.py:413)
18:15:51.350 INFO     Registered Dataset Manager (id: 'dataset_manager') (system_controller.py:413)
18:15:51.368 INFO     Registered Timing Manager (id: 'timing_manager') (system_controller.py:413)
18:15:51.373 INFO     Registered Worker (id: 'worker_6b6cde31') (system_controller.py:413)
18:15:51.380 INFO     Registered Worker (id: 'worker_746b0565') (system_controller.py:413)
18:15:51.387 INFO     Registered Worker (id: 'worker_3ae3712f') (system_controller.py:413)
18:15:51.395 INFO     Registered Record Processor (id: 'record_processor_5cddfc37') (system_controller.py:413)
18:15:51.396 INFO     Registered Record Processor (id: 'record_processor_b6e83a3e') (system_controller.py:413)
18:15:51.396 INFO     Registered Record Processor (id: 'record_processor_b3b49a07') (system_controller.py:413)
18:15:51.400 INFO     Registered Worker (id: 'worker_5a801d84') (system_controller.py:413)
18:15:51.401 INFO     Registered Worker (id: 'worker_cd8a3b7b') (system_controller.py:413)
18:15:51.401 INFO     Registered Worker (id: 'worker_3c231b2e') (system_controller.py:413)
18:15:51.409 INFO     Registered Worker (id: 'worker_1eb4f4f6') (system_controller.py:413)
18:15:51.420 INFO     Registered Worker (id: 'worker_74ebcd9d') (system_controller.py:413)
18:15:51.420 INFO     Registered Worker (id: 'worker_8574f0d4') (system_controller.py:413)
18:15:51.427 INFO     Registered Worker (id: 'worker_8ca713d3') (system_controller.py:413)
18:15:51.427 INFO     Registered Worker (id: 'worker_1622dfcb') (system_controller.py:413)
18:15:51.431 INFO     Registered Worker (id: 'worker_269fb097') (system_controller.py:413)
18:15:51.432 INFO     Registered Worker (id: 'worker_4ae446ce') (system_controller.py:413)
18:15:51.434 INFO     Registered Worker (id: 'worker_07a92af1') (system_controller.py:413)
18:15:51.435 INFO     Registered Worker (id: 'worker_4d11ca1f') (system_controller.py:413)
18:15:51.438 INFO     Registered Worker (id: 'worker_6d16ff32') (system_controller.py:413)
18:15:51.440 INFO     Registered Worker (id: 'worker_363ab3cb') (system_controller.py:413)
18:15:51.440 INFO     Registered Worker (id: 'worker_531c9194') (system_controller.py:413)
18:15:51.440 INFO     Registered Worker (id: 'worker_369e462e') (system_controller.py:413)
18:15:51.469 INFO     Registered Worker (id: 'worker_55f56253') (system_controller.py:413)
18:15:51.479 INFO     Registered Worker (id: 'worker_4206e2e8') (system_controller.py:413)
18:15:51.494 INFO     Registered Worker (id: 'worker_48009063') (system_controller.py:413)
18:15:51.509 INFO     Registered Worker (id: 'worker_4c359749') (system_controller.py:413)
18:15:51.515 INFO     Registered Worker (id: 'worker_974bdde9') (system_controller.py:413)
18:15:51.516 INFO     Registered Worker (id: 'worker_cb6be425') (system_controller.py:413)
18:15:51.548 INFO     Registered Worker (id: 'worker_225be658') (system_controller.py:413)
18:15:51.551 INFO     Registered Worker (id: 'worker_a0401e60') (system_controller.py:413)
18:15:51.551 INFO     Registered Worker (id: 'worker_b7de4f20') (system_controller.py:413)
18:15:51.559 INFO     Registered Worker (id: 'worker_d0126ec9') (system_controller.py:413)
18:15:51.559 INFO     Registered Worker (id: 'worker_ff68ee71') (system_controller.py:413)
18:15:51.687 INFO     AIPerf System is CONFIGURING (system_controller.py:294)
18:15:51.687 INFO     Configuring all services to start profiling (system_controller.py:307)
18:15:51.687 INFO     Waiting for dataset to be configured before configuring timing (manager.py:124)
18:15:51.687 INFO     Tokenization is disabled for this endpoint, skipping tokenizer configuration (inference_result_parser.py:80)
18:15:51.687 INFO     Tokenization is disabled for this endpoint, skipping tokenizer configuration (inference_result_parser.py:80)
18:15:51.687 INFO     Tokenization is disabled for this endpoint, skipping tokenizer configuration (inference_result_parser.py:80)
18:15:51.687 INFO     Tokenization is disabled for this endpoint, skipping tokenizer configuration (inference_result_parser.py:80)
18:15:51.688 INFO     Tokenization is disabled for this endpoint, skipping tokenizer configuration (inference_result_parser.py:80)
18:15:51.688 INFO     Tokenization is disabled for this endpoint, skipping tokenizer configuration (inference_result_parser.py:80)
18:15:51.688 INFO     Tokenization is disabled for this endpoint, skipping tokenizer configuration (inference_result_parser.py:80)
18:15:51.690 INFO     Configuring tokenizer(s) for dataset manager (dataset_manager.py:240)
18:15:51.699 INFO     Server Metrics: Capturing baseline metrics... (manager.py:191)
18:15:51.722 INFO     Skipping unsupported summary metric: http_request_size_bytes (data_collector.py:308)
18:15:51.722 INFO     Skipping unsupported summary metric: http_response_size_bytes (data_collector.py:308)
18:15:51.722 INFO     Server metrics enabled - 1/1 endpoint(s) reachable. (system_controller.py:592)
18:15:51.723 INFO     Waiting for result domains: profile, server_metrics (system_controller.py:869)
18:15:52.469 INFO     HTTP Request: HEAD https://huggingface.co/amd/MiniMax-M3-MXFP4/resolve/main/config.json "HTTP/1.1 307 Temporary Redirect" (_client.py:1025)
18:15:52.476 INFO     HTTP Request: HEAD https://huggingface.co/api/resolve-cache/models/amd/MiniMax-M3-MXFP4/b83d14e3d64bf373a207f3c2a7e9f0b0f1e7fc3a/config.json "HTTP/1.1 200 OK" (_client.py:1025)
18:15:52.539 INFO     HTTP Request: HEAD https://huggingface.co/amd/MiniMax-M3-MXFP4/resolve/main/configuration_minimax_m3_vl.py "HTTP/1.1 307 Temporary Redirect" (_client.py:1025)
18:15:52.548 INFO     HTTP Request: HEAD https://huggingface.co/api/resolve-cache/models/amd/MiniMax-M3-MXFP4/b83d14e3d64bf373a207f3c2a7e9f0b0f1e7fc3a/configuration_minimax_m3_vl.py "HTTP/1.1 200 OK" (_client.py:1025)
18:15:52.595 INFO     HTTP Request: HEAD https://huggingface.co/amd/MiniMax-M3-MXFP4/resolve/main/config.json "HTTP/1.1 307 Temporary Redirect" (_client.py:1025)
18:15:52.595 WARNING  Warning: You are sending unauthenticated requests to the HF Hub. Please set a HF_TOKEN to enable higher rate limits and faster downloads. (_http.py:955)
18:15:52.603 INFO     HTTP Request: HEAD https://huggingface.co/api/resolve-cache/models/amd/MiniMax-M3-MXFP4/b83d14e3d64bf373a207f3c2a7e9f0b0f1e7fc3a/config.json "HTTP/1.1 200 OK" (_client.py:1025)
18:15:52.644 INFO     HTTP Request: HEAD https://huggingface.co/amd/MiniMax-M3-MXFP4/resolve/main/tokenizer_config.json "HTTP/1.1 307 Temporary Redirect" (_client.py:1025)
18:15:52.651 INFO     HTTP Request: HEAD https://huggingface.co/api/resolve-cache/models/amd/MiniMax-M3-MXFP4/b83d14e3d64bf373a207f3c2a7e9f0b0f1e7fc3a/tokenizer_config.json "HTTP/1.1 200 OK" (_client.py:1025)
18:15:52.700 INFO     HTTP Request: GET https://huggingface.co/api/models/amd/MiniMax-M3-MXFP4/tree/main/additional_chat_templates?recursive=false&expand=false "HTTP/1.1 404 Not Found" (_client.py:1025)
18:15:52.740 INFO     HTTP Request: GET https://huggingface.co/api/models/amd/MiniMax-M3-MXFP4/tree/main?recursive=true&expand=false "HTTP/1.1 200 OK" (_client.py:1025)
18:15:53.334 INFO     HTTP Request: GET https://huggingface.co/api/models/amd/MiniMax-M3-MXFP4 "HTTP/1.1 200 OK" (_client.py:1025)
18:15:53.357 INFO     Tokenizer(s) configured in 1.67 seconds (dataset_manager.py:244)
18:15:53.357 INFO     Configuring dataset for dataset_manager (dataset_manager.py:250)
18:15:54.067 INFO     Loading HuggingFace dataset 'semianalysisai/cc-traces-weka-062126' (split=train) (base_hf_dataset.py:48)
18:15:54.930 INFO     HTTP Request: HEAD https://huggingface.co/datasets/semianalysisai/cc-traces-weka-062126/resolve/main/README.md "HTTP/1.1 307 Temporary Redirect" (_client.py:1025)
18:15:54.938 INFO     HTTP Request: HEAD https://huggingface.co/api/resolve-cache/datasets/semianalysisai/cc-traces-weka-062126/23f152f6f0f9399a85901b89a6458def0ef16729/README.md "HTTP/1.1 200 OK" (_client.py:1025)
18:15:54.980 INFO     HTTP Request: HEAD https://huggingface.co/datasets/semianalysisai/cc-traces-weka-062126/resolve/23f152f6f0f9399a85901b89a6458def0ef16729/cc-traces-weka-062126.py "HTTP/1.1 404 Not Found" (_client.py:1025)
18:15:55.076 INFO     HTTP Request: HEAD https://s3.amazonaws.com/datasets.huggingface.co/datasets/datasets/semianalysisai/cc-traces-weka-062126/semianalysisai/cc-traces-weka-062126.py "HTTP/1.1 404 Not Found" (_client.py:1025)
18:15:55.117 INFO     HTTP Request: GET https://huggingface.co/api/datasets/semianalysisai/cc-traces-weka-062126/revision/23f152f6f0f9399a85901b89a6458def0ef16729 "HTTP/1.1 200 OK" (_client.py:1025)
18:15:55.162 INFO     HTTP Request: HEAD https://huggingface.co/datasets/semianalysisai/cc-traces-weka-062126/resolve/23f152f6f0f9399a85901b89a6458def0ef16729/.huggingface.yaml "HTTP/1.1 404 Not Found" (_client.py:1025)
18:15:55.494 INFO     HTTP Request: GET https://datasets-server.huggingface.co/info?dataset=semianalysisai/cc-traces-weka-062126 "HTTP/1.1 200 OK" (_client.py:1025)
18:15:55.554 INFO     HTTP Request: GET https://huggingface.co/api/datasets/semianalysisai/cc-traces-weka-062126/tree/23f152f6f0f9399a85901b89a6458def0ef16729?recursive=false&expand=false "HTTP/1.1 200 OK" (_client.py:1025)
18:15:55.597 INFO     HTTP Request: HEAD https://huggingface.co/datasets/semianalysisai/cc-traces-weka-062126/resolve/23f152f6f0f9399a85901b89a6458def0ef16729/dataset_infos.json "HTTP/1.1 404 Not Found" (_client.py:1025)
18:16:16.459 INFO     weka trace selection [semianalysisai/cc-traces-weka-062126]: scanned 393, rejected_by_maxctx 0 (--max-context-length=None), eligible 393, loaded 393 (--num-dataset-entries=393), largest_observed_peak_context 996,579 (selection.py:73)
18:16:16.461 INFO     Loaded 393/393 eligible traces (filter-then-cap; --num-dataset-entries=393, --max-context-length=None) (semianalysis_cc_traces_weka.py:207)
18:16:41.023 INFO     WekaTraceLoader: spawning 16 worker process(es) for parallel reconstruction of 393 trace(s) (weka_trace.py:2433)
18:16:49.428 INFO     WekaTraceLoader: reconstructed 39/393 (10%) in 6.3s (6.2 traces/s) (weka_parallel_convert.py:751)
18:16:49.428 INFO     WekaTraceLoader: reconstructed 78/393 (20%) in 6.3s (12.4 traces/s) (weka_parallel_convert.py:751)
18:16:49.428 INFO     WekaTraceLoader: reconstructed 117/393 (30%) in 6.3s (18.6 traces/s) (weka_parallel_convert.py:751)
18:17:05.262 INFO     WekaTraceLoader: reconstructed 156/393 (40%) in 22.1s (7.0 traces/s) (weka_parallel_convert.py:751)
18:17:05.263 INFO     WekaTraceLoader: reconstructed 195/393 (50%) in 22.1s (8.8 traces/s) (weka_parallel_convert.py:751)
18:17:05.263 INFO     WekaTraceLoader: reconstructed 234/393 (60%) in 22.1s (10.6 traces/s) (weka_parallel_convert.py:751)
18:17:05.263 INFO     WekaTraceLoader: reconstructed 273/393 (69%) in 22.1s (12.3 traces/s) (weka_parallel_convert.py:751)
18:17:05.263 INFO     WekaTraceLoader: reconstructed 312/393 (79%) in 22.1s (14.1 traces/s) (weka_parallel_convert.py:751)
18:17:05.263 INFO     WekaTraceLoader: reconstructed 351/393 (89%) in 22.1s (15.9 traces/s) (weka_parallel_convert.py:751)
18:17:05.263 INFO     WekaTraceLoader: reconstructed 390/393 (99%) in 22.1s (17.6 traces/s) (weka_parallel_convert.py:751)
18:17:05.263 INFO     WekaTraceLoader: reconstructed 393/393 (100%) in 22.1s (17.8 traces/s) (weka_parallel_convert.py:751)
18:17:05.320 INFO     WekaTraceLoader: workers finished in 29.7s; assembling Conversation objects (weka_trace.py:2448)
18:17:16.862 INFO     WekaTraceLoader: flattened-agent detection split 289 trace(s) into 1422 extra agent chain(s) (819 aux sidecars [114 reductions], 3 worker-group members, 2977 seams merged, 0 empty-hash requests kept on main) (weka_trace.py:1522)
18:17:16.862 INFO     WekaTraceLoader: reconstructed 9843 conversation(s) in 41.2s (total load+synth+reconstruct: 41.2s) (weka_trace.py:1533)
18:17:18.585 INFO     Memory-mapped backing store initialized (streaming to /tmp/inferencex-minimaxm3-1409/tmp/aiperf_mmap_8802b4e74fc7/dataset.dat) (memory_map_utils.py:160)
18:17:30.768 INFO     Data file finalized: 9843 conversations, 6,345.21 MB (memory_map_utils.py:288)
18:17:30.770 INFO     Index file created: /tmp/inferencex-minimaxm3-1409/tmp/aiperf_mmap_8802b4e74fc7/index.dat (memory_map_utils.py:295)
18:17:30.770 INFO     Backing store finalized: client_type=DatasetClientStoreType.MEMORY_MAP format=MemoryMapFormat.CONVERSATION data_file_path=PosixPath('/tmp/inferencex-minimaxm3-1409/tmp/aiperf_mmap_8802b4e74fc7/dataset.dat') index_file_path=PosixPath('/tmp/inferencex-minimaxm3-1409/tmp/aiperf_mmap_8802b4e74fc7/index.dat') conversation_count=9843 total_size_bytes=6653432650 compressed=False compressed_data_file_path=None compressed_index_file_path=None compressed_size_bytes=0 (dataset_manager.py:969)
18:17:32.260 INFO     sampling strategy: sequential, unique conversations: 9843, unique turn count: 98827 (dataset_manager.py:987)
18:17:32.455 INFO     Skipping inputs.json generation (dataset_manager.py:254)
18:17:32.957 INFO     TrajectorySource: built 30 trajectories from 393 traces (trajectory_source.py:413)
18:17:32.957 INFO       range cfg=[0.25, 0.75]  observed sample pct: min= 34% median= 56% max= 75% (trajectory_source.py:418)
18:17:32.957 INFO         lane=00  sample_time= 53%  root_next= 84/130 ( 65% turns)  live=1 ready=1  trace_id=002001296e8a8c38ad9d7cc436d691afc602 (trajectory_source.py:420)
18:17:32.957 INFO         lane=01  sample_time= 49%  root_next=  5/33  ( 15% turns)  live=1 ready=1  trace_id=006c98de37d819e95b0840e25426bb7ca99d (trajectory_source.py:420)
18:17:32.957 INFO         lane=02  sample_time= 67%  root_next= 24/29  ( 83% turns)  live=1 ready=1  trace_id=00ca01c4aaeccee751ae6285beb54dea262f (trajectory_source.py:420)
18:17:32.957 INFO         lane=03  sample_time= 56%  root_next= 82/191 ( 43% turns)  live=1 ready=1  trace_id=0196085d85d2075a50b74cd8795ffbdcea9a (trajectory_source.py:420)
18:17:32.957 INFO         lane=04  sample_time= 47%  root_next=  0/13  (  0% turns)  live=1 ready=1  trace_id=02bc0afb13f7a2d9efa86c28511261d85c0e (trajectory_source.py:420)
18:17:32.957 INFO         lane=05  sample_time= 47%  root_next= 19/40  ( 48% turns)  live=1 ready=1  trace_id=03e110ac6921c2fe9ac7772a9654314a2beb (trajectory_source.py:420)
18:17:32.957 INFO         lane=06  sample_time= 74%  root_next=  0/54  (  0% turns)  live=13 ready=13  trace_id=0470d446a4514dfe0c6ad0be92853bd13287 (trajectory_source.py:420)
18:17:32.957 INFO         lane=07  sample_time= 35%  root_next=  3/7   ( 43% turns)  live=1 ready=1  trace_id=04dba6fe621301a1d01fd63b8d02c9645c48 (trajectory_source.py:420)
18:17:32.957 INFO         lane=08  sample_time= 75%  root_next= 32/34  ( 94% turns)  live=1 ready=1  trace_id=05c249572509162371b7b82339674db64b5d (trajectory_source.py:420)
18:17:32.957 INFO         lane=09  sample_time= 42%  root_next= 49/52  ( 94% turns)  live=1 ready=1  trace_id=05f72f78a037cfa5cd4e4541960a574701d9 (trajectory_source.py:420)
18:17:32.957 INFO         lane=10  sample_time= 66%  root_next=  0/1   (  0% turns)  live=1 ready=1  trace_id=063179eb93f4337a662e859c5a2c5638e03f (trajectory_source.py:420)
18:17:32.957 INFO         lane=11  sample_time= 49%  root_next=210/219 ( 96% turns)  live=1 ready=1  trace_id=069d7bf5f1efb4e76e3c84510367e6af78a5 (trajectory_source.py:420)
18:17:32.957 INFO         lane=12  sample_time= 43%  root_next= 25/34  ( 74% turns)  live=1 ready=1  trace_id=077ea9e6554f45bbad9c24a8462bae9a8512 (trajectory_source.py:420)
18:17:32.957 INFO         lane=13  sample_time= 68%  root_next=  8/9   ( 89% turns)  live=3 ready=2  trace_id=07dd40536557a1d6440a923557c3129dc929 (trajectory_source.py:420)
18:17:32.957 INFO         lane=14  sample_time= 62%  root_next=  6/19  ( 32% turns)  live=2 ready=2  trace_id=085411a4cc4b15108dd9b50007261a2efb65 (trajectory_source.py:420)
18:17:32.957 INFO         lane=15  sample_time= 59%  root_next=349/352 ( 99% turns)  live=1 ready=1  trace_id=085aacf44ac5428ad3c6b4f6cd431e083832 (trajectory_source.py:420)
18:17:32.957 INFO         lane=16  sample_time= 34%  root_next= 20/33  ( 61% turns)  live=1 ready=1  trace_id=0a279af1bec84c6ab033bb03f5d8bfd6b08d (trajectory_source.py:420)
18:17:32.957 INFO         lane=17  sample_time= 68%  root_next= 21/31  ( 68% turns)  live=1 ready=1  trace_id=0a688303b1ae62a97607af8021f2130c2caf (trajectory_source.py:420)
18:17:32.957 INFO         lane=18  sample_time= 69%  root_next=  0/138 (  0% turns)  live=1 ready=1  trace_id=0b7f3ca692f15ae2651a310d9411d70794aa (trajectory_source.py:420)
18:17:32.957 INFO         lane=19  sample_time= 42%  root_next=  7/16  ( 44% turns)  live=1 ready=1  trace_id=0bc9c4f798d321286bf39f2543c0c4e4c059 (trajectory_source.py:420)
18:17:32.957 INFO         lane=20  sample_time= 50%  root_next= 19/24  ( 79% turns)  live=1 ready=1  trace_id=0bcd99353218b9a386b1c4aec13d77abecdb (trajectory_source.py:420)
18:17:32.957 INFO         lane=21  sample_time= 67%  root_next= 25/46  ( 54% turns)  live=1 ready=1  trace_id=0bed163ac9566086e14ffd85c7481096d49d (trajectory_source.py:420)
18:17:32.957 INFO         lane=22  sample_time= 70%  root_next=  6/32  ( 19% turns)  live=1 ready=1  trace_id=0d41be2aa98333f3662682210647e5971c7b (trajectory_source.py:420)
18:17:32.957 INFO         lane=23  sample_time= 48%  root_next= 16/28  ( 57% turns)  live=1 ready=1  trace_id=0d8a816e4819b765d81ff748da94d463f3b2 (trajectory_source.py:420)
18:17:32.957 INFO         lane=24  sample_time= 67%  root_next=  4/53  (  8% turns)  live=1 ready=1  trace_id=0db32e2f852a2ea24ed616b31975a84da5e4 (trajectory_source.py:420)
18:17:32.957 INFO         lane=25  sample_time= 72%  root_next= 42/43  ( 98% turns)  live=1 ready=1  trace_id=0dedb07b5e4362b028db9d8ab90fff7fd4ad (trajectory_source.py:420)
18:17:32.957 INFO         lane=26  sample_time= 34%  root_next=  9/26  ( 35% turns)  live=1 ready=1  trace_id=0e4206535a79f980e2b1091181202ea987fe (trajectory_source.py:420)
18:17:32.957 INFO         lane=27  sample_time= 56%  root_next=  4/19  ( 21% turns)  live=1 ready=1  trace_id=0ede42538334da8586bc60008762abfc0ab7 (trajectory_source.py:420)
18:17:32.957 INFO         lane=28  sample_time= 62%  root_next=  0/2   (  0% turns)  live=1 ready=1  trace_id=0f909e7d63c0d5e1f060d727ada25d910d89 (trajectory_source.py:420)
18:17:32.957 INFO         lane=29  sample_time= 37%  root_next= 66/84  ( 79% turns)  live=1 ready=1  trace_id=1007f04d2c64580308858bb42f292992929d (trajectory_source.py:420)
18:17:32.957 INFO     Initialized 2 phase(s): ['Warmup', 'Profiling'] (phase_orchestrator.py:228)
18:17:33.592 INFO     Dataset client initialized and freed 9843 conversations from memory (dataset_manager.py:327)
18:17:35.401 INFO     Populated mmap cache entry /tmp/inferencex-minimaxm3-1409/traces/d39618aaf52a41de9ccbb156453af2c3 (mmap_cache.py:640)
18:17:35.401 INFO     Dataset configured in 102.04 seconds (dataset_manager.py:263)
18:17:35.402 INFO     All services configured in 103.71 seconds (system_controller.py:318)
18:17:35.402 INFO     AIPerf System is CONFIGURED (system_controller.py:296)
18:17:35.403 INFO     Server Metrics: Started 1 collector(s) successfully (manager.py:281)
18:17:35.403 INFO     All services started profiling successfully (system_controller.py:340)
18:17:35.403 INFO     AIPerf System is PROFILING (system_controller.py:298)
18:17:35.504 NOTICE   Phase warmup (warmup) started | target: 331 requests (runner.py:593)
18:17:35.505 INFO     WARMUP execute: dispatching 31 trajectory credits (agentic_replay.py:654)
18:17:35.505 INFO     Credit phase start: warmup (records_manager.py:998)
18:17:35.506 INFO     WARMUP count budget: 10 additional requests per lane after 31 mandatory snapshot primers (agentic_replay.py:713)
18:17:35.506 INFO     WARMUP spread: 8.8s ramp aligning 31 request(s) on t* (earliest fires at 0, last at 8.8s) (agentic_replay.py:752)
18:18:05.508 INFO     Phase warmup progress | returned=9/331 | sent=31 | in_flight=22 | errors=0 | elapsed=30.0s (runner.py:1254)
18:18:37.507 INFO     Phase warmup progress | returned=20/331 | sent=31 | in_flight=11 | errors=0 | elapsed=62.0s (runner.py:1254)
18:19:07.509 INFO     Phase warmup progress | returned=25/331 | sent=31 | in_flight=6 | errors=0 | elapsed=92.0s (runner.py:1254)
18:19:37.512 INFO     Phase warmup progress | returned=27/331 | sent=31 | in_flight=4 | errors=0 | elapsed=122.0s (runner.py:1254)
18:19:59.394 INFO     Replay interval barriers active: 98827 requests, 61136 gated turns, join-widths={1: 51527, 2: 6771, 3: 1804, 4: 492, 5: 149, 6: 80, 7: 62, 8: 89, 9: 74, 10: 52, 11: 21, 12: 11, 13: 2, 14: 2} (replay_dependencies.py:231)
18:19:59.395 INFO     WARMUP cache pressure: replaying live trajectories until each lane reaches 10 additional requests with zero idle delay and max_tokens=1 (agentic_replay.py:803)
18:20:07.518 INFO     Phase warmup progress | returned=72/331 | sent=108 | in_flight=36 | errors=0 | elapsed=152.0s (runner.py:1254)
18:20:37.521 INFO     Phase warmup progress | returned=74/331 | sent=109 | in_flight=35 | errors=0 | elapsed=182.0s (runner.py:1254)
18:21:07.523 INFO     Phase warmup progress | returned=232/331 | sent=259 | in_flight=27 | errors=0 | elapsed=212.0s (runner.py:1254)
18:21:37.529 INFO     Phase warmup progress | returned=265/331 | sent=291 | in_flight=26 | errors=0 | elapsed=242.0s (runner.py:1254)
18:21:47.399 INFO     WARMUP cache pressure request budget reached: 10 additional requests on each of 30 lanes; draining requests (agentic_replay.py:494)
18:21:47.399 NOTICE   Phase warmup (warmup) sending complete | sent=331, completed=324, in_flight=7 | sessions: sent=33, completed=10 (runner.py:1039)
18:21:49.700 INFO     All accelerated-warmup wire requests returned; preserving paused DAG work for profiling handoff. (runner.py:989)
18:21:49.701 NOTICE   Phase warmup (warmup) complete | completed=331, cancelled=0, errors=0 | sessions: completed=11, cancelled=0 | elapsed=254.20s (runner.py:1162)
18:21:49.701 INFO     Global system-idle cap summary: limit=10s, jumps=0, skipped=0.000s (agentic_replay.py:956)
18:21:49.701 INFO     Server Metrics: Warmup complete, capturing final warmup metrics... (manager.py:304)
18:21:49.703 INFO     WARMUP cache pressure handoff: persisted 60 live streams (agentic_replay.py:972)
18:21:49.703 INFO     BranchOrchestrator stats: spawned=47 completed=11 errored=0 suspended=11 resumed=4 parents_failed_due_to_child_error=0 joins_suppressed=0 delayed=0 (branch_orchestrator.py:1782)
18:21:49.703 INFO     Session-tree slots for phase warmup: peak_open=30 (target concurrency 30); released 26 still-open at teardown; late_events=0 (runner.py:551)
18:21:49.809 INFO     Replay interval barriers active: 98827 requests, 61136 gated turns, join-widths={1: 51527, 2: 6771, 3: 1804, 4: 492, 5: 149, 6: 80, 7: 62, 8: 89, 9: 74, 10: 52, 11: 21, 12: 11, 13: 2, 14: 2} (replay_dependencies.py:231)
18:21:49.809 INFO     PROFILING setup: 30 trajectory lanes; recycle draws roots from the dataset sampler (agentic_replay.py:429)
18:21:49.809 INFO     PROFILING: 4 rootless + 7 gated-parent lanes of 30 dispatch no root credit at start and hold a lane credit instead (so they still count toward concurrency); rootless lanes recycle into a fresh root once their background subagents drain (agentic_replay.py:435)
18:21:49.809 NOTICE   Phase profiling (profiling) started | phase_index=0 | profiling_index=0 | target: 3600.0s duration (runner.py:593)
18:21:49.810 INFO     Credit phase start: profiling (records_manager.py:998)
18:21:49.812 INFO     Waiting for event 'profiling phase sending' with timeout of 3599.99722669s (runner.py:1220)
18:21:49.812 INFO     PROFILING execute: resuming 30 trajectory sessions (spread; first-request spread 69244.3s) (agentic_replay.py:1328)
18:22:21.361 INFO     [realtime 00:31 profiling] (records_manager.py:1345)
18:22:21.361 INFO       rps=1.4 (avg 1.4)  tput_in=45,720/s  tput_out=421/s  done=44 ok=44 err=0 (records_manager.py:1345)
18:22:21.361 INFO       ttft    p50=  220ms  p75=1,007ms  p95=2,347ms  p99= 3,120ms (records_manager.py:1345)
18:22:21.361 INFO       itl     p50=    7ms  p75=    8ms  p95=   43ms  p99=   118ms (records_manager.py:1345)
18:22:21.361 INFO       e2e     p50=1,363ms  p75=3,968ms  p95=9,551ms  p99=16,751ms (records_manager.py:1345)
18:22:21.361 INFO       intvty  p50=    145  p75=    159  p95=    183  p99=     194  (1/tpot tok/s) (records_manager.py:1345)
18:22:21.361 INFO       isl     p50= 30,322  p75= 44,309  p90= 54,298  p99=  85,871  (tokens) (records_manager.py:1345)
18:22:21.361 INFO       osl     p50=    135  p75=    361  p90=    691  p99=   1,651  (tokens) (records_manager.py:1345)
18:22:21.361 INFO       tot     in=1,434,278  out=13,215 (records_manager.py:1345)
18:22:21.361 INFO       trace  theoretical_prefix_cache_hit=96.0% (records_manager.py:1345)
18:22:21.361 INFO       srv    prefix_cache_hit=75.2% unique_in_srv=369,790 ext_cache_hit=0.0% kv_usage=1.9% queue=3r/0w tput_in_srv=47,691/s tput_out_srv=438/s (records_manager.py:1345)
18:22:51.427 INFO     [realtime 01:01 profiling] (records_manager.py:1345)
18:22:51.427 INFO       rps=1.2 (avg 1.3)  tput_in=63,198/s  tput_out=372/s  done=79 ok=79 err=0 (records_manager.py:1345)
18:22:51.427 INFO       ttft    p50=  224ms  p75=  341ms  p95=2,236ms  p99= 3,080ms (records_manager.py:1345)
18:22:51.427 INFO       itl     p50=    6ms  p75=    7ms  p95=   18ms  p99=   111ms (records_manager.py:1345)
18:22:51.427 INFO       e2e     p50=1,152ms  p75=3,075ms  p95=9,149ms  p99=13,351ms (records_manager.py:1345)
18:22:51.427 INFO       intvty  p50=    165  p75=    186  p95=    225  p99=     331  (1/tpot tok/s) (records_manager.py:1345)
18:22:51.427 INFO       isl     p50= 46,154  p75= 59,728  p90= 96,004  p99= 108,910  (tokens) (records_manager.py:1345)
18:22:51.427 INFO       osl     p50=    134  p75=    325  p90=    635  p99=   1,820  (tokens) (records_manager.py:1345)
18:22:51.427 INFO       tot     in=3,756,140  out=22,125 (records_manager.py:1345)
18:22:51.427 INFO       trace  theoretical_prefix_cache_hit=96.1% (records_manager.py:1345)
18:22:51.428 INFO       srv    prefix_cache_hit=87.4% unique_in_srv=501,070 ext_cache_hit=15.3% kv_usage=3.1% queue=3r/0w tput_in_srv=65,155/s tput_out_srv=388/s (records_manager.py:1345)
18:23:21.521 INFO     [realtime 01:31 profiling] (records_manager.py:1345)
18:23:21.521 INFO       rps=0.8 (avg 1.1)  tput_in=62,240/s  tput_out=403/s  done=104 ok=104 err=0 (records_manager.py:1345)
18:23:21.521 INFO       ttft    p50=  229ms  p75=  284ms  p95=1,989ms  p99= 3,035ms (records_manager.py:1345)
18:23:21.521 INFO       itl     p50=    6ms  p75=    7ms  p95=   13ms  p99=   104ms (records_manager.py:1345)
18:23:21.521 INFO       e2e     p50=1,332ms  p75=3,132ms  p95=9,416ms  p99=14,839ms (records_manager.py:1345)
18:23:21.521 INFO       intvty  p50=    172  p75=    197  p95=    231  p99=     246  (1/tpot tok/s) (records_manager.py:1345)
18:23:21.521 INFO       isl     p50= 50,802  p75= 68,922  p90=107,502  p99= 112,002  (tokens) (records_manager.py:1345)
18:23:21.521 INFO       osl     p50=    143  p75=    396  p90=    740  p99=   2,001  (tokens) (records_manager.py:1345)
18:23:21.521 INFO       tot     in=5,667,808  out=36,663 (records_manager.py:1345)
18:23:21.521 INFO       trace  theoretical_prefix_cache_hit=96.2% (records_manager.py:1345)
18:23:21.521 INFO       srv    prefix_cache_hit=90.8% unique_in_srv=535,292 ext_cache_hit=14.3% kv_usage=2.0% queue=2r/0w tput_in_srv=63,001/s tput_out_srv=402/s (records_manager.py:1345)
18:23:51.657 INFO     [realtime 02:01 profiling] (records_manager.py:1345)
18:23:51.657 INFO       rps=0.9 (avg 1.1)  tput_in=60,255/s  tput_out=393/s  done=130 ok=130 err=0 (records_manager.py:1345)
18:23:51.657 INFO       ttft    p50=  227ms  p75=  269ms  p95=1,801ms  p99= 2,851ms (records_manager.py:1345)
18:23:51.657 INFO       itl     p50=    5ms  p75=    6ms  p95=    9ms  p99=    88ms (records_manager.py:1345)
18:23:51.657 INFO       e2e     p50=1,247ms  p75=3,132ms  p95=9,303ms  p99=14,640ms (records_manager.py:1345)
18:23:51.657 INFO       intvty  p50=    183  p75=    208  p95=    248  p99=     805  (1/tpot tok/s) (records_manager.py:1345)
18:23:51.657 INFO       isl     p50= 51,790  p75= 74,648  p90=105,708  p99= 111,916  (tokens) (records_manager.py:1345)
18:23:51.657 INFO       osl     p50=    146  p75=    452  p90=    757  p99=   2,508  (tokens) (records_manager.py:1345)
18:23:51.657 INFO       tot     in=7,319,575  out=47,763 (records_manager.py:1345)
18:23:51.657 INFO       trace  theoretical_prefix_cache_hit=96.2% (records_manager.py:1345)
18:23:51.657 INFO       srv    prefix_cache_hit=92.2% unique_in_srv=578,064 ext_cache_hit=13.2% kv_usage=0.9% queue=2r/0w tput_in_srv=60,784/s tput_out_srv=395/s (records_manager.py:1345)
18:24:21.819 INFO     [realtime 02:32 profiling] (records_manager.py:1345)
18:24:21.819 INFO       rps=1.9 (avg 1.2)  tput_in=67,598/s  tput_out=411/s  done=187 ok=187 err=0 (records_manager.py:1345)
18:24:21.819 INFO       ttft    p50=  222ms  p75=  272ms  p95=1,420ms  p99= 2,447ms (records_manager.py:1345)
18:24:21.819 INFO       itl     p50=    6ms  p75=    7ms  p95=    8ms  p99=    53ms (records_manager.py:1345)
18:24:21.819 INFO       e2e     p50=1,223ms  p75=3,035ms  p95=8,006ms  p99=14,013ms (records_manager.py:1345)
18:24:21.819 INFO       intvty  p50=    174  p75=    201  p95=    245  p99=     669  (1/tpot tok/s) (records_manager.py:1345)
18:24:21.819 INFO       isl     p50= 49,729  p75= 69,704  p90=102,641  p99= 111,727  (tokens) (records_manager.py:1345)
18:24:21.819 INFO       osl     p50=    142  p75=    395  p90=    705  p99=   2,106  (tokens) (records_manager.py:1345)
18:24:21.819 INFO       tot     in=10,210,538  out=62,049 (records_manager.py:1345)
18:24:21.819 INFO       trace  theoretical_prefix_cache_hit=96.1% (records_manager.py:1345)
18:24:21.819 INFO       srv    prefix_cache_hit=92.6% unique_in_srv=767,764 ext_cache_hit=10.0% kv_usage=2.4% queue=3r/0w tput_in_srv=68,636/s tput_out_srv=445/s (records_manager.py:1345)
18:24:52.011 INFO     [realtime 03:02 profiling] (records_manager.py:1345)
18:24:52.011 INFO       rps=1.4 (avg 1.3)  tput_in=75,757/s  tput_out=466/s  done=229 ok=229 err=0 (records_manager.py:1345)
18:24:52.011 INFO       ttft    p50=  230ms  p75=  297ms  p95=1,419ms  p99= 2,346ms (records_manager.py:1345)
18:24:52.011 INFO       itl     p50=    6ms  p75=    7ms  p95=   11ms  p99=    42ms (records_manager.py:1345)
18:24:52.011 INFO       e2e     p50=1,298ms  p75=3,280ms  p95=9,322ms  p99=18,461ms (records_manager.py:1345)
18:24:52.011 INFO       intvty  p50=    171  p75=    197  p95=    242  p99=     808  (1/tpot tok/s) (records_manager.py:1345)
18:24:52.011 INFO       isl     p50= 54,153  p75= 74,970  p90=105,861  p99= 176,515  (tokens) (records_manager.py:1345)
18:24:52.011 INFO       osl     p50=    148  p75=    425  p90=    827  p99=   2,665  (tokens) (records_manager.py:1345)
18:24:52.011 INFO       tot     in=13,650,768  out=83,901 (records_manager.py:1345)
18:24:52.011 INFO       trace  theoretical_prefix_cache_hit=96.0% (records_manager.py:1345)
18:24:52.011 INFO       srv    prefix_cache_hit=92.4% unique_in_srv=1,071,605 ext_cache_hit=12.9% kv_usage=4.8% queue=4r/0w tput_in_srv=77,306/s tput_out_srv=477/s (records_manager.py:1345)
18:25:22.220 INFO     [realtime 03:32 profiling] (records_manager.py:1345)
18:25:22.221 INFO       rps=0.4 (avg 1.1)  tput_in=69,369/s  tput_out=440/s  done=241 ok=241 err=0 (records_manager.py:1345)
18:25:22.221 INFO       ttft    p50=  234ms  p75=  303ms  p95=1,410ms  p99= 2,345ms (records_manager.py:1345)
18:25:22.221 INFO       itl     p50=    6ms  p75=    7ms  p95=   10ms  p99=    42ms (records_manager.py:1345)
18:25:22.221 INFO       e2e     p50=1,319ms  p75=3,336ms  p95=9,631ms  p99=18,704ms (records_manager.py:1345)
18:25:22.221 INFO       intvty  p50=    172  p75=    197  p95=    238  p99=     779  (1/tpot tok/s) (records_manager.py:1345)
18:25:22.221 INFO       isl     p50= 54,387  p75= 76,318  p90=107,148  p99= 176,866  (tokens) (records_manager.py:1345)
18:25:22.221 INFO       osl     p50=    154  p75=    484  p90=    905  p99=   2,751  (tokens) (records_manager.py:1345)
18:25:22.221 INFO       tot     in=14,709,135  out=93,404 (records_manager.py:1345)
18:25:22.221 INFO       trace  theoretical_prefix_cache_hit=96.0% (records_manager.py:1345)
18:25:22.221 INFO       srv    prefix_cache_hit=92.6% unique_in_srv=1,124,414 ext_cache_hit=12.3% kv_usage=6.6% queue=6r/0w tput_in_srv=71,833/s tput_out_srv=525/s (records_manager.py:1345)
18:25:52.556 INFO     [realtime 04:02 profiling] (records_manager.py:1345)
18:25:52.556 INFO       rps=0.6 (avg 1.1)  tput_in=68,095/s  tput_out=542/s  done=260 ok=260 err=0 (records_manager.py:1345)
18:25:52.556 INFO       ttft    p50=  238ms  p75=  317ms  p95= 1,263ms  p99= 2,344ms (records_manager.py:1345)
18:25:52.556 INFO       itl     p50=    6ms  p75=    7ms  p95=    10ms  p99=    40ms (records_manager.py:1345)
18:25:52.556 INFO       e2e     p50=1,376ms  p75=3,518ms  p95=11,006ms  p99=26,313ms (records_manager.py:1345)
18:25:52.556 INFO       intvty  p50=    170  p75=    196  p95=     238  p99=     733  (1/tpot tok/s) (records_manager.py:1345)
18:25:52.556 INFO       isl     p50= 55,720  p75= 78,336  p90= 107,915  p99= 176,979  (tokens) (records_manager.py:1345)
18:25:52.556 INFO       osl     p50=    164  p75=    529  p90=   1,043  p99=   4,156  (tokens) (records_manager.py:1345)
18:25:52.556 INFO       tot     in=16,360,749  out=130,187 (records_manager.py:1345)
18:25:52.556 INFO       trace  theoretical_prefix_cache_hit=95.9% (records_manager.py:1345)
18:25:52.556 INFO       srv    prefix_cache_hit=92.4% unique_in_srv=1,287,342 ext_cache_hit=10.7% kv_usage=5.8% queue=5r/0w tput_in_srv=69,501/s tput_out_srv=552/s (records_manager.py:1345)
18:26:22.806 INFO     [realtime 04:32 profiling] (records_manager.py:1345)
18:26:22.806 INFO       rps=0.6 (avg 1.0)  tput_in=65,210/s  tput_out=553/s  done=277 ok=277 err=0 (records_manager.py:1345)
18:26:22.806 INFO       ttft    p50=  241ms  p75=  320ms  p95= 1,224ms  p99= 2,343ms (records_manager.py:1345)
18:26:22.806 INFO       itl     p50=    6ms  p75=    7ms  p95=     9ms  p99=    39ms (records_manager.py:1345)
18:26:22.806 INFO       e2e     p50=1,481ms  p75=3,840ms  p95=13,487ms  p99=28,541ms (records_manager.py:1345)
18:26:22.806 INFO       intvty  p50=    170  p75=    193  p95=     238  p99=     693  (1/tpot tok/s) (records_manager.py:1345)
18:26:22.806 INFO       isl     p50= 57,305  p75= 80,668  p90= 109,005  p99= 176,955  (tokens) (records_manager.py:1345)
18:26:22.806 INFO       osl     p50=    180  p75=    547  p90=   1,166  p99=   4,558  (tokens) (records_manager.py:1345)
18:26:22.806 INFO       tot     in=17,773,787  out=150,791 (records_manager.py:1345)
18:26:22.806 INFO       trace  theoretical_prefix_cache_hit=95.8% (records_manager.py:1345)
18:26:22.806 INFO       srv    prefix_cache_hit=92.2% unique_in_srv=1,406,973 ext_cache_hit=9.8% kv_usage=5.0% queue=3r/0w tput_in_srv=66,376/s tput_out_srv=582/s (records_manager.py:1345)
18:26:49.813 INFO     Per-trace idle cap advanced replay root 3b321771-27c5-4617-a4e8-ee108464e0ec by 68944.259s (replay_dependencies.py:324)
18:26:49.813 INFO     Per-trace idle cap advanced replay root 59677515-af08-4143-a102-2436695f6a4c by 1366.817s (replay_dependencies.py:324)
18:26:49.813 INFO     Per-trace idle cap advanced replay root 9ff14eab-e2fc-4d9e-9495-9e0274466190 by 365.075s (replay_dependencies.py:324)
18:26:49.813 INFO     Per-trace idle cap advanced replay root 7d621c2f-0ace-43a6-a13f-28644c6eb892 by 480.913s (replay_dependencies.py:324)
18:26:49.813 INFO     Per-trace idle cap advanced replay root 41b966bf-20af-4306-a66e-fbd670b8dcfa by 4828.102s (replay_dependencies.py:324)
18:26:49.813 INFO     Per-trace idle cap advanced replay root 22dfa0b7-fd93-4846-9fa9-88baf52ce857 by 904.388s (replay_dependencies.py:324)
18:26:49.813 INFO     Per-trace idle cap advanced replay root cdb9bafe-0463-4a27-b74b-036d04607317 by 1484.146s (replay_dependencies.py:324)
18:26:49.813 INFO     Per-trace idle cap advanced replay root 1a644d88-68a2-487c-ac48-80138d8cd0f2 by 2232.918s (replay_dependencies.py:324)
18:26:49.813 INFO     Per-trace idle cap advanced replay root b4fd99da-3498-4232-9595-60114c796f19 by 1432.586s (replay_dependencies.py:324)
18:26:49.813 INFO     Per-trace idle cap advanced replay root 2aa574c5-408d-4a8e-a1cf-5e529c9d54b9 by 260.857s (replay_dependencies.py:324)
18:26:49.813 INFO     Per-trace idle cap advanced replay root 4905b2a6-3629-478b-8462-0528b4ee7315 by 22615.905s (replay_dependencies.py:324)
18:26:49.813 INFO     Per-trace idle cap advanced replay root 9bf56afa-9517-43b3-acc3-693ef1d4b068 by 3993.794s (replay_dependencies.py:324)
18:26:49.813 INFO     Per-trace idle cap advanced replay root e32e2030-b3df-4fe6-8d69-a27d9c96228d by 660.793s (replay_dependencies.py:324)
18:26:49.813 INFO     Per-trace idle cap advanced replay root e08bb0f2-bb13-4978-8b88-4f263e4e20d9 by 230.650s (replay_dependencies.py:324)
18:26:49.813 INFO     Per-trace idle cap advanced replay root b3a69b23-4779-430b-a7fe-ffcdae9cc43a by 1563.827s (replay_dependencies.py:324)
18:26:49.813 INFO     Per-trace idle cap advanced replay root 0c96a4e9-c69c-4645-a0ea-9bcec5e7d4bf by 1364.598s (replay_dependencies.py:324)
18:26:53.159 INFO     [realtime 05:03 profiling] (records_manager.py:1345)
18:26:53.160 INFO       rps=0.7 (avg 1.0)  tput_in=67,029/s  tput_out=575/s  done=298 ok=298 err=0 (records_manager.py:1345)
18:26:53.160 INFO       ttft    p50=  250ms  p75=  364ms  p95= 1,412ms  p99= 2,369ms (records_manager.py:1345)
18:26:53.160 INFO       itl     p50=    6ms  p75=    7ms  p95=    11ms  p99=    37ms (records_manager.py:1345)
18:26:53.160 INFO       e2e     p50=1,584ms  p75=4,025ms  p95=13,562ms  p99=31,340ms (records_manager.py:1345)
18:26:53.160 INFO       intvty  p50=    168  p75=    188  p95=     238  p99=     643  (1/tpot tok/s) (records_manager.py:1345)
18:26:53.160 INFO       isl     p50= 59,904  p75= 85,528  p90= 112,073  p99= 176,926  (tokens) (records_manager.py:1345)
18:26:53.160 INFO       osl     p50=    201  p75=    560  p90=   1,172  p99=   5,035  (tokens) (records_manager.py:1345)
18:26:53.160 INFO       tot     in=20,079,721  out=172,160 (records_manager.py:1345)
18:26:53.160 INFO       trace  theoretical_prefix_cache_hit=95.5% (records_manager.py:1345)
18:26:53.160 INFO       srv    prefix_cache_hit=87.6% unique_in_srv=2,834,599 ext_cache_hit=43.0% kv_usage=33.9% queue=11r/8w tput_in_srv=69,483/s tput_out_srv=589/s (records_manager.py:1345)
18:27:18.759 INFO     Per-trace idle cap advanced replay root 69cfabae-c3e1-4735-a77a-7fbd0a0251d1 by 41.069s (replay_dependencies.py:324)
18:27:23.462 INFO     [realtime 05:33 profiling] (records_manager.py:1345)
18:27:23.462 INFO       rps=1.2 (avg 1.0)  tput_in=73,866/s  tput_out=569/s  done=333 ok=333 err=0 (records_manager.py:1345)
18:27:23.462 INFO       ttft    p50=  258ms  p75=  421ms  p95= 2,344ms  p99= 9,995ms (records_manager.py:1345)
18:27:23.462 INFO       itl     p50=    6ms  p75=    7ms  p95=    21ms  p99=    49ms (records_manager.py:1345)
18:27:23.462 INFO       e2e     p50=2,113ms  p75=5,380ms  p95=19,932ms  p99=30,473ms (records_manager.py:1345)
18:27:23.462 INFO       intvty  p50=    165  p75=    184  p95=     232  p99=     534  (1/tpot tok/s) (records_manager.py:1345)
18:27:23.462 INFO       isl     p50= 63,060  p75= 90,806  p90= 125,374  p99= 186,855  (tokens) (records_manager.py:1345)
18:27:23.462 INFO       osl     p50=    216  p75=    581  p90=   1,160  p99=   4,784  (tokens) (records_manager.py:1345)
18:27:23.462 INFO       tot     in=24,610,411  out=189,545 (records_manager.py:1345)
18:27:23.462 INFO       trace  theoretical_prefix_cache_hit=95.6% (records_manager.py:1345)
18:27:23.462 INFO       srv    prefix_cache_hit=88.1% unique_in_srv=3,336,459 ext_cache_hit=41.3% kv_usage=43.8% queue=24r/0w tput_in_srv=83,525/s tput_out_srv=629/s (records_manager.py:1345)
18:27:53.801 INFO     [realtime 06:03 profiling] (records_manager.py:1345)
18:27:53.801 INFO       rps=1.8 (avg 1.1)  tput_in=83,740/s  tput_out=621/s  done=389 ok=389 err=0 (records_manager.py:1345)
18:27:53.801 INFO       ttft    p50=  277ms  p75=  523ms  p95= 2,142ms  p99=10,472ms (records_manager.py:1345)
18:27:53.801 INFO       itl     p50=    6ms  p75=   11ms  p95=    20ms  p99=    47ms (records_manager.py:1345)
18:27:53.801 INFO       e2e     p50=2,935ms  p75=6,416ms  p95=22,114ms  p99=39,509ms (records_manager.py:1345)
18:27:53.801 INFO       intvty  p50=    158  p75=    179  p95=     223  p99=     357  (1/tpot tok/s) (records_manager.py:1345)
18:27:53.801 INFO       isl     p50= 66,105  p75=105,539  p90= 135,069  p99= 285,256  (tokens) (records_manager.py:1345)
18:27:53.801 INFO       osl     p50=    268  p75=    597  p90=   1,192  p99=   4,496  (tokens) (records_manager.py:1345)
18:27:53.801 INFO       tot     in=30,360,735  out=225,106 (records_manager.py:1345)
18:27:53.801 INFO       trace  theoretical_prefix_cache_hit=95.4% (records_manager.py:1345)
18:27:53.801 INFO       srv    prefix_cache_hit=89.1% unique_in_srv=3,701,280 ext_cache_hit=37.2% kv_usage=41.7% queue=23r/0w tput_in_srv=92,498/s tput_out_srv=700/s (records_manager.py:1345)
18:28:24.281 INFO     [realtime 06:34 profiling] (records_manager.py:1345)
18:28:24.281 INFO       rps=1.3 (avg 1.1)  tput_in=87,899/s  tput_out=641/s  done=428 ok=428 err=0 (records_manager.py:1345)
18:28:24.281 INFO       ttft    p50=  298ms  p75=  550ms  p95= 2,346ms  p99=10,173ms (records_manager.py:1345)
18:28:24.281 INFO       itl     p50=    7ms  p75=   13ms  p95=    28ms  p99=    51ms (records_manager.py:1345)
18:28:24.281 INFO       e2e     p50=3,241ms  p75=7,510ms  p95=25,764ms  p99=48,338ms (records_manager.py:1345)
18:28:24.281 INFO       intvty  p50=    152  p75=    176  p95=     221  p99=     302  (1/tpot tok/s) (records_manager.py:1345)
18:28:24.281 INFO       isl     p50= 68,046  p75=108,172  p90= 139,271  p99= 285,614  (tokens) (records_manager.py:1345)
18:28:24.281 INFO       osl     p50=    288  p75=    601  p90=   1,262  p99=   4,307  (tokens) (records_manager.py:1345)
18:28:24.281 INFO       tot     in=34,554,573  out=251,892 (records_manager.py:1345)
18:28:24.281 INFO       trace  theoretical_prefix_cache_hit=95.1% (records_manager.py:1345)
18:28:24.281 INFO       srv    prefix_cache_hit=88.5% unique_in_srv=4,315,388 ext_cache_hit=32.4% kv_usage=36.8% queue=18r/0w tput_in_srv=95,061/s tput_out_srv=731/s (records_manager.py:1345)
18:28:54.694 INFO     [realtime 07:04 profiling] (records_manager.py:1345)
18:28:54.694 INFO       rps=1.9 (avg 1.2)  tput_in=95,626/s  tput_out=704/s  done=487 ok=487 err=0 (records_manager.py:1345)
18:28:54.694 INFO       ttft    p50=  318ms  p75=  590ms  p95= 2,328ms  p99=10,482ms (records_manager.py:1345)
18:28:54.694 INFO       itl     p50=    7ms  p75=   14ms  p95=    24ms  p99=    51ms (records_manager.py:1345)
18:28:54.694 INFO       e2e     p50=3,370ms  p75=7,778ms  p95=27,600ms  p99=65,269ms (records_manager.py:1345)
18:28:54.694 INFO       intvty  p50=    140  p75=    174  p95=     219  p99=     264  (1/tpot tok/s) (records_manager.py:1345)
18:28:54.694 INFO       isl     p50= 71,107  p75=111,055  p90= 140,856  p99= 285,827  (tokens) (records_manager.py:1345)
18:28:54.694 INFO       osl     p50=    287  p75=    608  p90=   1,281  p99=   5,097  (tokens) (records_manager.py:1345)
18:28:54.694 INFO       tot     in=40,375,950  out=297,278 (records_manager.py:1345)
18:28:54.694 INFO       trace  theoretical_prefix_cache_hit=95.2% (records_manager.py:1345)
18:28:54.694 INFO       srv    prefix_cache_hit=89.8% unique_in_srv=4,599,345 ext_cache_hit=30.4% kv_usage=55.1% queue=27r/0w tput_in_srv=105,943/s tput_out_srv=782/s (records_manager.py:1345)
18:29:25.268 INFO     [realtime 07:35 profiling] (records_manager.py:1345)
18:29:25.268 INFO       rps=2.0 (avg 1.2)  tput_in=101,581/s  tput_out=741/s  done=547 ok=547 err=0 (records_manager.py:1345)
18:29:25.268 INFO       ttft    p50=  330ms  p75=  613ms  p95= 2,018ms  p99=10,005ms (records_manager.py:1345)
18:29:25.268 INFO       itl     p50=    8ms  p75=   15ms  p95=    23ms  p99=    49ms (records_manager.py:1345)
18:29:25.268 INFO       e2e     p50=3,511ms  p75=7,924ms  p95=30,074ms  p99=76,651ms (records_manager.py:1345)
18:29:25.268 INFO       intvty  p50=    120  p75=    171  p95=     215  p99=     254  (1/tpot tok/s) (records_manager.py:1345)
18:29:25.268 INFO       isl     p50= 71,478  p75=111,942  p90= 147,652  p99= 294,840  (tokens) (records_manager.py:1345)
18:29:25.268 INFO       osl     p50=    280  p75=    600  p90=   1,323  p99=   5,279  (tokens) (records_manager.py:1345)
18:29:25.268 INFO       tot     in=46,171,317  out=336,772 (records_manager.py:1345)
18:29:25.268 INFO       trace  theoretical_prefix_cache_hit=95.2% (records_manager.py:1345)
18:29:25.268 INFO       srv    prefix_cache_hit=90.2% unique_in_srv=4,903,402 ext_cache_hit=28.5% kv_usage=46.9% queue=22r/0w tput_in_srv=110,072/s tput_out_srv=840/s (records_manager.py:1345)
18:29:55.895 INFO     [realtime 08:06 profiling] (records_manager.py:1345)
18:29:55.895 INFO       rps=2.5 (avg 1.3)  tput_in=113,219/s  tput_out=803/s  done=623 ok=623 err=0 (records_manager.py:1345)
18:29:55.895 INFO       ttft    p50=  352ms  p75=  599ms  p95= 1,997ms  p99= 9,439ms (records_manager.py:1345)
18:29:55.895 INFO       itl     p50=   11ms  p75=   15ms  p95=    22ms  p99=    46ms (records_manager.py:1345)
18:29:55.895 INFO       e2e     p50=3,443ms  p75=7,837ms  p95=31,816ms  p99=88,849ms (records_manager.py:1345)
18:29:55.895 INFO       intvty  p50=     91  p75=    167  p95=     210  p99=     253  (1/tpot tok/s) (records_manager.py:1345)
18:29:55.895 INFO       isl     p50= 71,744  p75=113,514  p90= 157,169  p99= 328,824  (tokens) (records_manager.py:1345)
18:29:55.895 INFO       osl     p50=    265  p75=    586  p90=   1,340  p99=   5,879  (tokens) (records_manager.py:1345)
18:29:55.895 INFO       tot     in=54,878,175  out=389,353 (records_manager.py:1345)
18:29:55.895 INFO       trace  theoretical_prefix_cache_hit=95.3% (records_manager.py:1345)
18:29:55.895 INFO       srv    prefix_cache_hit=91.2% unique_in_srv=5,111,577 ext_cache_hit=27.4% kv_usage=36.9% queue=21r/0w tput_in_srv=119,219/s tput_out_srv=898/s (records_manager.py:1345)
18:30:26.535 INFO     [realtime 08:36 profiling] (records_manager.py:1345)
18:30:26.535 INFO       rps=2.0 (avg 1.3)  tput_in=118,902/s  tput_out=884/s  done=683 ok=683 err=0 (records_manager.py:1345)
18:30:26.535 INFO       ttft    p50=  365ms  p75=  605ms  p95= 1,828ms  p99= 9,189ms (records_manager.py:1345)
18:30:26.535 INFO       itl     p50=   12ms  p75=   15ms  p95=    22ms  p99=    45ms (records_manager.py:1345)
18:30:26.535 INFO       e2e     p50=3,507ms  p75=8,182ms  p95=35,139ms  p99=94,417ms (records_manager.py:1345)
18:30:26.535 INFO       intvty  p50=     84  p75=    164  p95=     209  p99=     253  (1/tpot tok/s) (records_manager.py:1345)
18:30:26.535 INFO       isl     p50= 72,643  p75=114,778  p90= 160,881  p99= 313,461  (tokens) (records_manager.py:1345)
18:30:26.535 INFO       osl     p50=    268  p75=    603  p90=   1,514  p99=   6,334  (tokens) (records_manager.py:1345)
18:30:26.535 INFO       tot     in=61,362,464  out=456,012 (records_manager.py:1345)
18:30:26.535 INFO       trace  theoretical_prefix_cache_hit=95.4% (records_manager.py:1345)
18:30:26.535 INFO       srv    prefix_cache_hit=91.9% unique_in_srv=5,301,779 ext_cache_hit=26.4% kv_usage=50.1% queue=22r/0w tput_in_srv=126,743/s tput_out_srv=943/s (records_manager.py:1345)
18:30:57.208 INFO     [realtime 09:07 profiling] (records_manager.py:1345)
18:30:57.208 INFO       rps=1.9 (avg 1.4)  tput_in=126,397/s  tput_out=918/s  done=742 ok=742 err=0 (records_manager.py:1345)
18:30:57.208 INFO       ttft    p50=  370ms  p75=  600ms  p95= 1,783ms  p99= 8,929ms (records_manager.py:1345)
18:30:57.208 INFO       itl     p50=   12ms  p75=   15ms  p95=    21ms  p99=    44ms (records_manager.py:1345)
18:30:57.208 INFO       e2e     p50=3,633ms  p75=8,365ms  p95=35,452ms  p99=95,000ms (records_manager.py:1345)
18:30:57.208 INFO       intvty  p50=     84  p75=    161  p95=     208  p99=     251  (1/tpot tok/s) (records_manager.py:1345)
18:30:57.208 INFO       isl     p50= 76,196  p75=118,131  p90= 168,713  p99= 326,911  (tokens) (records_manager.py:1345)
18:30:57.208 INFO       osl     p50=    272  p75=    620  p90=   1,507  p99=   6,388  (tokens) (records_manager.py:1345)
18:30:57.208 INFO       tot     in=68,975,900  out=500,943 (records_manager.py:1345)
18:30:57.208 INFO       trace  theoretical_prefix_cache_hit=95.6% (records_manager.py:1345)
18:30:57.208 INFO       srv    prefix_cache_hit=92.3% unique_in_srv=5,487,210 ext_cache_hit=25.9% kv_usage=31.6% queue=18r/0w tput_in_srv=131,038/s tput_out_srv=986/s (records_manager.py:1345)
18:31:28.017 INFO     [realtime 09:38 profiling] (records_manager.py:1345)
18:31:28.017 INFO       rps=1.7 (avg 1.4)  tput_in=129,682/s  tput_out=948/s  done=794 ok=794 err=0 (records_manager.py:1345)
18:31:28.017 INFO       ttft    p50=  379ms  p75=  597ms  p95= 1,588ms  p99= 8,694ms (records_manager.py:1345)
18:31:28.017 INFO       itl     p50=   12ms  p75=   15ms  p95=    21ms  p99=    44ms (records_manager.py:1345)
18:31:28.017 INFO       e2e     p50=3,687ms  p75=8,513ms  p95=40,724ms  p99=94,260ms (records_manager.py:1345)
18:31:28.017 INFO       intvty  p50=     84  p75=    158  p95=     208  p99=     249  (1/tpot tok/s) (records_manager.py:1345)
18:31:28.017 INFO       isl     p50= 78,323  p75=121,900  p90= 173,668  p99= 318,365  (tokens) (records_manager.py:1345)
18:31:28.017 INFO       osl     p50=    272  p75=    641  p90=   1,612  p99=   6,319  (tokens) (records_manager.py:1345)
18:31:28.017 INFO       tot     in=74,808,891  out=547,142 (records_manager.py:1345)
18:31:28.017 INFO       trace  theoretical_prefix_cache_hit=95.7% (records_manager.py:1345)
18:31:28.017 INFO       srv    prefix_cache_hit=92.5% unique_in_srv=5,766,184 ext_cache_hit=25.8% kv_usage=30.4% queue=16r/0w tput_in_srv=133,940/s tput_out_srv=1,020/s (records_manager.py:1345)
18:31:41.350 INFO     Per-trace idle cap advanced replay root d2e3d033-4a8d-49b2-9f10-a337446e4627 by 914.897s (replay_dependencies.py:324)
18:31:58.785 INFO     [realtime 10:08 profiling] (records_manager.py:1345)
18:31:58.786 INFO       rps=1.4 (avg 1.4)  tput_in=132,487/s  tput_out=975/s  done=838 ok=838 err=0 (records_manager.py:1345)
18:31:58.786 INFO       ttft    p50=  387ms  p75=  610ms  p95= 1,633ms  p99= 8,663ms (records_manager.py:1345)
18:31:58.786 INFO       itl     p50=   12ms  p75=   15ms  p95=    21ms  p99=    44ms (records_manager.py:1345)
18:31:58.786 INFO       e2e     p50=3,755ms  p75=8,798ms  p95=43,224ms  p99=95,057ms (records_manager.py:1345)
18:31:58.786 INFO       intvty  p50=     83  p75=    154  p95=     207  p99=     248  (1/tpot tok/s) (records_manager.py:1345)
18:31:58.786 INFO       isl     p50= 79,002  p75=123,245  p90= 176,043  p99= 330,593  (tokens) (records_manager.py:1345)
18:31:58.786 INFO       osl     p50=    275  p75=    646  p90=   1,616  p99=   6,394  (tokens) (records_manager.py:1345)
18:31:58.786 INFO       tot     in=80,462,252  out=591,864 (records_manager.py:1345)
18:31:58.786 INFO       trace  theoretical_prefix_cache_hit=95.7% (records_manager.py:1345)
18:31:58.786 INFO       srv    prefix_cache_hit=92.7% unique_in_srv=6,103,509 ext_cache_hit=25.8% kv_usage=32.1% queue=17r/0w tput_in_srv=136,371/s tput_out_srv=1,040/s (records_manager.py:1345)
18:32:29.576 INFO     [realtime 10:39 profiling] (records_manager.py:1345)
18:32:29.576 INFO       rps=1.5 (avg 1.4)  tput_in=136,016/s  tput_out=1,008/s  done=883 ok=883 err=0 (records_manager.py:1345)
18:32:29.576 INFO       ttft    p50=  393ms  p75=  618ms  p95= 1,472ms  p99= 8,663ms (records_manager.py:1345)
18:32:29.576 INFO       itl     p50=   12ms  p75=   15ms  p95=    20ms  p99=    44ms (records_manager.py:1345)
18:32:29.576 INFO       e2e     p50=3,840ms  p75=8,886ms  p95=44,220ms  p99=95,827ms (records_manager.py:1345)
18:32:29.576 INFO       intvty  p50=     84  p75=    151  p95=     207  p99=     250  (1/tpot tok/s) (records_manager.py:1345)
18:32:29.576 INFO       isl     p50= 81,669  p75=124,764  p90= 178,249  p99= 335,596  (tokens) (records_manager.py:1345)
18:32:29.576 INFO       osl     p50=    285  p75=    654  p90=   1,649  p99=   7,068  (tokens) (records_manager.py:1345)
18:32:29.576 INFO       tot     in=86,740,672  out=642,835 (records_manager.py:1345)
18:32:29.576 INFO       trace  theoretical_prefix_cache_hit=95.8% (records_manager.py:1345)
18:32:29.576 INFO       srv    prefix_cache_hit=93.0% unique_in_srv=6,264,870 ext_cache_hit=25.2% kv_usage=35.6% queue=17r/0w tput_in_srv=140,299/s tput_out_srv=1,062/s (records_manager.py:1345)
18:33:00.519 INFO     [realtime 11:10 profiling] (records_manager.py:1345)
18:33:00.519 INFO       rps=1.1 (avg 1.4)  tput_in=136,417/s  tput_out=1,005/s  done=917 ok=917 err=0 (records_manager.py:1345)
18:33:00.519 INFO       ttft    p50=  396ms  p75=  618ms  p95= 1,431ms  p99= 8,585ms (records_manager.py:1345)
18:33:00.519 INFO       itl     p50=   12ms  p75=   14ms  p95=    20ms  p99=    43ms (records_manager.py:1345)
18:33:00.519 INFO       e2e     p50=3,851ms  p75=9,062ms  p95=44,100ms  p99=96,717ms (records_manager.py:1345)
18:33:00.519 INFO       intvty  p50=     86  p75=    146  p95=     206  p99=     249  (1/tpot tok/s) (records_manager.py:1345)
18:33:00.519 INFO       isl     p50= 82,546  p75=125,724  p90= 181,399  p99= 336,658  (tokens) (records_manager.py:1345)
18:33:00.519 INFO       osl     p50=    287  p75=    673  p90=   1,657  p99=   7,174  (tokens) (records_manager.py:1345)
18:33:00.519 INFO       tot     in=91,345,228  out=673,001 (records_manager.py:1345)
18:33:00.519 INFO       trace  theoretical_prefix_cache_hit=95.8% (records_manager.py:1345)
18:33:00.519 INFO       srv    prefix_cache_hit=93.2% unique_in_srv=6,394,681 ext_cache_hit=24.6% kv_usage=42.4% queue=19r/0w tput_in_srv=141,387/s tput_out_srv=1,079/s (records_manager.py:1345)
18:33:31.392 INFO     [realtime 11:41 profiling] (records_manager.py:1345)
18:33:31.393 INFO       rps=1.5 (avg 1.4)  tput_in=141,734/s  tput_out=1,070/s  done=964 ok=964 err=0 (records_manager.py:1345)
18:33:31.393 INFO       ttft    p50=  400ms  p75=  618ms  p95= 1,424ms  p99=  8,356ms (records_manager.py:1345)
18:33:31.393 INFO       itl     p50=   11ms  p75=   14ms  p95=    20ms  p99=     43ms (records_manager.py:1345)
18:33:31.393 INFO       e2e     p50=4,007ms  p75=9,240ms  p95=45,818ms  p99=104,186ms (records_manager.py:1345)
18:33:31.393 INFO       intvty  p50=     87  p75=    143  p95=     204  p99=      248  (1/tpot tok/s) (records_manager.py:1345)
18:33:31.393 INFO       isl     p50= 83,836  p75=127,656  p90= 185,223  p99=  385,788  (tokens) (records_manager.py:1345)
18:33:31.393 INFO       osl     p50=    300  p75=    698  p90=   1,773  p99=    8,182  (tokens) (records_manager.py:1345)
18:33:31.393 INFO       tot     in=99,089,577  out=748,001 (records_manager.py:1345)
18:33:31.393 INFO       trace  theoretical_prefix_cache_hit=95.9% (records_manager.py:1345)
18:33:31.393 INFO       srv    prefix_cache_hit=93.6% unique_in_srv=6,565,298 ext_cache_hit=24.0% kv_usage=34.8% queue=20r/0w tput_in_srv=145,506/s tput_out_srv=1,101/s (records_manager.py:1345)
18:34:02.415 INFO     [realtime 12:12 profiling] (records_manager.py:1345)
18:34:02.415 INFO       rps=1.3 (avg 1.4)  tput_in=142,426/s  tput_out=1,066/s  done=1,003 ok=1,003 err=0 (records_manager.py:1345)
18:34:02.415 INFO       ttft    p50=  401ms  p75=  618ms  p95= 1,455ms  p99=  8,164ms (records_manager.py:1345)
18:34:02.415 INFO       itl     p50=   11ms  p75=   14ms  p95=    20ms  p99=     42ms (records_manager.py:1345)
18:34:02.415 INFO       e2e     p50=4,009ms  p75=9,314ms  p95=44,793ms  p99=103,343ms (records_manager.py:1345)
18:34:02.415 INFO       intvty  p50=     88  p75=    139  p95=     203  p99=      247  (1/tpot tok/s) (records_manager.py:1345)
18:34:02.415 INFO       isl     p50= 84,108  p75=129,986  p90= 187,644  p99=  467,251  (tokens) (records_manager.py:1345)
18:34:02.415 INFO       osl     p50=    300  p75=    716  p90=   1,785  p99=    7,813  (tokens) (records_manager.py:1345)
18:34:02.415 INFO       tot     in=104,082,656  out=778,748 (records_manager.py:1345)
18:34:02.415 INFO       trace  theoretical_prefix_cache_hit=96.0% (records_manager.py:1345)
18:34:02.415 INFO       srv    prefix_cache_hit=93.6% unique_in_srv=6,787,825 ext_cache_hit=23.2% kv_usage=26.5% queue=14r/0w tput_in_srv=145,277/s tput_out_srv=1,120/s (records_manager.py:1345)
18:34:33.111 INFO     Per-trace idle cap advanced replay root 3b321771-27c5-4617-a4e8-ee108464e0ec by 4.302s (replay_dependencies.py:324)
18:34:33.358 INFO     [realtime 12:43 profiling] (records_manager.py:1345)
18:34:33.358 INFO       rps=1.0 (avg 1.4)  tput_in=143,559/s  tput_out=1,081/s  done=1,034 ok=1,034 err=0 (records_manager.py:1345)
18:34:33.358 INFO       ttft    p50=  404ms  p75=  629ms  p95= 1,582ms  p99=  7,980ms (records_manager.py:1345)
18:34:33.358 INFO       itl     p50=   11ms  p75=   14ms  p95=    20ms  p99=     42ms (records_manager.py:1345)
18:34:33.358 INFO       e2e     p50=4,026ms  p75=9,446ms  p95=45,871ms  p99=104,801ms (records_manager.py:1345)
18:34:33.358 INFO       intvty  p50=     88  p75=    134  p95=     203  p99=      246  (1/tpot tok/s) (records_manager.py:1345)
18:34:33.358 INFO       isl     p50= 85,410  p75=131,950  p90= 191,704  p99=  471,234  (tokens) (records_manager.py:1345)
18:34:33.358 INFO       osl     p50=    302  p75=    726  p90=   1,823  p99=    8,473  (tokens) (records_manager.py:1345)
18:34:33.358 INFO       tot     in=109,420,979  out=823,585 (records_manager.py:1345)
18:34:33.358 INFO       trace  theoretical_prefix_cache_hit=95.9% (records_manager.py:1345)
18:34:33.358 INFO       srv    prefix_cache_hit=93.7% unique_in_srv=7,082,975 ext_cache_hit=22.2% kv_usage=32.8% queue=16r/0w tput_in_srv=147,053/s tput_out_srv=1,132/s (records_manager.py:1345)
18:35:04.435 INFO     [realtime 13:14 profiling] (records_manager.py:1345)
18:35:04.435 INFO       rps=1.4 (avg 1.4)  tput_in=146,091/s  tput_out=1,078/s  done=1,077 ok=1,077 err=0 (records_manager.py:1345)
18:35:04.435 INFO       ttft    p50=  404ms  p75=  619ms  p95= 1,464ms  p99=  7,724ms (records_manager.py:1345)
18:35:04.435 INFO       itl     p50=   11ms  p75=   14ms  p95=    20ms  p99=     41ms (records_manager.py:1345)
18:35:04.435 INFO       e2e     p50=3,934ms  p75=9,312ms  p95=45,990ms  p99=103,920ms (records_manager.py:1345)
18:35:04.435 INFO       intvty  p50=     89  p75=    130  p95=     203  p99=      250  (1/tpot tok/s) (records_manager.py:1345)
18:35:04.435 INFO       isl     p50= 86,059  p75=135,665  p90= 193,296  p99=  472,567  (tokens) (records_manager.py:1345)
18:35:04.435 INFO       osl     p50=    291  p75=    718  p90=   1,791  p99=    8,056  (tokens) (records_manager.py:1345)
18:35:04.435 INFO       tot     in=115,885,138  out=855,120 (records_manager.py:1345)
18:35:04.435 INFO       trace  theoretical_prefix_cache_hit=96.0% (records_manager.py:1345)
18:35:04.435 INFO       srv    prefix_cache_hit=93.8% unique_in_srv=7,363,786 ext_cache_hit=22.7% kv_usage=33.7% queue=18r/0w tput_in_srv=149,569/s tput_out_srv=1,144/s (records_manager.py:1345)
18:35:20.142 INFO     Per-trace idle cap advanced replay root a68674f8-20e5-4dd0-a123-f5cc4b14f6a3 by 1077.567s (replay_dependencies.py:324)
18:35:35.589 INFO     [realtime 13:45 profiling] (records_manager.py:1345)
18:35:35.589 INFO       rps=1.3 (avg 1.4)  tput_in=145,466/s  tput_out=1,112/s  done=1,117 ok=1,117 err=0 (records_manager.py:1345)
18:35:35.589 INFO       ttft    p50=  404ms  p75=  611ms  p95= 1,464ms  p99=  7,555ms (records_manager.py:1345)
18:35:35.589 INFO       itl     p50=   11ms  p75=   14ms  p95=    19ms  p99=     41ms (records_manager.py:1345)
18:35:35.589 INFO       e2e     p50=3,907ms  p75=9,365ms  p95=46,443ms  p99=105,149ms (records_manager.py:1345)
18:35:35.589 INFO       intvty  p50=     89  p75=    125  p95=     201  p99=      249  (1/tpot tok/s) (records_manager.py:1345)
18:35:35.589 INFO       isl     p50= 85,628  p75=135,561  p90= 193,258  p99=  471,682  (tokens) (records_manager.py:1345)
18:35:35.589 INFO       osl     p50=    291  p75=    735  p90=   1,888  p99=    8,729  (tokens) (records_manager.py:1345)
18:35:35.589 INFO       tot     in=119,340,173  out=912,330 (records_manager.py:1345)
18:35:35.589 INFO       trace  theoretical_prefix_cache_hit=96.0% (records_manager.py:1345)
18:35:35.589 INFO       srv    prefix_cache_hit=93.5% unique_in_srv=7,917,994 ext_cache_hit=23.5% kv_usage=28.4% queue=15r/6w tput_in_srv=147,305/s tput_out_srv=1,148/s (records_manager.py:1345)
18:36:06.655 INFO     [realtime 14:16 profiling] (records_manager.py:1345)
18:36:06.655 INFO       rps=1.9 (avg 1.4)  tput_in=146,691/s  tput_out=1,123/s  done=1,176 ok=1,176 err=0 (records_manager.py:1345)
18:36:06.655 INFO       ttft    p50=  402ms  p75=  609ms  p95= 1,649ms  p99=  7,460ms (records_manager.py:1345)
18:36:06.655 INFO       itl     p50=   11ms  p75=   14ms  p95=    19ms  p99=     40ms (records_manager.py:1345)
18:36:06.655 INFO       e2e     p50=3,949ms  p75=9,536ms  p95=46,313ms  p99=106,303ms (records_manager.py:1345)
18:36:06.655 INFO       intvty  p50=     88  p75=    118  p95=     198  p99=      247  (1/tpot tok/s) (records_manager.py:1345)
18:36:06.655 INFO       isl     p50= 85,896  p75=135,391  p90= 193,300  p99=  470,128  (tokens) (records_manager.py:1345)
18:36:06.655 INFO       osl     p50=    292  p75=    745  p90=   1,861  p99=    8,804  (tokens) (records_manager.py:1345)
18:36:06.655 INFO       tot     in=125,533,313  out=961,243 (records_manager.py:1345)
18:36:06.655 INFO       trace  theoretical_prefix_cache_hit=95.9% (records_manager.py:1345)
18:36:06.655 INFO       srv    prefix_cache_hit=93.7% unique_in_srv=8,117,632 ext_cache_hit=23.0% kv_usage=36.8% queue=21r/0w tput_in_srv=150,050/s tput_out_srv=1,163/s (records_manager.py:1345)
18:36:37.854 INFO     [realtime 14:48 profiling] (records_manager.py:1345)
18:36:37.854 INFO       rps=2.2 (avg 1.4)  tput_in=150,564/s  tput_out=1,153/s  done=1,245 ok=1,245 err=0 (records_manager.py:1345)
18:36:37.854 INFO       ttft    p50=  399ms  p75=  597ms  p95= 1,472ms  p99=  6,418ms (records_manager.py:1345)
18:36:37.854 INFO       itl     p50=   11ms  p75=   14ms  p95=    19ms  p99=     40ms (records_manager.py:1345)
18:36:37.854 INFO       e2e     p50=3,915ms  p75=9,479ms  p95=46,247ms  p99=104,576ms (records_manager.py:1345)
18:36:37.854 INFO       intvty  p50=     90  p75=    114  p95=     198  p99=      248  (1/tpot tok/s) (records_manager.py:1345)
18:36:37.854 INFO       isl     p50= 86,570  p75=135,561  p90= 194,065  p99=  470,944  (tokens) (records_manager.py:1345)
18:36:37.854 INFO       osl     p50=    293  p75=    748  p90=   1,890  p99=    8,619  (tokens) (records_manager.py:1345)
18:36:37.854 INFO       tot     in=133,521,897  out=1,022,082 (records_manager.py:1345)
18:36:37.854 INFO       trace  theoretical_prefix_cache_hit=96.0% (records_manager.py:1345)
18:36:37.854 INFO       srv    prefix_cache_hit=93.9% unique_in_srv=8,280,070 ext_cache_hit=22.8% kv_usage=23.5% queue=15r/0w tput_in_srv=152,716/s tput_out_srv=1,182/s (records_manager.py:1345)
18:37:09.117 INFO     [realtime 15:19 profiling] (records_manager.py:1345)
18:37:09.117 INFO       rps=1.9 (avg 1.4)  tput_in=153,020/s  tput_out=1,148/s  done=1,303 ok=1,303 err=0 (records_manager.py:1345)
18:37:09.117 INFO       ttft    p50=  396ms  p75=  589ms  p95= 1,436ms  p99=  5,141ms (records_manager.py:1345)
18:37:09.117 INFO       itl     p50=   11ms  p75=   14ms  p95=    19ms  p99=     40ms (records_manager.py:1345)
18:37:09.117 INFO       e2e     p50=3,908ms  p75=9,228ms  p95=46,000ms  p99=103,356ms (records_manager.py:1345)
18:37:09.117 INFO       intvty  p50=     91  p75=    113  p95=     197  p99=      247  (1/tpot tok/s) (records_manager.py:1345)
18:37:09.117 INFO       isl     p50= 86,838  p75=136,192  p90= 194,693  p99=  469,426  (tokens) (records_manager.py:1345)
18:37:09.117 INFO       osl     p50=    299  p75=    738  p90=   1,796  p99=    8,397  (tokens) (records_manager.py:1345)
18:37:09.118 INFO       tot     in=140,400,122  out=1,053,617 (records_manager.py:1345)
18:37:09.118 INFO       trace  theoretical_prefix_cache_hit=96.1% (records_manager.py:1345)
18:37:09.118 INFO       srv    prefix_cache_hit=94.1% unique_in_srv=8,451,447 ext_cache_hit=22.3% kv_usage=29.7% queue=16r/0w tput_in_srv=155,550/s tput_out_srv=1,193/s (records_manager.py:1345)
18:37:40.425 INFO     [realtime 15:50 profiling] (records_manager.py:1345)
18:37:40.425 INFO       rps=1.5 (avg 1.4)  tput_in=154,118/s  tput_out=1,151/s  done=1,349 ok=1,349 err=0 (records_manager.py:1345)
18:37:40.425 INFO       ttft    p50=  393ms  p75=  584ms  p95= 1,419ms  p99=  5,122ms (records_manager.py:1345)
18:37:40.425 INFO       itl     p50=   11ms  p75=   14ms  p95=    19ms  p99=     39ms (records_manager.py:1345)
18:37:40.425 INFO       e2e     p50=3,907ms  p75=9,234ms  p95=45,572ms  p99=101,699ms (records_manager.py:1345)
18:37:40.425 INFO       intvty  p50=     92  p75=    114  p95=     197  p99=      251  (1/tpot tok/s) (records_manager.py:1345)
18:37:40.425 INFO       isl     p50= 87,296  p75=135,804  p90= 194,950  p99=  470,839  (tokens) (records_manager.py:1345)
18:37:40.425 INFO       osl     p50=    301  p75=    746  p90=   1,808  p99=    8,340  (tokens) (records_manager.py:1345)
18:37:40.425 INFO       tot     in=146,147,209  out=1,091,222 (records_manager.py:1345)
18:37:40.425 INFO       trace  theoretical_prefix_cache_hit=96.1% (records_manager.py:1345)
18:37:40.425 INFO       srv    prefix_cache_hit=94.2% unique_in_srv=8,518,465 ext_cache_hit=22.1% kv_usage=23.9% queue=13r/0w tput_in_srv=156,001/s tput_out_srv=1,210/s (records_manager.py:1345)
18:38:11.772 INFO     [realtime 16:21 profiling] (records_manager.py:1345)
18:38:11.772 INFO       rps=1.3 (avg 1.4)  tput_in=155,107/s  tput_out=1,165/s  done=1,391 ok=1,391 err=0 (records_manager.py:1345)
18:38:11.772 INFO       ttft    p50=  390ms  p75=  576ms  p95= 1,402ms  p99=  5,104ms (records_manager.py:1345)
18:38:11.772 INFO       itl     p50=   11ms  p75=   13ms  p95=    19ms  p99=     39ms (records_manager.py:1345)
18:38:11.772 INFO       e2e     p50=3,908ms  p75=9,237ms  p95=45,386ms  p99=103,633ms (records_manager.py:1345)
18:38:11.772 INFO       intvty  p50=     93  p75=    116  p95=     196  p99=      249  (1/tpot tok/s) (records_manager.py:1345)
18:38:11.772 INFO       isl     p50= 89,204  p75=136,448  p90= 194,811  p99=  472,296  (tokens) (records_manager.py:1345)
18:38:11.772 INFO       osl     p50=    307  p75=    756  p90=   1,838  p99=    8,438  (tokens) (records_manager.py:1345)
18:38:11.772 INFO       tot     in=151,864,932  out=1,140,763 (records_manager.py:1345)
18:38:11.772 INFO       trace  theoretical_prefix_cache_hit=96.2% (records_manager.py:1345)
18:38:11.772 INFO       srv    prefix_cache_hit=94.4% unique_in_srv=8,591,646 ext_cache_hit=22.0% kv_usage=29.6% queue=14r/0w tput_in_srv=157,205/s tput_out_srv=1,220/s (records_manager.py:1345)
18:38:43.164 INFO     [realtime 16:53 profiling] (records_manager.py:1345)
18:38:43.164 INFO       rps=0.9 (avg 1.4)  tput_in=154,052/s  tput_out=1,162/s  done=1,420 ok=1,420 err=0 (records_manager.py:1345)
18:38:43.164 INFO       ttft    p50=  389ms  p75=  568ms  p95= 1,374ms  p99=  5,065ms (records_manager.py:1345)
18:38:43.164 INFO       itl     p50=   11ms  p75=   13ms  p95=    19ms  p99=     39ms (records_manager.py:1345)
18:38:43.164 INFO       e2e     p50=3,959ms  p75=9,253ms  p95=45,234ms  p99=102,744ms (records_manager.py:1345)
18:38:43.164 INFO       intvty  p50=     94  p75=    117  p95=     196  p99=      249  (1/tpot tok/s) (records_manager.py:1345)
18:38:43.164 INFO       isl     p50= 89,830  p75=137,051  p90= 194,823  p99=  471,603  (tokens) (records_manager.py:1345)
18:38:43.164 INFO       osl     p50=    313  p75=    762  p90=   1,856  p99=    8,376  (tokens) (records_manager.py:1345)
18:38:43.164 INFO       tot     in=155,552,781  out=1,173,426 (records_manager.py:1345)
18:38:43.164 INFO       trace  theoretical_prefix_cache_hit=96.2% (records_manager.py:1345)
18:38:43.164 INFO       srv    prefix_cache_hit=94.5% unique_in_srv=8,657,946 ext_cache_hit=21.8% kv_usage=33.8% queue=15r/0w tput_in_srv=156,423/s tput_out_srv=1,230/s (records_manager.py:1345)
18:39:14.619 INFO     [realtime 17:24 profiling] (records_manager.py:1345)
18:39:14.619 INFO       rps=1.1 (avg 1.4)  tput_in=154,709/s  tput_out=1,188/s  done=1,455 ok=1,455 err=0 (records_manager.py:1345)
18:39:14.619 INFO       ttft    p50=  391ms  p75=  565ms  p95= 1,364ms  p99=  5,000ms (records_manager.py:1345)
18:39:14.619 INFO       itl     p50=   11ms  p75=   13ms  p95=    19ms  p99=     39ms (records_manager.py:1345)
18:39:14.619 INFO       e2e     p50=3,994ms  p75=9,476ms  p95=45,318ms  p99=104,371ms (records_manager.py:1345)
18:39:14.619 INFO       intvty  p50=     95  p75=    118  p95=     196  p99=      248  (1/tpot tok/s) (records_manager.py:1345)
18:39:14.619 INFO       isl     p50= 91,620  p75=139,086  p90= 196,238  p99=  472,992  (tokens) (records_manager.py:1345)
18:39:14.619 INFO       osl     p50=    318  p75=    780  p90=   1,911  p99=    8,580  (tokens) (records_manager.py:1345)
18:39:14.619 INFO       tot     in=161,235,367  out=1,238,427 (records_manager.py:1345)
18:39:14.619 INFO       trace  theoretical_prefix_cache_hit=96.3% (records_manager.py:1345)
18:39:14.619 INFO       srv    prefix_cache_hit=94.6% unique_in_srv=8,794,458 ext_cache_hit=21.5% kv_usage=25.0% queue=11r/0w tput_in_srv=156,314/s tput_out_srv=1,234/s (records_manager.py:1345)
18:39:44.495 INFO     Per-trace idle cap advanced replay root bf55af06-b8c0-4412-bfe1-69fc1f3c469b by 2231.107s (replay_dependencies.py:324)
18:39:45.948 INFO     [realtime 17:56 profiling] (records_manager.py:1345)
18:39:45.949 INFO       rps=1.1 (avg 1.4)  tput_in=155,430/s  tput_out=1,225/s  done=1,488 ok=1,488 err=0 (records_manager.py:1345)
18:39:45.949 INFO       ttft    p50=  395ms  p75=  563ms  p95= 1,359ms  p99=  4,939ms (records_manager.py:1345)
18:39:45.949 INFO       itl     p50=   10ms  p75=   13ms  p95=    18ms  p99=     38ms (records_manager.py:1345)
18:39:45.949 INFO       e2e     p50=3,994ms  p75=9,663ms  p95=45,720ms  p99=108,783ms (records_manager.py:1345)
18:39:45.949 INFO       intvty  p50=     96  p75=    119  p95=     195  p99=      247  (1/tpot tok/s) (records_manager.py:1345)
18:39:45.949 INFO       isl     p50= 92,906  p75=142,534  p90= 196,898  p99=  474,394  (tokens) (records_manager.py:1345)
18:39:45.949 INFO       osl     p50=    320  p75=    789  p90=   1,935  p99=    8,868  (tokens) (records_manager.py:1345)
18:39:45.949 INFO       tot     in=166,854,140  out=1,314,971 (records_manager.py:1345)
18:39:45.949 INFO       trace  theoretical_prefix_cache_hit=96.3% (records_manager.py:1345)
18:39:45.949 INFO       srv    prefix_cache_hit=94.7% unique_in_srv=8,901,695 ext_cache_hit=21.2% kv_usage=12.7% queue=6r/0w tput_in_srv=156,115/s tput_out_srv=1,233/s (records_manager.py:1345)
18:40:02.328 INFO     Per-trace idle cap advanced replay root 59677515-af08-4143-a102-2436695f6a4c by 421.824s (replay_dependencies.py:324)
18:40:17.419 INFO     [realtime 18:27 profiling] (records_manager.py:1345)
18:40:17.419 INFO       rps=0.7 (avg 1.4)  tput_in=154,055/s  tput_out=1,208/s  done=1,509 ok=1,509 err=0 (records_manager.py:1345)
18:40:17.419 INFO       ttft    p50=  396ms  p75=  564ms  p95= 1,346ms  p99=  4,913ms (records_manager.py:1345)
18:40:17.419 INFO       itl     p50=   10ms  p75=   13ms  p95=    18ms  p99=     38ms (records_manager.py:1345)
18:40:17.419 INFO       e2e     p50=3,994ms  p75=9,661ms  p95=45,419ms  p99=108,517ms (records_manager.py:1345)
18:40:17.419 INFO       intvty  p50=     96  p75=    121  p95=     195  p99=      247  (1/tpot tok/s) (records_manager.py:1345)
18:40:17.419 INFO       isl     p50= 93,614  p75=143,834  p90= 199,452  p99=  473,880  (tokens) (records_manager.py:1345)
18:40:17.419 INFO       osl     p50=    320  p75=    801  p90=   1,949  p99=    8,834  (tokens) (records_manager.py:1345)
18:40:17.419 INFO       tot     in=170,072,022  out=1,333,856 (records_manager.py:1345)
18:40:17.419 INFO       trace  theoretical_prefix_cache_hit=96.3% (records_manager.py:1345)
18:40:17.419 INFO       srv    prefix_cache_hit=94.8% unique_in_srv=9,013,263 ext_cache_hit=20.9% kv_usage=20.9% queue=10r/0w tput_in_srv=155,290/s tput_out_srv=1,231/s (records_manager.py:1345)
18:40:48.936 INFO     [realtime 18:59 profiling] (records_manager.py:1345)
18:40:48.936 INFO       rps=1.0 (avg 1.4)  tput_in=154,062/s  tput_out=1,212/s  done=1,539 ok=1,539 err=0 (records_manager.py:1345)
18:40:48.936 INFO       ttft    p50=  398ms  p75=  568ms  p95= 1,342ms  p99=  4,904ms (records_manager.py:1345)
18:40:48.936 INFO       itl     p50=   10ms  p75=   13ms  p95=    18ms  p99=     38ms (records_manager.py:1345)
18:40:48.936 INFO       e2e     p50=4,009ms  p75=9,700ms  p95=45,580ms  p99=107,526ms (records_manager.py:1345)
18:40:48.936 INFO       intvty  p50=     97  p75=    121  p95=     194  p99=      246  (1/tpot tok/s) (records_manager.py:1345)
18:40:48.936 INFO       isl     p50= 94,207  p75=145,853  p90= 203,864  p99=  473,301  (tokens) (records_manager.py:1345)
18:40:48.936 INFO       osl     p50=    326  p75=    810  p90=   1,972  p99=    8,981  (tokens) (records_manager.py:1345)
18:40:48.936 INFO       tot     in=174,925,575  out=1,376,249 (records_manager.py:1345)
18:40:48.936 INFO       trace  theoretical_prefix_cache_hit=96.4% (records_manager.py:1345)
18:40:48.936 INFO       srv    prefix_cache_hit=94.7% unique_in_srv=9,414,726 ext_cache_hit=23.3% kv_usage=26.0% queue=10r/0w tput_in_srv=155,651/s tput_out_srv=1,229/s (records_manager.py:1345)
18:41:20.455 INFO     [realtime 19:30 profiling] (records_manager.py:1345)
18:41:20.455 INFO       rps=1.0 (avg 1.3)  tput_in=154,005/s  tput_out=1,212/s  done=1,569 ok=1,569 err=0 (records_manager.py:1345)
18:41:20.455 INFO       ttft    p50=  400ms  p75=  570ms  p95= 1,332ms  p99=  4,896ms (records_manager.py:1345)
18:41:20.455 INFO       itl     p50=   10ms  p75=   13ms  p95=    18ms  p99=     38ms (records_manager.py:1345)
18:41:20.455 INFO       e2e     p50=4,033ms  p75=9,668ms  p95=45,419ms  p99=106,534ms (records_manager.py:1345)
18:41:20.455 INFO       intvty  p50=     97  p75=    124  p95=     192  p99=      246  (1/tpot tok/s) (records_manager.py:1345)
18:41:20.455 INFO       isl     p50= 94,914  p75=146,732  p90= 205,763  p99=  474,918  (tokens) (records_manager.py:1345)
18:41:20.455 INFO       osl     p50=    331  p75=    819  p90=   1,991  p99=    9,112  (tokens) (records_manager.py:1345)
18:41:20.455 INFO       tot     in=179,934,636  out=1,415,647 (records_manager.py:1345)
18:41:20.455 INFO       trace  theoretical_prefix_cache_hit=96.4% (records_manager.py:1345)
18:41:20.455 INFO       srv    prefix_cache_hit=94.8% unique_in_srv=9,491,538 ext_cache_hit=23.1% kv_usage=14.0% queue=6r/0w tput_in_srv=154,886/s tput_out_srv=1,225/s (records_manager.py:1345)
18:41:52.140 INFO     [realtime 20:02 profiling] (records_manager.py:1345)
18:41:52.141 INFO       rps=0.9 (avg 1.3)  tput_in=154,359/s  tput_out=1,212/s  done=1,598 ok=1,598 err=0 (records_manager.py:1345)
18:41:52.141 INFO       ttft    p50=  402ms  p75=  579ms  p95= 1,331ms  p99=  4,887ms (records_manager.py:1345)
18:41:52.141 INFO       itl     p50=   10ms  p75=   13ms  p95=    18ms  p99=     37ms (records_manager.py:1345)
18:41:52.141 INFO       e2e     p50=4,060ms  p75=9,737ms  p95=45,267ms  p99=105,576ms (records_manager.py:1345)
18:41:52.141 INFO       intvty  p50=     97  p75=    127  p95=     192  p99=      247  (1/tpot tok/s) (records_manager.py:1345)
18:41:52.141 INFO       isl     p50= 95,694  p75=150,004  p90= 209,199  p99=  476,893  (tokens) (records_manager.py:1345)
18:41:52.141 INFO       osl     p50=    334  p75=    836  p90=   1,999  p99=    9,217  (tokens) (records_manager.py:1345)
18:41:52.141 INFO       tot     in=185,306,857  out=1,454,737 (records_manager.py:1345)
18:41:52.141 INFO       trace  theoretical_prefix_cache_hit=96.4% (records_manager.py:1345)
18:41:52.141 INFO       srv    prefix_cache_hit=94.8% unique_in_srv=9,630,136 ext_cache_hit=22.8% kv_usage=17.4% queue=7r/0w tput_in_srv=155,140/s tput_out_srv=1,218/s (records_manager.py:1345)
18:42:23.765 INFO     [realtime 20:33 profiling] (records_manager.py:1345)
18:42:23.765 INFO       rps=0.5 (avg 1.3)  tput_in=153,258/s  tput_out=1,199/s  done=1,613 ok=1,613 err=0 (records_manager.py:1345)
18:42:23.765 INFO       ttft    p50=  404ms  p75=  583ms  p95= 1,326ms  p99=  4,816ms (records_manager.py:1345)
18:42:23.765 INFO       itl     p50=   10ms  p75=   13ms  p95=    18ms  p99=     37ms (records_manager.py:1345)
18:42:23.765 INFO       e2e     p50=4,080ms  p75=9,713ms  p95=45,217ms  p99=105,231ms (records_manager.py:1345)
18:42:23.765 INFO       intvty  p50=     98  p75=    128  p95=     192  p99=      246  (1/tpot tok/s) (records_manager.py:1345)
18:42:23.765 INFO       isl     p50= 96,232  p75=150,992  p90= 211,229  p99=  476,462  (tokens) (records_manager.py:1345)
18:42:23.765 INFO       osl     p50=    336  p75=    856  p90=   2,005  p99=    9,189  (tokens) (records_manager.py:1345)
18:42:23.765 INFO       tot     in=188,437,056  out=1,474,821 (records_manager.py:1345)
18:42:23.765 INFO       trace  theoretical_prefix_cache_hit=96.5% (records_manager.py:1345)
18:42:23.765 INFO       srv    prefix_cache_hit=94.9% unique_in_srv=9,707,922 ext_cache_hit=22.6% kv_usage=12.4% queue=6r/0w tput_in_srv=153,754/s tput_out_srv=1,209/s (records_manager.py:1345)
18:42:29.813 INFO     Per-trace idle cap advanced replay root fb11585e-027b-4123-8cc6-5a647cd7c845 by 643.011s (replay_dependencies.py:324)
18:42:53.338 INFO     Per-trace idle cap advanced replay root 1a644d88-68a2-487c-ac48-80138d8cd0f2 by 4122.174s (replay_dependencies.py:324)
18:42:55.413 INFO     [realtime 21:05 profiling] (records_manager.py:1345)
18:42:55.413 INFO       rps=0.6 (avg 1.3)  tput_in=151,564/s  tput_out=1,189/s  done=1,633 ok=1,633 err=0 (records_manager.py:1345)
18:42:55.413 INFO       ttft    p50=  404ms  p75=  583ms  p95= 1,321ms  p99=  4,698ms (records_manager.py:1345)
18:42:55.413 INFO       itl     p50=   10ms  p75=   13ms  p95=    18ms  p99=     37ms (records_manager.py:1345)
18:42:55.413 INFO       e2e     p50=4,088ms  p75=9,740ms  p95=45,095ms  p99=104,822ms (records_manager.py:1345)
18:42:55.413 INFO       intvty  p50=     98  p75=    129  p95=     191  p99=      246  (1/tpot tok/s) (records_manager.py:1345)
18:42:55.413 INFO       isl     p50= 96,630  p75=151,983  p90= 213,388  p99=  479,061  (tokens) (records_manager.py:1345)
18:42:55.413 INFO       osl     p50=    341  p75=    878  p90=   2,032  p99=    9,161  (tokens) (records_manager.py:1345)
18:42:55.413 INFO       tot     in=191,519,425  out=1,502,392 (records_manager.py:1345)
18:42:55.413 INFO       trace  theoretical_prefix_cache_hit=96.5% (records_manager.py:1345)
18:42:55.413 INFO       srv    prefix_cache_hit=94.9% unique_in_srv=9,794,416 ext_cache_hit=22.7% kv_usage=10.2% queue=6r/0w tput_in_srv=152,195/s tput_out_srv=1,206/s (records_manager.py:1345)
18:43:08.910 INFO     Per-trace idle cap advanced replay root 8180c2cf-3484-4947-a753-372101407b68 by 241505.221s (replay_dependencies.py:324)
18:43:27.076 INFO     [realtime 21:37 profiling] (records_manager.py:1345)
18:43:27.076 INFO       rps=1.5 (avg 1.3)  tput_in=151,047/s  tput_out=1,184/s  done=1,682 ok=1,682 err=0 (records_manager.py:1345)
18:43:27.076 INFO       ttft    p50=  402ms  p75=  581ms  p95= 1,319ms  p99=  4,410ms (records_manager.py:1345)
18:43:27.076 INFO       itl     p50=   10ms  p75=   13ms  p95=    18ms  p99=     37ms (records_manager.py:1345)
18:43:27.076 INFO       e2e     p50=4,008ms  p75=9,546ms  p95=44,917ms  p99=103,817ms (records_manager.py:1345)
18:43:27.076 INFO       intvty  p50=     99  p75=    129  p95=     188  p99=      246  (1/tpot tok/s) (records_manager.py:1345)
18:43:27.076 INFO       isl     p50= 95,490  p75=150,596  p90= 214,823  p99=  477,427  (tokens) (records_manager.py:1345)
18:43:27.076 INFO       osl     p50=    333  p75=    854  p90=   2,009  p99=    9,278  (tokens) (records_manager.py:1345)
18:43:27.076 INFO       tot     in=195,567,183  out=1,533,019 (records_manager.py:1345)
18:43:27.076 INFO       trace  theoretical_prefix_cache_hit=96.5% (records_manager.py:1345)
18:43:27.076 INFO       srv    prefix_cache_hit=95.0% unique_in_srv=9,929,657 ext_cache_hit=22.4% kv_usage=27.7% queue=14r/0w tput_in_srv=152,686/s tput_out_srv=1,201/s (records_manager.py:1345)
18:43:58.733 INFO     [realtime 22:08 profiling] (records_manager.py:1345)
18:43:58.733 INFO       rps=1.8 (avg 1.3)  tput_in=151,824/s  tput_out=1,191/s  done=1,738 ok=1,738 err=0 (records_manager.py:1345)
18:43:58.733 INFO       ttft    p50=  404ms  p75=  579ms  p95= 1,288ms  p99=  4,278ms (records_manager.py:1345)
18:43:58.733 INFO       itl     p50=   10ms  p75=   13ms  p95=    18ms  p99=     36ms (records_manager.py:1345)
18:43:58.734 INFO       e2e     p50=3,988ms  p75=9,498ms  p95=44,884ms  p99=102,095ms (records_manager.py:1345)
18:43:58.734 INFO       intvty  p50=    100  p75=    128  p95=     186  p99=      245  (1/tpot tok/s) (records_manager.py:1345)
18:43:58.734 INFO       isl     p50= 94,317  p75=150,364  p90= 215,536  p99=  475,773  (tokens) (records_manager.py:1345)
18:43:58.734 INFO       osl     p50=    331  p75=    849  p90=   2,013  p99=    9,154  (tokens) (records_manager.py:1345)
18:43:58.734 INFO       tot     in=201,134,675  out=1,577,984 (records_manager.py:1345)
18:43:58.734 INFO       trace  theoretical_prefix_cache_hit=96.5% (records_manager.py:1345)
18:43:58.734 INFO       srv    prefix_cache_hit=95.1% unique_in_srv=10,059,650 ext_cache_hit=22.1% kv_usage=36.7% queue=12r/0w tput_in_srv=153,642/s tput_out_srv=1,201/s (records_manager.py:1345)
18:44:30.479 INFO     [realtime 22:40 profiling] (records_manager.py:1345)
18:44:30.479 INFO       rps=1.4 (avg 1.3)  tput_in=153,140/s  tput_out=1,192/s  done=1,782 ok=1,782 err=0 (records_manager.py:1345)
18:44:30.479 INFO       ttft    p50=  406ms  p75=  584ms  p95= 1,310ms  p99=  4,255ms (records_manager.py:1345)
18:44:30.479 INFO       itl     p50=   10ms  p75=   12ms  p95=    18ms  p99=     34ms (records_manager.py:1345)
18:44:30.479 INFO       e2e     p50=3,966ms  p75=9,613ms  p95=44,918ms  p99=100,510ms (records_manager.py:1345)
18:44:30.480 INFO       intvty  p50=    100  p75=    128  p95=     185  p99=      245  (1/tpot tok/s) (records_manager.py:1345)
18:44:30.480 INFO       isl     p50= 94,447  p75=151,619  p90= 220,674  p99=  480,605  (tokens) (records_manager.py:1345)
18:44:30.480 INFO       osl     p50=    331  p75=    858  p90=   2,034  p99=    9,094  (tokens) (records_manager.py:1345)
18:44:30.480 INFO       tot     in=208,097,229  out=1,619,615 (records_manager.py:1345)
18:44:30.480 INFO       trace  theoretical_prefix_cache_hit=96.5% (records_manager.py:1345)
18:44:30.480 INFO       srv    prefix_cache_hit=95.1% unique_in_srv=10,302,656 ext_cache_hit=21.6% kv_usage=14.6% queue=7r/0w tput_in_srv=154,031/s tput_out_srv=1,197/s (records_manager.py:1345)
18:44:36.692 INFO     Per-trace idle cap advanced replay root 017182d4-9b68-474e-b683-1cdd139b6377 by 16.542s (replay_dependencies.py:324)
18:44:50.499 INFO     Per-trace idle cap advanced replay root bf55af06-b8c0-4412-bfe1-69fc1f3c469b by 207.518s (replay_dependencies.py:324)
18:44:59.888 INFO     Per-trace idle cap advanced replay root d2e3d033-4a8d-49b2-9f10-a337446e4627 by 3102.299s (replay_dependencies.py:324)
18:45:02.339 INFO     [realtime 23:12 profiling] (records_manager.py:1345)
18:45:02.339 INFO       rps=1.3 (avg 1.3)  tput_in=154,241/s  tput_out=1,182/s  done=1,824 ok=1,824 err=0 (records_manager.py:1345)
18:45:02.339 INFO       ttft    p50=  408ms  p75=  588ms  p95= 1,318ms  p99= 4,227ms (records_manager.py:1345)
18:45:02.339 INFO       itl     p50=   10ms  p75=   12ms  p95=    18ms  p99=    33ms (records_manager.py:1345)
18:45:02.339 INFO       e2e     p50=3,944ms  p75=9,475ms  p95=44,762ms  p99=99,676ms (records_manager.py:1345)
18:45:02.339 INFO       intvty  p50=    100  p75=    129  p95=     184  p99=     245  (1/tpot tok/s) (records_manager.py:1345)
18:45:02.339 INFO       isl     p50= 94,984  p75=153,315  p90= 224,010  p99= 479,362  (tokens) (records_manager.py:1345)
18:45:02.339 INFO       osl     p50=    326  p75=    851  p90=   2,008  p99=   9,015  (tokens) (records_manager.py:1345)
18:45:02.339 INFO       tot     in=214,331,369  out=1,642,078 (records_manager.py:1345)
18:45:02.339 INFO       trace  theoretical_prefix_cache_hit=96.5% (records_manager.py:1345)
18:45:02.339 INFO       srv    prefix_cache_hit=95.1% unique_in_srv=10,571,875 ext_cache_hit=21.1% kv_usage=7.3% queue=3r/0w tput_in_srv=154,577/s tput_out_srv=1,187/s (records_manager.py:1345)
18:45:34.291 INFO     [realtime 23:44 profiling] (records_manager.py:1345)
18:45:34.291 INFO       rps=1.3 (avg 1.3)  tput_in=154,982/s  tput_out=1,176/s  done=1,865 ok=1,865 err=0 (records_manager.py:1345)
18:45:34.291 INFO       ttft    p50=  409ms  p75=  589ms  p95= 1,289ms  p99= 4,193ms (records_manager.py:1345)
18:45:34.291 INFO       itl     p50=   10ms  p75=   12ms  p95=    18ms  p99=    32ms (records_manager.py:1345)
18:45:34.291 INFO       e2e     p50=3,904ms  p75=9,365ms  p95=44,203ms  p99=99,409ms (records_manager.py:1345)
18:45:34.291 INFO       intvty  p50=    101  p75=    129  p95=     184  p99=     245  (1/tpot tok/s) (records_manager.py:1345)
18:45:34.291 INFO       isl     p50= 95,359  p75=154,790  p90= 227,389  p99= 477,994  (tokens) (records_manager.py:1345)
18:45:34.291 INFO       osl     p50=    321  p75=    845  p90=   2,029  p99=   8,921  (tokens) (records_manager.py:1345)
18:45:34.291 INFO       tot     in=220,423,583  out=1,673,247 (records_manager.py:1345)
18:45:34.291 INFO       trace  theoretical_prefix_cache_hit=96.6% (records_manager.py:1345)
18:45:34.291 INFO       srv    prefix_cache_hit=95.2% unique_in_srv=10,682,596 ext_cache_hit=20.8% kv_usage=20.1% queue=8r/0w tput_in_srv=156,118/s tput_out_srv=1,184/s (records_manager.py:1345)
18:46:06.152 INFO     [realtime 24:16 profiling] (records_manager.py:1345)
18:46:06.152 INFO       rps=0.6 (avg 1.3)  tput_in=153,404/s  tput_out=1,173/s  done=1,883 ok=1,883 err=0 (records_manager.py:1345)
18:46:06.152 INFO       ttft    p50=  409ms  p75=  589ms  p95= 1,287ms  p99= 4,179ms (records_manager.py:1345)
18:46:06.152 INFO       itl     p50=   10ms  p75=   12ms  p95=    18ms  p99=    32ms (records_manager.py:1345)
18:46:06.152 INFO       e2e     p50=3,908ms  p75=9,476ms  p95=44,220ms  p99=99,292ms (records_manager.py:1345)
18:46:06.152 INFO       intvty  p50=    102  p75=    130  p95=     184  p99=     246  (1/tpot tok/s) (records_manager.py:1345)
18:46:06.152 INFO       isl     p50= 95,384  p75=154,986  p90= 227,419  p99= 480,580  (tokens) (records_manager.py:1345)
18:46:06.152 INFO       osl     p50=    327  p75=    858  p90=   2,085  p99=   8,879  (tokens) (records_manager.py:1345)
18:46:06.152 INFO       tot     in=222,994,460  out=1,704,943 (records_manager.py:1345)
18:46:06.152 INFO       trace  theoretical_prefix_cache_hit=96.6% (records_manager.py:1345)
18:46:06.152 INFO       srv    prefix_cache_hit=95.2% unique_in_srv=10,753,076 ext_cache_hit=20.7% kv_usage=15.7% queue=9r/0w tput_in_srv=154,197/s tput_out_srv=1,185/s (records_manager.py:1345)
18:46:38.180 INFO     [realtime 24:48 profiling] (records_manager.py:1345)
18:46:38.181 INFO       rps=1.3 (avg 1.3)  tput_in=152,822/s  tput_out=1,174/s  done=1,924 ok=1,924 err=0 (records_manager.py:1345)
18:46:38.181 INFO       ttft    p50=  408ms  p75=  585ms  p95= 1,282ms  p99= 4,148ms (records_manager.py:1345)
18:46:38.181 INFO       itl     p50=   10ms  p75=   12ms  p95=    18ms  p99=    32ms (records_manager.py:1345)
18:46:38.181 INFO       e2e     p50=3,907ms  p75=9,497ms  p95=43,434ms  p99=98,659ms (records_manager.py:1345)
18:46:38.181 INFO       intvty  p50=    102  p75=    131  p95=     184  p99=     246  (1/tpot tok/s) (records_manager.py:1345)
18:46:38.181 INFO       isl     p50= 95,280  p75=154,919  p90= 225,576  p99= 479,362  (tokens) (records_manager.py:1345)
18:46:38.181 INFO       osl     p50=    327  p75=    878  p90=   2,126  p99=   8,827  (tokens) (records_manager.py:1345)
18:46:38.181 INFO       tot     in=226,903,971  out=1,743,760 (records_manager.py:1345)
18:46:38.181 INFO       trace  theoretical_prefix_cache_hit=96.6% (records_manager.py:1345)
18:46:38.181 INFO       srv    prefix_cache_hit=95.2% unique_in_srv=10,863,680 ext_cache_hit=20.5% kv_usage=12.7% queue=6r/0w tput_in_srv=153,377/s tput_out_srv=1,183/s (records_manager.py:1345)
18:46:56.965 INFO     Per-trace idle cap advanced replay root a68674f8-20e5-4dd0-a123-f5cc4b14f6a3 by 897.730s (replay_dependencies.py:324)
18:47:10.113 INFO     [realtime 25:20 profiling] (records_manager.py:1345)
18:47:10.113 INFO       rps=1.0 (avg 1.3)  tput_in=152,181/s  tput_out=1,167/s  done=1,957 ok=1,957 err=0 (records_manager.py:1345)
18:47:10.113 INFO       ttft    p50=  408ms  p75=  585ms  p95= 1,288ms  p99= 4,124ms (records_manager.py:1345)
18:47:10.113 INFO       itl     p50=   10ms  p75=   12ms  p95=    18ms  p99=    32ms (records_manager.py:1345)
18:47:10.113 INFO       e2e     p50=3,893ms  p75=9,473ms  p95=43,366ms  p99=98,903ms (records_manager.py:1345)
18:47:10.113 INFO       intvty  p50=    103  p75=    131  p95=     183  p99=     245  (1/tpot tok/s) (records_manager.py:1345)
18:47:10.113 INFO       isl     p50= 95,560  p75=155,992  p90= 226,818  p99= 478,261  (tokens) (records_manager.py:1345)
18:47:10.113 INFO       osl     p50=    323  p75=    878  p90=   2,099  p99=   8,939  (tokens) (records_manager.py:1345)
18:47:10.113 INFO       tot     in=231,062,290  out=1,771,222 (records_manager.py:1345)
18:47:10.113 INFO       trace  theoretical_prefix_cache_hit=96.6% (records_manager.py:1345)
18:47:10.113 INFO       srv    prefix_cache_hit=95.3% unique_in_srv=11,035,271 ext_cache_hit=20.2% kv_usage=26.9% queue=11r/0w tput_in_srv=153,470/s tput_out_srv=1,182/s (records_manager.py:1345)
18:47:42.211 INFO     [realtime 25:52 profiling] (records_manager.py:1345)
18:47:42.212 INFO       rps=1.5 (avg 1.3)  tput_in=153,268/s  tput_out=1,176/s  done=2,005 ok=2,005 err=0 (records_manager.py:1345)
18:47:42.212 INFO       ttft    p50=  409ms  p75=  585ms  p95= 1,286ms  p99= 4,091ms (records_manager.py:1345)
18:47:42.212 INFO       itl     p50=   10ms  p75=   12ms  p95=    18ms  p99=    31ms (records_manager.py:1345)
18:47:42.212 INFO       e2e     p50=3,858ms  p75=9,473ms  p95=43,886ms  p99=98,620ms (records_manager.py:1345)
18:47:42.212 INFO       intvty  p50=    104  p75=    131  p95=     182  p99=     245  (1/tpot tok/s) (records_manager.py:1345)
18:47:42.212 INFO       isl     p50= 95,616  p75=157,197  p90= 226,936  p99= 479,996  (tokens) (records_manager.py:1345)
18:47:42.212 INFO       osl     p50=    321  p75=    879  p90=   2,139  p99=   8,836  (tokens) (records_manager.py:1345)
18:47:42.212 INFO       tot     in=237,605,105  out=1,823,665 (records_manager.py:1345)
18:47:42.212 INFO       trace  theoretical_prefix_cache_hit=96.6% (records_manager.py:1345)
18:47:42.212 INFO       srv    prefix_cache_hit=95.3% unique_in_srv=11,188,017 ext_cache_hit=19.9% kv_usage=18.9% queue=10r/0w tput_in_srv=154,228/s tput_out_srv=1,183/s (records_manager.py:1345)
18:48:14.199 INFO     [realtime 26:24 profiling] (records_manager.py:1345)
18:48:14.199 INFO       rps=1.1 (avg 1.3)  tput_in=153,226/s  tput_out=1,171/s  done=2,039 ok=2,039 err=0 (records_manager.py:1345)
18:48:14.199 INFO       ttft    p50=  409ms  p75=  587ms  p95= 1,292ms  p99= 4,137ms (records_manager.py:1345)
18:48:14.199 INFO       itl     p50=   10ms  p75=   12ms  p95=    18ms  p99=    36ms (records_manager.py:1345)
18:48:14.199 INFO       e2e     p50=3,858ms  p75=9,500ms  p95=43,504ms  p99=98,022ms (records_manager.py:1345)
18:48:14.199 INFO       intvty  p50=    105  p75=    131  p95=     182  p99=     245  (1/tpot tok/s) (records_manager.py:1345)
18:48:14.199 INFO       isl     p50= 95,644  p75=157,253  p90= 227,330  p99= 481,681  (tokens) (records_manager.py:1345)
18:48:14.199 INFO       osl     p50=    321  p75=    880  p90=   2,139  p99=   8,821  (tokens) (records_manager.py:1345)
18:48:14.199 INFO       tot     in=242,189,396  out=1,851,094 (records_manager.py:1345)
18:48:14.199 INFO       trace  theoretical_prefix_cache_hit=96.6% (records_manager.py:1345)
18:48:14.199 INFO       srv    prefix_cache_hit=95.2% unique_in_srv=11,642,782 ext_cache_hit=19.1% kv_usage=22.3% queue=10r/0w tput_in_srv=154,249/s tput_out_srv=1,179/s (records_manager.py:1345)
18:48:42.317 INFO     Per-trace idle cap advanced replay root 8180c2cf-3484-4947-a753-372101407b68 by 109209.566s (replay_dependencies.py:324)
18:48:46.301 INFO     [realtime 26:56 profiling] (records_manager.py:1345)
18:48:46.301 INFO       rps=0.9 (avg 1.3)  tput_in=153,077/s  tput_out=1,169/s  done=2,068 ok=2,068 err=0 (records_manager.py:1345)
18:48:46.301 INFO       ttft    p50=  410ms  p75=  587ms  p95= 1,316ms  p99= 4,245ms (records_manager.py:1345)
18:48:46.301 INFO       itl     p50=   10ms  p75=   12ms  p95=    18ms  p99=    35ms (records_manager.py:1345)
18:48:46.301 INFO       e2e     p50=3,853ms  p75=9,567ms  p95=43,413ms  p99=97,513ms (records_manager.py:1345)
18:48:46.301 INFO       intvty  p50=    105  p75=    131  p95=     182  p99=     244  (1/tpot tok/s) (records_manager.py:1345)
18:48:46.301 INFO       isl     p50= 96,868  p75=158,487  p90= 228,052  p99= 480,955  (tokens) (records_manager.py:1345)
18:48:46.301 INFO       osl     p50=    321  p75=    888  p90=   2,152  p99=   8,807  (tokens) (records_manager.py:1345)
18:48:46.301 INFO       tot     in=246,860,739  out=1,885,455 (records_manager.py:1345)
18:48:46.301 INFO       trace  theoretical_prefix_cache_hit=96.7% (records_manager.py:1345)
18:48:46.301 INFO       srv    prefix_cache_hit=95.3% unique_in_srv=11,843,748 ext_cache_hit=19.6% kv_usage=30.8% queue=12r/0w tput_in_srv=154,353/s tput_out_srv=1,179/s (records_manager.py:1345)
18:49:10.141 INFO     Per-trace idle cap advanced replay root 1a644d88-68a2-487c-ac48-80138d8cd0f2 by 641.949s (replay_dependencies.py:324)
18:49:18.510 INFO     [realtime 27:28 profiling] (records_manager.py:1345)
18:49:18.510 INFO       rps=0.7 (avg 1.3)  tput_in=152,528/s  tput_out=1,168/s  done=2,090 ok=2,090 err=0 (records_manager.py:1345)
18:49:18.510 INFO       ttft    p50=  411ms  p75=  588ms  p95= 1,332ms  p99= 4,245ms (records_manager.py:1345)
18:49:18.510 INFO       itl     p50=    9ms  p75=   12ms  p95=    18ms  p99=    34ms (records_manager.py:1345)
18:49:18.510 INFO       e2e     p50=3,874ms  p75=9,727ms  p95=43,403ms  p99=97,126ms (records_manager.py:1345)
18:49:18.510 INFO       intvty  p50=    105  p75=    131  p95=     181  p99=     244  (1/tpot tok/s) (records_manager.py:1345)
18:49:18.510 INFO       isl     p50= 98,335  p75=159,174  p90= 229,112  p99= 482,993  (tokens) (records_manager.py:1345)
18:49:18.510 INFO       osl     p50=    324  p75=    896  p90=   2,181  p99=   8,797  (tokens) (records_manager.py:1345)
18:49:18.510 INFO       tot     in=250,947,609  out=1,920,996 (records_manager.py:1345)
18:49:18.510 INFO       trace  theoretical_prefix_cache_hit=96.7% (records_manager.py:1345)
18:49:18.510 INFO       srv    prefix_cache_hit=95.3% unique_in_srv=11,986,891 ext_cache_hit=19.3% kv_usage=34.0% queue=11r/0w tput_in_srv=154,098/s tput_out_srv=1,175/s (records_manager.py:1345)
18:49:38.003 INFO     Per-trace idle cap advanced replay root 017182d4-9b68-474e-b683-1cdd139b6377 by 748.587s (replay_dependencies.py:324)
18:49:40.770 INFO     Per-trace idle cap advanced replay root a09eaca9-48a8-4613-a7d7-6befcf472e48 by 178.781s (replay_dependencies.py:324)
18:49:50.584 INFO     [realtime 28:00 profiling] (records_manager.py:1345)
18:49:50.584 INFO       rps=1.0 (avg 1.3)  tput_in=152,643/s  tput_out=1,165/s  done=2,121 ok=2,121 err=0 (records_manager.py:1345)
18:49:50.584 INFO       ttft    p50=  413ms  p75=  595ms  p95= 1,339ms  p99= 4,229ms (records_manager.py:1345)
18:49:50.584 INFO       itl     p50=    9ms  p75=   12ms  p95=    18ms  p99=    33ms (records_manager.py:1345)
18:49:50.584 INFO       e2e     p50=3,876ms  p75=9,791ms  p95=43,076ms  p99=96,680ms (records_manager.py:1345)
18:49:50.584 INFO       intvty  p50=    106  p75=    131  p95=     181  p99=     243  (1/tpot tok/s) (records_manager.py:1345)
18:49:50.584 INFO       isl     p50= 99,649  p75=160,799  p90= 229,695  p99= 482,132  (tokens) (records_manager.py:1345)
18:49:50.584 INFO       osl     p50=    326  p75=    899  p90=   2,199  p99=   8,713  (tokens) (records_manager.py:1345)
18:49:50.584 INFO       tot     in=256,222,798  out=1,956,196 (records_manager.py:1345)
18:49:50.584 INFO       trace  theoretical_prefix_cache_hit=96.7% (records_manager.py:1345)
18:49:50.584 INFO       srv    prefix_cache_hit=95.3% unique_in_srv=12,092,606 ext_cache_hit=19.2% kv_usage=23.8% queue=8r/0w tput_in_srv=153,734/s tput_out_srv=1,173/s (records_manager.py:1345)
18:50:17.760 INFO     Per-trace idle cap advanced replay root 6d558d11-f930-41cd-8d26-48d4204e2eaf by 451.590s (replay_dependencies.py:324)
18:50:22.755 INFO     [realtime 28:32 profiling] (records_manager.py:1345)
18:50:22.755 INFO       rps=0.6 (avg 1.3)  tput_in=151,674/s  tput_out=1,154/s  done=2,139 ok=2,139 err=0 (records_manager.py:1345)
18:50:22.755 INFO       ttft    p50=  414ms  p75=  595ms  p95= 1,336ms  p99= 4,214ms (records_manager.py:1345)
18:50:22.756 INFO       itl     p50=    9ms  p75=   12ms  p95=    17ms  p99=    33ms (records_manager.py:1345)
18:50:22.756 INFO       e2e     p50=3,876ms  p75=9,847ms  p95=42,078ms  p99=96,452ms (records_manager.py:1345)
18:50:22.756 INFO       intvty  p50=    107  p75=    131  p95=     181  p99=     242  (1/tpot tok/s) (records_manager.py:1345)
18:50:22.756 INFO       isl     p50=100,180  p75=161,414  p90= 229,765  p99= 484,665  (tokens) (records_manager.py:1345)
18:50:22.756 INFO       osl     p50=    327  p75=    902  p90=   2,202  p99=   8,643  (tokens) (records_manager.py:1345)
18:50:22.756 INFO       tot     in=259,440,050  out=1,974,329 (records_manager.py:1345)
18:50:22.756 INFO       trace  theoretical_prefix_cache_hit=96.7% (records_manager.py:1345)
18:50:22.756 INFO       srv    prefix_cache_hit=95.4% unique_in_srv=12,130,166 ext_cache_hit=19.1% kv_usage=26.7% queue=10r/0w tput_in_srv=152,915/s tput_out_srv=1,172/s (records_manager.py:1345)
18:50:54.952 INFO     [realtime 29:05 profiling] (records_manager.py:1345)
18:50:54.953 INFO       rps=1.0 (avg 1.2)  tput_in=151,019/s  tput_out=1,167/s  done=2,170 ok=2,170 err=0 (records_manager.py:1345)
18:50:54.953 INFO       ttft    p50=  413ms  p75=  595ms  p95= 1,335ms  p99= 4,189ms (records_manager.py:1345)
18:50:54.953 INFO       itl     p50=    9ms  p75=   12ms  p95=    17ms  p99=    32ms (records_manager.py:1345)
18:50:54.953 INFO       e2e     p50=3,880ms  p75=9,941ms  p95=43,224ms  p99=97,478ms (records_manager.py:1345)
18:50:54.953 INFO       intvty  p50=    107  p75=    131  p95=     181  p99=     240  (1/tpot tok/s) (records_manager.py:1345)
18:50:54.953 INFO       isl     p50=100,346  p75=161,252  p90= 229,821  p99= 486,866  (tokens) (records_manager.py:1345)
18:50:54.953 INFO       osl     p50=    331  p75=    911  p90=   2,238  p99=   8,909  (tokens) (records_manager.py:1345)
18:50:54.953 INFO       tot     in=263,008,969  out=2,033,030 (records_manager.py:1345)
18:50:54.953 INFO       trace  theoretical_prefix_cache_hit=96.7% (records_manager.py:1345)
18:50:54.953 INFO       srv    prefix_cache_hit=95.4% unique_in_srv=12,252,622 ext_cache_hit=18.9% kv_usage=27.1% queue=11r/0w tput_in_srv=152,181/s tput_out_srv=1,174/s (records_manager.py:1345)
18:51:27.370 INFO     [realtime 29:37 profiling] (records_manager.py:1345)
18:51:27.370 INFO       rps=1.1 (avg 1.2)  tput_in=151,319/s  tput_out=1,166/s  done=2,207 ok=2,207 err=0 (records_manager.py:1345)
18:51:27.370 INFO       ttft    p50=  414ms  p75=   597ms  p95= 1,328ms  p99= 4,162ms (records_manager.py:1345)
18:51:27.370 INFO       itl     p50=    9ms  p75=    12ms  p95=    17ms  p99=    33ms (records_manager.py:1345)
18:51:27.370 INFO       e2e     p50=3,884ms  p75=10,000ms  p95=41,936ms  p99=96,857ms (records_manager.py:1345)
18:51:27.370 INFO       intvty  p50=    108  p75=     131  p95=     181  p99=     245  (1/tpot tok/s) (records_manager.py:1345)
18:51:27.370 INFO       isl     p50=100,512  p75= 162,417  p90= 231,290  p99= 488,809  (tokens) (records_manager.py:1345)
18:51:27.370 INFO       osl     p50=    333  p75=     925  p90=   2,264  p99=   8,835  (tokens) (records_manager.py:1345)
18:51:27.370 INFO       tot     in=268,102,761  out=2,066,027 (records_manager.py:1345)
18:51:27.370 INFO       trace  theoretical_prefix_cache_hit=96.7% (records_manager.py:1345)
18:51:27.370 INFO       srv    prefix_cache_hit=95.4% unique_in_srv=12,523,021 ext_cache_hit=18.5% kv_usage=27.5% queue=15r/0w tput_in_srv=152,271/s tput_out_srv=1,178/s (records_manager.py:1345)
18:51:59.632 INFO     [realtime 30:09 profiling] (records_manager.py:1345)
18:51:59.632 INFO       rps=1.1 (avg 1.2)  tput_in=150,494/s  tput_out=1,172/s  done=2,242 ok=2,242 err=0 (records_manager.py:1345)
18:51:59.632 INFO       ttft    p50=  413ms  p75=   598ms  p95= 1,322ms  p99= 4,152ms (records_manager.py:1345)
18:51:59.632 INFO       itl     p50=    9ms  p75=    12ms  p95=    17ms  p99=    33ms (records_manager.py:1345)
18:51:59.632 INFO       e2e     p50=3,905ms  p75=10,066ms  p95=41,962ms  p99=96,415ms (records_manager.py:1345)
18:51:59.632 INFO       intvty  p50=    108  p75=     131  p95=     181  p99=     246  (1/tpot tok/s) (records_manager.py:1345)
18:51:59.632 INFO       isl     p50= 99,716  p75= 162,150  p90= 231,755  p99= 487,730  (tokens) (records_manager.py:1345)
18:51:59.632 INFO       osl     p50=    334  p75=     945  p90=   2,304  p99=   8,862  (tokens) (records_manager.py:1345)
18:51:59.632 INFO       tot     in=272,025,877  out=2,118,086 (records_manager.py:1345)
18:51:59.632 INFO       trace  theoretical_prefix_cache_hit=96.7% (records_manager.py:1345)
18:51:59.632 INFO       srv    prefix_cache_hit=95.4% unique_in_srv=12,576,734 ext_cache_hit=18.4% kv_usage=17.1% queue=7r/0w tput_in_srv=151,271/s tput_out_srv=1,179/s (records_manager.py:1345)
18:52:32.250 INFO     [realtime 30:42 profiling] (records_manager.py:1345)
18:52:32.251 INFO       rps=1.1 (avg 1.2)  tput_in=150,403/s  tput_out=1,174/s  done=2,277 ok=2,277 err=0 (records_manager.py:1345)
18:52:32.251 INFO       ttft    p50=  414ms  p75=   598ms  p95= 1,313ms  p99= 4,142ms (records_manager.py:1345)
18:52:32.251 INFO       itl     p50=    9ms  p75=    12ms  p95=    17ms  p99=    32ms (records_manager.py:1345)
18:52:32.251 INFO       e2e     p50=3,934ms  p75=10,070ms  p95=42,189ms  p99=95,972ms (records_manager.py:1345)
18:52:32.251 INFO       intvty  p50=    109  p75=     132  p95=     181  p99=     246  (1/tpot tok/s) (records_manager.py:1345)
18:52:32.251 INFO       isl     p50= 99,510  p75= 162,650  p90= 232,927  p99= 489,319  (tokens) (records_manager.py:1345)
18:52:32.251 INFO       osl     p50=    338  p75=     947  p90=   2,319  p99=   8,848  (tokens) (records_manager.py:1345)
18:52:32.251 INFO       tot     in=276,604,134  out=2,158,513 (records_manager.py:1345)
18:52:32.251 INFO       trace  theoretical_prefix_cache_hit=96.7% (records_manager.py:1345)
18:52:32.251 INFO       srv    prefix_cache_hit=95.4% unique_in_srv=12,697,460 ext_cache_hit=18.3% kv_usage=9.7% queue=5r/0w tput_in_srv=150,805/s tput_out_srv=1,177/s (records_manager.py:1345)
18:52:38.231 INFO     Per-trace idle cap advanced replay root c5b84077-a731-4666-a5f1-148d0d8ddc21 by 130.031s (replay_dependencies.py:324)
18:52:58.961 INFO     Per-trace idle cap advanced replay root 5f4fbf39-0fc9-4168-aab5-0735c28cfcd6 by 9226.497s (replay_dependencies.py:324)
18:53:00.786 INFO     Per-trace idle cap advanced replay root cfc0a0e6-e622-423e-a9e4-044edef404ec by 7802.186s (replay_dependencies.py:324)
18:53:04.799 INFO     [realtime 31:14 profiling] (records_manager.py:1345)
18:53:04.799 INFO       rps=1.0 (avg 1.2)  tput_in=150,737/s  tput_out=1,170/s  done=2,311 ok=2,311 err=0 (records_manager.py:1345)
18:53:04.799 INFO       ttft    p50=  415ms  p75=   599ms  p95= 1,289ms  p99= 4,131ms (records_manager.py:1345)
18:53:04.799 INFO       itl     p50=    9ms  p75=    12ms  p95=    17ms  p99=    32ms (records_manager.py:1345)
18:53:04.799 INFO       e2e     p50=3,948ms  p75=10,053ms  p95=41,493ms  p99=95,660ms (records_manager.py:1345)
18:53:04.799 INFO       intvty  p50=    110  p75=     132  p95=     180  p99=     246  (1/tpot tok/s) (records_manager.py:1345)
18:53:04.799 INFO       isl     p50= 99,649  p75= 163,778  p90= 234,280  p99= 490,214  (tokens) (records_manager.py:1345)
18:53:04.799 INFO       osl     p50=    344  p75=     952  p90=   2,316  p99=   8,833  (tokens) (records_manager.py:1345)
18:53:04.799 INFO       tot     in=282,197,759  out=2,189,749 (records_manager.py:1345)
18:53:04.799 INFO       trace  theoretical_prefix_cache_hit=96.7% (records_manager.py:1345)
18:53:04.799 INFO       srv    prefix_cache_hit=95.5% unique_in_srv=12,850,213 ext_cache_hit=18.0% kv_usage=16.3% queue=8r/0w tput_in_srv=151,299/s tput_out_srv=1,175/s (records_manager.py:1345)
18:53:09.828 INFO     Per-trace idle cap advanced replay root 3b321771-27c5-4617-a4e8-ee108464e0ec by 10235.476s (replay_dependencies.py:324)
18:53:37.195 INFO     [realtime 31:47 profiling] (records_manager.py:1345)
18:53:37.195 INFO       rps=1.1 (avg 1.2)  tput_in=150,617/s  tput_out=1,169/s  done=2,347 ok=2,347 err=0 (records_manager.py:1345)
18:53:37.195 INFO       ttft    p50=  416ms  p75=   599ms  p95= 1,287ms  p99= 4,116ms (records_manager.py:1345)
18:53:37.195 INFO       itl     p50=    9ms  p75=    12ms  p95=    17ms  p99=    32ms (records_manager.py:1345)
18:53:37.195 INFO       e2e     p50=3,957ms  p75=10,063ms  p95=41,018ms  p99=95,629ms (records_manager.py:1345)
18:53:37.195 INFO       intvty  p50=    110  p75=     132  p95=     181  p99=     251  (1/tpot tok/s) (records_manager.py:1345)
18:53:37.195 INFO       isl     p50= 99,649  p75= 164,516  p90= 233,887  p99= 489,726  (tokens) (records_manager.py:1345)
18:53:37.196 INFO       osl     p50=    346  p75=     956  p90=   2,326  p99=   8,817  (tokens) (records_manager.py:1345)
18:53:37.196 INFO       tot     in=286,918,976  out=2,226,748 (records_manager.py:1345)
18:53:37.196 INFO       trace  theoretical_prefix_cache_hit=96.8% (records_manager.py:1345)
18:53:37.196 INFO       srv    prefix_cache_hit=95.5% unique_in_srv=12,946,546 ext_cache_hit=17.9% kv_usage=21.7% queue=9r/0w tput_in_srv=151,346/s tput_out_srv=1,175/s (records_manager.py:1345)
18:53:40.696 INFO     Per-trace idle cap advanced replay root c75c8417-40d3-4b44-b6f6-50dd067858b1 by 2426.229s (replay_dependencies.py:324)
18:54:09.966 INFO     [realtime 32:20 profiling] (records_manager.py:1345)
18:54:09.966 INFO       rps=1.5 (avg 1.2)  tput_in=151,665/s  tput_out=1,169/s  done=2,397 ok=2,397 err=0 (records_manager.py:1345)
18:54:09.966 INFO       ttft    p50=  417ms  p75=   601ms  p95= 1,288ms  p99= 4,095ms (records_manager.py:1345)
18:54:09.966 INFO       itl     p50=    9ms  p75=    12ms  p95=    17ms  p99=    32ms (records_manager.py:1345)
18:54:09.966 INFO       e2e     p50=3,915ms  p75=10,026ms  p95=40,951ms  p99=95,587ms (records_manager.py:1345)
18:54:09.966 INFO       intvty  p50=    111  p75=     132  p95=     180  p99=     252  (1/tpot tok/s) (records_manager.py:1345)
18:54:09.966 INFO       isl     p50= 99,147  p75= 165,299  p90= 235,695  p99= 490,416  (tokens) (records_manager.py:1345)
18:54:09.966 INFO       osl     p50=    344  p75=     954  p90=   2,309  p99=   8,794  (tokens) (records_manager.py:1345)
18:54:09.966 INFO       tot     in=293,638,385  out=2,262,684 (records_manager.py:1345)
18:54:09.966 INFO       trace  theoretical_prefix_cache_hit=96.8% (records_manager.py:1345)
18:54:09.966 INFO       srv    prefix_cache_hit=95.5% unique_in_srv=13,285,199 ext_cache_hit=18.1% kv_usage=26.9% queue=17r/0w tput_in_srv=152,746/s tput_out_srv=1,174/s (records_manager.py:1345)
18:54:42.469 INFO     [realtime 32:52 profiling] (records_manager.py:1345)
18:54:42.470 INFO       rps=1.6 (avg 1.2)  tput_in=152,563/s  tput_out=1,169/s  done=2,449 ok=2,449 err=0 (records_manager.py:1345)
18:54:42.470 INFO       ttft    p50=  418ms  p75=   606ms  p95= 1,289ms  p99= 4,062ms (records_manager.py:1345)
18:54:42.470 INFO       itl     p50=    9ms  p75=    12ms  p95=    17ms  p99=    31ms (records_manager.py:1345)
18:54:42.470 INFO       e2e     p50=3,948ms  p75=10,026ms  p95=40,424ms  p99=94,901ms (records_manager.py:1345)
18:54:42.470 INFO       intvty  p50=    111  p75=     132  p95=     179  p99=     251  (1/tpot tok/s) (records_manager.py:1345)
18:54:42.470 INFO       isl     p50= 99,105  p75= 165,484  p90= 236,139  p99= 491,218  (tokens) (records_manager.py:1345)
18:54:42.470 INFO       osl     p50=    346  p75=     950  p90=   2,307  p99=   8,603  (tokens) (records_manager.py:1345)
18:54:42.470 INFO       tot     in=300,540,862  out=2,303,757 (records_manager.py:1345)
18:54:42.470 INFO       trace  theoretical_prefix_cache_hit=96.8% (records_manager.py:1345)
18:54:42.470 INFO       srv    prefix_cache_hit=95.5% unique_in_srv=13,492,876 ext_cache_hit=17.8% kv_usage=17.5% queue=11r/0w tput_in_srv=153,325/s tput_out_srv=1,179/s (records_manager.py:1345)
18:55:15.233 INFO     [realtime 33:25 profiling] (records_manager.py:1345)
18:55:15.233 INFO       rps=1.2 (avg 1.2)  tput_in=153,305/s  tput_out=1,178/s  done=2,489 ok=2,489 err=0 (records_manager.py:1345)
18:55:15.233 INFO       ttft    p50=  419ms  p75=   609ms  p95= 1,285ms  p99= 4,035ms (records_manager.py:1345)
18:55:15.233 INFO       itl     p50=    9ms  p75=    12ms  p95=    17ms  p99=    31ms (records_manager.py:1345)
18:55:15.233 INFO       e2e     p50=3,971ms  p75=10,148ms  p95=40,424ms  p99=94,332ms (records_manager.py:1345)
18:55:15.233 INFO       intvty  p50=    111  p75=     132  p95=     179  p99=     250  (1/tpot tok/s) (records_manager.py:1345)
18:55:15.233 INFO       isl     p50= 99,649  p75= 167,787  p90= 237,531  p99= 490,550  (tokens) (records_manager.py:1345)
18:55:15.233 INFO       osl     p50=    349  p75=     958  p90=   2,330  p99=   8,446  (tokens) (records_manager.py:1345)
18:55:15.233 INFO       tot     in=306,901,297  out=2,358,000 (records_manager.py:1345)
18:55:15.233 INFO       trace  theoretical_prefix_cache_hit=96.8% (records_manager.py:1345)
18:55:15.233 INFO       srv    prefix_cache_hit=95.6% unique_in_srv=13,580,666 ext_cache_hit=17.7% kv_usage=7.2% queue=8r/0w tput_in_srv=153,610/s tput_out_srv=1,180/s (records_manager.py:1345)
18:55:20.330 INFO     Per-trace idle cap advanced replay root 6d558d11-f930-41cd-8d26-48d4204e2eaf by 1341.357s (replay_dependencies.py:324)
18:55:38.742 INFO     Per-trace idle cap advanced replay root 1a644d88-68a2-487c-ac48-80138d8cd0f2 by 21.576s (replay_dependencies.py:324)
18:55:47.741 INFO     [realtime 33:57 profiling] (records_manager.py:1345)
18:55:47.741 INFO       rps=1.1 (avg 1.2)  tput_in=153,307/s  tput_out=1,175/s  done=2,524 ok=2,524 err=0 (records_manager.py:1345)
18:55:47.741 INFO       ttft    p50=  419ms  p75=   610ms  p95= 1,286ms  p99= 4,008ms (records_manager.py:1345)
18:55:47.741 INFO       itl     p50=    9ms  p75=    11ms  p95=    17ms  p99=    31ms (records_manager.py:1345)
18:55:47.741 INFO       e2e     p50=3,981ms  p75=10,149ms  p95=40,168ms  p99=94,003ms (records_manager.py:1345)
18:55:47.741 INFO       intvty  p50=    112  p75=     133  p95=     178  p99=     249  (1/tpot tok/s) (records_manager.py:1345)
18:55:47.741 INFO       isl     p50= 99,460  p75= 168,073  p90= 238,541  p99= 491,636  (tokens) (records_manager.py:1345)
18:55:47.741 INFO       osl     p50=    350  p75=     965  p90=   2,330  p99=   8,371  (tokens) (records_manager.py:1345)
18:55:47.741 INFO       tot     in=311,859,885  out=2,390,846 (records_manager.py:1345)
18:55:47.741 INFO       trace  theoretical_prefix_cache_hit=96.8% (records_manager.py:1345)
18:55:47.741 INFO       srv    prefix_cache_hit=95.7% unique_in_srv=13,643,771 ext_cache_hit=17.6% kv_usage=24.3% queue=9r/0w tput_in_srv=154,226/s tput_out_srv=1,179/s (records_manager.py:1345)
18:56:20.507 INFO     [realtime 34:30 profiling] (records_manager.py:1345)
18:56:20.507 INFO       rps=0.7 (avg 1.2)  tput_in=153,055/s  tput_out=1,170/s  done=2,547 ok=2,547 err=0 (records_manager.py:1345)
18:56:20.507 INFO       ttft    p50=  419ms  p75=   611ms  p95= 1,282ms  p99= 3,990ms (records_manager.py:1345)
18:56:20.507 INFO       itl     p50=    9ms  p75=    11ms  p95=    17ms  p99=    31ms (records_manager.py:1345)
18:56:20.507 INFO       e2e     p50=3,987ms  p75=10,109ms  p95=40,147ms  p99=93,845ms (records_manager.py:1345)
18:56:20.507 INFO       intvty  p50=    112  p75=     133  p95=     179  p99=     252  (1/tpot tok/s) (records_manager.py:1345)
18:56:20.507 INFO       isl     p50= 99,530  p75= 168,647  p90= 241,158  p99= 491,252  (tokens) (records_manager.py:1345)
18:56:20.508 INFO       osl     p50=    351  p75=     966  p90=   2,330  p99=   8,343  (tokens) (records_manager.py:1345)
18:56:20.508 INFO       tot     in=315,585,927  out=2,413,043 (records_manager.py:1345)
18:56:20.508 INFO       trace  theoretical_prefix_cache_hit=96.8% (records_manager.py:1345)
18:56:20.508 INFO       srv    prefix_cache_hit=95.7% unique_in_srv=13,697,208 ext_cache_hit=17.6% kv_usage=29.7% queue=9r/0w tput_in_srv=153,801/s tput_out_srv=1,174/s (records_manager.py:1345)
18:56:46.201 INFO     Per-trace idle cap advanced replay root d8a09e57-219d-4974-9639-3f4b83187bf9 by 62.539s (replay_dependencies.py:324)
18:56:53.179 INFO     [realtime 35:03 profiling] (records_manager.py:1345)
18:56:53.179 INFO       rps=0.6 (avg 1.2)  tput_in=151,827/s  tput_out=1,159/s  done=2,567 ok=2,567 err=0 (records_manager.py:1345)
18:56:53.179 INFO       ttft    p50=  421ms  p75=   612ms  p95= 1,286ms  p99= 3,974ms (records_manager.py:1345)
18:56:53.179 INFO       itl     p50=    9ms  p75=    11ms  p95=    17ms  p99=    31ms (records_manager.py:1345)
18:56:53.179 INFO       e2e     p50=4,005ms  p75=10,109ms  p95=39,949ms  p99=93,708ms (records_manager.py:1345)
18:56:53.179 INFO       intvty  p50=    113  p75=     133  p95=     179  p99=     254  (1/tpot tok/s) (records_manager.py:1345)
18:56:53.179 INFO       isl     p50=100,573  p75= 169,874  p90= 241,465  p99= 490,917  (tokens) (records_manager.py:1345)
18:56:53.179 INFO       osl     p50=    354  p75=     966  p90=   2,342  p99=   8,318  (tokens) (records_manager.py:1345)
18:56:53.179 INFO       tot     in=318,931,450  out=2,434,664 (records_manager.py:1345)
18:56:53.179 INFO       trace  theoretical_prefix_cache_hit=96.9% (records_manager.py:1345)
18:56:53.179 INFO       srv    prefix_cache_hit=95.7% unique_in_srv=13,830,861 ext_cache_hit=17.4% kv_usage=38.6% queue=15r/0w tput_in_srv=153,282/s tput_out_srv=1,172/s (records_manager.py:1345)
18:57:26.055 INFO     [realtime 35:36 profiling] (records_manager.py:1345)
18:57:26.055 INFO       rps=0.8 (avg 1.2)  tput_in=151,130/s  tput_out=1,158/s  done=2,592 ok=2,592 err=0 (records_manager.py:1345)
18:57:26.055 INFO       ttft    p50=  422ms  p75=   615ms  p95= 1,290ms  p99= 3,953ms (records_manager.py:1345)
18:57:26.055 INFO       itl     p50=    9ms  p75=    11ms  p95=    17ms  p99=    31ms (records_manager.py:1345)
18:57:26.055 INFO       e2e     p50=4,033ms  p75=10,286ms  p95=39,869ms  p99=93,536ms (records_manager.py:1345)
18:57:26.055 INFO       intvty  p50=    113  p75=     133  p95=     179  p99=     253  (1/tpot tok/s) (records_manager.py:1345)
18:57:26.055 INFO       isl     p50=100,710  p75= 169,998  p90= 241,496  p99= 490,499  (tokens) (records_manager.py:1345)
18:57:26.055 INFO       osl     p50=    361  p75=     973  p90=   2,371  p99=   8,288  (tokens) (records_manager.py:1345)
18:57:26.055 INFO       tot     in=322,328,846  out=2,470,224 (records_manager.py:1345)
18:57:26.055 INFO       trace  theoretical_prefix_cache_hit=96.9% (records_manager.py:1345)
18:57:26.055 INFO       srv    prefix_cache_hit=95.7% unique_in_srv=13,957,655 ext_cache_hit=17.3% kv_usage=26.0% queue=8r/0w tput_in_srv=152,089/s tput_out_srv=1,171/s (records_manager.py:1345)
18:57:40.479 INFO     Per-trace idle cap advanced replay root d2e3d033-4a8d-49b2-9f10-a337446e4627 by 34968.466s (replay_dependencies.py:324)
18:57:55.292 INFO     Per-trace idle cap advanced replay root 69cfabae-c3e1-4735-a77a-7fbd0a0251d1 by 14130.399s (replay_dependencies.py:324)
18:57:58.837 INFO     [realtime 36:09 profiling] (records_manager.py:1345)
18:57:58.838 INFO       rps=0.5 (avg 1.2)  tput_in=149,892/s  tput_out=1,155/s  done=2,607 ok=2,607 err=0 (records_manager.py:1345)
18:57:58.838 INFO       ttft    p50=  421ms  p75=   614ms  p95= 1,291ms  p99= 3,936ms (records_manager.py:1345)
18:57:58.838 INFO       itl     p50=    9ms  p75=    11ms  p95=    17ms  p99=    31ms (records_manager.py:1345)
18:57:58.838 INFO       e2e     p50=4,041ms  p75=10,289ms  p95=39,949ms  p99=94,120ms (records_manager.py:1345)
18:57:58.838 INFO       intvty  p50=    113  p75=     133  p95=     179  p99=     253  (1/tpot tok/s) (records_manager.py:1345)
18:57:58.838 INFO       isl     p50=100,573  p75= 168,702  p90= 241,465  p99= 491,921  (tokens) (records_manager.py:1345)
18:57:58.838 INFO       osl     p50=    361  p75=     980  p90=   2,392  p99=   8,392  (tokens) (records_manager.py:1345)
18:57:58.838 INFO       tot     in=324,175,339  out=2,498,812 (records_manager.py:1345)
18:57:58.838 INFO       trace  theoretical_prefix_cache_hit=96.9% (records_manager.py:1345)
18:57:58.838 INFO       srv    prefix_cache_hit=95.7% unique_in_srv=14,177,018 ext_cache_hit=17.5% kv_usage=36.9% queue=11r/0w tput_in_srv=151,031/s tput_out_srv=1,167/s (records_manager.py:1345)
18:58:00.696 INFO     Per-trace idle cap advanced replay root 5f4fbf39-0fc9-4168-aab5-0735c28cfcd6 by 3717.769s (replay_dependencies.py:324)
18:58:31.649 INFO     [realtime 36:41 profiling] (records_manager.py:1345)
18:58:31.649 INFO       rps=1.2 (avg 1.2)  tput_in=150,184/s  tput_out=1,152/s  done=2,645 ok=2,645 err=0 (records_manager.py:1345)
18:58:31.649 INFO       ttft    p50=  422ms  p75=   614ms  p95= 1,310ms  p99= 3,874ms (records_manager.py:1345)
18:58:31.649 INFO       itl     p50=    9ms  p75=    11ms  p95=    17ms  p99=    31ms (records_manager.py:1345)
18:58:31.649 INFO       e2e     p50=4,076ms  p75=10,287ms  p95=39,530ms  p99=93,859ms (records_manager.py:1345)
18:58:31.649 INFO       intvty  p50=    113  p75=     133  p95=     179  p99=     253  (1/tpot tok/s) (records_manager.py:1345)
18:58:31.649 INFO       isl     p50=100,616  p75= 170,033  p90= 241,615  p99= 495,781  (tokens) (records_manager.py:1345)
18:58:31.649 INFO       osl     p50=    365  p75=     982  p90=   2,399  p99=   8,345  (tokens) (records_manager.py:1345)
18:58:31.649 INFO       tot     in=330,239,580  out=2,533,690 (records_manager.py:1345)
18:58:31.649 INFO       trace  theoretical_prefix_cache_hit=96.9% (records_manager.py:1345)
18:58:31.649 INFO       srv    prefix_cache_hit=95.7% unique_in_srv=14,280,047 ext_cache_hit=17.6% kv_usage=34.7% queue=10r/0w tput_in_srv=151,160/s tput_out_srv=1,166/s (records_manager.py:1345)
18:58:34.767 INFO     Per-trace idle cap advanced replay root 4174f4d8-78f3-45e3-abff-de4aa9e99b16 by 2991.288s (replay_dependencies.py:324)
18:58:56.834 INFO     Per-trace idle cap advanced replay root 3b321771-27c5-4617-a4e8-ee108464e0ec by 5490.365s (replay_dependencies.py:324)
18:59:04.469 INFO     [realtime 37:14 profiling] (records_manager.py:1345)
18:59:04.469 INFO       rps=1.3 (avg 1.2)  tput_in=151,797/s  tput_out=1,159/s  done=2,689 ok=2,689 err=0 (records_manager.py:1345)
18:59:04.469 INFO       ttft    p50=  424ms  p75=   618ms  p95= 1,332ms  p99= 3,803ms (records_manager.py:1345)
18:59:04.469 INFO       itl     p50=    9ms  p75=    11ms  p95=    17ms  p99=    30ms (records_manager.py:1345)
18:59:04.469 INFO       e2e     p50=4,088ms  p75=10,287ms  p95=39,335ms  p99=95,594ms (records_manager.py:1345)
18:59:04.469 INFO       intvty  p50=    113  p75=     133  p95=     179  p99=     270  (1/tpot tok/s) (records_manager.py:1345)
18:59:04.469 INFO       isl     p50=101,755  p75= 171,314  p90= 242,643  p99= 502,000  (tokens) (records_manager.py:1345)
18:59:04.469 INFO       osl     p50=    365  p75=     981  p90=   2,376  p99=   8,798  (tokens) (records_manager.py:1345)
18:59:04.469 INFO       tot     in=338,669,738  out=2,586,198 (records_manager.py:1345)
18:59:04.469 INFO       trace  theoretical_prefix_cache_hit=96.9% (records_manager.py:1345)
18:59:04.469 INFO       srv    prefix_cache_hit=95.7% unique_in_srv=14,524,574 ext_cache_hit=17.3% kv_usage=31.4% queue=12r/0w tput_in_srv=152,892/s tput_out_srv=1,165/s (records_manager.py:1345)
18:59:37.492 INFO     [realtime 37:47 profiling] (records_manager.py:1345)
18:59:37.492 INFO       rps=1.2 (avg 1.2)  tput_in=153,045/s  tput_out=1,159/s  done=2,729 ok=2,729 err=0 (records_manager.py:1345)
18:59:37.492 INFO       ttft    p50=  426ms  p75=   628ms  p95= 1,377ms  p99= 3,763ms (records_manager.py:1345)
18:59:37.492 INFO       itl     p50=    9ms  p75=    11ms  p95=    17ms  p99=    30ms (records_manager.py:1345)
18:59:37.492 INFO       e2e     p50=4,108ms  p75=10,361ms  p95=38,665ms  p99=95,185ms (records_manager.py:1345)
18:59:37.492 INFO       intvty  p50=    113  p75=     133  p95=     178  p99=     264  (1/tpot tok/s) (records_manager.py:1345)
18:59:37.492 INFO       isl     p50=102,737  p75= 172,373  p90= 245,057  p99= 503,697  (tokens) (records_manager.py:1345)
18:59:37.492 INFO       osl     p50=    367  p75=     986  p90=   2,376  p99=   8,682  (tokens) (records_manager.py:1345)
18:59:37.492 INFO       tot     in=346,523,564  out=2,623,338 (records_manager.py:1345)
18:59:37.492 INFO       trace  theoretical_prefix_cache_hit=97.0% (records_manager.py:1345)
18:59:37.492 INFO       srv    prefix_cache_hit=95.8% unique_in_srv=14,615,245 ext_cache_hit=17.2% kv_usage=20.8% queue=6r/0w tput_in_srv=153,770/s tput_out_srv=1,166/s (records_manager.py:1345)
18:59:37.969 INFO     Per-trace idle cap advanced replay root 1d44eb89-d164-4273-a33d-d4dbac5fb027 by 303.304s (replay_dependencies.py:324)
19:00:10.444 INFO     [realtime 38:20 profiling] (records_manager.py:1345)
19:00:10.444 INFO       rps=0.8 (avg 1.2)  tput_in=152,511/s  tput_out=1,156/s  done=2,754 ok=2,754 err=0 (records_manager.py:1345)
19:00:10.444 INFO       ttft    p50=  426ms  p75=   628ms  p95= 1,381ms  p99= 3,746ms (records_manager.py:1345)
19:00:10.444 INFO       itl     p50=    9ms  p75=    11ms  p95=    17ms  p99=    31ms (records_manager.py:1345)
19:00:10.444 INFO       e2e     p50=4,117ms  p75=10,382ms  p95=38,612ms  p99=94,830ms (records_manager.py:1345)
19:00:10.444 INFO       intvty  p50=    113  p75=     133  p95=     178  p99=     261  (1/tpot tok/s) (records_manager.py:1345)
19:00:10.444 INFO       isl     p50=103,094  p75= 172,889  p90= 245,575  p99= 502,990  (tokens) (records_manager.py:1345)
19:00:10.444 INFO       osl     p50=    369  p75=     997  p90=   2,394  p99=   8,584  (tokens) (records_manager.py:1345)
19:00:10.444 INFO       tot     in=350,399,587  out=2,656,294 (records_manager.py:1345)
19:00:10.444 INFO       trace  theoretical_prefix_cache_hit=97.0% (records_manager.py:1345)
19:00:10.444 INFO       srv    prefix_cache_hit=95.8% unique_in_srv=14,979,989 ext_cache_hit=18.1% kv_usage=34.4% queue=12r/0w tput_in_srv=153,667/s tput_out_srv=1,165/s (records_manager.py:1345)
19:00:19.837 INFO     Per-trace idle cap advanced replay root 890b205a-0d03-41d7-bfb6-b116fce493c4 by 103.731s (replay_dependencies.py:324)
19:00:43.660 INFO     [realtime 38:53 profiling] (records_manager.py:1345)
19:00:43.660 INFO       rps=1.2 (avg 1.2)  tput_in=153,169/s  tput_out=1,158/s  done=2,795 ok=2,795 err=0 (records_manager.py:1345)
19:00:43.660 INFO       ttft    p50=  429ms  p75=   631ms  p95= 1,397ms  p99= 3,716ms (records_manager.py:1345)
19:00:43.660 INFO       itl     p50=    9ms  p75=    11ms  p95=    17ms  p99=    30ms (records_manager.py:1345)
19:00:43.660 INFO       e2e     p50=4,132ms  p75=10,423ms  p95=38,492ms  p99=94,246ms (records_manager.py:1345)
19:00:43.660 INFO       intvty  p50=    112  p75=     132  p95=     178  p99=     256  (1/tpot tok/s) (records_manager.py:1345)
19:00:43.660 INFO       isl     p50=103,389  p75= 173,843  p90= 246,329  p99= 504,605  (tokens) (records_manager.py:1345)
19:00:43.660 INFO       osl     p50=    370  p75=   1,000  p90=   2,399  p99=   8,423  (tokens) (records_manager.py:1345)
19:00:43.660 INFO       tot     in=356,977,110  out=2,697,976 (records_manager.py:1345)
19:00:43.660 INFO       trace  theoretical_prefix_cache_hit=97.0% (records_manager.py:1345)
19:00:43.660 INFO       srv    prefix_cache_hit=95.8% unique_in_srv=15,158,854 ext_cache_hit=17.9% kv_usage=43.4% queue=15r/0w tput_in_srv=154,693/s tput_out_srv=1,166/s (records_manager.py:1345)
19:01:05.549 INFO     Per-trace idle cap advanced replay root bf55af06-b8c0-4412-bfe1-69fc1f3c469b by 7133.037s (replay_dependencies.py:324)
19:01:16.755 INFO     [realtime 39:26 profiling] (records_manager.py:1345)
19:01:16.756 INFO       rps=1.8 (avg 1.2)  tput_in=154,711/s  tput_out=1,160/s  done=2,854 ok=2,854 err=0 (records_manager.py:1345)
19:01:16.756 INFO       ttft    p50=  431ms  p75=   633ms  p95= 1,397ms  p99= 3,652ms (records_manager.py:1345)
19:01:16.756 INFO       itl     p50=    9ms  p75=    11ms  p95=    17ms  p99=    30ms (records_manager.py:1345)
19:01:16.756 INFO       e2e     p50=4,103ms  p75=10,382ms  p95=38,436ms  p99=93,797ms (records_manager.py:1345)
19:01:16.756 INFO       intvty  p50=    112  p75=     132  p95=     177  p99=     261  (1/tpot tok/s) (records_manager.py:1345)
19:01:16.756 INFO       isl     p50=102,902  p75= 173,238  p90= 246,999  p99= 514,621  (tokens) (records_manager.py:1345)
19:01:16.756 INFO       osl     p50=    367  p75=     995  p90=   2,407  p99=   8,334  (tokens) (records_manager.py:1345)
19:01:16.756 INFO       tot     in=365,598,524  out=2,741,557 (records_manager.py:1345)
19:01:16.756 INFO       trace  theoretical_prefix_cache_hit=97.0% (records_manager.py:1345)
19:01:16.756 INFO       srv    prefix_cache_hit=95.8% unique_in_srv=15,323,978 ext_cache_hit=18.0% kv_usage=24.8% queue=11r/0w tput_in_srv=155,536/s tput_out_srv=1,166/s (records_manager.py:1345)
19:01:18.141 INFO     Per-trace idle cap advanced replay root fb11585e-027b-4123-8cc6-5a647cd7c845 by 268.062s (replay_dependencies.py:324)
19:01:18.868 INFO     Per-trace idle cap advanced replay root 6d558d11-f930-41cd-8d26-48d4204e2eaf by 478.872s (replay_dependencies.py:324)
19:01:49.886 INFO     [realtime 40:00 profiling] (records_manager.py:1345)
19:01:49.886 INFO       rps=1.7 (avg 1.2)  tput_in=155,785/s  tput_out=1,157/s  done=2,910 ok=2,910 err=0 (records_manager.py:1345)
19:01:49.886 INFO       ttft    p50=  431ms  p75=   633ms  p95= 1,393ms  p99= 3,598ms (records_manager.py:1345)
19:01:49.886 INFO       itl     p50=    9ms  p75=    11ms  p95=    17ms  p99=    30ms (records_manager.py:1345)
19:01:49.886 INFO       e2e     p50=4,040ms  p75=10,357ms  p95=38,244ms  p99=93,263ms (records_manager.py:1345)
19:01:49.886 INFO       intvty  p50=    112  p75=     132  p95=     177  p99=     255  (1/tpot tok/s) (records_manager.py:1345)
19:01:49.886 INFO       isl     p50=102,603  p75= 172,889  p90= 247,076  p99= 517,410  (tokens) (records_manager.py:1345)
19:01:49.886 INFO       osl     p50=    361  p75=     986  p90=   2,391  p99=   8,254  (tokens) (records_manager.py:1345)
19:01:49.886 INFO       tot     in=373,398,161  out=2,773,709 (records_manager.py:1345)
19:01:49.886 INFO       trace  theoretical_prefix_cache_hit=97.0% (records_manager.py:1345)
19:01:49.886 INFO       srv    prefix_cache_hit=95.8% unique_in_srv=15,689,301 ext_cache_hit=18.9% kv_usage=39.7% queue=13r/0w tput_in_srv=157,043/s tput_out_srv=1,165/s (records_manager.py:1345)
19:01:57.854 INFO     Per-trace idle cap advanced replay root a7cc8edc-7aa5-45da-beec-53630b675a5d by 22048.634s (replay_dependencies.py:324)
19:02:23.242 INFO     [realtime 40:33 profiling] (records_manager.py:1345)
19:02:23.242 INFO       rps=1.0 (avg 1.2)  tput_in=157,283/s  tput_out=1,161/s  done=2,944 ok=2,944 err=0 (records_manager.py:1345)
19:02:23.242 INFO       ttft    p50=  434ms  p75=   636ms  p95= 1,409ms  p99= 3,593ms (records_manager.py:1345)
19:02:23.242 INFO       itl     p50=    9ms  p75=    11ms  p95=    17ms  p99=    30ms (records_manager.py:1345)
19:02:23.242 INFO       e2e     p50=4,079ms  p75=10,379ms  p95=38,275ms  p99=92,467ms (records_manager.py:1345)
19:02:23.242 INFO       intvty  p50=    112  p75=     132  p95=     176  p99=     262  (1/tpot tok/s) (records_manager.py:1345)
19:02:23.242 INFO       isl     p50=103,288  p75= 174,989  p90= 248,331  p99= 523,816  (tokens) (records_manager.py:1345)
19:02:23.242 INFO       osl     p50=    364  p75=     996  p90=   2,416  p99=   8,165  (tokens) (records_manager.py:1345)
19:02:23.242 INFO       tot     in=381,839,776  out=2,818,452 (records_manager.py:1345)
19:02:23.242 INFO       trace  theoretical_prefix_cache_hit=97.1% (records_manager.py:1345)
19:02:23.242 INFO       srv    prefix_cache_hit=95.9% unique_in_srv=15,820,893 ext_cache_hit=19.1% kv_usage=21.1% queue=10r/0w tput_in_srv=157,888/s tput_out_srv=1,168/s (records_manager.py:1345)
19:02:56.484 INFO     [realtime 41:06 profiling] (records_manager.py:1345)
19:02:56.484 INFO       rps=0.8 (avg 1.2)  tput_in=157,828/s  tput_out=1,162/s  done=2,970 ok=2,970 err=0 (records_manager.py:1345)
19:02:56.484 INFO       ttft    p50=  435ms  p75=   643ms  p95= 1,410ms  p99= 3,590ms (records_manager.py:1345)
19:02:56.484 INFO       itl     p50=    9ms  p75=    11ms  p95=    17ms  p99=    30ms (records_manager.py:1345)
19:02:56.484 INFO       e2e     p50=4,085ms  p75=10,430ms  p95=38,447ms  p99=91,859ms (records_manager.py:1345)
19:02:56.484 INFO       intvty  p50=    112  p75=     132  p95=     176  p99=     259  (1/tpot tok/s) (records_manager.py:1345)
19:02:56.484 INFO       isl     p50=104,040  p75= 176,286  p90= 250,563  p99= 527,653  (tokens) (records_manager.py:1345)
19:02:56.484 INFO       osl     p50=    365  p75=   1,006  p90=   2,451  p99=   8,097  (tokens) (records_manager.py:1345)
19:02:56.484 INFO       tot     in=388,621,492  out=2,860,969 (records_manager.py:1345)
19:02:56.484 INFO       trace  theoretical_prefix_cache_hit=97.1% (records_manager.py:1345)
19:02:56.484 INFO       srv    prefix_cache_hit=96.0% unique_in_srv=15,863,326 ext_cache_hit=19.0% kv_usage=37.6% queue=9r/0w tput_in_srv=159,018/s tput_out_srv=1,167/s (records_manager.py:1345)
19:03:29.673 INFO     Per-trace idle cap advanced replay root c75c8417-40d3-4b44-b6f6-50dd067858b1 by 352.290s (replay_dependencies.py:324)
19:03:29.700 INFO     [realtime 41:39 profiling] (records_manager.py:1345)
19:03:29.700 INFO       rps=1.0 (avg 1.2)  tput_in=159,342/s  tput_out=1,160/s  done=3,003 ok=3,003 err=0 (records_manager.py:1345)
19:03:29.700 INFO       ttft    p50=  438ms  p75=   646ms  p95= 1,419ms  p99= 3,583ms (records_manager.py:1345)
19:03:29.700 INFO       itl     p50=    9ms  p75=    11ms  p95=    16ms  p99=    29ms (records_manager.py:1345)
19:03:29.700 INFO       e2e     p50=4,111ms  p75=10,423ms  p95=38,467ms  p99=91,110ms (records_manager.py:1345)
19:03:29.700 INFO       intvty  p50=    112  p75=     132  p95=     176  p99=     267  (1/tpot tok/s) (records_manager.py:1345)
19:03:29.700 INFO       isl     p50=105,287  p75= 178,249  p90= 254,659  p99= 664,474  (tokens) (records_manager.py:1345)
19:03:29.700 INFO       osl     p50=    368  p75=   1,007  p90=   2,444  p99=   8,012  (tokens) (records_manager.py:1345)
19:03:29.700 INFO       tot     in=397,758,155  out=2,895,711 (records_manager.py:1345)
19:03:29.700 INFO       trace  theoretical_prefix_cache_hit=97.1% (records_manager.py:1345)
19:03:29.700 INFO       srv    prefix_cache_hit=96.0% unique_in_srv=15,982,668 ext_cache_hit=19.0% kv_usage=7.2% queue=3r/0w tput_in_srv=159,560/s tput_out_srv=1,163/s (records_manager.py:1345)
19:04:03.089 INFO     [realtime 42:13 profiling] (records_manager.py:1345)
19:04:03.090 INFO       rps=0.7 (avg 1.2)  tput_in=159,566/s  tput_out=1,156/s  done=3,025 ok=3,025 err=0 (records_manager.py:1345)
19:04:03.090 INFO       ttft    p50=  439ms  p75=   648ms  p95= 1,423ms  p99= 3,550ms (records_manager.py:1345)
19:04:03.090 INFO       itl     p50=    9ms  p75=    11ms  p95=    16ms  p99=    29ms (records_manager.py:1345)
19:04:03.090 INFO       e2e     p50=4,121ms  p75=10,446ms  p95=38,461ms  p99=90,857ms (records_manager.py:1345)
19:04:03.090 INFO       intvty  p50=    113  p75=     132  p95=     176  p99=     265  (1/tpot tok/s) (records_manager.py:1345)
19:04:03.090 INFO       isl     p50=105,703  p75= 179,839  p90= 258,036  p99= 669,141  (tokens) (records_manager.py:1345)
19:04:03.090 INFO       osl     p50=    370  p75=   1,013  p90=   2,441  p99=   7,970  (tokens) (records_manager.py:1345)
19:04:03.090 INFO       tot     in=403,273,134  out=2,922,169 (records_manager.py:1345)
19:04:03.090 INFO       trace  theoretical_prefix_cache_hit=97.2% (records_manager.py:1345)
19:04:03.090 INFO       srv    prefix_cache_hit=96.0% unique_in_srv=16,191,716 ext_cache_hit=19.3% kv_usage=30.6% queue=7r/0w tput_in_srv=160,396/s tput_out_srv=1,157/s (records_manager.py:1345)
19:04:17.631 INFO     Per-trace idle cap advanced replay root 41b966bf-20af-4306-a66e-fbd670b8dcfa by 289.120s (replay_dependencies.py:324)
19:04:36.584 INFO     [realtime 42:46 profiling] (records_manager.py:1345)
19:04:36.584 INFO       rps=0.6 (avg 1.2)  tput_in=159,630/s  tput_out=1,150/s  done=3,045 ok=3,045 err=0 (records_manager.py:1345)
19:04:36.584 INFO       ttft    p50=  441ms  p75=   649ms  p95= 1,437ms  p99= 3,521ms (records_manager.py:1345)
19:04:36.584 INFO       itl     p50=    9ms  p75=    11ms  p95=    16ms  p99=    29ms (records_manager.py:1345)
19:04:36.584 INFO       e2e     p50=4,120ms  p75=10,502ms  p95=38,392ms  p99=90,627ms (records_manager.py:1345)
19:04:36.584 INFO       intvty  p50=    113  p75=     132  p95=     176  p99=     262  (1/tpot tok/s) (records_manager.py:1345)
19:04:36.584 INFO       isl     p50=106,470  p75= 181,315  p90= 259,964  p99= 674,755  (tokens) (records_manager.py:1345)
19:04:36.584 INFO       osl     p50=    370  p75=   1,020  p90=   2,458  p99=   7,932  (tokens) (records_manager.py:1345)
19:04:36.584 INFO       tot     in=409,154,673  out=2,947,171 (records_manager.py:1345)
19:04:36.584 INFO       trace  theoretical_prefix_cache_hit=97.2% (records_manager.py:1345)
19:04:36.584 INFO       srv    prefix_cache_hit=96.0% unique_in_srv=16,253,620 ext_cache_hit=19.2% kv_usage=21.6% queue=7r/0w tput_in_srv=160,313/s tput_out_srv=1,154/s (records_manager.py:1345)
19:05:09.872 INFO     [realtime 43:20 profiling] (records_manager.py:1345)
19:05:09.872 INFO       rps=0.9 (avg 1.2)  tput_in=160,165/s  tput_out=1,148/s  done=3,074 ok=3,074 err=0 (records_manager.py:1345)
19:05:09.872 INFO       ttft    p50=  441ms  p75=   650ms  p95= 1,436ms  p99= 3,478ms (records_manager.py:1345)
19:05:09.872 INFO       itl     p50=    9ms  p75=    11ms  p95=    16ms  p99=    29ms (records_manager.py:1345)
19:05:09.872 INFO       e2e     p50=4,119ms  p75=10,451ms  p95=38,436ms  p99=90,294ms (records_manager.py:1345)
19:05:09.872 INFO       intvty  p50=    113  p75=     133  p95=     178  p99=     273  (1/tpot tok/s) (records_manager.py:1345)
19:05:09.872 INFO       isl     p50=107,129  p75= 181,877  p90= 262,656  p99= 676,668  (tokens) (records_manager.py:1345)
19:05:09.872 INFO       osl     p50=    370  p75=   1,020  p90=   2,459  p99=   7,876  (tokens) (records_manager.py:1345)
19:05:09.872 INFO       tot     in=415,577,546  out=2,978,819 (records_manager.py:1345)
19:05:09.872 INFO       trace  theoretical_prefix_cache_hit=97.2% (records_manager.py:1345)
19:05:09.872 INFO       srv    prefix_cache_hit=96.0% unique_in_srv=16,540,808 ext_cache_hit=20.4% kv_usage=16.4% queue=5r/1w tput_in_srv=160,476/s tput_out_srv=1,148/s (records_manager.py:1345)
19:05:10.825 INFO     Per-trace idle cap advanced replay root 4174f4d8-78f3-45e3-abff-de4aa9e99b16 by 1834.037s (replay_dependencies.py:324)
19:05:43.406 INFO     [realtime 43:53 profiling] (records_manager.py:1345)
19:05:43.406 INFO       rps=0.7 (avg 1.2)  tput_in=159,859/s  tput_out=1,141/s  done=3,096 ok=3,096 err=0 (records_manager.py:1345)
19:05:43.406 INFO       ttft    p50=  443ms  p75=   651ms  p95= 1,440ms  p99= 3,445ms (records_manager.py:1345)
19:05:43.406 INFO       itl     p50=    9ms  p75=    11ms  p95=    16ms  p99=    29ms (records_manager.py:1345)
19:05:43.406 INFO       e2e     p50=4,126ms  p75=10,465ms  p95=38,322ms  p99=90,042ms (records_manager.py:1345)
19:05:43.406 INFO       intvty  p50=    113  p75=     133  p95=     178  p99=     268  (1/tpot tok/s) (records_manager.py:1345)
19:05:43.406 INFO       isl     p50=107,608  p75= 182,807  p90= 263,636  p99= 678,219  (tokens) (records_manager.py:1345)
19:05:43.406 INFO       osl     p50=    370  p75=   1,028  p90=   2,458  p99=   7,834  (tokens) (records_manager.py:1345)
19:05:43.406 INFO       tot     in=420,355,950  out=3,000,591 (records_manager.py:1345)
19:05:43.406 INFO       trace  theoretical_prefix_cache_hit=97.2% (records_manager.py:1345)
19:05:43.406 INFO       srv    prefix_cache_hit=96.1% unique_in_srv=16,586,599 ext_cache_hit=20.3% kv_usage=13.9% queue=4r/0w tput_in_srv=160,271/s tput_out_srv=1,144/s (records_manager.py:1345)
19:05:56.582 INFO     Per-trace idle cap advanced replay root 890b205a-0d03-41d7-bfb6-b116fce493c4 by 247.095s (replay_dependencies.py:324)
19:06:08.587 INFO     Per-trace idle cap advanced replay root bf55af06-b8c0-4412-bfe1-69fc1f3c469b by 106.228s (replay_dependencies.py:324)
19:06:16.828 INFO     [realtime 44:27 profiling] (records_manager.py:1345)
19:06:16.828 INFO       rps=0.7 (avg 1.2)  tput_in=160,270/s  tput_out=1,136/s  done=3,120 ok=3,120 err=0 (records_manager.py:1345)
19:06:16.828 INFO       ttft    p50=  444ms  p75=   653ms  p95= 1,457ms  p99= 3,425ms (records_manager.py:1345)
19:06:16.828 INFO       itl     p50=    9ms  p75=    11ms  p95=    16ms  p99=    29ms (records_manager.py:1345)
19:06:16.828 INFO       e2e     p50=4,137ms  p75=10,448ms  p95=38,297ms  p99=89,823ms (records_manager.py:1345)
19:06:16.828 INFO       intvty  p50=    114  p75=     134  p95=     178  p99=     265  (1/tpot tok/s) (records_manager.py:1345)
19:06:16.828 INFO       isl     p50=108,054  p75= 183,786  p90= 266,006  p99= 680,601  (tokens) (records_manager.py:1345)
19:06:16.828 INFO       osl     p50=    373  p75=   1,031  p90=   2,455  p99=   7,771  (tokens) (records_manager.py:1345)
19:06:16.828 INFO       tot     in=426,791,015  out=3,025,397 (records_manager.py:1345)
19:06:16.828 INFO       trace  theoretical_prefix_cache_hit=97.3% (records_manager.py:1345)
19:06:16.828 INFO       srv    prefix_cache_hit=96.1% unique_in_srv=16,636,863 ext_cache_hit=20.2% kv_usage=13.6% queue=5r/0w tput_in_srv=160,650/s tput_out_srv=1,140/s (records_manager.py:1345)
19:06:46.694 INFO     Per-trace idle cap advanced replay root d2e3d033-4a8d-49b2-9f10-a337446e4627 by 39579.660s (replay_dependencies.py:324)
19:06:50.237 INFO     [realtime 45:00 profiling] (records_manager.py:1345)
19:06:50.237 INFO       rps=0.9 (avg 1.2)  tput_in=161,049/s  tput_out=1,135/s  done=3,149 ok=3,149 err=0 (records_manager.py:1345)
19:06:50.237 INFO       ttft    p50=  446ms  p75=   656ms  p95= 1,462ms  p99= 3,406ms (records_manager.py:1345)
19:06:50.237 INFO       itl     p50=    9ms  p75=    11ms  p95=    16ms  p99=    28ms (records_manager.py:1345)
19:06:50.237 INFO       e2e     p50=4,121ms  p75=10,446ms  p95=38,366ms  p99=89,578ms (records_manager.py:1345)
19:06:50.237 INFO       intvty  p50=    114  p75=     134  p95=     179  p99=     278  (1/tpot tok/s) (records_manager.py:1345)
19:06:50.237 INFO       isl     p50=108,737  p75= 185,447  p90= 268,154  p99= 682,145  (tokens) (records_manager.py:1345)
19:06:50.237 INFO       osl     p50=    373  p75=   1,032  p90=   2,455  p99=   7,924  (tokens) (records_manager.py:1345)
19:06:50.237 INFO       tot     in=433,889,958  out=3,058,499 (records_manager.py:1345)
19:06:50.237 INFO       trace  theoretical_prefix_cache_hit=97.3% (records_manager.py:1345)
19:06:50.237 INFO       srv    prefix_cache_hit=96.1% unique_in_srv=16,765,713 ext_cache_hit=20.1% kv_usage=11.3% queue=5r/0w tput_in_srv=161,159/s tput_out_srv=1,135/s (records_manager.py:1345)
19:07:23.769 INFO     [realtime 45:33 profiling] (records_manager.py:1345)
19:07:23.769 INFO       rps=1.2 (avg 1.2)  tput_in=161,099/s  tput_out=1,130/s  done=3,188 ok=3,188 err=0 (records_manager.py:1345)
19:07:23.769 INFO       ttft    p50=  447ms  p75=   657ms  p95= 1,458ms  p99= 3,380ms (records_manager.py:1345)
19:07:23.769 INFO       itl     p50=    9ms  p75=    11ms  p95=    16ms  p99=    27ms (records_manager.py:1345)
19:07:23.769 INFO       e2e     p50=4,137ms  p75=10,421ms  p95=38,076ms  p99=89,248ms (records_manager.py:1345)
19:07:23.769 INFO       intvty  p50=    114  p75=     134  p95=     179  p99=     287  (1/tpot tok/s) (records_manager.py:1345)
19:07:23.769 INFO       isl     p50=108,651  p75= 186,221  p90= 268,663  p99= 683,348  (tokens) (records_manager.py:1345)
19:07:23.769 INFO       osl     p50=    375  p75=   1,030  p90=   2,436  p99=   7,849  (tokens) (records_manager.py:1345)
19:07:23.769 INFO       tot     in=439,806,008  out=3,083,780 (records_manager.py:1345)
19:07:23.769 INFO       trace  theoretical_prefix_cache_hit=97.3% (records_manager.py:1345)
19:07:23.769 INFO       srv    prefix_cache_hit=96.2% unique_in_srv=16,978,538 ext_cache_hit=19.8% kv_usage=29.1% queue=11r/0w tput_in_srv=161,997/s tput_out_srv=1,133/s (records_manager.py:1345)
19:07:38.948 INFO     Per-trace idle cap advanced replay root 3b321771-27c5-4617-a4e8-ee108464e0ec by 532.313s (replay_dependencies.py:324)
19:07:57.372 INFO     [realtime 46:07 profiling] (records_manager.py:1345)
19:07:57.372 INFO       rps=1.3 (avg 1.2)  tput_in=161,440/s  tput_out=1,129/s  done=3,232 ok=3,232 err=0 (records_manager.py:1345)
19:07:57.372 INFO       ttft    p50=  447ms  p75=   657ms  p95= 1,456ms  p99= 3,369ms (records_manager.py:1345)
19:07:57.372 INFO       itl     p50=    9ms  p75=    11ms  p95=    16ms  p99=    26ms (records_manager.py:1345)
19:07:57.372 INFO       e2e     p50=4,140ms  p75=10,383ms  p95=37,724ms  p99=88,970ms (records_manager.py:1345)
19:07:57.372 INFO       intvty  p50=    114  p75=     134  p95=     179  p99=     281  (1/tpot tok/s) (records_manager.py:1345)
19:07:57.372 INFO       isl     p50=108,076  p75= 186,442  p90= 269,828  p99= 683,748  (tokens) (records_manager.py:1345)
19:07:57.372 INFO       osl     p50=    376  p75=   1,028  p90=   2,417  p99=   7,738  (tokens) (records_manager.py:1345)
19:07:57.372 INFO       tot     in=446,057,080  out=3,118,782 (records_manager.py:1345)
19:07:57.373 INFO       trace  theoretical_prefix_cache_hit=97.3% (records_manager.py:1345)
19:07:57.373 INFO       srv    prefix_cache_hit=96.2% unique_in_srv=17,084,852 ext_cache_hit=19.7% kv_usage=12.7% queue=9r/0w tput_in_srv=161,827/s tput_out_srv=1,135/s (records_manager.py:1345)
19:08:14.401 INFO     Per-trace idle cap advanced replay root d21f1586-f1d0-4b76-a0a6-14f1e281635e by 4.236s (replay_dependencies.py:324)
19:08:31.139 INFO     [realtime 46:41 profiling] (records_manager.py:1345)
19:08:31.139 INFO       rps=1.2 (avg 1.2)  tput_in=162,026/s  tput_out=1,131/s  done=3,274 ok=3,274 err=0 (records_manager.py:1345)
19:08:31.139 INFO       ttft    p50=  448ms  p75=   660ms  p95= 1,457ms  p99= 3,365ms (records_manager.py:1345)
19:08:31.139 INFO       itl     p50=    9ms  p75=    11ms  p95=    16ms  p99=    26ms (records_manager.py:1345)
19:08:31.139 INFO       e2e     p50=4,168ms  p75=10,382ms  p95=37,611ms  p99=88,744ms (records_manager.py:1345)
19:08:31.139 INFO       intvty  p50=    114  p75=     134  p95=     178  p99=     273  (1/tpot tok/s) (records_manager.py:1345)
19:08:31.139 INFO       isl     p50=107,894  p75= 186,965  p90= 270,594  p99= 684,621  (tokens) (records_manager.py:1345)
19:08:31.139 INFO       osl     p50=    378  p75=   1,030  p90=   2,422  p99=   7,691  (tokens) (records_manager.py:1345)
19:08:31.139 INFO       tot     in=452,853,835  out=3,162,271 (records_manager.py:1345)
19:08:31.139 INFO       trace  theoretical_prefix_cache_hit=97.3% (records_manager.py:1345)
19:08:31.139 INFO       srv    prefix_cache_hit=96.2% unique_in_srv=17,165,929 ext_cache_hit=19.6% kv_usage=30.7% queue=10r/0w tput_in_srv=162,729/s tput_out_srv=1,135/s (records_manager.py:1345)
19:09:04.681 INFO     [realtime 47:14 profiling] (records_manager.py:1345)
19:09:04.681 INFO       rps=0.8 (avg 1.2)  tput_in=162,890/s  tput_out=1,130/s  done=3,301 ok=3,301 err=0 (records_manager.py:1345)
19:09:04.681 INFO       ttft    p50=  450ms  p75=   663ms  p95= 1,458ms  p99= 3,363ms (records_manager.py:1345)
19:09:04.681 INFO       itl     p50=    9ms  p75=    11ms  p95=    16ms  p99=    26ms (records_manager.py:1345)
19:09:04.681 INFO       e2e     p50=4,170ms  p75=10,419ms  p95=37,618ms  p99=88,598ms (records_manager.py:1345)
19:09:04.681 INFO       intvty  p50=    114  p75=     134  p95=     178  p99=     268  (1/tpot tok/s) (records_manager.py:1345)
19:09:04.681 INFO       isl     p50=108,669  p75= 188,687  p90= 272,264  p99= 686,410  (tokens) (records_manager.py:1345)
19:09:04.681 INFO       osl     p50=    380  p75=   1,032  p90=   2,451  p99=   7,642  (tokens) (records_manager.py:1345)
19:09:04.681 INFO       tot     in=460,818,838  out=3,197,735 (records_manager.py:1345)
19:09:04.681 INFO       trace  theoretical_prefix_cache_hit=97.3% (records_manager.py:1345)
19:09:04.681 INFO       srv    prefix_cache_hit=96.3% unique_in_srv=17,302,643 ext_cache_hit=19.5% kv_usage=12.2% queue=8r/0w tput_in_srv=163,152/s tput_out_srv=1,133/s (records_manager.py:1345)
19:09:23.663 INFO     Per-trace idle cap advanced replay root 69cfabae-c3e1-4735-a77a-7fbd0a0251d1 by 1666.487s (replay_dependencies.py:324)
19:09:30.077 INFO     Per-trace idle cap advanced replay root 41b966bf-20af-4306-a66e-fbd670b8dcfa by 300.778s (replay_dependencies.py:324)
19:09:38.326 INFO     [realtime 47:48 profiling] (records_manager.py:1345)
19:09:38.326 INFO       rps=0.8 (avg 1.2)  tput_in=163,258/s  tput_out=1,128/s  done=3,327 ok=3,327 err=0 (records_manager.py:1345)
19:09:38.326 INFO       ttft    p50=  450ms  p75=   666ms  p95= 1,461ms  p99= 3,326ms (records_manager.py:1345)
19:09:38.326 INFO       itl     p50=    9ms  p75=    11ms  p95=    16ms  p99=    26ms (records_manager.py:1345)
19:09:38.326 INFO       e2e     p50=4,170ms  p75=10,423ms  p95=37,615ms  p99=88,351ms (records_manager.py:1345)
19:09:38.326 INFO       intvty  p50=    115  p75=     134  p95=     178  p99=     264  (1/tpot tok/s) (records_manager.py:1345)
19:09:38.326 INFO       isl     p50=108,724  p75= 189,412  p90= 273,434  p99= 696,689  (tokens) (records_manager.py:1345)
19:09:38.327 INFO       osl     p50=    381  p75=   1,036  p90=   2,452  p99=   7,617  (tokens) (records_manager.py:1345)
19:09:38.327 INFO       tot     in=467,214,246  out=3,226,852 (records_manager.py:1345)
19:09:38.327 INFO       trace  theoretical_prefix_cache_hit=97.3% (records_manager.py:1345)
19:09:38.327 INFO       srv    prefix_cache_hit=96.3% unique_in_srv=17,359,801 ext_cache_hit=19.4% kv_usage=11.3% queue=4r/0w tput_in_srv=163,406/s tput_out_srv=1,128/s (records_manager.py:1345)
19:09:40.942 INFO     Per-trace idle cap advanced replay root c7af24f7-82ff-46a0-89b9-cfc57d5693ef by 3308.226s (replay_dependencies.py:324)
19:10:00.585 INFO     Per-trace idle cap advanced replay root d8a09e57-219d-4974-9639-3f4b83187bf9 by 521.390s (replay_dependencies.py:324)
19:10:08.648 INFO     Per-trace idle cap advanced replay root b6a70937-27b1-42e2-850c-647c80c760f0 by 87.190s (replay_dependencies.py:324)
19:10:12.224 INFO     [realtime 48:22 profiling] (records_manager.py:1345)
19:10:12.224 INFO       rps=0.5 (avg 1.2)  tput_in=163,046/s  tput_out=1,119/s  done=3,344 ok=3,344 err=0 (records_manager.py:1345)
19:10:12.224 INFO       ttft    p50=  451ms  p75=   667ms  p95= 1,462ms  p99= 3,302ms (records_manager.py:1345)
19:10:12.224 INFO       itl     p50=    9ms  p75=    11ms  p95=    16ms  p99=    25ms (records_manager.py:1345)
19:10:12.224 INFO       e2e     p50=4,170ms  p75=10,394ms  p95=37,565ms  p99=88,189ms (records_manager.py:1345)
19:10:12.224 INFO       intvty  p50=    115  p75=     134  p95=     179  p99=     287  (1/tpot tok/s) (records_manager.py:1345)
19:10:12.224 INFO       isl     p50=108,978  p75= 190,521  p90= 274,747  p99= 698,970  (tokens) (records_manager.py:1345)
19:10:12.224 INFO       osl     p50=    381  p75=   1,034  p90=   2,453  p99=   7,600  (tokens) (records_manager.py:1345)
19:10:12.224 INFO       tot     in=472,476,064  out=3,241,761 (records_manager.py:1345)
19:10:12.225 INFO       trace  theoretical_prefix_cache_hit=97.4% (records_manager.py:1345)
19:10:12.225 INFO       srv    prefix_cache_hit=96.3% unique_in_srv=17,397,784 ext_cache_hit=19.3% kv_usage=13.5% queue=5r/0w tput_in_srv=163,402/s tput_out_srv=1,122/s (records_manager.py:1345)
19:10:29.297 INFO     Per-trace idle cap advanced replay root 017182d4-9b68-474e-b683-1cdd139b6377 by 5869.852s (replay_dependencies.py:324)
19:10:46.127 INFO     [realtime 48:56 profiling] (records_manager.py:1345)
19:10:46.127 INFO       rps=0.4 (avg 1.1)  tput_in=162,302/s  tput_out=1,111/s  done=3,356 ok=3,356 err=0 (records_manager.py:1345)
19:10:46.127 INFO       ttft    p50=  454ms  p75=   669ms  p95= 1,461ms  p99= 3,285ms (records_manager.py:1345)
19:10:46.127 INFO       itl     p50=    9ms  p75=    11ms  p95=    16ms  p99=    25ms (records_manager.py:1345)
19:10:46.127 INFO       e2e     p50=4,170ms  p75=10,394ms  p95=37,396ms  p99=88,075ms (records_manager.py:1345)
19:10:46.127 INFO       intvty  p50=    115  p75=     135  p95=     179  p99=     287  (1/tpot tok/s) (records_manager.py:1345)
19:10:46.127 INFO       isl     p50=109,373  p75= 191,701  p90= 275,499  p99= 698,669  (tokens) (records_manager.py:1345)
19:10:46.127 INFO       osl     p50=    381  p75=   1,036  p90=   2,466  p99=   7,589  (tokens) (records_manager.py:1345)
19:10:46.127 INFO       tot     in=475,753,380  out=3,255,778 (records_manager.py:1345)
19:10:46.127 INFO       trace  theoretical_prefix_cache_hit=97.4% (records_manager.py:1345)
19:10:46.127 INFO       srv    prefix_cache_hit=96.3% unique_in_srv=17,613,070 ext_cache_hit=19.1% kv_usage=40.3% queue=12r/0w tput_in_srv=163,381/s tput_out_srv=1,119/s (records_manager.py:1345)
19:10:52.033 INFO     Per-trace idle cap advanced replay root fb11585e-027b-4123-8cc6-5a647cd7c845 by 46485.224s (replay_dependencies.py:324)
19:11:09.652 INFO     Per-trace idle cap advanced replay root 51fe7214-2014-4807-a271-618745cc7689 by 1779.285s (replay_dependencies.py:324)
19:11:19.843 INFO     [realtime 49:30 profiling] (records_manager.py:1345)
19:11:19.844 INFO       rps=1.1 (avg 1.1)  tput_in=163,443/s  tput_out=1,115/s  done=3,393 ok=3,393 err=0 (records_manager.py:1345)
19:11:19.844 INFO       ttft    p50=  456ms  p75=   673ms  p95= 1,469ms  p99= 3,376ms (records_manager.py:1345)
19:11:19.844 INFO       itl     p50=    9ms  p75=    11ms  p95=    16ms  p99=    26ms (records_manager.py:1345)
19:11:19.844 INFO       e2e     p50=4,190ms  p75=10,441ms  p95=37,612ms  p99=87,723ms (records_manager.py:1345)
19:11:19.844 INFO       intvty  p50=    115  p75=     134  p95=     179  p99=     287  (1/tpot tok/s) (records_manager.py:1345)
19:11:19.844 INFO       isl     p50=109,854  p75= 193,318  p90= 276,747  p99= 701,769  (tokens) (records_manager.py:1345)
19:11:19.844 INFO       osl     p50=    381  p75=   1,039  p90=   2,475  p99=   7,657  (tokens) (records_manager.py:1345)
19:11:19.844 INFO       tot     in=484,687,456  out=3,307,761 (records_manager.py:1345)
19:11:19.844 INFO       trace  theoretical_prefix_cache_hit=97.4% (records_manager.py:1345)
19:11:19.844 INFO       srv    prefix_cache_hit=96.3% unique_in_srv=18,150,013 ext_cache_hit=20.7% kv_usage=27.2% queue=10r/0w tput_in_srv=164,152/s tput_out_srv=1,118/s (records_manager.py:1345)
19:11:53.792 INFO     [realtime 50:03 profiling] (records_manager.py:1345)
19:11:53.792 INFO       rps=0.7 (avg 1.1)  tput_in=163,752/s  tput_out=1,110/s  done=3,417 ok=3,417 err=0 (records_manager.py:1345)
19:11:53.792 INFO       ttft    p50=  457ms  p75=   677ms  p95= 1,469ms  p99= 3,370ms (records_manager.py:1345)
19:11:53.792 INFO       itl     p50=    9ms  p75=    11ms  p95=    16ms  p99=    26ms (records_manager.py:1345)
19:11:53.792 INFO       e2e     p50=4,191ms  p75=10,427ms  p95=37,381ms  p99=87,576ms (records_manager.py:1345)
19:11:53.792 INFO       intvty  p50=    115  p75=     135  p95=     179  p99=     284  (1/tpot tok/s) (records_manager.py:1345)
19:11:53.792 INFO       isl     p50=110,334  p75= 194,223  p90= 278,549  p99= 702,214  (tokens) (records_manager.py:1345)
19:11:53.792 INFO       osl     p50=    383  p75=   1,038  p90=   2,474  p99=   7,626  (tokens) (records_manager.py:1345)
19:11:53.792 INFO       tot     in=490,883,994  out=3,327,378 (records_manager.py:1345)
19:11:53.793 INFO       trace  theoretical_prefix_cache_hit=97.4% (records_manager.py:1345)
19:11:53.793 INFO       srv    prefix_cache_hit=96.3% unique_in_srv=18,240,675 ext_cache_hit=20.6% kv_usage=40.2% queue=11r/0w tput_in_srv=164,723/s tput_out_srv=1,117/s (records_manager.py:1345)
19:12:05.918 INFO     Per-trace idle cap advanced replay root 4174f4d8-78f3-45e3-abff-de4aa9e99b16 by 2382.315s (replay_dependencies.py:324)
19:12:27.558 INFO     [realtime 50:37 profiling] (records_manager.py:1345)
19:12:27.559 INFO       rps=0.8 (avg 1.1)  tput_in=164,402/s  tput_out=1,110/s  done=3,443 ok=3,443 err=0 (records_manager.py:1345)
19:12:27.559 INFO       ttft    p50=  459ms  p75=   680ms  p95= 1,474ms  p99= 3,368ms (records_manager.py:1345)
19:12:27.559 INFO       itl     p50=    9ms  p75=    11ms  p95=    16ms  p99=    26ms (records_manager.py:1345)
19:12:27.559 INFO       e2e     p50=4,195ms  p75=10,444ms  p95=37,617ms  p99=87,462ms (records_manager.py:1345)
19:12:27.559 INFO       intvty  p50=    115  p75=     135  p95=     179  p99=     279  (1/tpot tok/s) (records_manager.py:1345)
19:12:27.559 INFO       isl     p50=110,768  p75= 194,966  p90= 280,542  p99= 706,203  (tokens) (records_manager.py:1345)
19:12:27.559 INFO       osl     p50=    383  p75=   1,041  p90=   2,478  p99=   7,606  (tokens) (records_manager.py:1345)
19:12:27.559 INFO       tot     in=498,463,688  out=3,364,048 (records_manager.py:1345)
19:12:27.559 INFO       trace  theoretical_prefix_cache_hit=97.4% (records_manager.py:1345)
19:12:27.559 INFO       srv    prefix_cache_hit=96.3% unique_in_srv=18,513,004 ext_cache_hit=21.5% kv_usage=27.7% queue=8r/0w tput_in_srv=165,038/s tput_out_srv=1,116/s (records_manager.py:1345)
19:13:01.472 INFO     [realtime 51:11 profiling] (records_manager.py:1345)
19:13:01.472 INFO       rps=0.7 (avg 1.1)  tput_in=164,901/s  tput_out=1,112/s  done=3,468 ok=3,468 err=0 (records_manager.py:1345)
19:13:01.472 INFO       ttft    p50=  461ms  p75=   684ms  p95= 1,477ms  p99= 3,366ms (records_manager.py:1345)
19:13:01.472 INFO       itl     p50=    9ms  p75=    11ms  p95=    16ms  p99=    25ms (records_manager.py:1345)
19:13:01.472 INFO       e2e     p50=4,206ms  p75=10,448ms  p95=38,076ms  p99=87,960ms (records_manager.py:1345)
19:13:01.472 INFO       intvty  p50=    115  p75=     135  p95=     179  p99=     287  (1/tpot tok/s) (records_manager.py:1345)
19:13:01.472 INFO       isl     p50=111,196  p75= 196,089  p90= 282,569  p99= 708,824  (tokens) (records_manager.py:1345)
19:13:01.472 INFO       osl     p50=    384  p75=   1,044  p90=   2,486  p99=   7,702  (tokens) (records_manager.py:1345)
19:13:01.472 INFO       tot     in=505,465,748  out=3,407,249 (records_manager.py:1345)
19:13:01.472 INFO       trace  theoretical_prefix_cache_hit=97.5% (records_manager.py:1345)
19:13:01.472 INFO       srv    prefix_cache_hit=96.3% unique_in_srv=18,839,477 ext_cache_hit=22.6% kv_usage=18.8% queue=7r/0w tput_in_srv=165,280/s tput_out_srv=1,112/s (records_manager.py:1345)
19:13:15.834 INFO     Per-trace idle cap advanced replay root d21f1586-f1d0-4b76-a0a6-14f1e281635e by 2.987s (replay_dependencies.py:324)
19:13:35.581 INFO     [realtime 51:45 profiling] (records_manager.py:1345)
19:13:35.581 INFO       rps=0.8 (avg 1.1)  tput_in=165,016/s  tput_out=1,108/s  done=3,495 ok=3,495 err=0 (records_manager.py:1345)
19:13:35.581 INFO       ttft    p50=  462ms  p75=   687ms  p95= 1,476ms  p99= 3,364ms (records_manager.py:1345)
19:13:35.581 INFO       itl     p50=    9ms  p75=    11ms  p95=    16ms  p99=    25ms (records_manager.py:1345)
19:13:35.581 INFO       e2e     p50=4,205ms  p75=10,436ms  p95=37,963ms  p99=87,704ms (records_manager.py:1345)
19:13:35.581 INFO       intvty  p50=    115  p75=     135  p95=     179  p99=     287  (1/tpot tok/s) (records_manager.py:1345)
19:13:35.581 INFO       isl     p50=111,681  p75= 196,846  p90= 284,116  p99= 707,957  (tokens) (records_manager.py:1345)
19:13:35.581 INFO       osl     p50=    384  p75=   1,044  p90=   2,486  p99=   7,653  (tokens) (records_manager.py:1345)
19:13:35.581 INFO       tot     in=511,615,391  out=3,434,273 (records_manager.py:1345)
19:13:35.581 INFO       trace  theoretical_prefix_cache_hit=97.5% (records_manager.py:1345)
19:13:35.581 INFO       srv    prefix_cache_hit=96.3% unique_in_srv=19,104,695 ext_cache_hit=23.4% kv_usage=26.4% queue=8r/0w tput_in_srv=165,649/s tput_out_srv=1,109/s (records_manager.py:1345)
19:13:55.719 INFO     Per-trace idle cap advanced replay root 6d558d11-f930-41cd-8d26-48d4204e2eaf by 2358.358s (replay_dependencies.py:324)
19:14:09.442 INFO     [realtime 52:19 profiling] (records_manager.py:1345)
19:14:09.442 INFO       rps=0.7 (avg 1.1)  tput_in=164,766/s  tput_out=1,102/s  done=3,520 ok=3,520 err=0 (records_manager.py:1345)
19:14:09.442 INFO       ttft    p50=  464ms  p75=   689ms  p95= 1,474ms  p99= 3,336ms (records_manager.py:1345)
19:14:09.442 INFO       itl     p50=    9ms  p75=    11ms  p95=    16ms  p99=    29ms (records_manager.py:1345)
19:14:09.442 INFO       e2e     p50=4,207ms  p75=10,443ms  p95=37,630ms  p99=87,563ms (records_manager.py:1345)
19:14:09.442 INFO       intvty  p50=    116  p75=     135  p95=     179  p99=     288  (1/tpot tok/s) (records_manager.py:1345)
19:14:09.442 INFO       isl     p50=111,952  p75= 198,102  p90= 285,039  p99= 707,058  (tokens) (records_manager.py:1345)
19:14:09.442 INFO       osl     p50=    384  p75=   1,045  p90=   2,486  p99=   7,626  (tokens) (records_manager.py:1345)
19:14:09.442 INFO       tot     in=516,614,868  out=3,456,770 (records_manager.py:1345)
19:14:09.442 INFO       trace  theoretical_prefix_cache_hit=97.5% (records_manager.py:1345)
19:14:09.442 INFO       srv    prefix_cache_hit=96.2% unique_in_srv=19,618,114 ext_cache_hit=24.0% kv_usage=45.7% queue=13r/0w tput_in_srv=165,941/s tput_out_srv=1,105/s (records_manager.py:1345)
19:14:43.628 INFO     [realtime 52:53 profiling] (records_manager.py:1345)
19:14:43.628 INFO       rps=1.2 (avg 1.1)  tput_in=165,614/s  tput_out=1,101/s  done=3,562 ok=3,562 err=0 (records_manager.py:1345)
19:14:43.628 INFO       ttft    p50=  466ms  p75=   691ms  p95= 1,491ms  p99= 3,495ms (records_manager.py:1345)
19:14:43.628 INFO       itl     p50=    9ms  p75=    11ms  p95=    16ms  p99=    28ms (records_manager.py:1345)
19:14:43.628 INFO       e2e     p50=4,223ms  p75=10,490ms  p95=37,323ms  p99=87,379ms (records_manager.py:1345)
19:14:43.628 INFO       intvty  p50=    116  p75=     135  p95=     179  p99=     288  (1/tpot tok/s) (records_manager.py:1345)
19:14:43.628 INFO       isl     p50=112,172  p75= 199,108  p90= 286,362  p99= 705,496  (tokens) (records_manager.py:1345)
19:14:43.628 INFO       osl     p50=    386  p75=   1,046  p90=   2,479  p99=   7,590  (tokens) (records_manager.py:1345)
19:14:43.628 INFO       tot     in=524,758,687  out=3,488,496 (records_manager.py:1345)
19:14:43.628 INFO       trace  theoretical_prefix_cache_hit=97.5% (records_manager.py:1345)
19:14:43.628 INFO       srv    prefix_cache_hit=96.2% unique_in_srv=19,848,330 ext_cache_hit=24.3% kv_usage=19.6% queue=7r/0w tput_in_srv=166,065/s tput_out_srv=1,105/s (records_manager.py:1345)
19:15:17.705 INFO     [realtime 53:27 profiling] (records_manager.py:1345)
19:15:17.705 INFO       rps=0.9 (avg 1.1)  tput_in=165,479/s  tput_out=1,094/s  done=3,593 ok=3,593 err=0 (records_manager.py:1345)
19:15:17.705 INFO       ttft    p50=  467ms  p75=   693ms  p95= 1,495ms  p99= 3,587ms (records_manager.py:1345)
19:15:17.705 INFO       itl     p50=    9ms  p75=    11ms  p95=    16ms  p99=    27ms (records_manager.py:1345)
19:15:17.705 INFO       e2e     p50=4,209ms  p75=10,502ms  p95=37,189ms  p99=87,244ms (records_manager.py:1345)
19:15:17.705 INFO       intvty  p50=    116  p75=     135  p95=     179  p99=     295  (1/tpot tok/s) (records_manager.py:1345)
19:15:17.705 INFO       isl     p50=112,215  p75= 199,392  p90= 288,441  p99= 704,344  (tokens) (records_manager.py:1345)
19:15:17.705 INFO       osl     p50=    385  p75=   1,043  p90=   2,473  p99=   7,564  (tokens) (records_manager.py:1345)
19:15:17.705 INFO       tot     in=529,967,011  out=3,505,061 (records_manager.py:1345)
19:15:17.705 INFO       trace  theoretical_prefix_cache_hit=97.5% (records_manager.py:1345)
19:15:17.705 INFO       srv    prefix_cache_hit=96.2% unique_in_srv=20,293,415 ext_cache_hit=23.8% kv_usage=31.8% queue=10r/0w tput_in_srv=166,114/s tput_out_srv=1,102/s (records_manager.py:1345)
19:15:51.891 INFO     [realtime 54:02 profiling] (records_manager.py:1345)
19:15:51.891 INFO       rps=1.4 (avg 1.1)  tput_in=166,395/s  tput_out=1,099/s  done=3,640 ok=3,640 err=0 (records_manager.py:1345)
19:15:51.891 INFO       ttft    p50=  468ms  p75=   695ms  p95= 1,494ms  p99= 3,594ms (records_manager.py:1345)
19:15:51.891 INFO       itl     p50=    9ms  p75=    11ms  p95=    16ms  p99=    26ms (records_manager.py:1345)
19:15:51.891 INFO       e2e     p50=4,204ms  p75=10,443ms  p95=37,289ms  p99=87,476ms (records_manager.py:1345)
19:15:51.891 INFO       intvty  p50=    116  p75=     135  p95=     179  p99=     311  (1/tpot tok/s) (records_manager.py:1345)
19:15:51.891 INFO       isl     p50=112,186  p75= 199,972  p90= 290,298  p99= 703,368  (tokens) (records_manager.py:1345)
19:15:51.891 INFO       osl     p50=    384  p75=   1,038  p90=   2,474  p99=   7,609  (tokens) (records_manager.py:1345)
19:15:51.891 INFO       tot     in=538,192,301  out=3,556,009 (records_manager.py:1345)
19:15:51.891 INFO       trace  theoretical_prefix_cache_hit=97.5% (records_manager.py:1345)
19:15:51.891 INFO       srv    prefix_cache_hit=96.2% unique_in_srv=20,372,660 ext_cache_hit=23.7% kv_usage=22.5% queue=8r/0w tput_in_srv=166,808/s tput_out_srv=1,101/s (records_manager.py:1345)
19:16:05.445 INFO     Per-trace idle cap advanced replay root c75c8417-40d3-4b44-b6f6-50dd067858b1 by 2062.008s (replay_dependencies.py:324)
19:16:12.599 INFO     Per-trace idle cap advanced replay root fb11585e-027b-4123-8cc6-5a647cd7c845 by 4324.643s (replay_dependencies.py:324)
19:16:18.122 INFO     Per-trace idle cap advanced replay root 017182d4-9b68-474e-b683-1cdd139b6377 by 1050.083s (replay_dependencies.py:324)
19:16:26.096 INFO     [realtime 54:36 profiling] (records_manager.py:1345)
19:16:26.096 INFO       rps=0.7 (avg 1.1)  tput_in=166,000/s  tput_out=1,094/s  done=3,664 ok=3,664 err=0 (records_manager.py:1345)
19:16:26.096 INFO       ttft    p50=  469ms  p75=   698ms  p95= 1,494ms  p99= 3,591ms (records_manager.py:1345)
19:16:26.096 INFO       itl     p50=    9ms  p75=    11ms  p95=    16ms  p99=    28ms (records_manager.py:1345)
19:16:26.096 INFO       e2e     p50=4,204ms  p75=10,443ms  p95=37,263ms  p99=87,371ms (records_manager.py:1345)
19:16:26.096 INFO       intvty  p50=    116  p75=     135  p95=     180  p99=     373  (1/tpot tok/s) (records_manager.py:1345)
19:16:26.096 INFO       isl     p50=112,268  p75= 200,560  p90= 291,482  p99= 702,951  (tokens) (records_manager.py:1345)
19:16:26.096 INFO       osl     p50=    385  p75=   1,038  p90=   2,473  p99=   7,651  (tokens) (records_manager.py:1345)
19:16:26.096 INFO       tot     in=542,925,949  out=3,578,769 (records_manager.py:1345)
19:16:26.096 INFO       trace  theoretical_prefix_cache_hit=97.5% (records_manager.py:1345)
19:16:26.096 INFO       srv    prefix_cache_hit=96.1% unique_in_srv=21,235,135 ext_cache_hit=25.2% kv_usage=25.3% queue=9r/0w tput_in_srv=166,566/s tput_out_srv=1,096/s (records_manager.py:1345)
19:17:00.433 INFO     [realtime 55:10 profiling] (records_manager.py:1345)
19:17:00.433 INFO       rps=0.9 (avg 1.1)  tput_in=166,614/s  tput_out=1,091/s  done=3,695 ok=3,695 err=0 (records_manager.py:1345)
19:17:00.433 INFO       ttft    p50=  470ms  p75=   704ms  p95= 1,507ms  p99= 4,031ms (records_manager.py:1345)
19:17:00.433 INFO       itl     p50=    9ms  p75=    11ms  p95=    16ms  p99=    27ms (records_manager.py:1345)
19:17:00.433 INFO       e2e     p50=4,199ms  p75=10,450ms  p95=37,105ms  p99=87,235ms (records_manager.py:1345)
19:17:00.433 INFO       intvty  p50=    116  p75=     135  p95=     180  p99=     381  (1/tpot tok/s) (records_manager.py:1345)
19:17:00.433 INFO       isl     p50=112,644  p75= 202,066  p90= 293,612  p99= 702,412  (tokens) (records_manager.py:1345)
19:17:00.433 INFO       osl     p50=    387  p75=   1,038  p90=   2,473  p99=   7,643  (tokens) (records_manager.py:1345)
19:17:00.433 INFO       tot     in=550,767,869  out=3,607,825 (records_manager.py:1345)
19:17:00.433 INFO       trace  theoretical_prefix_cache_hit=97.5% (records_manager.py:1345)
19:17:00.433 INFO       srv    prefix_cache_hit=96.1% unique_in_srv=21,291,835 ext_cache_hit=25.2% kv_usage=6.6% queue=3r/0w tput_in_srv=166,761/s tput_out_srv=1,093/s (records_manager.py:1345)
19:17:03.418 INFO     Per-trace idle cap advanced replay root 3b321771-27c5-4617-a4e8-ee108464e0ec by 5236.482s (replay_dependencies.py:324)
19:17:08.019 INFO     Per-trace idle cap advanced replay root 777ad1bf-9304-4acb-aab2-1f1fcc8e0991 by 37.674s (replay_dependencies.py:324)
19:17:19.752 INFO     Per-trace idle cap advanced replay root 4174f4d8-78f3-45e3-abff-de4aa9e99b16 by 3521.818s (replay_dependencies.py:324)
19:17:24.623 INFO     Per-trace idle cap advanced replay root 1a644d88-68a2-487c-ac48-80138d8cd0f2 by 1335.796s (replay_dependencies.py:324)
19:17:34.513 INFO     [realtime 55:44 profiling] (records_manager.py:1345)
19:17:34.513 INFO       rps=0.6 (avg 1.1)  tput_in=166,257/s  tput_out=1,084/s  done=3,715 ok=3,715 err=0 (records_manager.py:1345)
19:17:34.513 INFO       ttft    p50=  471ms  p75=   708ms  p95= 1,522ms  p99= 4,234ms (records_manager.py:1345)
19:17:34.513 INFO       itl     p50=    9ms  p75=    11ms  p95=    16ms  p99=    30ms (records_manager.py:1345)
19:17:34.513 INFO       e2e     p50=4,205ms  p75=10,543ms  p95=37,105ms  p99=87,048ms (records_manager.py:1345)
19:17:34.513 INFO       intvty  p50=    116  p75=     136  p95=     181  p99=     516  (1/tpot tok/s) (records_manager.py:1345)
19:17:34.513 INFO       isl     p50=112,970  p75= 203,109  p90= 295,144  p99= 702,226  (tokens) (records_manager.py:1345)
19:17:34.513 INFO       osl     p50=    385  p75=   1,038  p90=   2,473  p99=   7,630  (tokens) (records_manager.py:1345)
19:17:34.513 INFO       tot     in=555,337,911  out=3,622,076 (records_manager.py:1345)
19:17:34.513 INFO       trace  theoretical_prefix_cache_hit=97.5% (records_manager.py:1345)
19:17:34.513 INFO       srv    prefix_cache_hit=95.8% unique_in_srv=23,219,699 ext_cache_hit=29.7% kv_usage=40.7% queue=11r/1w tput_in_srv=167,003/s tput_out_srv=1,087/s (records_manager.py:1345)
19:18:01.801 INFO     Per-trace idle cap advanced replay root 2dc69258-ca14-4090-bd33-0eb02808c95e by 608.892s (replay_dependencies.py:324)
19:18:08.931 INFO     [realtime 56:19 profiling] (records_manager.py:1345)
19:18:08.931 INFO       rps=1.0 (avg 1.1)  tput_in=166,333/s  tput_out=1,080/s  done=3,749 ok=3,749 err=0 (records_manager.py:1345)
19:18:08.931 INFO       ttft    p50=  471ms  p75=   711ms  p95= 1,522ms  p99= 4,245ms (records_manager.py:1345)
19:18:08.931 INFO       itl     p50=    9ms  p75=    11ms  p95=    16ms  p99=    30ms (records_manager.py:1345)
19:18:08.931 INFO       e2e     p50=4,205ms  p75=10,502ms  p95=37,122ms  p99=86,660ms (records_manager.py:1345)
19:18:08.931 INFO       intvty  p50=    116  p75=     135  p95=     181  p99=     533  (1/tpot tok/s) (records_manager.py:1345)
19:18:08.931 INFO       isl     p50=112,644  p75= 203,757  p90= 295,942  p99= 702,027  (tokens) (records_manager.py:1345)
19:18:08.931 INFO       osl     p50=    385  p75=   1,034  p90=   2,455  p99=   7,601  (tokens) (records_manager.py:1345)
19:18:08.931 INFO       tot     in=561,132,897  out=3,643,922 (records_manager.py:1345)
19:18:08.931 INFO       trace  theoretical_prefix_cache_hit=97.5% (records_manager.py:1345)
19:18:08.931 INFO       srv    prefix_cache_hit=95.9% unique_in_srv=23,387,558 ext_cache_hit=29.9% kv_usage=33.6% queue=10r/0w tput_in_srv=167,091/s tput_out_srv=1,085/s (records_manager.py:1345)
19:18:43.326 INFO     [realtime 56:53 profiling] (records_manager.py:1345)
19:18:43.327 INFO       rps=0.8 (avg 1.1)  tput_in=166,002/s  tput_out=1,079/s  done=3,778 ok=3,778 err=0 (records_manager.py:1345)
19:18:43.327 INFO       ttft    p50=  472ms  p75=   714ms  p95= 1,522ms  p99= 4,245ms (records_manager.py:1345)
19:18:43.327 INFO       itl     p50=    9ms  p75=    11ms  p95=    16ms  p99=    30ms (records_manager.py:1345)
19:18:43.327 INFO       e2e     p50=4,205ms  p75=10,549ms  p95=37,148ms  p99=86,328ms (records_manager.py:1345)
19:18:43.327 INFO       intvty  p50=    116  p75=     135  p95=     181  p99=     527  (1/tpot tok/s) (records_manager.py:1345)
19:18:43.327 INFO       isl     p50=112,461  p75= 204,190  p90= 296,239  p99= 701,857  (tokens) (records_manager.py:1345)
19:18:43.327 INFO       osl     p50=    385  p75=   1,038  p90=   2,472  p99=   7,577  (tokens) (records_manager.py:1345)
19:18:43.327 INFO       tot     in=565,799,031  out=3,677,410 (records_manager.py:1345)
19:18:43.327 INFO       trace  theoretical_prefix_cache_hit=97.5% (records_manager.py:1345)
19:18:43.327 INFO       srv    prefix_cache_hit=95.9% unique_in_srv=23,521,490 ext_cache_hit=29.7% kv_usage=26.3% queue=7r/0w tput_in_srv=166,600/s tput_out_srv=1,084/s (records_manager.py:1345)
19:18:43.565 INFO     Per-trace idle cap advanced replay root 03532cb4-ea99-40d5-bb01-8c36ad263b00 by 451.771s (replay_dependencies.py:324)
19:19:17.685 INFO     [realtime 57:27 profiling] (records_manager.py:1345)
19:19:17.685 INFO       rps=0.7 (avg 1.1)  tput_in=166,435/s  tput_out=1,080/s  done=3,803 ok=3,803 err=0 (records_manager.py:1345)
19:19:17.685 INFO       ttft    p50=  474ms  p75=   718ms  p95= 1,524ms  p99= 4,245ms (records_manager.py:1345)
19:19:17.685 INFO       itl     p50=    9ms  p75=    11ms  p95=    16ms  p99=    30ms (records_manager.py:1345)
19:19:17.685 INFO       e2e     p50=4,225ms  p75=10,589ms  p95=37,271ms  p99=87,186ms (records_manager.py:1345)
19:19:17.685 INFO       intvty  p50=    116  p75=     135  p95=     181  p99=     522  (1/tpot tok/s) (records_manager.py:1345)
19:19:17.685 INFO       isl     p50=112,926  p75= 205,118  p90= 299,505  p99= 704,011  (tokens) (records_manager.py:1345)
19:19:17.685 INFO       osl     p50=    387  p75=   1,043  p90=   2,469  p99=   7,640  (tokens) (records_manager.py:1345)
19:19:17.685 INFO       tot     in=572,788,468  out=3,715,619 (records_manager.py:1345)
19:19:17.685 INFO       trace  theoretical_prefix_cache_hit=97.5% (records_manager.py:1345)
19:19:17.685 INFO       srv    prefix_cache_hit=95.9% unique_in_srv=23,659,338 ext_cache_hit=29.8% kv_usage=25.1% queue=8r/0w tput_in_srv=166,942/s tput_out_srv=1,083/s (records_manager.py:1345)
19:19:32.925 INFO     Per-trace idle cap advanced replay root 41b966bf-20af-4306-a66e-fbd670b8dcfa by 301.368s (replay_dependencies.py:324)
19:19:51.984 INFO     [realtime 58:02 profiling] (records_manager.py:1345)
19:19:51.984 INFO       rps=0.5 (avg 1.1)  tput_in=165,680/s  tput_out=1,077/s  done=3,820 ok=3,820 err=0 (records_manager.py:1345)
19:19:51.984 INFO       ttft    p50=  474ms  p75=   720ms  p95= 1,523ms  p99= 4,245ms (records_manager.py:1345)
19:19:51.984 INFO       itl     p50=    9ms  p75=    11ms  p95=    16ms  p99=    30ms (records_manager.py:1345)
19:19:51.985 INFO       e2e     p50=4,244ms  p75=10,626ms  p95=37,339ms  p99=86,991ms (records_manager.py:1345)
19:19:51.985 INFO       intvty  p50=    116  p75=     135  p95=     180  p99=     513  (1/tpot tok/s) (records_manager.py:1345)
19:19:51.985 INFO       isl     p50=113,056  p75= 205,310  p90= 299,751  p99= 703,716  (tokens) (records_manager.py:1345)
19:19:51.985 INFO       osl     p50=    390  p75=   1,044  p90=   2,474  p99=   7,626  (tokens) (records_manager.py:1345)
19:19:51.985 INFO       tot     in=576,089,495  out=3,745,535 (records_manager.py:1345)
19:19:51.985 INFO       trace  theoretical_prefix_cache_hit=97.5% (records_manager.py:1345)
19:19:51.985 INFO       srv    prefix_cache_hit=95.9% unique_in_srv=23,862,986 ext_cache_hit=30.1% kv_usage=31.6% queue=7r/0w tput_in_srv=166,394/s tput_out_srv=1,082/s (records_manager.py:1345)
19:20:01.521 INFO     Per-trace idle cap advanced replay root 51fe7214-2014-4807-a271-618745cc7689 by 164.925s (replay_dependencies.py:324)
19:20:26.520 INFO     [realtime 58:36 profiling] (records_manager.py:1345)
19:20:26.520 INFO       rps=0.6 (avg 1.1)  tput_in=165,942/s  tput_out=1,080/s  done=3,839 ok=3,839 err=0 (records_manager.py:1345)
19:20:26.521 INFO       ttft    p50=  475ms  p75=   724ms  p95= 1,524ms  p99= 4,245ms (records_manager.py:1345)
19:20:26.521 INFO       itl     p50=    9ms  p75=    11ms  p95=    16ms  p99=    30ms (records_manager.py:1345)
19:20:26.521 INFO       e2e     p50=4,259ms  p75=10,666ms  p95=37,899ms  p99=86,774ms (records_manager.py:1345)
19:20:26.521 INFO       intvty  p50=    116  p75=     135  p95=     180  p99=     503  (1/tpot tok/s) (records_manager.py:1345)
19:20:26.521 INFO       isl     p50=113,596  p75= 205,960  p90= 301,306  p99= 706,352  (tokens) (records_manager.py:1345)
19:20:26.521 INFO       osl     p50=    392  p75=   1,048  p90=   2,484  p99=   7,610  (tokens) (records_manager.py:1345)
19:20:26.521 INFO       tot     in=581,425,844  out=3,784,696 (records_manager.py:1345)
19:20:26.521 INFO       trace  theoretical_prefix_cache_hit=97.5% (records_manager.py:1345)
19:20:26.521 INFO       srv    prefix_cache_hit=95.9% unique_in_srv=24,130,614 ext_cache_hit=30.6% kv_usage=29.0% queue=7r/0w tput_in_srv=166,231/s tput_out_srv=1,080/s (records_manager.py:1345)
19:20:58.747 INFO     Per-trace idle cap advanced replay root bf55af06-b8c0-4412-bfe1-69fc1f3c469b by 150.678s (replay_dependencies.py:324)
19:21:01.245 INFO     [realtime 59:11 profiling] (records_manager.py:1345)
19:21:01.246 INFO       rps=0.5 (avg 1.1)  tput_in=165,980/s  tput_out=1,074/s  done=3,858 ok=3,858 err=0 (records_manager.py:1345)
19:21:01.246 INFO       ttft    p50=  477ms  p75=   726ms  p95= 1,540ms  p99= 4,312ms (records_manager.py:1345)
19:21:01.246 INFO       itl     p50=    9ms  p75=    11ms  p95=    16ms  p99=    30ms (records_manager.py:1345)
19:21:01.246 INFO       e2e     p50=4,284ms  p75=10,678ms  p95=37,915ms  p99=86,557ms (records_manager.py:1345)
19:21:01.246 INFO       intvty  p50=    116  p75=     135  p95=     181  p99=     493  (1/tpot tok/s) (records_manager.py:1345)
19:21:01.246 INFO       isl     p50=114,038  p75= 206,396  p90= 302,565  p99= 712,911  (tokens) (records_manager.py:1345)
19:21:01.246 INFO       osl     p50=    393  p75=   1,050  p90=   2,484  p99=   7,594  (tokens) (records_manager.py:1345)
19:21:01.246 INFO       tot     in=588,255,382  out=3,808,070 (records_manager.py:1345)
19:21:01.246 INFO       trace  theoretical_prefix_cache_hit=97.5% (records_manager.py:1345)
19:21:01.246 INFO       srv    prefix_cache_hit=95.8% unique_in_srv=24,514,246 ext_cache_hit=30.8% kv_usage=10.2% queue=4r/0w tput_in_srv=166,097/s tput_out_srv=1,075/s (records_manager.py:1345)
19:21:35.814 INFO     [realtime 59:46 profiling] (records_manager.py:1345)
19:21:35.814 INFO       rps=0.4 (avg 1.1)  tput_in=165,201/s  tput_out=1,068/s  done=3,871 ok=3,871 err=0 (records_manager.py:1345)
19:21:35.814 INFO       ttft    p50=  477ms  p75=   726ms  p95= 1,542ms  p99= 4,308ms (records_manager.py:1345)
19:21:35.814 INFO       itl     p50=    9ms  p75=    11ms  p95=    16ms  p99=    30ms (records_manager.py:1345)
19:21:35.814 INFO       e2e     p50=4,289ms  p75=10,684ms  p95=37,743ms  p99=86,408ms (records_manager.py:1345)
19:21:35.814 INFO       intvty  p50=    117  p75=     135  p95=     181  p99=     529  (1/tpot tok/s) (records_manager.py:1345)
19:21:35.814 INFO       isl     p50=114,091  p75= 206,586  p90= 303,012  p99= 713,782  (tokens) (records_manager.py:1345)
19:21:35.814 INFO       osl     p50=    393  p75=   1,052  p90=   2,486  p99=   7,583  (tokens) (records_manager.py:1345)
19:21:35.814 INFO       tot     in=591,095,962  out=3,822,346 (records_manager.py:1345)
19:21:35.814 INFO       trace  theoretical_prefix_cache_hit=97.5% (records_manager.py:1345)
19:21:35.814 INFO       srv    prefix_cache_hit=95.8% unique_in_srv=24,790,108 ext_cache_hit=31.3% kv_usage=17.4% queue=7r/0w tput_in_srv=165,418/s tput_out_srv=1,072/s (records_manager.py:1345)
19:21:49.809 INFO     Timeout of 3599.99722669s elapsed for event 'profiling phase sending' (runner.py:1208)
19:21:49.810 NOTICE   Phase profiling (profiling) sending complete | sent=3,887, completed=3,882, in_flight=5 | sessions: sent=53, completed=31 | timeout_triggered=True (runner.py:1039)
19:21:49.810 INFO     Waiting for event 'profiling phase credits returned' with timeout of 29.99928851100003s (runner.py:1220)
19:21:49.810 INFO     Sent 3,887 requests. Waiting for all to complete... (records_manager.py:1014)
19:22:10.408 INFO     [realtime 1:00:20 profiling] (records_manager.py:1345)
19:22:10.408 INFO       rps=0.4 (avg 1.1)  tput_in=164,786/s  tput_out=1,066/s  done=3,885 ok=3,885 err=0 (records_manager.py:1345)
19:22:10.408 INFO       ttft    p50=  478ms  p75=   728ms  p95= 1,548ms  p99= 4,303ms (records_manager.py:1345)
19:22:10.408 INFO       itl     p50=    9ms  p75=    11ms  p95=    16ms  p99=    30ms (records_manager.py:1345)
19:22:10.408 INFO       e2e     p50=4,305ms  p75=10,702ms  p95=37,817ms  p99=86,248ms (records_manager.py:1345)
19:22:10.408 INFO       intvty  p50=    117  p75=     136  p95=     181  p99=     549  (1/tpot tok/s) (records_manager.py:1345)
19:22:10.408 INFO       isl     p50=114,232  p75= 207,050  p90= 303,211  p99= 714,067  (tokens) (records_manager.py:1345)
19:22:10.408 INFO       osl     p50=    394  p75=   1,058  p90=   2,486  p99=   7,571  (tokens) (records_manager.py:1345)
19:22:10.408 INFO       tot     in=594,260,068  out=3,842,852 (records_manager.py:1345)
19:22:10.409 INFO       trace  theoretical_prefix_cache_hit=97.5% (records_manager.py:1345)
19:22:10.409 INFO       srv    prefix_cache_hit=95.8% unique_in_srv=24,956,541 ext_cache_hit=31.2% kv_usage=7.0% queue=2r/0w tput_in_srv=164,497/s tput_out_srv=1,068/s (records_manager.py:1345)
19:22:19.808 INFO     Timeout of 29.99928851100003s elapsed for event 'profiling phase credits returned' (runner.py:1208)
19:22:19.808 WARNING  Phase profiling timed out, cancelling all credits. Stats: sent=3887, completed=3887, cancelled=0, in_flight=0 (runner.py:1103)
19:22:19.808 INFO     Waiting for all cancelled credits to be returned for phase profiling. Need 0 more credits. (runner.py:1117)
19:22:19.808 INFO     All credits already returned after cancel for phase profiling. Skipping drain wait. (runner.py:1124)
19:22:19.808 INFO     All cancelled credits returned for phase profiling (runner.py:1136)
19:22:19.809 NOTICE   Phase profiling (profiling) complete | completed=3,887, cancelled=0, errors=0 | sessions: completed=31, cancelled=0 | elapsed=3630.00s | grace_period_timeout=True (runner.py:1162)
19:22:19.809 INFO     Global system-idle cap summary: limit=10s, jumps=0, skipped=0.000s (agentic_replay.py:956)
19:22:19.809 INFO     BranchOrchestrator stats: spawned=192 completed=162 errored=0 suspended=53 resumed=51 parents_failed_due_to_child_error=0 joins_suppressed=2 delayed=116 (branch_orchestrator.py:1782)
19:22:19.809 WARNING  BranchOrchestrator leaked state at cleanup: 0 active_joins, 0 future_joins, 26 tracked children, 9 parents with descendants (branch_orchestrator.py:1799)
19:22:19.809 INFO     Session-tree slots for phase profiling: peak_open=30 (target concurrency 30); released 30 still-open at teardown; late_events=0 (runner.py:551)
19:22:19.809 NOTICE   All credits completed (phase_orchestrator.py:245)
19:22:19.809 INFO     Received CREDIT_PHASE_COMPLETE message, Phase complete: PhaseRecordsStats(phase=CreditPhase.PROFILING, phase_index=0, profiling_index=0, phase_name='profiling', phase_kind='profiling', start_ns=1787700109809623896, sent_end_ns=1787703709809850074, requests_end_ns=1787703739808971015, baseline_start_ns=1787700109809597817, baseline_end_ns=1787703739808976072, total_expected_requests=None, expected_duration_sec=None, expected_num_sessions=None, expected_grace_period_sec=None, final_requests_sent=None, final_requests_completed=3887, final_requests_cancelled=0, final_request_errors=0, final_sent_sessions=None, final_completed_sessions=None, final_cancelled_sessions=None, timeout_triggered=True, grace_period_timeout_triggered=True, was_cancelled=False, records_end_ns=None, success_records=3887, error_records=0) (records_manager.py:1040)
19:22:19.809 NOTICE   All requests have completed, please wait for the results to be processed (currently 3,887 of 3,887 records processed)... (records_manager.py:1051)
19:22:19.809 INFO     Received credits complete from 'timing_manager' (system_controller.py:448)
19:22:19.809 INFO     Processed 3887 valid requests and 0 errors (3887 total). (records_manager.py:913)
19:22:19.809 INFO     Received all records, processing now... (records_manager.py:919)
19:22:19.809 INFO     All credits complete, please wait for the results to be processed... (records_manager.py:1077)
19:22:19.809 INFO     Server Metrics: Profiling complete, capturing final metrics... (manager.py:355)
19:22:19.811 INFO     Waiting 2.0s for server metrics flush period... (records_manager.py:973)
19:22:21.809 INFO     Processing records results... (records_manager.py:2083)
19:22:26.202 INFO     Profiling metric coverage passed for 'profiling': TTFT=99.9%, inter-token latency=100.0% (required=95.0%). (records_manager.py:1814)
19:22:27.560 INFO     Waiting for result domains: server_metrics (system_controller.py:869)
19:22:31.755 WARNING  Detected 2 counter reset(s) in counter metric. This typically indicates server restart(s) during profiling. Statistics may be inaccurate. Raw delta: 88.65 (export_stats.py:348)
19:22:33.364 INFO     _finalize_and_process_results completed (records_manager.py:980)
19:22:35.034 INFO     All results received, initiating shutdown (system_controller.py:864)
19:22:35.971 INFO     Exporting all records (exporter_manager.py:69)
19:22:40.790 INFO     Exporting console data (exporter_manager.py:326)


                                                   NVIDIA AIPerf | LLM Metrics: Effective                                                   
┏━━━━━━━━━━━━━━━━━━━━━━━━━━━━━━━━━━━━━━━━━┳━━━━━━━━━━━━━━┳━━━━━━━━┳━━━━━━━━━━━━━━┳━━━━━━━━━━━━━━┳━━━━━━━━━━━━━━┳━━━━━━━━━━━━━━┳━━━━━━━━━━━━┓
┃                                  Metric ┃          avg ┃    min ┃          max ┃          p99 ┃          p90 ┃          p50 ┃        std ┃
┡━━━━━━━━━━━━━━━━━━━━━━━━━━━━━━━━━━━━━━━━━╇━━━━━━━━━━━━━━╇━━━━━━━━╇━━━━━━━━━━━━━━╇━━━━━━━━━━━━━━╇━━━━━━━━━━━━━━╇━━━━━━━━━━━━━━╇━━━━━━━━━━━━┩
│        Effective Concurrency (requests) │        10.78 │   0.00 │        31.00 │        28.00 │        19.00 │        10.00 │       5.61 │
│             Effective Decode Throughput │     1,063.53 │   0.00 │   515,149.12 │     2,435.87 │     1,787.03 │     1,041.47 │     673.78 │
│                            (tokens/sec) │              │        │              │              │              │              │            │
│            Effective Prefill Throughput │   163,860.16 │   0.00 │ 1,511,378.44 │   816,221.39 │   474,376.54 │         0.00 │ 225,229.46 │
│                            (tokens/sec) │              │        │              │              │              │              │            │
│ Effective Decode Concurrency (requests) │        10.05 │   0.00 │        31.00 │        27.00 │        18.00 │         9.00 │       5.41 │
│           Effective Prefill Concurrency │         0.72 │   0.00 │        16.00 │         5.00 │         2.00 │         0.00 │       1.17 │
│                              (requests) │              │        │              │              │              │              │            │
│ Effective Total Throughput (tokens/sec) │   164,923.69 │   0.00 │ 1,512,707.46 │   816,620.53 │   475,654.56 │     1,573.04 │ 225,208.35 │
│    Effective Decode Throughput Per User │       117.87 │   0.00 │    72,485.52 │       235.63 │       173.36 │       127.09 │      77.77 │
│                       (tokens/sec/user) │              │        │              │              │              │              │            │
│   Effective Prefill Throughput Per User │   119,559.51 │   0.00 │   556,733.82 │   482,719.10 │   390,810.44 │         0.00 │ 160,950.11 │
│                       (tokens/sec/user) │              │        │              │              │              │              │            │
│               Tokens In Flight (tokens) │ 2,117,517.79 │   0.00 │ 4,968,745.07 │ 4,438,116.45 │ 3,287,854.02 │ 2,159,713.20 │ 959,135.13 │
│       Effective Latency (CO-aware) (ms) │    10,064.65 │ 212.96 │   250,582.29 │    87,270.89 │    24,488.03 │     4,308.04 │  16,640.16 │
└─────────────────────────────────────────┴──────────────┴────────┴──────────────┴──────────────┴──────────────┴──────────────┴────────────┘
                                                 NVIDIA AIPerf | LLM Metrics: Active                                                 
┏━━━━━━━━━━━━━━━━━━━━━━━━━━━━━━━━━━━━━━━━┳━━━━━━━━━━━━┳━━━━━━━━━━┳━━━━━━━━━━━━━━┳━━━━━━━━━━━━┳━━━━━━━━━━━━┳━━━━━━━━━━━━┳━━━━━━━━━━━━┓
┃                                 Metric ┃        avg ┃      min ┃          max ┃        p99 ┃        p90 ┃        p50 ┃        std ┃
┡━━━━━━━━━━━━━━━━━━━━━━━━━━━━━━━━━━━━━━━━╇━━━━━━━━━━━━╇━━━━━━━━━━╇━━━━━━━━━━━━━━╇━━━━━━━━━━━━╇━━━━━━━━━━━━╇━━━━━━━━━━━━╇━━━━━━━━━━━━┩
│  Active Decode Throughput (tokens/sec) │   1,068.40 │     0.00 │   515,149.12 │   2,437.16 │   1,788.68 │   1,043.79 │     671.45 │
│ Active Prefill Throughput (tokens/sec) │ 369,675.76 │ 1,050.71 │ 1,511,378.44 │ 918,814.10 │ 640,758.94 │ 371,381.96 │ 195,857.78 │
│      Active Decode Throughput Per User │     118.41 │     0.00 │    72,485.52 │     235.67 │     173.51 │     127.24 │      77.54 │
│                      (tokens/sec/user) │            │          │              │            │            │            │            │
│     Active Prefill Throughput Per User │ 269,731.53 │ 1,050.71 │   556,733.82 │ 497,097.45 │ 434,769.65 │ 282,621.25 │ 133,927.43 │
│                      (tokens/sec/user) │            │          │              │            │            │            │            │
│   Active Total Throughput (tokens/sec) │ 165,535.96 │   148.50 │ 1,512,707.46 │ 817,393.54 │ 475,781.43 │   1,578.49 │ 225,401.28 │
└────────────────────────────────────────┴────────────┴──────────┴──────────────┴────────────┴────────────┴────────────┴────────────┘
                                                  NVIDIA AIPerf | LLM Metrics: Usage                                                  
┏━━━━━━━━━━━━━━━━━━━━━━━━━━━━━━━━━━━━━━━━━┳━━━━━━━━━━━━━━━━┳━━━━━━━━┳━━━━━━━━━━━━┳━━━━━━━━━━━━┳━━━━━━━━━━━━┳━━━━━━━━━━━━┳━━━━━━━━━━━━┓
┃                                  Metric ┃            avg ┃    min ┃        max ┃        p99 ┃        p90 ┃        p50 ┃        std ┃
┡━━━━━━━━━━━━━━━━━━━━━━━━━━━━━━━━━━━━━━━━━╇━━━━━━━━━━━━━━━━╇━━━━━━━━╇━━━━━━━━━━━━╇━━━━━━━━━━━━╇━━━━━━━━━━━━╇━━━━━━━━━━━━╇━━━━━━━━━━━━┩
│            Usage Prompt Tokens (tokens) │     153,026.06 │ 313.00 │ 769,708.00 │ 714,060.34 │ 303,475.40 │ 114,268.00 │ 125,297.16 │
│ Usage Prompt Cache Read Tokens (tokens) │     148,609.94 │   0.00 │ 765,312.00 │ 713,525.76 │ 299,955.20 │ 110,720.00 │ 126,215.28 │
│        Usage Completion Tokens (tokens) │         994.21 │   1.00 │  25,200.00 │   7,645.50 │   2,486.80 │     394.00 │   1,691.20 │
│             Usage Total Tokens (tokens) │     154,020.27 │ 420.00 │ 771,619.00 │ 714,664.48 │ 304,234.00 │ 114,946.00 │ 125,658.87 │
│      Total Usage Prompt Tokens (tokens) │ 594,812,285.00 │    N/A │        N/A │        N/A │        N/A │        N/A │        N/A │
│    Total Usage Prompt Cache Read Tokens │ 577,646,848.00 │    N/A │        N/A │        N/A │        N/A │        N/A │        N/A │
│                                (tokens) │                │        │            │            │            │            │            │
│       Overall Usage Prompt Cache Read % │          97.11 │    N/A │        N/A │        N/A │        N/A │        N/A │        N/A │
│                                     (%) │                │        │            │            │            │            │            │
│  Total Usage Completion Tokens (tokens) │   3,864,505.00 │    N/A │        N/A │        N/A │        N/A │        N/A │        N/A │
│       Total Usage Total Tokens (tokens) │ 598,676,790.00 │    N/A │        N/A │        N/A │        N/A │        N/A │        N/A │
└─────────────────────────────────────────┴────────────────┴────────┴────────────┴────────────┴────────────┴────────────┴────────────┘
                                                       NVIDIA AIPerf | LLM Metrics                                                       
┏━━━━━━━━━━━━━━━━━━━━━━━━━━━━━━━━━━━━━━━━━━━━━━━━┳━━━━━━━━━━━━┳━━━━━━━━┳━━━━━━━━━━━━┳━━━━━━━━━━━━┳━━━━━━━━━━━━┳━━━━━━━━━━━━┳━━━━━━━━━━━━┓
┃                                         Metric ┃        avg ┃    min ┃        max ┃        p99 ┃        p90 ┃        p50 ┃        std ┃
┡━━━━━━━━━━━━━━━━━━━━━━━━━━━━━━━━━━━━━━━━━━━━━━━━╇━━━━━━━━━━━━╇━━━━━━━━╇━━━━━━━━━━━━╇━━━━━━━━━━━━╇━━━━━━━━━━━━╇━━━━━━━━━━━━╇━━━━━━━━━━━━┩
│                       Time to First Token (ms) │     676.54 │  96.34 │  12,653.61 │   4,302.53 │   1,144.44 │     478.19 │     899.12 │
│                      Time to Second Token (ms) │     177.97 │   0.37 │   5,734.69 │   1,196.15 │     310.58 │     125.52 │     302.24 │
│                Time to First Output Token (ms) │   3,642.36 │ 491.27 │  23,457.07 │  16,012.58 │   7,708.76 │   2,299.09 │   3,831.57 │
│                           Request Latency (ms) │  10,063.37 │ 212.37 │ 250,581.17 │  87,269.81 │  24,487.21 │   4,307.55 │  16,639.99 │
│                           Decode Duration (ms) │   9,386.83 │   0.00 │ 250,214.33 │  84,806.02 │  23,618.41 │   3,659.74 │  16,497.13 │
│                      Full Decode Duration (ms) │   9,386.86 │   0.03 │ 250,214.38 │  84,806.07 │  23,618.44 │   3,659.77 │  16,497.13 │
│                       Inter Token Latency (ms) │       9.67 │   0.06 │     275.81 │      29.84 │      13.73 │       8.57 │       6.84 │
│              Full-Response Inter Token Latency │       9.67 │   0.06 │     275.81 │      29.84 │      13.73 │       8.57 │       6.84 │
│                                           (ms) │            │        │            │            │            │            │            │
│               Output Token Throughput Per User │     137.79 │   3.63 │  17,688.84 │     548.69 │     160.30 │     116.63 │     357.97 │
│                              (tokens/sec/user) │            │        │            │            │            │            │            │
│  E2E Output Token Throughput (tokens/sec/user) │      94.87 │   1.27 │     213.95 │     173.59 │     131.07 │      96.14 │      31.39 │
│ Full-Response Output Token Throughput Per User │     137.58 │   3.63 │  17,432.76 │     546.98 │     160.30 │     116.63 │     353.71 │
│                              (tokens/sec/user) │            │        │            │            │            │            │            │
│                Output Sequence Length (tokens) │     994.21 │   1.00 │  25,200.00 │   7,645.50 │   2,486.80 │     394.00 │   1,691.20 │
│                 Input Sequence Length (tokens) │ 153,026.06 │ 313.00 │ 769,708.00 │ 714,060.34 │ 303,475.40 │ 114,268.00 │ 125,297.16 │
│           Output Token Throughput (tokens/sec) │   1,064.60 │    N/A │        N/A │        N/A │        N/A │        N/A │        N/A │
│            Input Token Throughput (tokens/sec) │ 163,860.16 │    N/A │        N/A │        N/A │        N/A │        N/A │        N/A │
│              Request Throughput (requests/sec) │       1.07 │    N/A │        N/A │        N/A │        N/A │        N/A │        N/A │
│                       Request Count (requests) │   3,887.00 │    N/A │        N/A │        N/A │        N/A │        N/A │        N/A │
│               Theoretical Prefix Cache Hit (%) │      97.62 │    N/A │        N/A │        N/A │        N/A │        N/A │        N/A │
└────────────────────────────────────────────────┴────────────┴────────┴────────────┴────────────┴────────────┴────────────┴────────────┘

CLI Command: aiperf profile --scenario 'inferencex-agentx-mvp' --url 'http://localhost:8886' 
--endpoint '/v1/chat/completions' --endpoint-type 'chat' --streaming --model 'amd/MiniMax-M3-MXFP4' 
--tokenizer 'amd/MiniMax-M3-MXFP4' --concurrency 30 --benchmark-duration 3600 --stats-interval 30 
--random-seed 42 --failed-request-threshold 0.1 --trajectory-start-min-ratio 0.25 
--trajectory-start-max-ratio 0.75 --warmup-requests-per-lane 10 --trace-idle-gap-cap-seconds 300 
--warmup-grace-period 1800 --use-server-token-count --no-gpu-telemetry --tokenizer-trust-remote-code
--num-dataset-entries 393 --slice-duration 1.0 --server-metrics 'http://localhost:8886/metrics' 
--output-artifact-dir 
'/shared/data/R7N/andy_luo_3v7/minimaxm3-agentx/results/mtp-k4-aiter-full-indexer-vllm-simple-v19-tp
4-c30-full-indexer-complete-curve-20260825-r1/aiperf_artifacts' --public-dataset 
'semianalysis_cc_traces_weka_062126' --apply-chat-template
Benchmark Duration: 3622.63 sec
CSV Export: 
/shared/data/R7N/andy_luo_3v7/minimaxm3-agentx/results/mtp-k4-aiter-full-indexer-vllm-simple-v19-tp4
-c30-full-indexer-complete-curve-20260825-r1/aiperf_artifacts/profile_export_aiperf.csv
JSON Export: 
/shared/data/R7N/andy_luo_3v7/minimaxm3-agentx/results/mtp-k4-aiter-full-indexer-vllm-simple-v19-tp4
-c30-full-indexer-complete-curve-20260825-r1/aiperf_artifacts/profile_export_aiperf.json
Server Metrics CSV Export: 
/shared/data/R7N/andy_luo_3v7/minimaxm3-agentx/results/mtp-k4-aiter-full-indexer-vllm-simple-v19-tp4
-c30-full-indexer-complete-curve-20260825-r1/aiperf_artifacts/server_metrics_export.csv
Server Metrics JSON Export: 
/shared/data/R7N/andy_luo_3v7/minimaxm3-agentx/results/mtp-k4-aiter-full-indexer-vllm-simple-v19-tp4
-c30-full-indexer-complete-curve-20260825-r1/aiperf_artifacts/server_metrics_export.json
Timeslice CSV Export: 
/shared/data/R7N/andy_luo_3v7/minimaxm3-agentx/results/mtp-k4-aiter-full-indexer-vllm-simple-v19-tp4
-c30-full-indexer-complete-curve-20260825-r1/aiperf_artifacts/profile_export_aiperf_timeslices.csv
Timeslice JSON Export: 
/shared/data/R7N/andy_luo_3v7/minimaxm3-agentx/results/mtp-k4-aiter-full-indexer-vllm-simple-v19-tp4
-c30-full-indexer-complete-curve-20260825-r1/aiperf_artifacts/profile_export_aiperf_timeslices.json
Log File: 
/shared/data/R7N/andy_luo_3v7/minimaxm3-agentx/results/mtp-k4-aiter-full-indexer-vllm-simple-v19-tp4
-c30-full-indexer-complete-curve-20260825-r1/aiperf_artifacts/logs/aiperf.log

+ replay_rc=0
+ set +x
Saved aggregated agentic result to /shared/data/R7N/andy_luo_3v7/minimaxm3-agentx/results/mtp-k4-aiter-full-indexer-vllm-simple-v19-tp4-c30-full-indexer-complete-curve-20260825-r1/mtp-k4-aiter-full-indexer-vllm-simple-v19-tp4-c30-full-indexer-complete-curve-20260825-r1.json
  Requests: 3887 successful / 4218 total (331 warmup, 0 error dropped)
  QPS: mean=1.07 p75=2.00 p95=3.00
  GPU cache hit rate: 94.9%
  CPU/offload cache hit rate: 1.2%
  External cache hit rate: 1.2%
  GPU KV cache usage:  59.5%
  GPU KV cache capacity: 8184960 tokens
  Theoretical cache hit rate: 97.6%
  Throughput per GPU: 41315 tok/s
Saved /shared/data/R7N/andy_luo_3v7/minimaxm3-agentx/results/mtp-k4-aiter-full-indexer-vllm-simple-v19-tp4-c30-full-indexer-complete-curve-20260825-r1/metrics_plots.png
  Records: 4218 | TTFT median 510ms | E2E median 4657ms
Loaded 4,218 records from /shared/data/R7N/andy_luo_3v7/minimaxm3-agentx/results/mtp-k4-aiter-full-indexer-vllm-simple-v19-tp4-c30-full-indexer-complete-curve-20260825-r1/aiperf_artifacts
======================================================================
BENCHMARK WORKLOAD DISTRIBUTION ANALYSIS
======================================================================
Total requests: 4,218

ALL REQUESTS ISL:
  n=4,218  mean=154,887  median=114,322  p75=206,241  p90=307,987  p95=381,742
ALL REQUESTS OSL:
  n=4,218  mean=916  median=345  p75=971  p90=2,323  p95=3,784
======================================================================
Saved plots to /shared/data/R7N/andy_luo_3v7/minimaxm3-agentx/results/mtp-k4-aiter-full-indexer-vllm-simple-v19-tp4-c30-full-indexer-complete-curve-20260825-r1/workload_distribution_plots.png
Validated aiperf request error rate: 0/3887 = 0.000% <= 10.000%
Validated required AIPerf server metrics prefix 'vllm:'
Stopping vLLM server (PID=3935433)...
Stopped vLLM server.
