Precompiling 23 AITER sparse top-k variants
  top-k slots=1 waves=1
[aiter] [pid=1516487 pname=MainProcess] start build [module_aiter_core] under /tmp/inferencex-minimaxm3-1410/home/.aiter/jit/build/module_aiter_core
[aiter] Current hipcc not support: -mllvm -amdgpu-coerce-illegal-types=1, skip it.
[aiter] [pid=1516487 pname=MainProcess] [32mfinish build [module_aiter_core], cost 10.0s [0m
[aiter] import [module_aiter_core] under /tmp/inferencex-minimaxm3-1410/home/.aiter/jit/module_aiter_core.so
[aiter] start build /tmp/inferencex-minimaxm3-1410/home/.aiter/build/pa_sparse_block_topk_f2f457d90816b43a851577b99cdb853f_77acf8df
clang (LLVM option parsing): Unknown command line argument '-amdgpu-coerce-illegal-types=1'.  Try: 'clang (LLVM option parsing) --help'
clang (LLVM option parsing): Did you mean '--amdgpu-mode-register=1'?
failed to execute:/opt/rocm/lib/llvm/bin/clang++  --offload-arch=gfx950 --offload-arch=gfx950 --offload-arch=gfx950 --offload-arch=gfx950 --offload-arch=gfx950 --offload-arch=gfx950 --offload-arch=gfx950 --offload-arch=gfx950 -O3  -mllvm -amdgpu-coerce-illegal-types=1 -x hip -c /dev/null -o "/dev/null"
[aiter] -mllvm -amdgpu-coerce-illegal-types=1 is not supported by hipcc.
[aiter] finish build /tmp/inferencex-minimaxm3-1410/home/.aiter/build/pa_sparse_block_topk_f2f457d90816b43a851577b99cdb853f_77acf8df, cost 32.37430824s
  top-k slots=2 waves=1
[aiter] compile_template_op func_name = 'pa_sparse_block_topk_ca440897978e376b009672cf0202b8ee' with {'src_template': <Template memory:7faed7a543e0>, 'md_name': 'pa_sparse_block_topk', 'includes': ['/shared/data/R7N/andy_luo_3v7/minimaxm3-agentx/overlays/aiter-sparse-indexer-cache-fusion-545d97c-266922c/csrc/cpp_itfs/sparse_attn/pa_sparse_block_select_kernels.cuh', '/shared/data/R7N/andy_luo_3v7/minimaxm3-agentx/overlays/aiter-sparse-indexer-cache-fusion-545d97c-266922c/csrc/include', '/shared/data/R7N/andy_luo_3v7/minimaxm3-agentx/overlays/aiter-sparse-indexer-cache-fusion-545d97c-266922c/csrc/include/ck_tile/'], 'sources': [], 'cxxflags': [], 'func_name': 'pa_sparse_block_topk_ca440897978e376b009672cf0202b8ee', 'folder': 'pa_sparse_block_topk_ca440897978e376b009672cf0202b8ee_77acf8df', 'kwargs': OrderedDict({'block_size': 128, 'topk': 16, 'slots': 2, 'num_waves': 1, 'pages_per_block': 8})}...
[aiter] start build /tmp/inferencex-minimaxm3-1410/home/.aiter/build/pa_sparse_block_topk_ca440897978e376b009672cf0202b8ee_77acf8df
[aiter] finish build /tmp/inferencex-minimaxm3-1410/home/.aiter/build/pa_sparse_block_topk_ca440897978e376b009672cf0202b8ee_77acf8df, cost 2.81144903s
  top-k slots=4 waves=1
[aiter] compile_template_op func_name = 'pa_sparse_block_topk_acf34cd490864273aae6c5bc53b45926' with {'src_template': <Template memory:7faed7a543e0>, 'md_name': 'pa_sparse_block_topk', 'includes': ['/shared/data/R7N/andy_luo_3v7/minimaxm3-agentx/overlays/aiter-sparse-indexer-cache-fusion-545d97c-266922c/csrc/cpp_itfs/sparse_attn/pa_sparse_block_select_kernels.cuh', '/shared/data/R7N/andy_luo_3v7/minimaxm3-agentx/overlays/aiter-sparse-indexer-cache-fusion-545d97c-266922c/csrc/include', '/shared/data/R7N/andy_luo_3v7/minimaxm3-agentx/overlays/aiter-sparse-indexer-cache-fusion-545d97c-266922c/csrc/include/ck_tile/'], 'sources': [], 'cxxflags': [], 'func_name': 'pa_sparse_block_topk_acf34cd490864273aae6c5bc53b45926', 'folder': 'pa_sparse_block_topk_acf34cd490864273aae6c5bc53b45926_77acf8df', 'kwargs': OrderedDict({'block_size': 128, 'topk': 16, 'slots': 4, 'num_waves': 1, 'pages_per_block': 8})}...
[aiter] start build /tmp/inferencex-minimaxm3-1410/home/.aiter/build/pa_sparse_block_topk_acf34cd490864273aae6c5bc53b45926_77acf8df
[aiter] finish build /tmp/inferencex-minimaxm3-1410/home/.aiter/build/pa_sparse_block_topk_acf34cd490864273aae6c5bc53b45926_77acf8df, cost 2.54314438s
  top-k slots=4 waves=2
[aiter] compile_template_op func_name = 'pa_sparse_block_topk_141febda4a23767df17c6d9995c2c18e' with {'src_template': <Template memory:7faed7a543e0>, 'md_name': 'pa_sparse_block_topk', 'includes': ['/shared/data/R7N/andy_luo_3v7/minimaxm3-agentx/overlays/aiter-sparse-indexer-cache-fusion-545d97c-266922c/csrc/cpp_itfs/sparse_attn/pa_sparse_block_select_kernels.cuh', '/shared/data/R7N/andy_luo_3v7/minimaxm3-agentx/overlays/aiter-sparse-indexer-cache-fusion-545d97c-266922c/csrc/include', '/shared/data/R7N/andy_luo_3v7/minimaxm3-agentx/overlays/aiter-sparse-indexer-cache-fusion-545d97c-266922c/csrc/include/ck_tile/'], 'sources': [], 'cxxflags': [], 'func_name': 'pa_sparse_block_topk_141febda4a23767df17c6d9995c2c18e', 'folder': 'pa_sparse_block_topk_141febda4a23767df17c6d9995c2c18e_77acf8df', 'kwargs': OrderedDict({'block_size': 128, 'topk': 16, 'slots': 4, 'num_waves': 2, 'pages_per_block': 8})}...
[aiter] start build /tmp/inferencex-minimaxm3-1410/home/.aiter/build/pa_sparse_block_topk_141febda4a23767df17c6d9995c2c18e_77acf8df
[aiter] finish build /tmp/inferencex-minimaxm3-1410/home/.aiter/build/pa_sparse_block_topk_141febda4a23767df17c6d9995c2c18e_77acf8df, cost 2.57894962s
  top-k slots=8 waves=1
[aiter] compile_template_op func_name = 'pa_sparse_block_topk_7fd3508aef992d549dfc24debbe0c990' with {'src_template': <Template memory:7faed7a543e0>, 'md_name': 'pa_sparse_block_topk', 'includes': ['/shared/data/R7N/andy_luo_3v7/minimaxm3-agentx/overlays/aiter-sparse-indexer-cache-fusion-545d97c-266922c/csrc/cpp_itfs/sparse_attn/pa_sparse_block_select_kernels.cuh', '/shared/data/R7N/andy_luo_3v7/minimaxm3-agentx/overlays/aiter-sparse-indexer-cache-fusion-545d97c-266922c/csrc/include', '/shared/data/R7N/andy_luo_3v7/minimaxm3-agentx/overlays/aiter-sparse-indexer-cache-fusion-545d97c-266922c/csrc/include/ck_tile/'], 'sources': [], 'cxxflags': [], 'func_name': 'pa_sparse_block_topk_7fd3508aef992d549dfc24debbe0c990', 'folder': 'pa_sparse_block_topk_7fd3508aef992d549dfc24debbe0c990_77acf8df', 'kwargs': OrderedDict({'block_size': 128, 'topk': 16, 'slots': 8, 'num_waves': 1, 'pages_per_block': 8})}...
[aiter] start build /tmp/inferencex-minimaxm3-1410/home/.aiter/build/pa_sparse_block_topk_7fd3508aef992d549dfc24debbe0c990_77acf8df
[aiter] finish build /tmp/inferencex-minimaxm3-1410/home/.aiter/build/pa_sparse_block_topk_7fd3508aef992d549dfc24debbe0c990_77acf8df, cost 2.53921798s
  top-k slots=8 waves=2
[aiter] compile_template_op func_name = 'pa_sparse_block_topk_2526ca830bdd2cc1bbd8fd5125b93dc4' with {'src_template': <Template memory:7faed7a543e0>, 'md_name': 'pa_sparse_block_topk', 'includes': ['/shared/data/R7N/andy_luo_3v7/minimaxm3-agentx/overlays/aiter-sparse-indexer-cache-fusion-545d97c-266922c/csrc/cpp_itfs/sparse_attn/pa_sparse_block_select_kernels.cuh', '/shared/data/R7N/andy_luo_3v7/minimaxm3-agentx/overlays/aiter-sparse-indexer-cache-fusion-545d97c-266922c/csrc/include', '/shared/data/R7N/andy_luo_3v7/minimaxm3-agentx/overlays/aiter-sparse-indexer-cache-fusion-545d97c-266922c/csrc/include/ck_tile/'], 'sources': [], 'cxxflags': [], 'func_name': 'pa_sparse_block_topk_2526ca830bdd2cc1bbd8fd5125b93dc4', 'folder': 'pa_sparse_block_topk_2526ca830bdd2cc1bbd8fd5125b93dc4_77acf8df', 'kwargs': OrderedDict({'block_size': 128, 'topk': 16, 'slots': 8, 'num_waves': 2, 'pages_per_block': 8})}...
[aiter] start build /tmp/inferencex-minimaxm3-1410/home/.aiter/build/pa_sparse_block_topk_2526ca830bdd2cc1bbd8fd5125b93dc4_77acf8df
[aiter] finish build /tmp/inferencex-minimaxm3-1410/home/.aiter/build/pa_sparse_block_topk_2526ca830bdd2cc1bbd8fd5125b93dc4_77acf8df, cost 2.58596337s
  top-k slots=8 waves=4
[aiter] compile_template_op func_name = 'pa_sparse_block_topk_40e796de500a8448c6dd66f96f47b805' with {'src_template': <Template memory:7faed7a543e0>, 'md_name': 'pa_sparse_block_topk', 'includes': ['/shared/data/R7N/andy_luo_3v7/minimaxm3-agentx/overlays/aiter-sparse-indexer-cache-fusion-545d97c-266922c/csrc/cpp_itfs/sparse_attn/pa_sparse_block_select_kernels.cuh', '/shared/data/R7N/andy_luo_3v7/minimaxm3-agentx/overlays/aiter-sparse-indexer-cache-fusion-545d97c-266922c/csrc/include', '/shared/data/R7N/andy_luo_3v7/minimaxm3-agentx/overlays/aiter-sparse-indexer-cache-fusion-545d97c-266922c/csrc/include/ck_tile/'], 'sources': [], 'cxxflags': [], 'func_name': 'pa_sparse_block_topk_40e796de500a8448c6dd66f96f47b805', 'folder': 'pa_sparse_block_topk_40e796de500a8448c6dd66f96f47b805_77acf8df', 'kwargs': OrderedDict({'block_size': 128, 'topk': 16, 'slots': 8, 'num_waves': 4, 'pages_per_block': 8})}...
[aiter] start build /tmp/inferencex-minimaxm3-1410/home/.aiter/build/pa_sparse_block_topk_40e796de500a8448c6dd66f96f47b805_77acf8df
[aiter] finish build /tmp/inferencex-minimaxm3-1410/home/.aiter/build/pa_sparse_block_topk_40e796de500a8448c6dd66f96f47b805_77acf8df, cost 2.50264786s
  top-k slots=16 waves=1
[aiter] compile_template_op func_name = 'pa_sparse_block_topk_26c80d61287b4f3ec0e4343ebc62f150' with {'src_template': <Template memory:7faed7a543e0>, 'md_name': 'pa_sparse_block_topk', 'includes': ['/shared/data/R7N/andy_luo_3v7/minimaxm3-agentx/overlays/aiter-sparse-indexer-cache-fusion-545d97c-266922c/csrc/cpp_itfs/sparse_attn/pa_sparse_block_select_kernels.cuh', '/shared/data/R7N/andy_luo_3v7/minimaxm3-agentx/overlays/aiter-sparse-indexer-cache-fusion-545d97c-266922c/csrc/include', '/shared/data/R7N/andy_luo_3v7/minimaxm3-agentx/overlays/aiter-sparse-indexer-cache-fusion-545d97c-266922c/csrc/include/ck_tile/'], 'sources': [], 'cxxflags': [], 'func_name': 'pa_sparse_block_topk_26c80d61287b4f3ec0e4343ebc62f150', 'folder': 'pa_sparse_block_topk_26c80d61287b4f3ec0e4343ebc62f150_77acf8df', 'kwargs': OrderedDict({'block_size': 128, 'topk': 16, 'slots': 16, 'num_waves': 1, 'pages_per_block': 8})}...
[aiter] start build /tmp/inferencex-minimaxm3-1410/home/.aiter/build/pa_sparse_block_topk_26c80d61287b4f3ec0e4343ebc62f150_77acf8df
[aiter] finish build /tmp/inferencex-minimaxm3-1410/home/.aiter/build/pa_sparse_block_topk_26c80d61287b4f3ec0e4343ebc62f150_77acf8df, cost 2.63449907s
  top-k slots=16 waves=2
[aiter] compile_template_op func_name = 'pa_sparse_block_topk_49274e4243cbc0021bb2280dba5ae99c' with {'src_template': <Template memory:7faed7a543e0>, 'md_name': 'pa_sparse_block_topk', 'includes': ['/shared/data/R7N/andy_luo_3v7/minimaxm3-agentx/overlays/aiter-sparse-indexer-cache-fusion-545d97c-266922c/csrc/cpp_itfs/sparse_attn/pa_sparse_block_select_kernels.cuh', '/shared/data/R7N/andy_luo_3v7/minimaxm3-agentx/overlays/aiter-sparse-indexer-cache-fusion-545d97c-266922c/csrc/include', '/shared/data/R7N/andy_luo_3v7/minimaxm3-agentx/overlays/aiter-sparse-indexer-cache-fusion-545d97c-266922c/csrc/include/ck_tile/'], 'sources': [], 'cxxflags': [], 'func_name': 'pa_sparse_block_topk_49274e4243cbc0021bb2280dba5ae99c', 'folder': 'pa_sparse_block_topk_49274e4243cbc0021bb2280dba5ae99c_77acf8df', 'kwargs': OrderedDict({'block_size': 128, 'topk': 16, 'slots': 16, 'num_waves': 2, 'pages_per_block': 8})}...
[aiter] start build /tmp/inferencex-minimaxm3-1410/home/.aiter/build/pa_sparse_block_topk_49274e4243cbc0021bb2280dba5ae99c_77acf8df
[aiter] finish build /tmp/inferencex-minimaxm3-1410/home/.aiter/build/pa_sparse_block_topk_49274e4243cbc0021bb2280dba5ae99c_77acf8df, cost 2.55958478s
  top-k slots=16 waves=4
[aiter] compile_template_op func_name = 'pa_sparse_block_topk_d95381ff6d11c6228c2cbfb2381542e5' with {'src_template': <Template memory:7faed7a543e0>, 'md_name': 'pa_sparse_block_topk', 'includes': ['/shared/data/R7N/andy_luo_3v7/minimaxm3-agentx/overlays/aiter-sparse-indexer-cache-fusion-545d97c-266922c/csrc/cpp_itfs/sparse_attn/pa_sparse_block_select_kernels.cuh', '/shared/data/R7N/andy_luo_3v7/minimaxm3-agentx/overlays/aiter-sparse-indexer-cache-fusion-545d97c-266922c/csrc/include', '/shared/data/R7N/andy_luo_3v7/minimaxm3-agentx/overlays/aiter-sparse-indexer-cache-fusion-545d97c-266922c/csrc/include/ck_tile/'], 'sources': [], 'cxxflags': [], 'func_name': 'pa_sparse_block_topk_d95381ff6d11c6228c2cbfb2381542e5', 'folder': 'pa_sparse_block_topk_d95381ff6d11c6228c2cbfb2381542e5_77acf8df', 'kwargs': OrderedDict({'block_size': 128, 'topk': 16, 'slots': 16, 'num_waves': 4, 'pages_per_block': 8})}...
[aiter] start build /tmp/inferencex-minimaxm3-1410/home/.aiter/build/pa_sparse_block_topk_d95381ff6d11c6228c2cbfb2381542e5_77acf8df
[aiter] finish build /tmp/inferencex-minimaxm3-1410/home/.aiter/build/pa_sparse_block_topk_d95381ff6d11c6228c2cbfb2381542e5_77acf8df, cost 2.53357666s
  top-k slots=16 waves=8
[aiter] compile_template_op func_name = 'pa_sparse_block_topk_4d86fb2115622fb33beae050c761474d' with {'src_template': <Template memory:7faed7a543e0>, 'md_name': 'pa_sparse_block_topk', 'includes': ['/shared/data/R7N/andy_luo_3v7/minimaxm3-agentx/overlays/aiter-sparse-indexer-cache-fusion-545d97c-266922c/csrc/cpp_itfs/sparse_attn/pa_sparse_block_select_kernels.cuh', '/shared/data/R7N/andy_luo_3v7/minimaxm3-agentx/overlays/aiter-sparse-indexer-cache-fusion-545d97c-266922c/csrc/include', '/shared/data/R7N/andy_luo_3v7/minimaxm3-agentx/overlays/aiter-sparse-indexer-cache-fusion-545d97c-266922c/csrc/include/ck_tile/'], 'sources': [], 'cxxflags': [], 'func_name': 'pa_sparse_block_topk_4d86fb2115622fb33beae050c761474d', 'folder': 'pa_sparse_block_topk_4d86fb2115622fb33beae050c761474d_77acf8df', 'kwargs': OrderedDict({'block_size': 128, 'topk': 16, 'slots': 16, 'num_waves': 8, 'pages_per_block': 8})}...
[aiter] start build /tmp/inferencex-minimaxm3-1410/home/.aiter/build/pa_sparse_block_topk_4d86fb2115622fb33beae050c761474d_77acf8df
[aiter] finish build /tmp/inferencex-minimaxm3-1410/home/.aiter/build/pa_sparse_block_topk_4d86fb2115622fb33beae050c761474d_77acf8df, cost 2.55366890s
  top-k slots=32 waves=1
[aiter] compile_template_op func_name = 'pa_sparse_block_topk_a91aaf90fc66c204e0a7b936dcf1f9a4' with {'src_template': <Template memory:7faed7a543e0>, 'md_name': 'pa_sparse_block_topk', 'includes': ['/shared/data/R7N/andy_luo_3v7/minimaxm3-agentx/overlays/aiter-sparse-indexer-cache-fusion-545d97c-266922c/csrc/cpp_itfs/sparse_attn/pa_sparse_block_select_kernels.cuh', '/shared/data/R7N/andy_luo_3v7/minimaxm3-agentx/overlays/aiter-sparse-indexer-cache-fusion-545d97c-266922c/csrc/include', '/shared/data/R7N/andy_luo_3v7/minimaxm3-agentx/overlays/aiter-sparse-indexer-cache-fusion-545d97c-266922c/csrc/include/ck_tile/'], 'sources': [], 'cxxflags': [], 'func_name': 'pa_sparse_block_topk_a91aaf90fc66c204e0a7b936dcf1f9a4', 'folder': 'pa_sparse_block_topk_a91aaf90fc66c204e0a7b936dcf1f9a4_77acf8df', 'kwargs': OrderedDict({'block_size': 128, 'topk': 16, 'slots': 32, 'num_waves': 1, 'pages_per_block': 8})}...
[aiter] start build /tmp/inferencex-minimaxm3-1410/home/.aiter/build/pa_sparse_block_topk_a91aaf90fc66c204e0a7b936dcf1f9a4_77acf8df
[aiter] finish build /tmp/inferencex-minimaxm3-1410/home/.aiter/build/pa_sparse_block_topk_a91aaf90fc66c204e0a7b936dcf1f9a4_77acf8df, cost 2.64400922s
  top-k slots=32 waves=2
[aiter] compile_template_op func_name = 'pa_sparse_block_topk_a47a5abad39a9b15799572289cd2ad94' with {'src_template': <Template memory:7faed7a543e0>, 'md_name': 'pa_sparse_block_topk', 'includes': ['/shared/data/R7N/andy_luo_3v7/minimaxm3-agentx/overlays/aiter-sparse-indexer-cache-fusion-545d97c-266922c/csrc/cpp_itfs/sparse_attn/pa_sparse_block_select_kernels.cuh', '/shared/data/R7N/andy_luo_3v7/minimaxm3-agentx/overlays/aiter-sparse-indexer-cache-fusion-545d97c-266922c/csrc/include', '/shared/data/R7N/andy_luo_3v7/minimaxm3-agentx/overlays/aiter-sparse-indexer-cache-fusion-545d97c-266922c/csrc/include/ck_tile/'], 'sources': [], 'cxxflags': [], 'func_name': 'pa_sparse_block_topk_a47a5abad39a9b15799572289cd2ad94', 'folder': 'pa_sparse_block_topk_a47a5abad39a9b15799572289cd2ad94_77acf8df', 'kwargs': OrderedDict({'block_size': 128, 'topk': 16, 'slots': 32, 'num_waves': 2, 'pages_per_block': 8})}...
[aiter] start build /tmp/inferencex-minimaxm3-1410/home/.aiter/build/pa_sparse_block_topk_a47a5abad39a9b15799572289cd2ad94_77acf8df
[aiter] finish build /tmp/inferencex-minimaxm3-1410/home/.aiter/build/pa_sparse_block_topk_a47a5abad39a9b15799572289cd2ad94_77acf8df, cost 2.46902902s
  top-k slots=32 waves=4
[aiter] compile_template_op func_name = 'pa_sparse_block_topk_aaf045ab52ceceb4330f4f070b33ee4b' with {'src_template': <Template memory:7faed7a543e0>, 'md_name': 'pa_sparse_block_topk', 'includes': ['/shared/data/R7N/andy_luo_3v7/minimaxm3-agentx/overlays/aiter-sparse-indexer-cache-fusion-545d97c-266922c/csrc/cpp_itfs/sparse_attn/pa_sparse_block_select_kernels.cuh', '/shared/data/R7N/andy_luo_3v7/minimaxm3-agentx/overlays/aiter-sparse-indexer-cache-fusion-545d97c-266922c/csrc/include', '/shared/data/R7N/andy_luo_3v7/minimaxm3-agentx/overlays/aiter-sparse-indexer-cache-fusion-545d97c-266922c/csrc/include/ck_tile/'], 'sources': [], 'cxxflags': [], 'func_name': 'pa_sparse_block_topk_aaf045ab52ceceb4330f4f070b33ee4b', 'folder': 'pa_sparse_block_topk_aaf045ab52ceceb4330f4f070b33ee4b_77acf8df', 'kwargs': OrderedDict({'block_size': 128, 'topk': 16, 'slots': 32, 'num_waves': 4, 'pages_per_block': 8})}...
[aiter] start build /tmp/inferencex-minimaxm3-1410/home/.aiter/build/pa_sparse_block_topk_aaf045ab52ceceb4330f4f070b33ee4b_77acf8df
[aiter] finish build /tmp/inferencex-minimaxm3-1410/home/.aiter/build/pa_sparse_block_topk_aaf045ab52ceceb4330f4f070b33ee4b_77acf8df, cost 2.56090128s
  top-k slots=32 waves=8
[aiter] compile_template_op func_name = 'pa_sparse_block_topk_e6fd078e78264080f8f95684382a4260' with {'src_template': <Template memory:7faed7a543e0>, 'md_name': 'pa_sparse_block_topk', 'includes': ['/shared/data/R7N/andy_luo_3v7/minimaxm3-agentx/overlays/aiter-sparse-indexer-cache-fusion-545d97c-266922c/csrc/cpp_itfs/sparse_attn/pa_sparse_block_select_kernels.cuh', '/shared/data/R7N/andy_luo_3v7/minimaxm3-agentx/overlays/aiter-sparse-indexer-cache-fusion-545d97c-266922c/csrc/include', '/shared/data/R7N/andy_luo_3v7/minimaxm3-agentx/overlays/aiter-sparse-indexer-cache-fusion-545d97c-266922c/csrc/include/ck_tile/'], 'sources': [], 'cxxflags': [], 'func_name': 'pa_sparse_block_topk_e6fd078e78264080f8f95684382a4260', 'folder': 'pa_sparse_block_topk_e6fd078e78264080f8f95684382a4260_77acf8df', 'kwargs': OrderedDict({'block_size': 128, 'topk': 16, 'slots': 32, 'num_waves': 8, 'pages_per_block': 8})}...
[aiter] start build /tmp/inferencex-minimaxm3-1410/home/.aiter/build/pa_sparse_block_topk_e6fd078e78264080f8f95684382a4260_77acf8df
[aiter] finish build /tmp/inferencex-minimaxm3-1410/home/.aiter/build/pa_sparse_block_topk_e6fd078e78264080f8f95684382a4260_77acf8df, cost 2.53061906s
  top-k slots=64 waves=1
[aiter] compile_template_op func_name = 'pa_sparse_block_topk_6f0b7dac6a99206b1929ed6551dc3c56' with {'src_template': <Template memory:7faed7a543e0>, 'md_name': 'pa_sparse_block_topk', 'includes': ['/shared/data/R7N/andy_luo_3v7/minimaxm3-agentx/overlays/aiter-sparse-indexer-cache-fusion-545d97c-266922c/csrc/cpp_itfs/sparse_attn/pa_sparse_block_select_kernels.cuh', '/shared/data/R7N/andy_luo_3v7/minimaxm3-agentx/overlays/aiter-sparse-indexer-cache-fusion-545d97c-266922c/csrc/include', '/shared/data/R7N/andy_luo_3v7/minimaxm3-agentx/overlays/aiter-sparse-indexer-cache-fusion-545d97c-266922c/csrc/include/ck_tile/'], 'sources': [], 'cxxflags': [], 'func_name': 'pa_sparse_block_topk_6f0b7dac6a99206b1929ed6551dc3c56', 'folder': 'pa_sparse_block_topk_6f0b7dac6a99206b1929ed6551dc3c56_77acf8df', 'kwargs': OrderedDict({'block_size': 128, 'topk': 16, 'slots': 64, 'num_waves': 1, 'pages_per_block': 8})}...
[aiter] start build /tmp/inferencex-minimaxm3-1410/home/.aiter/build/pa_sparse_block_topk_6f0b7dac6a99206b1929ed6551dc3c56_77acf8df
[aiter] finish build /tmp/inferencex-minimaxm3-1410/home/.aiter/build/pa_sparse_block_topk_6f0b7dac6a99206b1929ed6551dc3c56_77acf8df, cost 2.72110307s
  top-k slots=64 waves=2
[aiter] compile_template_op func_name = 'pa_sparse_block_topk_ea576546bb3099348a83c48d8e21184c' with {'src_template': <Template memory:7faed7a543e0>, 'md_name': 'pa_sparse_block_topk', 'includes': ['/shared/data/R7N/andy_luo_3v7/minimaxm3-agentx/overlays/aiter-sparse-indexer-cache-fusion-545d97c-266922c/csrc/cpp_itfs/sparse_attn/pa_sparse_block_select_kernels.cuh', '/shared/data/R7N/andy_luo_3v7/minimaxm3-agentx/overlays/aiter-sparse-indexer-cache-fusion-545d97c-266922c/csrc/include', '/shared/data/R7N/andy_luo_3v7/minimaxm3-agentx/overlays/aiter-sparse-indexer-cache-fusion-545d97c-266922c/csrc/include/ck_tile/'], 'sources': [], 'cxxflags': [], 'func_name': 'pa_sparse_block_topk_ea576546bb3099348a83c48d8e21184c', 'folder': 'pa_sparse_block_topk_ea576546bb3099348a83c48d8e21184c_77acf8df', 'kwargs': OrderedDict({'block_size': 128, 'topk': 16, 'slots': 64, 'num_waves': 2, 'pages_per_block': 8})}...
[aiter] start build /tmp/inferencex-minimaxm3-1410/home/.aiter/build/pa_sparse_block_topk_ea576546bb3099348a83c48d8e21184c_77acf8df
[aiter] finish build /tmp/inferencex-minimaxm3-1410/home/.aiter/build/pa_sparse_block_topk_ea576546bb3099348a83c48d8e21184c_77acf8df, cost 2.61338430s
  top-k slots=64 waves=4
[aiter] compile_template_op func_name = 'pa_sparse_block_topk_710cb450944328ce4ab904200cf78a47' with {'src_template': <Template memory:7faed7a543e0>, 'md_name': 'pa_sparse_block_topk', 'includes': ['/shared/data/R7N/andy_luo_3v7/minimaxm3-agentx/overlays/aiter-sparse-indexer-cache-fusion-545d97c-266922c/csrc/cpp_itfs/sparse_attn/pa_sparse_block_select_kernels.cuh', '/shared/data/R7N/andy_luo_3v7/minimaxm3-agentx/overlays/aiter-sparse-indexer-cache-fusion-545d97c-266922c/csrc/include', '/shared/data/R7N/andy_luo_3v7/minimaxm3-agentx/overlays/aiter-sparse-indexer-cache-fusion-545d97c-266922c/csrc/include/ck_tile/'], 'sources': [], 'cxxflags': [], 'func_name': 'pa_sparse_block_topk_710cb450944328ce4ab904200cf78a47', 'folder': 'pa_sparse_block_topk_710cb450944328ce4ab904200cf78a47_77acf8df', 'kwargs': OrderedDict({'block_size': 128, 'topk': 16, 'slots': 64, 'num_waves': 4, 'pages_per_block': 8})}...
[aiter] start build /tmp/inferencex-minimaxm3-1410/home/.aiter/build/pa_sparse_block_topk_710cb450944328ce4ab904200cf78a47_77acf8df
[aiter] finish build /tmp/inferencex-minimaxm3-1410/home/.aiter/build/pa_sparse_block_topk_710cb450944328ce4ab904200cf78a47_77acf8df, cost 2.69255548s
  top-k slots=64 waves=8
[aiter] compile_template_op func_name = 'pa_sparse_block_topk_c5ffb2a2d564070d0f8bffbb2d1a5847' with {'src_template': <Template memory:7faed7a543e0>, 'md_name': 'pa_sparse_block_topk', 'includes': ['/shared/data/R7N/andy_luo_3v7/minimaxm3-agentx/overlays/aiter-sparse-indexer-cache-fusion-545d97c-266922c/csrc/cpp_itfs/sparse_attn/pa_sparse_block_select_kernels.cuh', '/shared/data/R7N/andy_luo_3v7/minimaxm3-agentx/overlays/aiter-sparse-indexer-cache-fusion-545d97c-266922c/csrc/include', '/shared/data/R7N/andy_luo_3v7/minimaxm3-agentx/overlays/aiter-sparse-indexer-cache-fusion-545d97c-266922c/csrc/include/ck_tile/'], 'sources': [], 'cxxflags': [], 'func_name': 'pa_sparse_block_topk_c5ffb2a2d564070d0f8bffbb2d1a5847', 'folder': 'pa_sparse_block_topk_c5ffb2a2d564070d0f8bffbb2d1a5847_77acf8df', 'kwargs': OrderedDict({'block_size': 128, 'topk': 16, 'slots': 64, 'num_waves': 8, 'pages_per_block': 8})}...
[aiter] start build /tmp/inferencex-minimaxm3-1410/home/.aiter/build/pa_sparse_block_topk_c5ffb2a2d564070d0f8bffbb2d1a5847_77acf8df
[aiter] finish build /tmp/inferencex-minimaxm3-1410/home/.aiter/build/pa_sparse_block_topk_c5ffb2a2d564070d0f8bffbb2d1a5847_77acf8df, cost 2.52437839s
  top-k slots=128 waves=1
[aiter] compile_template_op func_name = 'pa_sparse_block_topk_ea1b4f600243d2e753b80e357c50b23e' with {'src_template': <Template memory:7faed7a543e0>, 'md_name': 'pa_sparse_block_topk', 'includes': ['/shared/data/R7N/andy_luo_3v7/minimaxm3-agentx/overlays/aiter-sparse-indexer-cache-fusion-545d97c-266922c/csrc/cpp_itfs/sparse_attn/pa_sparse_block_select_kernels.cuh', '/shared/data/R7N/andy_luo_3v7/minimaxm3-agentx/overlays/aiter-sparse-indexer-cache-fusion-545d97c-266922c/csrc/include', '/shared/data/R7N/andy_luo_3v7/minimaxm3-agentx/overlays/aiter-sparse-indexer-cache-fusion-545d97c-266922c/csrc/include/ck_tile/'], 'sources': [], 'cxxflags': [], 'func_name': 'pa_sparse_block_topk_ea1b4f600243d2e753b80e357c50b23e', 'folder': 'pa_sparse_block_topk_ea1b4f600243d2e753b80e357c50b23e_77acf8df', 'kwargs': OrderedDict({'block_size': 128, 'topk': 16, 'slots': 128, 'num_waves': 1, 'pages_per_block': 8})}...
[aiter] start build /tmp/inferencex-minimaxm3-1410/home/.aiter/build/pa_sparse_block_topk_ea1b4f600243d2e753b80e357c50b23e_77acf8df
[aiter] finish build /tmp/inferencex-minimaxm3-1410/home/.aiter/build/pa_sparse_block_topk_ea1b4f600243d2e753b80e357c50b23e_77acf8df, cost 2.88865087s
  top-k slots=128 waves=2
[aiter] compile_template_op func_name = 'pa_sparse_block_topk_7ea18e0e5eef7735323600cc003fe250' with {'src_template': <Template memory:7faed7a543e0>, 'md_name': 'pa_sparse_block_topk', 'includes': ['/shared/data/R7N/andy_luo_3v7/minimaxm3-agentx/overlays/aiter-sparse-indexer-cache-fusion-545d97c-266922c/csrc/cpp_itfs/sparse_attn/pa_sparse_block_select_kernels.cuh', '/shared/data/R7N/andy_luo_3v7/minimaxm3-agentx/overlays/aiter-sparse-indexer-cache-fusion-545d97c-266922c/csrc/include', '/shared/data/R7N/andy_luo_3v7/minimaxm3-agentx/overlays/aiter-sparse-indexer-cache-fusion-545d97c-266922c/csrc/include/ck_tile/'], 'sources': [], 'cxxflags': [], 'func_name': 'pa_sparse_block_topk_7ea18e0e5eef7735323600cc003fe250', 'folder': 'pa_sparse_block_topk_7ea18e0e5eef7735323600cc003fe250_77acf8df', 'kwargs': OrderedDict({'block_size': 128, 'topk': 16, 'slots': 128, 'num_waves': 2, 'pages_per_block': 8})}...
[aiter] start build /tmp/inferencex-minimaxm3-1410/home/.aiter/build/pa_sparse_block_topk_7ea18e0e5eef7735323600cc003fe250_77acf8df
[aiter] finish build /tmp/inferencex-minimaxm3-1410/home/.aiter/build/pa_sparse_block_topk_7ea18e0e5eef7735323600cc003fe250_77acf8df, cost 2.67031684s
  top-k slots=128 waves=4
[aiter] compile_template_op func_name = 'pa_sparse_block_topk_ba29094d64c345dbcf76712283c4c9b9' with {'src_template': <Template memory:7faed7a543e0>, 'md_name': 'pa_sparse_block_topk', 'includes': ['/shared/data/R7N/andy_luo_3v7/minimaxm3-agentx/overlays/aiter-sparse-indexer-cache-fusion-545d97c-266922c/csrc/cpp_itfs/sparse_attn/pa_sparse_block_select_kernels.cuh', '/shared/data/R7N/andy_luo_3v7/minimaxm3-agentx/overlays/aiter-sparse-indexer-cache-fusion-545d97c-266922c/csrc/include', '/shared/data/R7N/andy_luo_3v7/minimaxm3-agentx/overlays/aiter-sparse-indexer-cache-fusion-545d97c-266922c/csrc/include/ck_tile/'], 'sources': [], 'cxxflags': [], 'func_name': 'pa_sparse_block_topk_ba29094d64c345dbcf76712283c4c9b9', 'folder': 'pa_sparse_block_topk_ba29094d64c345dbcf76712283c4c9b9_77acf8df', 'kwargs': OrderedDict({'block_size': 128, 'topk': 16, 'slots': 128, 'num_waves': 4, 'pages_per_block': 8})}...
[aiter] start build /tmp/inferencex-minimaxm3-1410/home/.aiter/build/pa_sparse_block_topk_ba29094d64c345dbcf76712283c4c9b9_77acf8df
[aiter] finish build /tmp/inferencex-minimaxm3-1410/home/.aiter/build/pa_sparse_block_topk_ba29094d64c345dbcf76712283c4c9b9_77acf8df, cost 2.53770657s
  top-k slots=128 waves=8
[aiter] compile_template_op func_name = 'pa_sparse_block_topk_ad22426619f62325b9c054225a90fa49' with {'src_template': <Template memory:7faed7a543e0>, 'md_name': 'pa_sparse_block_topk', 'includes': ['/shared/data/R7N/andy_luo_3v7/minimaxm3-agentx/overlays/aiter-sparse-indexer-cache-fusion-545d97c-266922c/csrc/cpp_itfs/sparse_attn/pa_sparse_block_select_kernels.cuh', '/shared/data/R7N/andy_luo_3v7/minimaxm3-agentx/overlays/aiter-sparse-indexer-cache-fusion-545d97c-266922c/csrc/include', '/shared/data/R7N/andy_luo_3v7/minimaxm3-agentx/overlays/aiter-sparse-indexer-cache-fusion-545d97c-266922c/csrc/include/ck_tile/'], 'sources': [], 'cxxflags': [], 'func_name': 'pa_sparse_block_topk_ad22426619f62325b9c054225a90fa49', 'folder': 'pa_sparse_block_topk_ad22426619f62325b9c054225a90fa49_77acf8df', 'kwargs': OrderedDict({'block_size': 128, 'topk': 16, 'slots': 128, 'num_waves': 8, 'pages_per_block': 8})}...
[aiter] start build /tmp/inferencex-minimaxm3-1410/home/.aiter/build/pa_sparse_block_topk_ad22426619f62325b9c054225a90fa49_77acf8df
[aiter] finish build /tmp/inferencex-minimaxm3-1410/home/.aiter/build/pa_sparse_block_topk_ad22426619f62325b9c054225a90fa49_77acf8df, cost 2.59276323s
  score-decode waves=1 q_tiles=1
[aiter] compile_template_op func_name = 'pa_sparse_block_score_decode_b5e7f76efa629ab3e994fb1821f74bcc' with {'src_template': <Template memory:7faed77bc800>, 'md_name': 'pa_sparse_block_score_decode', 'includes': ['/shared/data/R7N/andy_luo_3v7/minimaxm3-agentx/overlays/aiter-sparse-indexer-cache-fusion-545d97c-266922c/csrc/cpp_itfs/sparse_attn/pa_sparse_block_select_kernels.cuh', '/shared/data/R7N/andy_luo_3v7/minimaxm3-agentx/overlays/aiter-sparse-indexer-cache-fusion-545d97c-266922c/csrc/include', '/shared/data/R7N/andy_luo_3v7/minimaxm3-agentx/overlays/aiter-sparse-indexer-cache-fusion-545d97c-266922c/csrc/include/ck_tile/'], 'sources': [], 'cxxflags': ['-mllvm -amdgpu-mfma-vgpr-form=1'], 'func_name': 'pa_sparse_block_score_decode_b5e7f76efa629ab3e994fb1821f74bcc', 'folder': 'pa_sparse_block_score_decode_a3296555132891089f84d2f9be095ed1_77acf8df', 'kwargs': OrderedDict({'block_size': 128, 'head_dim': 128, 'num_idx_heads': 1, 'num_waves': 1, 'q_tiles': 1, 'prefetch': 8, 'non_temporal': 'false'})}...
[aiter] start build /tmp/inferencex-minimaxm3-1410/home/.aiter/build/pa_sparse_block_score_decode_a3296555132891089f84d2f9be095ed1_77acf8df
[aiter] finish build /tmp/inferencex-minimaxm3-1410/home/.aiter/build/pa_sparse_block_score_decode_a3296555132891089f84d2f9be095ed1_77acf8df, cost 3.02773135s
  score-decode waves=2 q_tiles=1
[aiter] compile_template_op func_name = 'pa_sparse_block_score_decode_4aca51e16ad93621cb5aedb58f9ce7d8' with {'src_template': <Template memory:7faed77bc800>, 'md_name': 'pa_sparse_block_score_decode', 'includes': ['/shared/data/R7N/andy_luo_3v7/minimaxm3-agentx/overlays/aiter-sparse-indexer-cache-fusion-545d97c-266922c/csrc/cpp_itfs/sparse_attn/pa_sparse_block_select_kernels.cuh', '/shared/data/R7N/andy_luo_3v7/minimaxm3-agentx/overlays/aiter-sparse-indexer-cache-fusion-545d97c-266922c/csrc/include', '/shared/data/R7N/andy_luo_3v7/minimaxm3-agentx/overlays/aiter-sparse-indexer-cache-fusion-545d97c-266922c/csrc/include/ck_tile/'], 'sources': [], 'cxxflags': ['-mllvm -amdgpu-mfma-vgpr-form=1'], 'func_name': 'pa_sparse_block_score_decode_4aca51e16ad93621cb5aedb58f9ce7d8', 'folder': 'pa_sparse_block_score_decode_be7824a80454cac2ed9cc78bfdf61057_77acf8df', 'kwargs': OrderedDict({'block_size': 128, 'head_dim': 128, 'num_idx_heads': 1, 'num_waves': 2, 'q_tiles': 1, 'prefetch': 8, 'non_temporal': 'false'})}...
[aiter] start build /tmp/inferencex-minimaxm3-1410/home/.aiter/build/pa_sparse_block_score_decode_be7824a80454cac2ed9cc78bfdf61057_77acf8df
[aiter] finish build /tmp/inferencex-minimaxm3-1410/home/.aiter/build/pa_sparse_block_score_decode_be7824a80454cac2ed9cc78bfdf61057_77acf8df, cost 2.55116565s
  score-decode waves=4 q_tiles=1
[aiter] compile_template_op func_name = 'pa_sparse_block_score_decode_e77773b9e98a6959a86599d0b1b32b36' with {'src_template': <Template memory:7faed77bc800>, 'md_name': 'pa_sparse_block_score_decode', 'includes': ['/shared/data/R7N/andy_luo_3v7/minimaxm3-agentx/overlays/aiter-sparse-indexer-cache-fusion-545d97c-266922c/csrc/cpp_itfs/sparse_attn/pa_sparse_block_select_kernels.cuh', '/shared/data/R7N/andy_luo_3v7/minimaxm3-agentx/overlays/aiter-sparse-indexer-cache-fusion-545d97c-266922c/csrc/include', '/shared/data/R7N/andy_luo_3v7/minimaxm3-agentx/overlays/aiter-sparse-indexer-cache-fusion-545d97c-266922c/csrc/include/ck_tile/'], 'sources': [], 'cxxflags': ['-mllvm -amdgpu-mfma-vgpr-form=1'], 'func_name': 'pa_sparse_block_score_decode_e77773b9e98a6959a86599d0b1b32b36', 'folder': 'pa_sparse_block_score_decode_e931eb22d09937c61fe009f1749a7b94_77acf8df', 'kwargs': OrderedDict({'block_size': 128, 'head_dim': 128, 'num_idx_heads': 1, 'num_waves': 4, 'q_tiles': 1, 'prefetch': 8, 'non_temporal': 'false'})}...
[aiter] start build /tmp/inferencex-minimaxm3-1410/home/.aiter/build/pa_sparse_block_score_decode_e931eb22d09937c61fe009f1749a7b94_77acf8df
[aiter] finish build /tmp/inferencex-minimaxm3-1410/home/.aiter/build/pa_sparse_block_score_decode_e931eb22d09937c61fe009f1749a7b94_77acf8df, cost 2.49455484s
  score-prefill waves=4 q_tiles=1
[aiter] compile_template_op func_name = 'pa_sparse_block_score_prefill_251ea0a341a15b3dc6ede6b9ae4ca663' with {'src_template': <Template memory:7faed7a53260>, 'md_name': 'pa_sparse_block_score_prefill', 'includes': ['/shared/data/R7N/andy_luo_3v7/minimaxm3-agentx/overlays/aiter-sparse-indexer-cache-fusion-545d97c-266922c/csrc/cpp_itfs/sparse_attn/pa_sparse_block_select_kernels.cuh', '/shared/data/R7N/andy_luo_3v7/minimaxm3-agentx/overlays/aiter-sparse-indexer-cache-fusion-545d97c-266922c/csrc/include', '/shared/data/R7N/andy_luo_3v7/minimaxm3-agentx/overlays/aiter-sparse-indexer-cache-fusion-545d97c-266922c/csrc/include/ck_tile/'], 'sources': [], 'cxxflags': ['-mllvm -amdgpu-mfma-vgpr-form=1'], 'func_name': 'pa_sparse_block_score_prefill_251ea0a341a15b3dc6ede6b9ae4ca663', 'folder': 'pa_sparse_block_score_prefill_251ea0a341a15b3dc6ede6b9ae4ca663_77acf8df', 'kwargs': OrderedDict({'block_size': 128, 'head_dim': 128, 'num_idx_heads': 1, 'num_waves': 4, 'q_tiles': 1})}...
[aiter] start build /tmp/inferencex-minimaxm3-1410/home/.aiter/build/pa_sparse_block_score_prefill_251ea0a341a15b3dc6ede6b9ae4ca663_77acf8df
[aiter] finish build /tmp/inferencex-minimaxm3-1410/home/.aiter/build/pa_sparse_block_score_prefill_251ea0a341a15b3dc6ede6b9ae4ca663_77acf8df, cost 2.61372115s
  score-prefill waves=4 q_tiles=2
[aiter] compile_template_op func_name = 'pa_sparse_block_score_prefill_e5393df7d9a2212c0f081bfbfa81123a' with {'src_template': <Template memory:7faed7a53260>, 'md_name': 'pa_sparse_block_score_prefill', 'includes': ['/shared/data/R7N/andy_luo_3v7/minimaxm3-agentx/overlays/aiter-sparse-indexer-cache-fusion-545d97c-266922c/csrc/cpp_itfs/sparse_attn/pa_sparse_block_select_kernels.cuh', '/shared/data/R7N/andy_luo_3v7/minimaxm3-agentx/overlays/aiter-sparse-indexer-cache-fusion-545d97c-266922c/csrc/include', '/shared/data/R7N/andy_luo_3v7/minimaxm3-agentx/overlays/aiter-sparse-indexer-cache-fusion-545d97c-266922c/csrc/include/ck_tile/'], 'sources': [], 'cxxflags': ['-mllvm -amdgpu-mfma-vgpr-form=1'], 'func_name': 'pa_sparse_block_score_prefill_e5393df7d9a2212c0f081bfbfa81123a', 'folder': 'pa_sparse_block_score_prefill_e5393df7d9a2212c0f081bfbfa81123a_77acf8df', 'kwargs': OrderedDict({'block_size': 128, 'head_dim': 128, 'num_idx_heads': 1, 'num_waves': 4, 'q_tiles': 2})}...
[aiter] start build /tmp/inferencex-minimaxm3-1410/home/.aiter/build/pa_sparse_block_score_prefill_e5393df7d9a2212c0f081bfbfa81123a_77acf8df
[aiter] finish build /tmp/inferencex-minimaxm3-1410/home/.aiter/build/pa_sparse_block_score_prefill_e5393df7d9a2212c0f081bfbfa81123a_77acf8df, cost 2.58214784s
  score-prefill waves=4 q_tiles=4
[aiter] compile_template_op func_name = 'pa_sparse_block_score_prefill_fcf0f2c064778ed65bd4c394b79b219f' with {'src_template': <Template memory:7faed7a53260>, 'md_name': 'pa_sparse_block_score_prefill', 'includes': ['/shared/data/R7N/andy_luo_3v7/minimaxm3-agentx/overlays/aiter-sparse-indexer-cache-fusion-545d97c-266922c/csrc/cpp_itfs/sparse_attn/pa_sparse_block_select_kernels.cuh', '/shared/data/R7N/andy_luo_3v7/minimaxm3-agentx/overlays/aiter-sparse-indexer-cache-fusion-545d97c-266922c/csrc/include', '/shared/data/R7N/andy_luo_3v7/minimaxm3-agentx/overlays/aiter-sparse-indexer-cache-fusion-545d97c-266922c/csrc/include/ck_tile/'], 'sources': [], 'cxxflags': ['-mllvm -amdgpu-mfma-vgpr-form=1'], 'func_name': 'pa_sparse_block_score_prefill_fcf0f2c064778ed65bd4c394b79b219f', 'folder': 'pa_sparse_block_score_prefill_fcf0f2c064778ed65bd4c394b79b219f_77acf8df', 'kwargs': OrderedDict({'block_size': 128, 'head_dim': 128, 'num_idx_heads': 1, 'num_waves': 4, 'q_tiles': 4})}...
[aiter] start build /tmp/inferencex-minimaxm3-1410/home/.aiter/build/pa_sparse_block_score_prefill_fcf0f2c064778ed65bd4c394b79b219f_77acf8df
[aiter] finish build /tmp/inferencex-minimaxm3-1410/home/.aiter/build/pa_sparse_block_score_prefill_fcf0f2c064778ed65bd4c394b79b219f_77acf8df, cost 2.62633914s
Precompiling fused EAGLE metadata kernels
WARNING 08-25 18:11:06 [rocm.py:123] Using CUDA_VISIBLE_DEVICES on ROCm is deprecated and support will be removed in vLLM v0.26.0. Please use HIP_VISIBLE_DEVICES instead.
  EAGLE prepare-inputs batch=1
  EAGLE prepare-next-token batch=1
  EAGLE step slot/metadata batch=1
  EAGLE prepare-inputs batch=2
  EAGLE prepare-next-token batch=2
  EAGLE step slot/metadata batch=2
  EAGLE prepare-inputs batch=4
  EAGLE prepare-next-token batch=4
  EAGLE step slot/metadata batch=4
  EAGLE prepare-inputs batch=8
  EAGLE prepare-next-token batch=8
  EAGLE step slot/metadata batch=8
  EAGLE prepare-inputs batch=16
  EAGLE prepare-next-token batch=16
  EAGLE step slot/metadata batch=16
  EAGLE prepare-inputs batch=32
  EAGLE prepare-next-token batch=32
  EAGLE step slot/metadata batch=32
Precompiling EAGLE3 draft BF16 GEMM tail buckets
  draft BF16 GEMM M=513 N=5120 K=2880
  draft BF16 GEMM M=513 N=2880 K=4096
  draft BF16 GEMM M=513 N=128 K=2880
  draft BF16 GEMM M=513 N=640 K=2880
  draft BF16 GEMM M=513 N=2880 K=512
  draft BF16 GEMM M=1024 N=5120 K=2880
  draft BF16 GEMM M=1024 N=2880 K=4096
  draft BF16 GEMM M=1024 N=128 K=2880
  draft BF16 GEMM M=1024 N=640 K=2880
  draft BF16 GEMM M=1024 N=2880 K=512
  draft BF16 GEMM M=1025 N=5120 K=2880
  draft BF16 GEMM M=1025 N=2880 K=4096
  draft BF16 GEMM M=1025 N=128 K=2880
  draft BF16 GEMM M=1025 N=640 K=2880
  draft BF16 GEMM M=1025 N=2880 K=512
  draft BF16 GEMM M=2048 N=5120 K=2880
  draft BF16 GEMM M=2048 N=2880 K=4096
  draft BF16 GEMM M=2048 N=128 K=2880
  draft BF16 GEMM M=2048 N=640 K=2880
  draft BF16 GEMM M=2048 N=2880 K=512
  draft BF16 GEMM M=2049 N=5120 K=2880
  draft BF16 GEMM M=2049 N=2880 K=4096
  draft BF16 GEMM M=2049 N=128 K=2880
  draft BF16 GEMM M=2049 N=640 K=2880
  draft BF16 GEMM M=2049 N=2880 K=512
  draft BF16 GEMM M=4096 N=5120 K=2880
  draft BF16 GEMM M=4096 N=2880 K=4096
  draft BF16 GEMM M=4096 N=128 K=2880
  draft BF16 GEMM M=4096 N=640 K=2880
  draft BF16 GEMM M=4096 N=2880 K=512
  draft BF16 GEMM M=4097 N=5120 K=2880
  draft BF16 GEMM M=4097 N=2880 K=4096
  draft BF16 GEMM M=4097 N=128 K=2880
  draft BF16 GEMM M=4097 N=640 K=2880
  draft BF16 GEMM M=4097 N=2880 K=512
  draft BF16 GEMM M=8192 N=5120 K=2880
  draft BF16 GEMM M=8192 N=2880 K=4096
  draft BF16 GEMM M=8192 N=128 K=2880
  draft BF16 GEMM M=8192 N=640 K=2880
  draft BF16 GEMM M=8192 N=2880 K=512
  draft BF16 GEMM M=8193 N=5120 K=2880
  draft BF16 GEMM M=8193 N=2880 K=4096
  draft BF16 GEMM M=8193 N=128 K=2880
  draft BF16 GEMM M=8193 N=640 K=2880
  draft BF16 GEMM M=8193 N=2880 K=512
  draft BF16 GEMM M=32768 N=5120 K=2880
  draft BF16 GEMM M=32768 N=2880 K=4096
  draft BF16 GEMM M=32768 N=128 K=2880
  draft BF16 GEMM M=32768 N=640 K=2880
  draft BF16 GEMM M=32768 N=2880 K=512
Precompiling native top-k/top-p sampler
  sampler top-p batch=1 vocab=200064
  sampler top-k batch=1 vocab=200064
  sampler top-k+top-p batch=1 vocab=200064
  sampler top-p batch=2 vocab=200064
  sampler top-k batch=2 vocab=200064
  sampler top-k+top-p batch=2 vocab=200064
  sampler top-p batch=4 vocab=200064
  sampler top-k batch=4 vocab=200064
  sampler top-k+top-p batch=4 vocab=200064
  sampler top-p batch=8 vocab=200064
  sampler top-k batch=8 vocab=200064
  sampler top-k+top-p batch=8 vocab=200064
  sampler top-p batch=16 vocab=200064
  sampler top-k batch=16 vocab=200064
  sampler top-k+top-p batch=16 vocab=200064
  sampler top-p batch=32 vocab=200064
  sampler top-k batch=32 vocab=200064
  sampler top-k+top-p batch=32 vocab=200064
MiniMax-M3 AgentX precompile complete
++ dirname /shared/data/R7N/andy_luo_3v7/minimaxm3-agentx/repos/InferenceX/benchmarks/single_node/agentic/minimaxm3_fp4_mi355x_mtp_full_indexer.sh
+ source /shared/data/R7N/andy_luo_3v7/minimaxm3-agentx/repos/InferenceX/benchmarks/single_node/agentic/../../benchmark_lib.sh
++ export PYTHONDONTWRITEBYTECODE=1
++ PYTHONDONTWRITEBYTECODE=1
++ export PYTHONPYCACHEPREFIX=/tmp/inferencex-minimaxm3-1410/tmp/inferencex-pycache
++ PYTHONPYCACHEPREFIX=/tmp/inferencex-minimaxm3-1410/tmp/inferencex-pycache
++ mkdir -p /tmp/inferencex-minimaxm3-1410/tmp/inferencex-pycache
++ export PORT=8886
++ PORT=8886
++ _benchmark_caller=/shared/data/R7N/andy_luo_3v7/minimaxm3-agentx/repos/InferenceX/benchmarks/single_node/agentic/minimaxm3_fp4_mi355x_mtp_full_indexer.sh
++ [[ /shared/data/R7N/andy_luo_3v7/minimaxm3-agentx/repos/InferenceX/benchmarks/single_node/agentic/minimaxm3_fp4_mi355x_mtp_full_indexer.sh == */agentic/* ]]
++ unset MAX_MODEL_LEN
++ [[ -z x ]]
++ [[ -z dram ]]
++ case "$KV_OFFLOADING" in
++ [[ -z vllm-simple ]]
++ [[ vllm-simple == \n\o\n\e ]]
++ [[ ! 1499 =~ ^[1-9][0-9]*$ ]]
++ unset _benchmark_caller
++ GPU_MONITOR_PID=
++ GPU_MONITOR_VENDOR=
++ GPU_MONITOR_INTERVAL=1
++ GPU_METRICS_CSV=gpu_metrics.csv
++ NVIDIA_GPU_MONITOR_QUERY=timestamp,index,power.draw,temperature.gpu,clocks.current.sm,clocks.current.memory,utilization.gpu,utilization.memory
++ export GPU_METRICS_CSV
++ INFMAX_CONTAINER_WORKSPACE=/workspace
++ AGENTIC_DIR=/workspace/utils/agentic-benchmark
++ AIPERF_DIR=/workspace/utils/aiperf
++ AIPERF_RUNTIME_DIR=/tmp/inferencex-minimaxm3-1410/runs/mtp-k4-aiter-full-indexer-vllm-simple-v19-tp4-c32-full-indexer-complete-curve-20260825-r1
++ AIPERF_VENV=/tmp/inferencex-minimaxm3-1410/runs/mtp-k4-aiter-full-indexer-vllm-simple-v19-tp4-c32-full-indexer-complete-curve-20260825-r1/venv
++ AIPERF_UV_INSTALL_DIR=/tmp/inferencex-minimaxm3-1410/uv-bin
++ AIPERF_UV_CACHE_DIR=/tmp/inferencex-minimaxm3-1410/uv-cache
++ AIPERF_PYTHON=/tmp/inferencex-minimaxm3-1410/runs/mtp-k4-aiter-full-indexer-vllm-simple-v19-tp4-c32-full-indexer-complete-curve-20260825-r1/venv/bin/python
++ AIPERF_CLI=/tmp/inferencex-minimaxm3-1410/runs/mtp-k4-aiter-full-indexer-vllm-simple-v19-tp4-c32-full-indexer-complete-curve-20260825-r1/venv/bin/aiperf
++ AIPERF_HF_CLI=/tmp/inferencex-minimaxm3-1410/runs/mtp-k4-aiter-full-indexer-vllm-simple-v19-tp4-c32-full-indexer-complete-curve-20260825-r1/venv/bin/hf
++ AIPERF_DEPS_READY=0
++ AIPERF_FAILED_REQUEST_THRESHOLD=0.10
++ AIPERF_LIVE_FAILED_REQUEST_THRESHOLD=0.10
++ AIPERF_TRACE_IDLE_GAP_CAP_SECONDS=300
+ export EVAL_FRAMEWORK=lm-eval
+ EVAL_FRAMEWORK=lm-eval
+ check_env_vars MODEL TP CONC KV_OFFLOADING TOTAL_CPU_DRAM_GB RESULT_DIR DURATION EP_SIZE DP_ATTENTION
+ missing_vars=()
+ local missing_vars
+ for var_name in "$@"
+ [[ -z amd/MiniMax-M3-MXFP4 ]]
+ for var_name in "$@"
+ [[ -z 4 ]]
+ for var_name in "$@"
+ [[ -z 32 ]]
+ for var_name in "$@"
+ [[ -z dram ]]
+ for var_name in "$@"
+ [[ -z 1499 ]]
+ for var_name in "$@"
+ [[ -z /shared/data/R7N/andy_luo_3v7/minimaxm3-agentx/results/mtp-k4-aiter-full-indexer-vllm-simple-v19-tp4-c32-full-indexer-complete-curve-20260825-r1 ]]
+ for var_name in "$@"
+ [[ -z 3600 ]]
+ for var_name in "$@"
+ [[ -z 1 ]]
+ for var_name in "$@"
+ [[ -z false ]]
+ [[ 0 -gt 0 ]]
+ echo 'MODEL=amd/MiniMax-M3-MXFP4 TP=4 CONC=32 KV_OFFLOADING=dram TOTAL_CPU_DRAM_GB=1499 RESULT_DIR=/shared/data/R7N/andy_luo_3v7/minimaxm3-agentx/results/mtp-k4-aiter-full-indexer-vllm-simple-v19-tp4-c32-full-indexer-complete-curve-20260825-r1 DURATION=3600 EP_SIZE=1 DP_ATTENTION=false'
MODEL=amd/MiniMax-M3-MXFP4 TP=4 CONC=32 KV_OFFLOADING=dram TOTAL_CPU_DRAM_GB=1499 RESULT_DIR=/shared/data/R7N/andy_luo_3v7/minimaxm3-agentx/results/mtp-k4-aiter-full-indexer-vllm-simple-v19-tp4-c32-full-indexer-complete-curve-20260825-r1 DURATION=3600 EP_SIZE=1 DP_ATTENTION=false
+ DRAFT_MODEL=Inferact/MiniMax-M3-EAGLE3-GQA
+ NUM_SPEC_TOKENS=4
+ SYNTHETIC_ACCEPT_LEN=3.02
+ [[ -n x ]]
+ echo 'JOB 1410 running on vultr-mi355x-1'
JOB 1410 running on vultr-mi355x-1
+ [[ -n x ]]
+ export HIP_VISIBLE_DEVICES=0,1,2,3,4,5,6,7
+ HIP_VISIBLE_DEVICES=0,1,2,3,4,5,6,7
+ MODEL_REVISION_ARGS=()
+ [[ -n b83d14e3d64bf373a207f3c2a7e9f0b0f1e7fc3a ]]
+ MODEL_REVISION_ARGS=(--revision "$MODEL_REVISION")
+ [[ -n /shared/data/R7N/andy_luo_3v7/minimaxm3-agentx/storage/models/amd--MiniMax-M3-MXFP4 ]]
+ checkpoint_is_complete /shared/data/R7N/andy_luo_3v7/minimaxm3-agentx/storage/models/amd--MiniMax-M3-MXFP4
+ local dir=/shared/data/R7N/andy_luo_3v7/minimaxm3-agentx/storage/models/amd--MiniMax-M3-MXFP4
+ [[ -d /shared/data/R7N/andy_luo_3v7/minimaxm3-agentx/storage/models/amd--MiniMax-M3-MXFP4 ]]
+ [[ -f /shared/data/R7N/andy_luo_3v7/minimaxm3-agentx/storage/models/amd--MiniMax-M3-MXFP4/config.json ]]
+ CKPT_DIR=/shared/data/R7N/andy_luo_3v7/minimaxm3-agentx/storage/models/amd--MiniMax-M3-MXFP4
+ python3 -
+ checkpoint_is_complete /shared/data/R7N/andy_luo_3v7/minimaxm3-agentx/storage/models/amd--MiniMax-M3-MXFP4
+ local dir=/shared/data/R7N/andy_luo_3v7/minimaxm3-agentx/storage/models/amd--MiniMax-M3-MXFP4
+ [[ -d /shared/data/R7N/andy_luo_3v7/minimaxm3-agentx/storage/models/amd--MiniMax-M3-MXFP4 ]]
+ [[ -f /shared/data/R7N/andy_luo_3v7/minimaxm3-agentx/storage/models/amd--MiniMax-M3-MXFP4/config.json ]]
+ CKPT_DIR=/shared/data/R7N/andy_luo_3v7/minimaxm3-agentx/storage/models/amd--MiniMax-M3-MXFP4
+ python3 -
+ [[ 0 != \1 ]]
+ DRAFT_MODEL_REVISION_ARGS=()
+ [[ -n 96692486b5fd38ebf8fd2a5f6bb53427d30819a8 ]]
+ DRAFT_MODEL_REVISION_ARGS=(--revision "$DRAFT_MODEL_REVISION")
+ DRAFT_MODEL_PATH=/shared/data/R7N/andy_luo_3v7/minimaxm3-agentx/storage/models/Inferact--MiniMax-M3-EAGLE3-GQA
+ [[ /shared/data/R7N/andy_luo_3v7/minimaxm3-agentx/storage/models/Inferact--MiniMax-M3-EAGLE3-GQA == \I\n\f\e\r\a\c\t\/\M\i\n\i\M\a\x\-\M\3\-\E\A\G\L\E\3\-\G\Q\A ]]
+ checkpoint_is_complete /shared/data/R7N/andy_luo_3v7/minimaxm3-agentx/storage/models/Inferact--MiniMax-M3-EAGLE3-GQA
+ local dir=/shared/data/R7N/andy_luo_3v7/minimaxm3-agentx/storage/models/Inferact--MiniMax-M3-EAGLE3-GQA
+ [[ -d /shared/data/R7N/andy_luo_3v7/minimaxm3-agentx/storage/models/Inferact--MiniMax-M3-EAGLE3-GQA ]]
+ [[ -f /shared/data/R7N/andy_luo_3v7/minimaxm3-agentx/storage/models/Inferact--MiniMax-M3-EAGLE3-GQA/config.json ]]
+ CKPT_DIR=/shared/data/R7N/andy_luo_3v7/minimaxm3-agentx/storage/models/Inferact--MiniMax-M3-EAGLE3-GQA
+ python3 -
+ rocm-smi


============================================= ROCm System Management Interface =============================================
======================================================= Concise Info =======================================================
Device  Node  IDs              Temp        Power     Partitions          SCLK    MCLK     Fan  Perf  PwrCap   VRAM%  GPU%  
[3m              (DID,     GUID)  (Junction)  (Socket)  (Mem, Compute, ID)                                                    [0m
============================================================================================================================
0       3     0x75a3,   42583  47.0°C      255.0W    NPS1, SPX, 0        159Mhz  2000Mhz  0%   auto  1400.0W  0%     0%    
1       5     0x75a3,   27226  47.0°C      254.0W    NPS1, SPX, 0        159Mhz  2000Mhz  0%   auto  1400.0W  0%     0%    
2       4     0x75a3,   36479  45.0°C      243.0W    NPS1, SPX, 0        159Mhz  2000Mhz  0%   auto  1400.0W  0%     0%    
3       2     0x75a3,   17010  49.0°C      254.0W    NPS1, SPX, 0        171Mhz  2000Mhz  0%   auto  1400.0W  0%     0%    
4       7     0x75a3,   1590   46.0°C      249.0W    NPS1, SPX, 0        159Mhz  2000Mhz  0%   auto  1400.0W  0%     0%    
5       9     0x75a3,   51771  47.0°C      251.0W    NPS1, SPX, 0        160Mhz  2000Mhz  0%   auto  1400.0W  0%     0%    
6       8     0x75a3,   11806  44.0°C      248.0W    NPS1, SPX, 0        159Mhz  2000Mhz  0%   auto  1400.0W  0%     0%    
7       6     0x75a3,   57875  49.0°C      255.0W    NPS1, SPX, 0        159Mhz  2000Mhz  0%   auto  1400.0W  0%     0%    
============================================================================================================================
=================================================== End of ROCm SMI Log ====================================================
+ amd-smi
+------------------------------------------------------------------------------+
| AMD-SMI 26.2.2+c2d9476115    amdgpu version: 6.14.14  ROCm version: 7.2.3    |
| VBIOS version: 023.040.001.008.000001                                        |
| Platform: Linux Baremetal                                                    |
|-------------------------------------+----------------------------------------|
| BDF                        GPU-Name | Mem-Uti   Temp   UEC       Power-Usage |
| GPU  HIP-ID  OAM-ID  Partition-Mode | GFX-Uti    Fan               Mem-Usage |
|=====================================+========================================|
| 0000:05:00.0 AMD Instinct MI355 OAM | 0 %      47 °C   0          255/1400 W |
|   0       1       6        SPX/NPS1 | 0 %        N/A           283/294896 MB |
|-------------------------------------+----------------------------------------|
| 0000:15:00.0 AMD Instinct MI355 OAM | 0 %      47 °C   0          254/1400 W |
|   1       3       7        SPX/NPS1 | 0 %        N/A           283/294896 MB |
|-------------------------------------+----------------------------------------|
| 0000:65:00.0 AMD Instinct MI355 OAM | 0 %      45 °C   0          242/1400 W |
|   2       2       5        SPX/NPS1 | 0 %        N/A           283/294896 MB |
|-------------------------------------+----------------------------------------|
| 0000:75:00.0 AMD Instinct MI355 OAM | 0 %      49 °C   0          253/1400 W |
|   3       0       4        SPX/NPS1 | 0 %        N/A           283/294896 MB |
|-------------------------------------+----------------------------------------|
| 0000:85:00.0 AMD Instinct MI355 OAM | 0 %      46 °C   0          249/1400 W |
|   4       5       2        SPX/NPS1 | 0 %        N/A           283/294896 MB |
|-------------------------------------+----------------------------------------|
| 0000:95:00.0 AMD Instinct MI355 OAM | 0 %      47 °C   0          251/1400 W |
|   5       7       3        SPX/NPS1 | 0 %        N/A           283/294896 MB |
|-------------------------------------+----------------------------------------|
| 0000:e5:00.0 AMD Instinct MI355 OAM | 0 %      44 °C   0          248/1400 W |
|   6       6       1        SPX/NPS1 | 0 %        N/A           283/294896 MB |
|-------------------------------------+----------------------------------------|
| 0000:f5:00.0 AMD Instinct MI355 OAM | 0 %      49 °C   0          255/1400 W |
|   7       4       0        SPX/NPS1 | 0 %        N/A           283/294896 MB |
+-------------------------------------+----------------------------------------+
+------------------------------------------------------------------------------+
| Processes:                                                                   |
|  GPU        PID  Process Name          GTT_MEM  VRAM_MEM  MEM_USAGE     CU % |
|==============================================================================|
|  No running processes found                                                  |
+------------------------------------------------------------------------------+
+ resolve_trace_source
+ local default_loader
+ case "${MODEL_PREFIX:-}" in
+ default_loader=semianalysis_cc_traces_weka_062126
+ local loader=semianalysis_cc_traces_weka_062126
+ local dataset
+ case "$loader" in
+ dataset=semianalysisai/cc-traces-weka-062126
+ TRACE_SOURCE_FLAG='--public-dataset semianalysis_cc_traces_weka_062126'
+ echo 'Loading traces via aiperf public-dataset: semianalysis_cc_traces_weka_062126 (semianalysisai/cc-traces-weka-062126) [MODEL_PREFIX=minimaxm3]'
Loading traces via aiperf public-dataset: semianalysis_cc_traces_weka_062126 (semianalysisai/cc-traces-weka-062126) [MODEL_PREFIX=minimaxm3]
+ ensure_hf_cli
+ install_agentic_deps
+ '[' 0 = 1 ']'
+ command -v git
+ ensure_agentic_uv
+ command -v uv
++ command -v uv
+ AIPERF_UV_BIN=/usr/local/bin/uv
+ return
+ rm -rf /tmp/inferencex-minimaxm3-1410/runs/mtp-k4-aiter-full-indexer-vllm-simple-v19-tp4-c32-full-indexer-complete-curve-20260825-r1/venv
+ mkdir -p /tmp/inferencex-minimaxm3-1410/uv-cache
+ UV_CACHE_DIR=/tmp/inferencex-minimaxm3-1410/uv-cache
+ /usr/local/bin/uv venv --python 3.11 /tmp/inferencex-minimaxm3-1410/runs/mtp-k4-aiter-full-indexer-vllm-simple-v19-tp4-c32-full-indexer-complete-curve-20260825-r1/venv
Downloading cpython-3.11.15-linux-x86_64-gnu (download) (29.5MiB)
 Downloaded cpython-3.11.15-linux-x86_64-gnu (download)
Using CPython 3.11.15
Creating virtual environment at: /tmp/inferencex-minimaxm3-1410/runs/mtp-k4-aiter-full-indexer-vllm-simple-v19-tp4-c32-full-indexer-complete-curve-20260825-r1/venv
Activate with: source /tmp/inferencex-minimaxm3-1410/runs/mtp-k4-aiter-full-indexer-vllm-simple-v19-tp4-c32-full-indexer-complete-curve-20260825-r1/venv/bin/activate
+ UV_CACHE_DIR=/tmp/inferencex-minimaxm3-1410/uv-cache
+ /usr/local/bin/uv pip install --python /tmp/inferencex-minimaxm3-1410/runs/mtp-k4-aiter-full-indexer-vllm-simple-v19-tp4-c32-full-indexer-complete-curve-20260825-r1/venv/bin/python -r /workspace/utils/agentic-benchmark/requirements.txt -e /workspace/utils/aiperf 'datasets>=4.7.0' 'huggingface_hub[cli]>=0.25.0' urllib3 requests
Using Python 3.11.15 environment at: /tmp/inferencex-minimaxm3-1410/runs/mtp-k4-aiter-full-indexer-vllm-simple-v19-tp4-c32-full-indexer-complete-curve-20260825-r1/venv
Resolved 132 packages in 471ms
   Building aiperf @ file:///workspace/utils/aiperf
Downloading pydantic-core (2.0MiB)
Downloading pygments (1.2MiB)
Downloading tiktoken (1.2MiB)
Downloading uvloop (3.6MiB)
Downloading fonttools (4.8MiB)
Downloading kiwisolver (1.4MiB)
Downloading tokenizers (3.1MiB)
Downloading sqlalchemy (3.2MiB)
Downloading scipy (33.7MiB)
Downloading zstandard (5.3MiB)
Downloading numpy (16.1MiB)
Downloading hf-xet (4.3MiB)
Downloading brotli (1.4MiB)
Downloading transformers (11.2MiB)
Downloading pyarrow (47.7MiB)
Downloading sentencepiece (1.3MiB)
Downloading pandas (12.2MiB)
Downloading matplotlib (9.6MiB)
Downloading crick (1.7MiB)
Downloading soundfile (1.3MiB)
Downloading pillow (6.8MiB)
Downloading aiohttp (1.7MiB)
Downloading plotly (9.4MiB)
Downloading dash (7.5MiB)
 Downloaded tiktoken
 Downloaded soundfile
 Downloaded sentencepiece
 Downloaded kiwisolver
 Downloaded brotli
 Downloaded crick
 Downloaded pydantic-core
 Downloaded aiohttp
 Downloaded pygments
 Downloaded tokenizers
 Downloaded uvloop
 Downloaded sqlalchemy
 Downloaded hf-xet
 Downloaded fonttools
 Downloaded zstandard
 Downloaded pillow
 Downloaded dash
      Built aiperf @ file:///workspace/utils/aiperf
 Downloaded matplotlib
 Downloaded plotly
 Downloaded numpy
 Downloaded scipy
 Downloaded pandas
 Downloaded transformers
 Downloaded pyarrow
Prepared 132 packages in 1.54s
Installed 132 packages in 360ms
 + aiofiles==24.1.0
 + aiohappyeyeballs==2.7.1
 + aiohttp==3.13.5
 + aiosignal==1.4.0
 + aiperf==0.12.0 (from file:///workspace/utils/aiperf)
 + alembic==1.19.1
 + annotated-doc==0.0.5
 + annotated-types==0.8.0
 + anyio==4.14.2
 + attrs==26.1.0
 + blinker==1.9.0
 + brotli==1.2.0
 + certifi==2026.7.22
 + cffi==2.1.1
 + charset-normalizer==3.5.1
 + choreographer==1.3.0
 + click==8.4.2
 + colorlog==6.12.0
 + contourpy==1.3.3
 + crick==0.0.8
 + cycler==0.12.1
 + cyclopts==4.23.2
 + dash==3.1.1
 + dash-bootstrap-components==2.0.4
 + datasets==5.0.1
 + dill==0.4.1
 + docstring-parser==0.18.0
 + fastapi==0.141.1
 + ffmpeg-python==0.2.0
 + filelock==3.32.4
 + flask==3.1.3
 + fonttools==4.63.0
 + frozenlist==1.8.0
 + fsspec==2026.6.0
 + future==1.0.0
 + greenlet==3.5.5
 + h11==0.16.0
 + hf-xet==1.6.0
 + httpcore==1.0.9
 + httptools==0.8.0
 + httpx==0.28.1
 + huggingface-hub==1.28.0
 + idna==3.19
 + importlib-metadata==9.0.0
 + iniconfig==2.3.0
 + itsdangerous==2.2.0
 + jinja2==3.1.6
 + jmespath==1.0.1
 + kaleido==1.2.0
 + kiwisolver==1.5.0
 + linkify-it-py==2.1.1
 + logistro==2.0.1
 + mako==1.4.1
 + markdown-it-py==4.2.0
 + markupsafe==3.0.3
 + matplotlib==3.11.1
 + mdit-py-plugins==0.6.1
 + mdurl==0.1.2
 + msgspec==0.21.1
 + multidict==6.7.1
 + multiprocess==0.70.19
 + narwhals==2.25.0
 + nest-asyncio==1.6.0
 + numpy==2.4.6
 + nvidia-ml-py==13.610.43
 + optuna==4.9.0
 + orjson==3.11.9
 + packaging==26.3
 + pandas==2.3.3
 + pillow==12.2.0
 + platformdirs==4.11.4
 + plotly==6.4.0
 + pluggy==1.6.0
 + prometheus-client==0.23.1
 + propcache==0.5.2
 + protobuf==7.36.0
 + psutil==7.0.0
 + pyarrow==25.0.1
 + pycparser==3.0
 + pydantic==2.13.4
 + pydantic-core==2.46.4
 + pydantic-settings==2.15.0
 + pygments==2.21.0
 + pyparsing==3.3.2
 + pytest==9.1.1
 + pytest-timeout==2.4.0
 + python-dateutil==2.9.0.post0
 + python-dotenv==1.2.3
 + pytz==2026.3.post1
 + pyyaml==6.0.3
 + pyzmq==26.4.0
 + regex==2026.7.19
 + requests==2.34.2
 + retrying==1.4.2
 + rich==14.1.0
 + rich-rst==2.1.0
 + ruamel-yaml==0.18.17
 + ruamel-yaml-clib==0.2.15
 + safetensors==0.8.0
 + scipy==1.17.1
 + seaborn==0.13.2
 + sentencepiece==0.2.2
 + setproctitle==1.3.7
 + setuptools==84.0.0
 + shellingham==1.5.4
 + simplejson==4.1.1
 + six==1.17.0
 + soundfile==0.13.1
 + sqlalchemy==2.0.52
 + starlette==1.6.0
 + starlette-compress==1.8.0
 + textual==5.3.0
 + tiktoken==0.14.0
 + tokenizers==0.22.2
 + tqdm==4.70.0
 + transformers==5.15.1
 + typer==0.27.1
 + typing-extensions==4.16.0
 + typing-inspection==0.4.4
 + tzdata==2026.3
 + uc-micro-py==2.0.0
 + urllib3==2.7.0
 + uvicorn==0.52.4
 + uvloop==0.22.1
 + watchfiles==1.2.0
 + websockets==17.0.1
 + werkzeug==3.1.8
 + xlsxwriter==3.2.9
 + xxhash==4.0.1
 + yarl==1.24.5
 + zipp==4.1.0
 + zstandard==0.25.0
warning: The package `huggingface-hub==1.28.0` does not have an extra named `cli`
+ '[' '!' -x /tmp/inferencex-minimaxm3-1410/runs/mtp-k4-aiter-full-indexer-vllm-simple-v19-tp4-c32-full-indexer-complete-curve-20260825-r1/venv/bin/aiperf ']'
+ '[' '!' -x /tmp/inferencex-minimaxm3-1410/runs/mtp-k4-aiter-full-indexer-vllm-simple-v19-tp4-c32-full-indexer-complete-curve-20260825-r1/venv/bin/hf ']'
+ AIPERF_DEPS_READY=1
+ /tmp/inferencex-minimaxm3-1410/runs/mtp-k4-aiter-full-indexer-vllm-simple-v19-tp4-c32-full-indexer-complete-curve-20260825-r1/venv/bin/hf download --repo-type dataset semianalysisai/cc-traces-weka-062126
Fetching 8 files:   0%|          | 0/8 [00:00<?, ?it/s]Fetching 8 files: 100%|██████████| 8/8 [00:00<00:00, 1037.01it/s]
[32m✓ Downloaded[0m
  path: /shared/data/R7N/andy_luo_3v7/minimaxm3-agentx/storage/hf/hub/datasets--semianalysisai--cc-traces-weka-062126/snapshots/23f152f6f0f9399a85901b89a6458def0ef16729
+ install_agentic_deps
+ '[' 1 = 1 ']'
+ return
+ export AIPERF_SERVER_METRICS_URLS=http://localhost:8886/metrics
+ AIPERF_SERVER_METRICS_URLS=http://localhost:8886/metrics
+ export AIPERF_REQUIRED_SERVER_METRIC_PREFIX=vllm:
+ AIPERF_REQUIRED_SERVER_METRIC_PREFIX=vllm:
+ export VLLM_HTTP_TIMEOUT_KEEP_ALIVE=900
+ VLLM_HTTP_TIMEOUT_KEEP_ALIVE=900
+ export AIPERF_HTTP_TCP_USER_TIMEOUT=900000
+ AIPERF_HTTP_TCP_USER_TIMEOUT=900000
+ SERVER_LOG=/shared/data/R7N/andy_luo_3v7/minimaxm3-agentx/results/mtp-k4-aiter-full-indexer-vllm-simple-v19-tp4-c32-full-indexer-complete-curve-20260825-r1/server.log
+ mkdir -p /shared/data/R7N/andy_luo_3v7/minimaxm3-agentx/results/mtp-k4-aiter-full-indexer-vllm-simple-v19-tp4-c32-full-indexer-complete-curve-20260825-r1
+ SERVER_PID=
+ trap cleanup_agentic_services EXIT
+ trap 'exit 130' INT
+ trap 'exit 143' TERM
+ OFFLOAD_ARGS=()
+ case "${KV_OFFLOAD_BACKEND:-}" in
+ require_agentic_kv_offload_backend vllm-simple
+ local expected_backend=vllm-simple
+ [[ -z x ]]
+ [[ -z dram ]]
+ case "$KV_OFFLOADING" in
+ [[ vllm-simple != \v\l\l\m\-\s\i\m\p\l\e ]]
+ [[ ! 1499 =~ ^[1-9][0-9]*$ ]]
+ return 0
+ CPU_OFFLOAD_BYTES=1609538994176
+ export VLLM_USE_SIMPLE_KV_OFFLOAD=1
+ VLLM_USE_SIMPLE_KV_OFFLOAD=1
++ printf '{"kv_connector":"SimpleCPUOffloadConnector","kv_role":"kv_both","kv_connector_extra_config":{"cpu_bytes_to_use":%d,"lazy_offload":true}}' 1609538994176
+ OFFLOAD_CONFIG='{"kv_connector":"SimpleCPUOffloadConnector","kv_role":"kv_both","kv_connector_extra_config":{"cpu_bytes_to_use":1609538994176,"lazy_offload":true}}'
+ OFFLOAD_ARGS=(--kv-transfer-config "$OFFLOAD_CONFIG")
+ PARALLEL_ARGS=(--tensor-parallel-size "$TP")
+ '[' 1 -gt 1 ']'
+ SPECULATIVE_ARGS=()
+ [[ 0 != \1 ]]
+ [[ -z ROCM_AITER_UNIFIED_ATTN ]]
+ DRAFT_MAX_MODEL_LEN_FIELD=
+ [[ -n '' ]]
+ DRAFT_ATTENTION_WINDOW_FIELD=
+ [[ -n 32768 ]]
+ [[ ! 32768 =~ ^[1-9][0-9]*$ ]]
+ DRAFT_ATTENTION_WINDOW_FIELD=', "draft_attention_window": 32768'
+ case "${DRAFT_USE_LOCAL_ARGMAX_REDUCTION:-0}" in
+ DRAFT_LOCAL_ARGMAX_FIELD=
+ '[' false = true ']'
+ SPEC_CONFIG='{"method": "eagle3", "model": "/shared/data/R7N/andy_luo_3v7/minimaxm3-agentx/storage/models/Inferact--MiniMax-M3-EAGLE3-GQA", "num_speculative_tokens": 4, "attention_backend": "ROCM_AITER_UNIFIED_ATTN", "draft_attention_window": 32768, "rejection_sample_method": "synthetic", "synthetic_acceptance_length": 3.02}'
+ SPECULATIVE_ARGS=(--speculative-config "$SPEC_CONFIG")
+ echo 'Starting vllm server...'
Starting vllm server...
+ export PYTHONNOUSERSITE=1
+ PYTHONNOUSERSITE=1
+ export VLLM_ENGINE_READY_TIMEOUT_S=3600
+ VLLM_ENGINE_READY_TIMEOUT_S=3600
+ export VLLM_EXECUTE_MODEL_TIMEOUT_SECONDS=1800
+ VLLM_EXECUTE_MODEL_TIMEOUT_SECONDS=1800
+ export VLLM_USE_BREAKABLE_CUDAGRAPH=0
+ VLLM_USE_BREAKABLE_CUDAGRAPH=0
+ export VLLM_ROCM_USE_AITER=1
+ VLLM_ROCM_USE_AITER=1
+ export VLLM_ROCM_USE_AITER_MOE=1
+ VLLM_ROCM_USE_AITER_MOE=1
+ export VLLM_ROCM_USE_AITER_FUSION_SHARED_EXPERTS=1
+ VLLM_ROCM_USE_AITER_FUSION_SHARED_EXPERTS=1
+ '[' 4 -eq 4 ']'
+ export VLLM_ROCM_SHUFFLE_KV_CACHE_LAYOUT=1
+ VLLM_ROCM_SHUFFLE_KV_CACHE_LAYOUT=1
+ export VLLM_ROCM_QUICK_REDUCE_QUANTIZATION=INT4
+ VLLM_ROCM_QUICK_REDUCE_QUANTIZATION=INT4
+ export VLLM_ROCM_QUICK_REDUCE_CAST_BF16_TO_FP16=0
+ VLLM_ROCM_QUICK_REDUCE_CAST_BF16_TO_FP16=0
+ export VLLM_ROCM_QUICK_REDUCE_QUANTIZATION_MIN_SIZE_KB=256
+ VLLM_ROCM_QUICK_REDUCE_QUANTIZATION_MIN_SIZE_KB=256
+ GPU_MEMORY_UTILIZATION=0.85
+ MAX_NUM_BATCHED_TOKENS=32768
+ MAX_NUM_SEQS=256
+ KV_CACHE_DTYPE=fp8
+ MAX_CUDAGRAPH_ARGS=()
+ [[ -n 512 ]]
+ MAX_CUDAGRAPH_ARGS=(--max-cudagraph-capture-size "$MAX_CUDAGRAPH_CAPTURE_SIZE")
+ JIT_MONITOR_ARGS=()
+ case "${JIT_MONITOR_VERBOSE:-1}" in
+ JIT_MONITOR_ARGS=(--jit-monitor-verbose)
+ ATTENTION_CONFIG_ARGS=()
+ TARGET_ATTENTION_BACKEND=ROCM_AITER_UNIFIED_ATTN
+ [[ -n fp8 ]]
+ case "$INDEXER_KV_DTYPE" in
+ ATTENTION_CONFIG_ARGS=(--attention-config "{\"indexer_kv_dtype\":\"$INDEXER_KV_DTYPE\"}")
+ VLLM_CMD=(vllm serve "$MODEL_PATH" --served-model-name "$MODEL" --host 0.0.0.0 --port "$PORT" "${PARALLEL_ARGS[@]}" --trust-remote-code --block-size 128 --gpu-memory-utilization "$GPU_MEMORY_UTILIZATION" --enable-chunked-prefill --max-num-batched-tokens "$MAX_NUM_BATCHED_TOKENS" --language-model-only --enable-prefix-caching --enable-prompt-tokens-details --attention-backend "$TARGET_ATTENTION_BACKEND" "${ATTENTION_CONFIG_ARGS[@]}" --moe-backend aiter --kv-cache-dtype "$KV_CACHE_DTYPE" --tool-call-parser minimax_m3 --reasoning-parser minimax_m3 --enable-auto-tool-choice --default-chat-template-kwargs '{"thinking_mode":"enabled"}' --max-num-seqs "$MAX_NUM_SEQS" "${MAX_CUDAGRAPH_ARGS[@]}" "${JIT_MONITOR_ARGS[@]}" --stream-interval 20 "${SPECULATIVE_ARGS[@]}" "${OFFLOAD_ARGS[@]}")
+ printf '%q ' vllm serve /shared/data/R7N/andy_luo_3v7/minimaxm3-agentx/storage/models/amd--MiniMax-M3-MXFP4 --served-model-name amd/MiniMax-M3-MXFP4 --host 0.0.0.0 --port 8886 --tensor-parallel-size 4 --trust-remote-code --block-size 128 --gpu-memory-utilization 0.85 --enable-chunked-prefill --max-num-batched-tokens 32768 --language-model-only --enable-prefix-caching --enable-prompt-tokens-details --attention-backend ROCM_AITER_UNIFIED_ATTN --attention-config '{"indexer_kv_dtype":"fp8"}' --moe-backend aiter --kv-cache-dtype fp8 --tool-call-parser minimax_m3 --reasoning-parser minimax_m3 --enable-auto-tool-choice --default-chat-template-kwargs '{"thinking_mode":"enabled"}' --max-num-seqs 256 --max-cudagraph-capture-size 512 --jit-monitor-verbose --stream-interval 20 --speculative-config '{"method": "eagle3", "model": "/shared/data/R7N/andy_luo_3v7/minimaxm3-agentx/storage/models/Inferact--MiniMax-M3-EAGLE3-GQA", "num_speculative_tokens": 4, "attention_backend": "ROCM_AITER_UNIFIED_ATTN", "draft_attention_window": 32768, "rejection_sample_method": "synthetic", "synthetic_acceptance_length": 3.02}' --kv-transfer-config '{"kv_connector":"SimpleCPUOffloadConnector","kv_role":"kv_both","kv_connector_extra_config":{"cpu_bytes_to_use":1609538994176,"lazy_offload":true}}'
+ tee /shared/data/R7N/andy_luo_3v7/minimaxm3-agentx/results/mtp-k4-aiter-full-indexer-vllm-simple-v19-tp4-c32-full-indexer-complete-curve-20260825-r1/vllm_command.txt
vllm serve /shared/data/R7N/andy_luo_3v7/minimaxm3-agentx/storage/models/amd--MiniMax-M3-MXFP4 --served-model-name amd/MiniMax-M3-MXFP4 --host 0.0.0.0 --port 8886 --tensor-parallel-size 4 --trust-remote-code --block-size 128 --gpu-memory-utilization 0.85 --enable-chunked-prefill --max-num-batched-tokens 32768 --language-model-only --enable-prefix-caching --enable-prompt-tokens-details --attention-backend ROCM_AITER_UNIFIED_ATTN --attention-config \{\"indexer_kv_dtype\":\"fp8\"\} --moe-backend aiter --kv-cache-dtype fp8 --tool-call-parser minimax_m3 --reasoning-parser minimax_m3 --enable-auto-tool-choice --default-chat-template-kwargs \{\"thinking_mode\":\"enabled\"\} --max-num-seqs 256 --max-cudagraph-capture-size 512 --jit-monitor-verbose --stream-interval 20 --speculative-config \{\"method\":\ \"eagle3\"\,\ \"model\":\ \"/shared/data/R7N/andy_luo_3v7/minimaxm3-agentx/storage/models/Inferact--MiniMax-M3-EAGLE3-GQA\"\,\ \"num_speculative_tokens\":\ 4\,\ \"attention_backend\":\ \"ROCM_AITER_UNIFIED_ATTN\"\,\ \"draft_attention_window\":\ 32768\,\ \"rejection_sample_method\":\ \"synthetic\"\,\ \"synthetic_acceptance_length\":\ 3.02\} --kv-transfer-config \{\"kv_connector\":\"SimpleCPUOffloadConnector\"\,\"kv_role\":\"kv_both\"\,\"kv_connector_extra_config\":\{\"cpu_bytes_to_use\":1609538994176\,\"lazy_offload\":true\}\} + printf '\n'
+ tee -a /shared/data/R7N/andy_luo_3v7/minimaxm3-agentx/results/mtp-k4-aiter-full-indexer-vllm-simple-v19-tp4-c32-full-indexer-complete-curve-20260825-r1/vllm_command.txt

+ SERVER_PID=1520838
+ echo 'Server PID: 1520838'
Server PID: 1520838
+ wait_for_server_ready --port 8886 --server-log /shared/data/R7N/andy_luo_3v7/minimaxm3-agentx/results/mtp-k4-aiter-full-indexer-vllm-simple-v19-tp4-c32-full-indexer-complete-curve-20260825-r1/server.log --server-pid 1520838
+ local port=
+ local server_log=
+ local server_pid=
+ local sleep_interval=5
+ [[ 6 -gt 0 ]]
+ case $1 in
+ port=8886
+ shift 2
+ [[ 4 -gt 0 ]]
+ case $1 in
+ server_log=/shared/data/R7N/andy_luo_3v7/minimaxm3-agentx/results/mtp-k4-aiter-full-indexer-vllm-simple-v19-tp4-c32-full-indexer-complete-curve-20260825-r1/server.log
+ shift 2
+ [[ 2 -gt 0 ]]
+ case $1 in
+ server_pid=1520838
+ shift 2
+ [[ 0 -gt 0 ]]
+ [[ -z 8886 ]]
+ [[ -z /shared/data/R7N/andy_luo_3v7/minimaxm3-agentx/results/mtp-k4-aiter-full-indexer-vllm-simple-v19-tp4-c32-full-indexer-complete-curve-20260825-r1/server.log ]]
+ [[ -z 1520838 ]]
+ wait_for_ready --endpoint http://0.0.0.0:8886/health --log /shared/data/R7N/andy_luo_3v7/minimaxm3-agentx/results/mtp-k4-aiter-full-indexer-vllm-simple-v19-tp4-c32-full-indexer-complete-curve-20260825-r1/server.log --pid 1520838 --sleep-interval 5
+ vllm serve /shared/data/R7N/andy_luo_3v7/minimaxm3-agentx/storage/models/amd--MiniMax-M3-MXFP4 --served-model-name amd/MiniMax-M3-MXFP4 --host 0.0.0.0 --port 8886 --tensor-parallel-size 4 --trust-remote-code --block-size 128 --gpu-memory-utilization 0.85 --enable-chunked-prefill --max-num-batched-tokens 32768 --language-model-only --enable-prefix-caching --enable-prompt-tokens-details --attention-backend ROCM_AITER_UNIFIED_ATTN --attention-config '{"indexer_kv_dtype":"fp8"}' --moe-backend aiter --kv-cache-dtype fp8 --tool-call-parser minimax_m3 --reasoning-parser minimax_m3 --enable-auto-tool-choice --default-chat-template-kwargs '{"thinking_mode":"enabled"}' --max-num-seqs 256 --max-cudagraph-capture-size 512 --jit-monitor-verbose --stream-interval 20 --speculative-config '{"method": "eagle3", "model": "/shared/data/R7N/andy_luo_3v7/minimaxm3-agentx/storage/models/Inferact--MiniMax-M3-EAGLE3-GQA", "num_speculative_tokens": 4, "attention_backend": "ROCM_AITER_UNIFIED_ATTN", "draft_attention_window": 32768, "rejection_sample_method": "synthetic", "synthetic_acceptance_length": 3.02}' --kv-transfer-config '{"kv_connector":"SimpleCPUOffloadConnector","kv_role":"kv_both","kv_connector_extra_config":{"cpu_bytes_to_use":1609538994176,"lazy_offload":true}}'
+ set +x
WARNING 08-25 18:11:33 [rocm.py:123] Using CUDA_VISIBLE_DEVICES on ROCm is deprecated and support will be removed in vLLM v0.26.0. Please use HIP_VISIBLE_DEVICES instead.
(APIServer pid=1520838) INFO 08-25 18:11:54 [api_utils.py:345] 
(APIServer pid=1520838) INFO 08-25 18:11:54 [api_utils.py:345]        █     █     █▄   ▄█
(APIServer pid=1520838) INFO 08-25 18:11:54 [api_utils.py:345]  ▄▄ ▄█ █     █     █ ▀▄▀ █  version 0.27.1
(APIServer pid=1520838) INFO 08-25 18:11:54 [api_utils.py:345]   █▄█▀ █     █     █     █  model   /shared/data/R7N/andy_luo_3v7/minimaxm3-agentx/storage/models/amd--MiniMax-M3-MXFP4
(APIServer pid=1520838) INFO 08-25 18:11:54 [api_utils.py:345]    ▀▀  ▀▀▀▀▀ ▀▀▀▀▀ ▀     ▀
(APIServer pid=1520838) INFO 08-25 18:11:54 [api_utils.py:345] 
(APIServer pid=1520838) INFO 08-25 18:11:54 [api_utils.py:273] non-default args: {'model_tag': '/shared/data/R7N/andy_luo_3v7/minimaxm3-agentx/storage/models/amd--MiniMax-M3-MXFP4', 'default_chat_template_kwargs': {'thinking_mode': 'enabled'}, 'enable_auto_tool_choice': True, 'tool_call_parser': 'minimax_m3', 'enable_prompt_tokens_details': True, 'host': '0.0.0.0', 'port': 8886, 'model': '/shared/data/R7N/andy_luo_3v7/minimaxm3-agentx/storage/models/amd--MiniMax-M3-MXFP4', 'trust_remote_code': True, 'served_model_name': ['amd/MiniMax-M3-MXFP4'], 'attention_backend': 'ROCM_AITER_UNIFIED_ATTN', 'reasoning_parser': 'minimax_m3', 'tensor_parallel_size': 4, 'block_size': 128, 'gpu_memory_utilization': 0.85, 'kv_cache_dtype': 'fp8', 'enable_prefix_caching': True, 'language_model_only': True, 'jit_monitor_verbose': True, 'max_num_batched_tokens': 32768, 'max_num_seqs': 256, 'enable_chunked_prefill': True, 'stream_interval': 20, 'max_cudagraph_capture_size': 512, 'moe_backend': 'aiter', 'speculative_config': {'method': 'eagle3', 'model': '/shared/data/R7N/andy_luo_3v7/minimaxm3-agentx/storage/models/Inferact--MiniMax-M3-EAGLE3-GQA', 'num_speculative_tokens': 4, 'attention_backend': 'ROCM_AITER_UNIFIED_ATTN', 'draft_attention_window': 32768, 'rejection_sample_method': 'synthetic', 'synthetic_acceptance_length': 3.02}, 'kv_transfer_config': KVTransferConfig(kv_connector='SimpleCPUOffloadConnector', engine_id='da6cfba7-e9ff-4429-a40e-d8d0f3065092', kv_buffer_device='cuda', kv_buffer_size=1000000000.0, kv_role='kv_both', kv_rank=None, kv_parallel_size=1, kv_ip='127.0.0.1', kv_port=14579, kv_connector_extra_config={'cpu_bytes_to_use': 1609538994176, 'lazy_offload': True}, kv_connector_module_path=None, enable_permute_local_kv=False, kv_load_failure_policy='fail'), 'attention_config': AttentionConfig(backend=None, minimax_m3_msa_decode_backend='triton', backend_per_kind={}, flash_attn_version=None, use_prefill_decode_attention=False, flash_attn_max_num_splits_for_cuda_graph=32, tq_max_kv_splits_for_cuda_graph=32, use_trtllm_attention=None, disable_flashinfer_q_quantization=False, mla_prefill_backend=None, use_prefill_query_quantization=False, use_fp4_indexer_cache=False, indexer_kv_dtype='fp8', use_non_causal=False, sparse_mla_force_mqa=False, flex_attn_block_m=None, flex_attn_block_n=None, flex_attn_q_block_size=None, flex_attn_kv_block_size=None)}
(APIServer pid=1520838) WARNING 08-25 18:11:54 [envs.py:2128] Unknown vLLM environment variable detected: VLLM_ROCM_AITER_UNIFIED_ATTN_KERNEL
(APIServer pid=1520838) WARNING 08-25 18:11:54 [envs.py:2128] Unknown vLLM environment variable detected: VLLM_MINIMAX_M3_ASM_SPARSE_ATTN
(APIServer pid=1520838) WARNING 08-25 18:11:54 [envs.py:2128] Unknown vLLM environment variable detected: VLLM_ROCM_AITER_UNIFIED_ATTN_QUANT_OUTPUT
(APIServer pid=1520838) WARNING 08-25 18:11:54 [envs.py:2128] Unknown vLLM environment variable detected: VLLM_MINIMAX_M3_ROCM_FP32_ROUTER_GEMM
(APIServer pid=1520838) WARNING 08-25 18:11:54 [envs.py:2128] Unknown vLLM environment variable detected: VLLM_AITER_UNIFIED_ATTN_OVERLAY
(APIServer pid=1520838) WARNING 08-25 18:11:54 [envs.py:2128] Unknown vLLM environment variable detected: VLLM_MINIMAX_M3_WARMUP_OVERLAY
(APIServer pid=1520838) WARNING 08-25 18:11:54 [envs.py:2128] Unknown vLLM environment variable detected: VLLM_ROCM_AITER_UNIFIED_ATTN_QUANT_QUERY
(APIServer pid=1520838) WARNING 08-25 18:11:54 [envs.py:2128] Unknown vLLM environment variable detected: VLLM_ROCM_AITER_UNIFIED_ATTN_CACHE_WRITER
(APIServer pid=1520838) WARNING 08-25 18:11:54 [envs.py:2128] Unknown vLLM environment variable detected: VLLM_MINIMAX_M3_FUSED_CACHE_INSERT
(APIServer pid=1520838) WARNING 08-25 18:11:54 [envs.py:2128] Unknown vLLM environment variable detected: VLLM_MINIMAX_M3_AITER_FUSED_AR_GEMMA
(APIServer pid=1520838) WARNING 08-25 18:11:54 [envs.py:2128] Unknown vLLM environment variable detected: VLLM_MINIMAX_M3_AGENTX_JIT_WARMUP
(APIServer pid=1520838) INFO 08-25 18:12:06 [model.py:645] Resolved architecture: MiniMaxM3SparseForConditionalGeneration
(APIServer pid=1520838) INFO 08-25 18:12:06 [model.py:1883] Using max model len 1048576
(APIServer pid=1520838) INFO 08-25 18:12:06 [registry.py:134] All limits of multimodal modalities supported by the model are set to 0, running in text-only mode.
(APIServer pid=1520838) INFO 08-25 18:12:06 [model.py:842] Disabled mm_prefix attention mode because multimodal inputs are configuration-disabled. Attention backends without mm_prefix support may now be selected.
(APIServer pid=1520838) INFO 08-25 18:12:08 [cache.py:296] Using fp8 data type to store kv cache. It reduces the GPU memory footprint and boosts the performance. Meanwhile, it may cause accuracy drop without a proper scaling factor
(APIServer pid=1520838) INFO 08-25 18:12:19 [model.py:645] Resolved architecture: LlamaForCausalLMEagle3
(APIServer pid=1520838) INFO 08-25 18:12:19 [model.py:1883] Using max model len 1048576
(APIServer pid=1520838) INFO 08-25 18:12:19 [scheduler.py:242] Chunked prefill is enabled with max_num_batched_tokens=32768.
(APIServer pid=1520838) INFO 08-25 18:12:19 [kernel.py:306] Final IR op priority after setting platform defaults: IrOpPriorityConfig(rms_norm=['aiter', 'native'], fused_add_rms_norm=['aiter', 'native'])
(APIServer pid=1520838) INFO 08-25 18:12:19 [compilation.py:329] Enabled custom fusions: norm_quant, act_quant, allreduce_rms, mla_dual_rms_norm
WARNING 08-25 18:12:22 [rocm.py:123] Using CUDA_VISIBLE_DEVICES on ROCm is deprecated and support will be removed in vLLM v0.26.0. Please use HIP_VISIBLE_DEVICES instead.
(EngineCore pid=1521766) INFO 08-25 18:12:30 [core.py:121] Initializing a V1 LLM engine (v0.27.1) with config: model='/shared/data/R7N/andy_luo_3v7/minimaxm3-agentx/storage/models/amd--MiniMax-M3-MXFP4', speculative_config=SpeculativeConfig(method='eagle3', model='/shared/data/R7N/andy_luo_3v7/minimaxm3-agentx/storage/models/Inferact--MiniMax-M3-EAGLE3-GQA', num_spec_tokens=4), tokenizer='/shared/data/R7N/andy_luo_3v7/minimaxm3-agentx/storage/models/amd--MiniMax-M3-MXFP4', skip_tokenizer_init=False, tokenizer_mode=auto, revision=None, tokenizer_revision=None, trust_remote_code=True, dtype=torch.bfloat16, max_seq_len=1048576, download_dir=None, load_format=auto, tensor_parallel_size=4, pipeline_parallel_size=1, data_parallel_size=1, decode_context_parallel_size=1, dcp_comm_backend=ag_rs, disable_custom_all_reduce=False, quantization=quark, quantization_config=None, enforce_eager=False, enable_return_routed_experts=False, kv_cache_dtype=fp8, device_config=cuda, structured_outputs_config=StructuredOutputsConfig(backend='auto', disable_any_whitespace=False, disable_additional_properties=False, reasoning_parser='minimax_m3', reasoning_parser_plugin='', enable_in_reasoning=False), observability_config=ObservabilityConfig(show_hidden_metrics_for_version=None, otlp_traces_endpoint=None, collect_detailed_traces=None, kv_cache_metrics=False, kv_cache_metrics_sample=0.01, cudagraph_metrics=False, enable_layerwise_nvtx_tracing=False, enable_mfu_metrics=False, enable_mm_processor_stats=False, enable_logging_iteration_details=False, jit_monitor_mode='warn', jit_monitor_verbose=True), seed=0, served_model_name=amd/MiniMax-M3-MXFP4, enable_prefix_caching=True, enable_chunked_prefill=True, pooler_config=None, compilation_config={'mode': <CompilationMode.VLLM_COMPILE: 3>, 'debug_dump_path': None, 'cache_dir': '', 'compile_cache_save_format': 'binary', 'backend': 'inductor', 'custom_ops': ['+quant_fp8', '+grouped_topk', '+sparse_attn_indexer', 'none'], 'ir_enable_torch_wrap': True, 'splitting_ops': ['vllm::unified_attention_with_output', 'vllm::unified_mla_attention_with_output', 'vllm::mamba_mixer2', 'vllm::mamba_mixer', 'vllm::short_conv', 'vllm::linear_attention', 'vllm::qwen_gdn_attention_core', 'vllm::gdn_attention_core_xpu', 'vllm::olmo_hybrid_gdn_full_forward', 'vllm::sparse_attn_indexer', 'vllm::rocm_aiter_sparse_attn_indexer', 'vllm::deepseek_v4_attention', 'vllm::hpc_rope_norm_forward', 'vllm::unified_kv_cache_update', 'vllm::unified_mla_kv_cache_update'], 'compile_mm_encoder': False, 'cudagraph_mm_encoder': False, 'encoder_cudagraph_token_budgets': [], 'encoder_cudagraph_max_vision_items_per_batch': 0, 'encoder_cudagraph_max_frames_per_batch': None, 'compile_sizes': [], 'compile_ranges_endpoints': [5461, 32768], 'inductor_compile_config': {'enable_auto_functionalized_v2': False, 'size_asserts': False, 'alignment_asserts': False, 'scalar_asserts': False, 'combo_kernels': True, 'benchmark_combo_kernel': True}, 'inductor_passes': {}, 'cudagraph_mode': <CUDAGraphMode.FULL_AND_PIECEWISE: (2, 1)>, 'cudagraph_num_of_warmups': 1, 'cudagraph_capture_sizes': [1, 2, 4, 8, 16, 24, 32, 40, 48, 56, 64, 72, 80, 88, 96, 104, 112, 120, 128, 136, 144, 152, 160, 168, 176, 184, 192, 200, 208, 216, 224, 232, 240, 248, 256, 272, 288, 304, 320, 336, 352, 368, 384, 400, 416, 432, 448, 464, 480, 496, 512], 'cudagraph_copy_inputs': False, 'cudagraph_specialize_lora': True, 'use_inductor_graph_partition': False, 'pass_config': {'fuse_norm_quant': True, 'fuse_act_quant': True, 'fuse_attn_quant': False, 'enable_sp': False, 'fuse_gemm_comms': False, 'fuse_allreduce_rms': True, 'enable_qk_norm_rope_fusion': False, 'fuse_rope_kvcache_cat_mla': False, 'fuse_act_padding': False, 'fuse_mla_dual_rms_norm': True, 'fuse_rope_kvcache': False, 'fuse_qk_norm_rope_kvcache': False}, 'max_cudagraph_capture_size': 512, 'dynamic_shapes_config': {'type': <DynamicShapesType.BACKED: 'backed'>, 'evaluate_guards': False, 'assume_32_bit_indexing': False}, 'local_cache_dir': None, 'fast_moe_cold_start': False, 'static_all_moe_layers': []}, kernel_config=KernelConfig(ir_op_priority=IrOpPriorityConfig(rms_norm=['aiter', 'native'], fused_add_rms_norm=['aiter', 'native']), enable_flashinfer_autotune=True, enable_cutedsl_warmup=True, enable_jit_warmup=True, enable_bf16x3_router_gemm=False, moe_backend='aiter', linear_backend='auto')
(EngineCore pid=1521766) WARNING 08-25 18:12:30 [multiproc_executor.py:1081] Reducing Torch parallelism from 128 threads to 1 to avoid unnecessary CPU contention. Set OMP_NUM_THREADS in the external environment to tune this value as needed.
(EngineCore pid=1521766) INFO 08-25 18:12:30 [multiproc_executor.py:140] DP group leader: node_rank=0, node_rank_within_dp=0, master_addr=127.0.0.1, mq_connect_ip=64.177.8.33 (local), world_size=4, local_world_size=4
WARNING 08-25 18:12:32 [rocm.py:123] Using CUDA_VISIBLE_DEVICES on ROCm is deprecated and support will be removed in vLLM v0.26.0. Please use HIP_VISIBLE_DEVICES instead.
WARNING 08-25 18:12:32 [rocm.py:123] Using CUDA_VISIBLE_DEVICES on ROCm is deprecated and support will be removed in vLLM v0.26.0. Please use HIP_VISIBLE_DEVICES instead.
WARNING 08-25 18:12:32 [rocm.py:123] Using CUDA_VISIBLE_DEVICES on ROCm is deprecated and support will be removed in vLLM v0.26.0. Please use HIP_VISIBLE_DEVICES instead.
WARNING 08-25 18:12:32 [rocm.py:123] Using CUDA_VISIBLE_DEVICES on ROCm is deprecated and support will be removed in vLLM v0.26.0. Please use HIP_VISIBLE_DEVICES instead.
INFO 08-25 18:12:41 [registry.py:134] All limits of multimodal modalities supported by the model are set to 0, running in text-only mode.
INFO 08-25 18:12:41 [registry.py:134] All limits of multimodal modalities supported by the model are set to 0, running in text-only mode.
INFO 08-25 18:12:41 [registry.py:134] All limits of multimodal modalities supported by the model are set to 0, running in text-only mode.
INFO 08-25 18:12:41 [registry.py:134] All limits of multimodal modalities supported by the model are set to 0, running in text-only mode.
(Worker pid=1522044) INFO 08-25 18:12:42 [parallel_state.py:1640] world_size=4 rank=1 local_rank=1 distributed_init_method=tcp://127.0.0.1:42361 backend=nccl
(Worker pid=1522045) INFO 08-25 18:12:42 [parallel_state.py:1640] world_size=4 rank=2 local_rank=2 distributed_init_method=tcp://127.0.0.1:42361 backend=nccl
(Worker pid=1522046) INFO 08-25 18:12:42 [parallel_state.py:1640] world_size=4 rank=3 local_rank=3 distributed_init_method=tcp://127.0.0.1:42361 backend=nccl
(Worker pid=1522043) INFO 08-25 18:12:42 [parallel_state.py:1640] world_size=4 rank=0 local_rank=0 distributed_init_method=tcp://127.0.0.1:42361 backend=nccl
(Worker pid=1522043) INFO 08-25 18:12:42 [pynccl.py:113] vLLM is using nccl==2.27.7
(Worker pid=1522045) [aiter] import [module_aiter_core] under /tmp/inferencex-minimaxm3-1410/home/.aiter/jit/module_aiter_core.so
(Worker pid=1522044) [aiter] import [module_aiter_core] under /tmp/inferencex-minimaxm3-1410/home/.aiter/jit/module_aiter_core.so
(Worker pid=1522043) [aiter] import [module_aiter_core] under /tmp/inferencex-minimaxm3-1410/home/.aiter/jit/module_aiter_core.so
(Worker pid=1522046) [aiter] import [module_aiter_core] under /tmp/inferencex-minimaxm3-1410/home/.aiter/jit/module_aiter_core.so
(Worker pid=1522045) [aiter] [pid=1522045 pname=VllmWorker-2] start build [module_custom_all_reduce] under /tmp/inferencex-minimaxm3-1410/home/.aiter/jit/build/module_custom_all_reduce
(Worker pid=1522043) [aiter] [pid=1522043 pname=VllmWorker-0] waiting for baton release at /tmp/inferencex-minimaxm3-1410/home/.aiter/jit/build/lock_module_custom_all_reduce
(Worker pid=1522044) [aiter] [pid=1522044 pname=VllmWorker-1] waiting for baton release at /tmp/inferencex-minimaxm3-1410/home/.aiter/jit/build/lock_module_custom_all_reduce
(Worker pid=1522046) [aiter] [pid=1522046 pname=VllmWorker-3] waiting for baton release at /tmp/inferencex-minimaxm3-1410/home/.aiter/jit/build/lock_module_custom_all_reduce
(Worker pid=1522045) [aiter] Current hipcc not support: -mllvm -amdgpu-coerce-illegal-types=1, skip it.
(Worker pid=1522045) [aiter] [pid=1522045 pname=VllmWorker-2] [32mfinish build [module_custom_all_reduce], cost 13.9s [0m
(Worker pid=1522045) [aiter] import [module_custom_all_reduce] under /tmp/inferencex-minimaxm3-1410/home/.aiter/jit/module_custom_all_reduce.so
(Worker pid=1522044) [aiter] import [module_custom_all_reduce] under /tmp/inferencex-minimaxm3-1410/home/.aiter/jit/module_custom_all_reduce.so
(Worker pid=1522046) [aiter] import [module_custom_all_reduce] under /tmp/inferencex-minimaxm3-1410/home/.aiter/jit/module_custom_all_reduce.so
(Worker pid=1522043) [aiter] import [module_custom_all_reduce] under /tmp/inferencex-minimaxm3-1410/home/.aiter/jit/module_custom_all_reduce.so
(Worker pid=1522045) INFO 08-25 18:13:05 [quick_all_reduce.py:254] Custom quick allreduce: quantization codec threshold = 256 KB
(Worker pid=1522046) INFO 08-25 18:13:05 [quick_all_reduce.py:254] Custom quick allreduce: quantization codec threshold = 256 KB
(Worker pid=1522043) INFO 08-25 18:13:05 [quick_all_reduce.py:254] Custom quick allreduce: quantization codec threshold = 256 KB
(Worker pid=1522044) INFO 08-25 18:13:05 [quick_all_reduce.py:254] Custom quick allreduce: quantization codec threshold = 256 KB
(Worker pid=1522043) INFO 08-25 18:13:05 [cuda_communicator.py:266] Using ['QUICK_REDUCE', 'AITER_CUSTOM', 'PYNCCL'] all-reduce backends (in dispatch order) for group 'tp:0' out of potential backends: ['NCCL_SYMM_MEM', 'QUICK_REDUCE', 'FLASHINFER', 'AITER_CUSTOM', 'CUSTOM', 'SYMM_MEM', 'PYNCCL'].
(Worker pid=1522043) INFO 08-25 18:13:06 [cuda_communicator.py:266] Using ['PYNCCL'] all-reduce backends (in dispatch order) for group 'ep:0' out of potential backends: ['NCCL_SYMM_MEM', 'QUICK_REDUCE', 'FLASHINFER', 'AITER_CUSTOM', 'CUSTOM', 'SYMM_MEM', 'PYNCCL'].
(Worker pid=1522043) INFO 08-25 18:13:06 [parallel_state.py:1977] rank 0 in world size 4 is assigned as DP rank 0, PP rank 0, PCP rank 0, TP rank 0, EP rank 0, EPLB rank N/A
(Worker pid=1522043) INFO 08-25 18:13:07 [topk_topp_sampler.py:124] Using aiter sampler on ROCm (lazy import, sampling-only).
(Worker pid=1522045) WARNING 08-25 18:13:07 [__init__.py:205] min_p and logit_bias parameters won't work with speculative decoding.
(Worker pid=1522046) WARNING 08-25 18:13:07 [__init__.py:205] min_p and logit_bias parameters won't work with speculative decoding.
(Worker pid=1522043) WARNING 08-25 18:13:07 [__init__.py:205] min_p and logit_bias parameters won't work with speculative decoding.
(Worker pid=1522044) WARNING 08-25 18:13:07 [__init__.py:205] min_p and logit_bias parameters won't work with speculative decoding.
(Worker_TP0 pid=1522043) INFO 08-25 18:13:08 [gpu_model_runner.py:5308] Starting to load model /shared/data/R7N/andy_luo_3v7/minimaxm3-agentx/storage/models/amd--MiniMax-M3-MXFP4...
(Worker_TP2 pid=1522045) INFO 08-25 18:13:08 [kernel.py:306] Final IR op priority after setting platform defaults: IrOpPriorityConfig(rms_norm=['aiter', 'native'], fused_add_rms_norm=['aiter', 'native'])
(Worker_TP0 pid=1522043) INFO 08-25 18:13:08 [rocm.py:697] Using AITER Flash Attention backend for ViT model.
(Worker_TP0 pid=1522043) INFO 08-25 18:13:08 [mm_encoder_attention.py:375] Using AttentionBackendEnum.ROCM_AITER_FA for MMEncoderAttention.
(Worker_TP0 pid=1522043) INFO 08-25 18:13:08 [kernel.py:306] Final IR op priority after setting platform defaults: IrOpPriorityConfig(rms_norm=['aiter', 'native'], fused_add_rms_norm=['aiter', 'native'])
(Worker_TP0 pid=1522043) INFO 08-25 18:13:08 [compilation.py:329] Enabled custom fusions: norm_quant, act_quant, allreduce_rms, mla_dual_rms_norm
(Worker_TP3 pid=1522046) INFO 08-25 18:13:08 [kernel.py:306] Final IR op priority after setting platform defaults: IrOpPriorityConfig(rms_norm=['aiter', 'native'], fused_add_rms_norm=['aiter', 'native'])
(Worker_TP1 pid=1522044) INFO 08-25 18:13:08 [kernel.py:306] Final IR op priority after setting platform defaults: IrOpPriorityConfig(rms_norm=['aiter', 'native'], fused_add_rms_norm=['aiter', 'native'])
(Worker_TP0 pid=1522043) INFO 08-25 18:13:08 [rocm.py:606] Using ROCM_AITER_UNIFIED_ATTN backend (selected via --attention-backend).
(Worker_TP0 pid=1522043) INFO 08-25 18:13:08 [rocm_aiter_unified_attn.py:175] Using aiter unified attention for RocmAiterUnifiedAttentionImpl
(Worker_TP2 pid=1522045) WARNING 08-25 18:13:08 [vllm.py:2415] `torch.compile` is turned on, but the model /shared/data/R7N/andy_luo_3v7/minimaxm3-agentx/storage/models/amd--MiniMax-M3-MXFP4 does not support it. Please open an issue on GitHub if you want it to be supported.
(Worker_TP2 pid=1522045) WARNING 08-25 18:13:08 [vllm.py:2415] `torch.compile` is turned on, but the model /shared/data/R7N/andy_luo_3v7/minimaxm3-agentx/storage/models/amd--MiniMax-M3-MXFP4 does not support it. Please open an issue on GitHub if you want it to be supported.
(Worker_TP0 pid=1522043) INFO 08-25 18:13:08 [rocm_aiter_unified_attn.py:217] AITER unified-attention kernel is aiter; quantized query input is enabled; quantized output is enabled; cache writer is aiter.
(Worker_TP2 pid=1522045) INFO 08-25 18:13:08 [weight_utils.py:829] Prefetching checkpoint files into page cache started (in background, num_threads=8, block_size=16777216 bytes)
(Worker_TP0 pid=1522043) INFO 08-25 18:13:08 [sparse_attention.py:483] MiniMax M3 sparse attention selected AITER_SPARSE_PA (kv_cache_dtype=fp8, topk_blocks=16)
(Worker_TP0 pid=1522043) INFO 08-25 18:13:08 [indexer.py:570] MiniMax M3 indexer: selected AITER (fp8 MFMA score + top-k) [topk_blocks=16, indexer_kv_dtype=fp8]
(Worker_TP0 pid=1522043) INFO 08-25 18:13:08 [mxfp4.py:425] Using 'AITER_MXFP4_MXFP4' Mxfp4 MoE backend.
(Worker_TP0 pid=1522043) INFO 08-25 18:13:08 [quark_moe.py:1139] Using AITER_MXFP4_MXFP4 backend for OCP_MX_Scheme.w_mxfp4_a_mxfp4
(Worker_TP0 pid=1522043) WARNING 08-25 18:13:08 [compilation.py:1347] Op 'grouped_topk' not present in model, enabling with '+grouped_topk' has no effect
(Worker_TP0 pid=1522043) WARNING 08-25 18:13:08 [compilation.py:1347] Op 'sparse_attn_indexer' not present in model, enabling with '+sparse_attn_indexer' has no effect
(Worker_TP0 pid=1522043) WARNING 08-25 18:13:08 [vllm.py:2415] `torch.compile` is turned on, but the model /shared/data/R7N/andy_luo_3v7/minimaxm3-agentx/storage/models/amd--MiniMax-M3-MXFP4 does not support it. Please open an issue on GitHub if you want it to be supported.
(Worker_TP0 pid=1522043) WARNING 08-25 18:13:08 [vllm.py:2415] `torch.compile` is turned on, but the model /shared/data/R7N/andy_luo_3v7/minimaxm3-agentx/storage/models/amd--MiniMax-M3-MXFP4 does not support it. Please open an issue on GitHub if you want it to be supported.
(Worker_TP0 pid=1522043) INFO 08-25 18:13:08 [weight_utils.py:867] Filesystem type for checkpoints: NFS. Checkpoint size: 226.00 GiB. Available RAM: 2947.20 GiB.
(Worker_TP0 pid=1522043) INFO 08-25 18:13:08 [weight_utils.py:829] Prefetching checkpoint files into page cache started (in background, num_threads=8, block_size=16777216 bytes)
(Worker_TP0 pid=1522043) Loading safetensors checkpoint shards:   0% Completed | 0/59 [00:00<?, ?it/s]
(Worker_TP3 pid=1522046) WARNING 08-25 18:13:08 [vllm.py:2415] `torch.compile` is turned on, but the model /shared/data/R7N/andy_luo_3v7/minimaxm3-agentx/storage/models/amd--MiniMax-M3-MXFP4 does not support it. Please open an issue on GitHub if you want it to be supported.
(Worker_TP1 pid=1522044) WARNING 08-25 18:13:08 [vllm.py:2415] `torch.compile` is turned on, but the model /shared/data/R7N/andy_luo_3v7/minimaxm3-agentx/storage/models/amd--MiniMax-M3-MXFP4 does not support it. Please open an issue on GitHub if you want it to be supported.
(Worker_TP3 pid=1522046) WARNING 08-25 18:13:08 [vllm.py:2415] `torch.compile` is turned on, but the model /shared/data/R7N/andy_luo_3v7/minimaxm3-agentx/storage/models/amd--MiniMax-M3-MXFP4 does not support it. Please open an issue on GitHub if you want it to be supported.
(Worker_TP1 pid=1522044) WARNING 08-25 18:13:08 [vllm.py:2415] `torch.compile` is turned on, but the model /shared/data/R7N/andy_luo_3v7/minimaxm3-agentx/storage/models/amd--MiniMax-M3-MXFP4 does not support it. Please open an issue on GitHub if you want it to be supported.
(Worker_TP3 pid=1522046) INFO 08-25 18:13:08 [weight_utils.py:829] Prefetching checkpoint files into page cache started (in background, num_threads=8, block_size=16777216 bytes)
(Worker_TP1 pid=1522044) INFO 08-25 18:13:09 [weight_utils.py:829] Prefetching checkpoint files into page cache started (in background, num_threads=8, block_size=16777216 bytes)
(Worker_TP3 pid=1522046) INFO 08-25 18:13:13 [weight_utils.py:801] Prefetching checkpoint files: 10% (2/14)
(Worker_TP3 pid=1522046) INFO 08-25 18:13:13 [weight_utils.py:801] Prefetching checkpoint files: 20% (3/14)
(Worker_TP3 pid=1522046) INFO 08-25 18:13:14 [weight_utils.py:801] Prefetching checkpoint files: 30% (5/14)
(Worker_TP3 pid=1522046) INFO 08-25 18:13:15 [weight_utils.py:801] Prefetching checkpoint files: 40% (6/14)
(Worker_TP3 pid=1522046) INFO 08-25 18:13:16 [weight_utils.py:801] Prefetching checkpoint files: 50% (7/14)
(Worker_TP3 pid=1522046) INFO 08-25 18:13:16 [weight_utils.py:801] Prefetching checkpoint files: 60% (9/14)
(Worker_TP0 pid=1522043) INFO 08-25 18:13:18 [weight_utils.py:801] Prefetching checkpoint files: 10% (2/15)
(Worker_TP2 pid=1522045) INFO 08-25 18:13:18 [weight_utils.py:801] Prefetching checkpoint files: 10% (2/15)
(Worker_TP0 pid=1522043) INFO 08-25 18:13:19 [weight_utils.py:801] Prefetching checkpoint files: 20% (3/15)
(Worker_TP1 pid=1522044) INFO 08-25 18:13:19 [weight_utils.py:801] Prefetching checkpoint files: 10% (2/15)
(Worker_TP1 pid=1522044) INFO 08-25 18:13:19 [weight_utils.py:801] Prefetching checkpoint files: 20% (3/15)
(Worker_TP3 pid=1522046) INFO 08-25 18:13:20 [weight_utils.py:801] Prefetching checkpoint files: 70% (10/14)
(Worker_TP0 pid=1522043) INFO 08-25 18:13:20 [weight_utils.py:801] Prefetching checkpoint files: 30% (5/15)
(Worker_TP2 pid=1522045) INFO 08-25 18:13:21 [weight_utils.py:801] Prefetching checkpoint files: 20% (3/15)
(Worker_TP1 pid=1522044) INFO 08-25 18:13:21 [weight_utils.py:801] Prefetching checkpoint files: 30% (5/15)
(Worker_TP0 pid=1522043) INFO 08-25 18:13:21 [weight_utils.py:801] Prefetching checkpoint files: 40% (6/15)
(Worker_TP2 pid=1522045) INFO 08-25 18:13:21 [weight_utils.py:801] Prefetching checkpoint files: 30% (5/15)
(Worker_TP3 pid=1522046) INFO 08-25 18:13:21 [weight_utils.py:801] Prefetching checkpoint files: 80% (12/14)
(Worker_TP0 pid=1522043) INFO 08-25 18:13:22 [weight_utils.py:801] Prefetching checkpoint files: 50% (8/15)
(Worker_TP3 pid=1522046) INFO 08-25 18:13:22 [weight_utils.py:801] Prefetching checkpoint files: 90% (13/14)
(Worker_TP0 pid=1522043) INFO 08-25 18:13:22 [weight_utils.py:801] Prefetching checkpoint files: 60% (9/15)
(Worker_TP2 pid=1522045) INFO 08-25 18:13:23 [weight_utils.py:801] Prefetching checkpoint files: 40% (6/15)
(Worker_TP2 pid=1522045) INFO 08-25 18:13:23 [weight_utils.py:801] Prefetching checkpoint files: 50% (8/15)
(Worker_TP1 pid=1522044) INFO 08-25 18:13:24 [weight_utils.py:801] Prefetching checkpoint files: 40% (6/15)
(Worker_TP0 pid=1522043) Loading safetensors checkpoint shards:   2% Completed | 1/59 [00:15<15:01, 15.54s/it]
(Worker_TP0 pid=1522043) INFO 08-25 18:13:24 [weight_utils.py:801] Prefetching checkpoint files: 70% (11/15)
(Worker_TP2 pid=1522045) INFO 08-25 18:13:25 [weight_utils.py:801] Prefetching checkpoint files: 60% (9/15)
(Worker_TP2 pid=1522045) INFO 08-25 18:13:25 [weight_utils.py:801] Prefetching checkpoint files: 70% (11/15)
(Worker_TP1 pid=1522044) INFO 08-25 18:13:27 [weight_utils.py:801] Prefetching checkpoint files: 50% (8/15)
(Worker_TP3 pid=1522046) INFO 08-25 18:13:27 [weight_utils.py:801] Prefetching checkpoint files: 100% (14/14)
(Worker_TP3 pid=1522046) INFO 08-25 18:13:27 [weight_utils.py:824] Prefetching checkpoint files into page cache finished in 18.81s
(Worker_TP1 pid=1522044) INFO 08-25 18:13:28 [weight_utils.py:801] Prefetching checkpoint files: 60% (9/15)
(Worker_TP0 pid=1522043) INFO 08-25 18:13:28 [weight_utils.py:801] Prefetching checkpoint files: 80% (12/15)
(Worker_TP2 pid=1522045) INFO 08-25 18:13:28 [weight_utils.py:801] Prefetching checkpoint files: 80% (12/15)
(Worker_TP1 pid=1522044) INFO 08-25 18:13:28 [weight_utils.py:801] Prefetching checkpoint files: 70% (11/15)
(Worker_TP2 pid=1522045) INFO 08-25 18:13:29 [weight_utils.py:801] Prefetching checkpoint files: 90% (14/15)
(Worker_TP0 pid=1522043) INFO 08-25 18:13:29 [weight_utils.py:801] Prefetching checkpoint files: 90% (14/15)
(Worker_TP1 pid=1522044) INFO 08-25 18:13:32 [weight_utils.py:801] Prefetching checkpoint files: 80% (12/15)
(Worker_TP2 pid=1522045) INFO 08-25 18:13:32 [weight_utils.py:801] Prefetching checkpoint files: 100% (15/15)
(Worker_TP2 pid=1522045) INFO 08-25 18:13:32 [weight_utils.py:824] Prefetching checkpoint files into page cache finished in 24.10s
(Worker_TP0 pid=1522043) INFO 08-25 18:13:33 [weight_utils.py:801] Prefetching checkpoint files: 100% (15/15)
(Worker_TP0 pid=1522043) INFO 08-25 18:13:33 [weight_utils.py:824] Prefetching checkpoint files into page cache finished in 24.60s
(Worker_TP1 pid=1522044) INFO 08-25 18:13:33 [weight_utils.py:801] Prefetching checkpoint files: 90% (14/15)
(Worker_TP0 pid=1522043) Loading safetensors checkpoint shards:   3% Completed | 2/59 [00:25<11:32, 12.14s/it]
(Worker_TP1 pid=1522044) INFO 08-25 18:13:34 [weight_utils.py:801] Prefetching checkpoint files: 100% (15/15)
(Worker_TP1 pid=1522044) INFO 08-25 18:13:34 [weight_utils.py:824] Prefetching checkpoint files into page cache finished in 25.30s
(Worker_TP0 pid=1522043) Loading safetensors checkpoint shards:   5% Completed | 3/59 [00:25<06:18,  6.75s/it]
(Worker_TP0 pid=1522043) Loading safetensors checkpoint shards:   7% Completed | 4/59 [00:25<03:52,  4.23s/it]
(Worker_TP0 pid=1522043) Loading safetensors checkpoint shards:   8% Completed | 5/59 [00:26<02:32,  2.82s/it]
(Worker_TP0 pid=1522043) Loading safetensors checkpoint shards:  10% Completed | 6/59 [00:26<01:44,  1.98s/it]
(Worker_TP0 pid=1522043) Loading safetensors checkpoint shards:  12% Completed | 7/59 [00:27<01:15,  1.44s/it]
(Worker_TP0 pid=1522043) Loading safetensors checkpoint shards:  14% Completed | 8/59 [00:27<00:55,  1.09s/it]
(Worker_TP0 pid=1522043) Loading safetensors checkpoint shards:  15% Completed | 9/59 [00:27<00:42,  1.18it/s]
(Worker_TP0 pid=1522043) Loading safetensors checkpoint shards:  17% Completed | 10/59 [00:27<00:33,  1.44it/s]
(Worker_TP0 pid=1522043) Loading safetensors checkpoint shards:  19% Completed | 11/59 [00:28<00:28,  1.69it/s]
(Worker_TP0 pid=1522043) Loading safetensors checkpoint shards:  20% Completed | 12/59 [00:28<00:24,  1.96it/s]
(Worker_TP0 pid=1522043) Loading safetensors checkpoint shards:  22% Completed | 13/59 [00:29<00:21,  2.17it/s]
(Worker_TP0 pid=1522043) Loading safetensors checkpoint shards:  24% Completed | 14/59 [00:29<00:18,  2.41it/s]
(Worker_TP0 pid=1522043) Loading safetensors checkpoint shards:  25% Completed | 15/59 [00:29<00:16,  2.60it/s]
(Worker_TP0 pid=1522043) Loading safetensors checkpoint shards:  27% Completed | 16/59 [00:29<00:16,  2.68it/s]
(Worker_TP0 pid=1522043) Loading safetensors checkpoint shards:  29% Completed | 17/59 [00:30<00:14,  2.81it/s]
(Worker_TP0 pid=1522043) Loading safetensors checkpoint shards:  31% Completed | 18/59 [00:30<00:14,  2.91it/s]
(Worker_TP0 pid=1522043) Loading safetensors checkpoint shards:  32% Completed | 19/59 [00:30<00:13,  2.99it/s]
(Worker_TP0 pid=1522043) Loading safetensors checkpoint shards:  34% Completed | 20/59 [00:31<00:12,  3.06it/s]
(Worker_TP0 pid=1522043) Loading safetensors checkpoint shards:  36% Completed | 21/59 [00:31<00:12,  3.02it/s]
(Worker_TP0 pid=1522043) Loading safetensors checkpoint shards:  37% Completed | 22/59 [00:31<00:12,  2.94it/s]
(Worker_TP0 pid=1522043) Loading safetensors checkpoint shards:  39% Completed | 23/59 [00:32<00:12,  2.90it/s]
(Worker_TP0 pid=1522043) Loading safetensors checkpoint shards:  41% Completed | 24/59 [00:32<00:11,  2.93it/s]
(Worker_TP0 pid=1522043) Loading safetensors checkpoint shards:  42% Completed | 25/59 [00:32<00:09,  3.45it/s]
(Worker_TP0 pid=1522043) Loading safetensors checkpoint shards:  44% Completed | 26/59 [00:33<00:09,  3.47it/s]
(Worker_TP0 pid=1522043) Loading safetensors checkpoint shards:  46% Completed | 27/59 [00:33<00:09,  3.33it/s]
(Worker_TP0 pid=1522043) Loading safetensors checkpoint shards:  47% Completed | 28/59 [00:33<00:09,  3.33it/s]
(Worker_TP0 pid=1522043) Loading safetensors checkpoint shards:  49% Completed | 29/59 [00:34<00:09,  3.26it/s]
(Worker_TP0 pid=1522043) Loading safetensors checkpoint shards:  51% Completed | 30/59 [00:34<00:09,  3.22it/s]
(Worker_TP0 pid=1522043) Loading safetensors checkpoint shards:  53% Completed | 31/59 [00:34<00:08,  3.17it/s]
(Worker_TP0 pid=1522043) Loading safetensors checkpoint shards:  54% Completed | 32/59 [00:34<00:08,  3.22it/s]
(Worker_TP0 pid=1522043) Loading safetensors checkpoint shards:  56% Completed | 33/59 [00:35<00:07,  3.30it/s]
(Worker_TP0 pid=1522043) Loading safetensors checkpoint shards:  58% Completed | 34/59 [00:35<00:07,  3.26it/s]
(Worker_TP0 pid=1522043) Loading safetensors checkpoint shards:  59% Completed | 35/59 [00:35<00:07,  3.22it/s]
(Worker_TP0 pid=1522043) Loading safetensors checkpoint shards:  61% Completed | 36/59 [00:36<00:07,  3.26it/s]
(Worker_TP0 pid=1522043) Loading safetensors checkpoint shards:  63% Completed | 37/59 [00:36<00:06,  3.35it/s]
(Worker_TP0 pid=1522043) Loading safetensors checkpoint shards:  64% Completed | 38/59 [00:36<00:06,  3.40it/s]
(Worker_TP0 pid=1522043) Loading safetensors checkpoint shards:  66% Completed | 39/59 [00:37<00:05,  3.43it/s]
(Worker_TP0 pid=1522043) Loading safetensors checkpoint shards:  68% Completed | 40/59 [00:37<00:05,  3.42it/s]
(Worker_TP0 pid=1522043) Loading safetensors checkpoint shards:  69% Completed | 41/59 [00:37<00:05,  3.46it/s]
(Worker_TP0 pid=1522043) Loading safetensors checkpoint shards:  71% Completed | 42/59 [00:37<00:05,  3.39it/s]
(Worker_TP0 pid=1522043) Loading safetensors checkpoint shards:  73% Completed | 43/59 [00:38<00:04,  3.36it/s]
(Worker_TP0 pid=1522043) Loading safetensors checkpoint shards:  75% Completed | 44/59 [00:38<00:04,  3.34it/s]
(Worker_TP0 pid=1522043) Loading safetensors checkpoint shards:  76% Completed | 45/59 [00:38<00:04,  3.41it/s]
(Worker_TP0 pid=1522043) Loading safetensors checkpoint shards:  78% Completed | 46/59 [00:39<00:03,  3.40it/s]
(Worker_TP0 pid=1522043) Loading safetensors checkpoint shards:  80% Completed | 47/59 [00:39<00:03,  3.37it/s]
(Worker_TP0 pid=1522043) Loading safetensors checkpoint shards:  81% Completed | 48/59 [00:39<00:03,  3.34it/s]
(Worker_TP0 pid=1522043) Loading safetensors checkpoint shards:  83% Completed | 49/59 [00:40<00:02,  3.42it/s]
(Worker_TP0 pid=1522043) Loading safetensors checkpoint shards:  85% Completed | 50/59 [00:40<00:02,  3.49it/s]
(Worker_TP0 pid=1522043) Loading safetensors checkpoint shards:  86% Completed | 51/59 [00:40<00:02,  3.56it/s]
(Worker_TP0 pid=1522043) Loading safetensors checkpoint shards:  88% Completed | 52/59 [00:40<00:02,  3.49it/s]
(Worker_TP0 pid=1522043) Loading safetensors checkpoint shards:  90% Completed | 53/59 [00:41<00:01,  3.44it/s]
(Worker_TP0 pid=1522043) Loading safetensors checkpoint shards:  92% Completed | 54/59 [00:41<00:01,  3.50it/s]
(Worker_TP0 pid=1522043) Loading safetensors checkpoint shards:  93% Completed | 55/59 [00:41<00:01,  3.42it/s]
(Worker_TP0 pid=1522043) Loading safetensors checkpoint shards:  95% Completed | 56/59 [00:42<00:00,  3.38it/s]
(Worker_TP0 pid=1522043) Loading safetensors checkpoint shards:  97% Completed | 57/59 [00:42<00:00,  3.34it/s]
(Worker_TP0 pid=1522043) Loading safetensors checkpoint shards:  98% Completed | 58/59 [00:42<00:00,  3.43it/s]
(Worker_TP0 pid=1522043) Loading safetensors checkpoint shards: 100% Completed | 59/59 [00:43<00:00,  3.12it/s]
(Worker_TP0 pid=1522043) Loading safetensors checkpoint shards: 100% Completed | 59/59 [00:43<00:00,  1.37it/s]
(Worker_TP0 pid=1522043) 
(Worker_TP0 pid=1522043) INFO 08-25 18:13:52 [default_loader.py:430] Loading weights took 43.13 seconds
(Worker_TP0 pid=1522043) WARNING 08-25 18:13:52 [kv_cache.py:134] Checkpoint does not provide a q scaling factor. Setting it to k_scale. This only matters for FP8 Attention backends (flash-attn or flashinfer).
(Worker_TP0 pid=1522043) WARNING 08-25 18:13:52 [kv_cache.py:151] Using KV cache scaling factor 1.0 for fp8_e4m3. If this is unintended, verify that k/v_scale scaling factors are properly set in the checkpoint.
(Worker_TP0 pid=1522043) WARNING 08-25 18:13:52 [kv_cache.py:190] Using uncalibrated q_scale 1.0 and/or prob_scale 1.0 with fp8 attention. This may cause accuracy issues. Please make sure q/prob scaling factors are available in the fp8 checkpoint.
(Worker_TP0 pid=1522043) INFO 08-25 18:13:52 [mxfp4.py:1730] Using MoEPrepareAndFinalizeNoDPEPModular
(Worker_TP0 pid=1522043) INFO 08-25 18:13:52 [mxfp4.py:1731] Using AiterExperts
(Worker_TP2 pid=1522045) INFO 08-25 18:13:52 [kernel.py:306] Final IR op priority after setting platform defaults: IrOpPriorityConfig(rms_norm=['aiter', 'native'], fused_add_rms_norm=['aiter', 'native'])
(Worker_TP2 pid=1522045) INFO 08-25 18:13:52 [llama_eagle3.py:47] Using a 32768-token sliding attention window with full KV retention for all 1 Llama EAGLE3 draft layers.
(Worker_TP3 pid=1522046) INFO 08-25 18:13:52 [kernel.py:306] Final IR op priority after setting platform defaults: IrOpPriorityConfig(rms_norm=['aiter', 'native'], fused_add_rms_norm=['aiter', 'native'])
(Worker_TP3 pid=1522046) INFO 08-25 18:13:52 [llama_eagle3.py:47] Using a 32768-token sliding attention window with full KV retention for all 1 Llama EAGLE3 draft layers.
(Worker_TP2 pid=1522045) INFO 08-25 18:13:52 [weight_utils.py:829] Prefetching checkpoint files into page cache started (in background, num_threads=8, block_size=16777216 bytes)
(Worker_TP3 pid=1522046) INFO 08-25 18:13:52 [weight_utils.py:829] Prefetching checkpoint files into page cache started (in background, num_threads=8, block_size=16777216 bytes)
(Worker_TP2 pid=1522045) INFO 08-25 18:13:52 [weight_utils.py:824] Prefetching checkpoint files into page cache finished in 0.03s
(Worker_TP3 pid=1522046) INFO 08-25 18:13:52 [weight_utils.py:824] Prefetching checkpoint files into page cache finished in 0.02s
(Worker_TP1 pid=1522044) INFO 08-25 18:13:52 [kernel.py:306] Final IR op priority after setting platform defaults: IrOpPriorityConfig(rms_norm=['aiter', 'native'], fused_add_rms_norm=['aiter', 'native'])
(Worker_TP1 pid=1522044) INFO 08-25 18:13:52 [llama_eagle3.py:47] Using a 32768-token sliding attention window with full KV retention for all 1 Llama EAGLE3 draft layers.
(Worker_TP0 pid=1522043) INFO 08-25 18:13:52 [gpu_model_runner.py:5332] Loading drafter model...
(Worker_TP1 pid=1522044) INFO 08-25 18:13:52 [weight_utils.py:829] Prefetching checkpoint files into page cache started (in background, num_threads=8, block_size=16777216 bytes)
(Worker_TP1 pid=1522044) INFO 08-25 18:13:52 [weight_utils.py:824] Prefetching checkpoint files into page cache finished in 0.00s
(Worker_TP0 pid=1522043) INFO 08-25 18:13:52 [kernel.py:306] Final IR op priority after setting platform defaults: IrOpPriorityConfig(rms_norm=['aiter', 'native'], fused_add_rms_norm=['aiter', 'native'])
(Worker_TP0 pid=1522043) INFO 08-25 18:13:52 [llama_eagle3.py:47] Using a 32768-token sliding attention window with full KV retention for all 1 Llama EAGLE3 draft layers.
(Worker_TP0 pid=1522043) INFO 08-25 18:13:52 [weight_utils.py:867] Filesystem type for checkpoints: NFS. Checkpoint size: 5.73 GiB. Available RAM: 2938.78 GiB.
(Worker_TP0 pid=1522043) INFO 08-25 18:13:52 [weight_utils.py:829] Prefetching checkpoint files into page cache started (in background, num_threads=8, block_size=16777216 bytes)
(Worker_TP0 pid=1522043) Loading safetensors checkpoint shards:   0% Completed | 0/1 [00:00<?, ?it/s]
(Worker_TP0 pid=1522043) Loading safetensors checkpoint shards: 100% Completed | 1/1 [00:00<00:00, 231.00it/s]
(Worker_TP0 pid=1522043) 
(Worker_TP0 pid=1522043) INFO 08-25 18:13:58 [default_loader.py:430] Loading weights took 5.59 seconds
(Worker_TP0 pid=1522043) INFO 08-25 18:13:58 [llm_base_proposer.py:1465] Detected EAGLE model with embed_tokens identical to the target model. Sharing target model embedding weights with the draft model.
(Worker_TP0 pid=1522043) INFO 08-25 18:13:58 [llm_base_proposer.py:1551] Detected EAGLE model with distinct lm_head weights. Keeping separate lm_head weights from the target model.
(Worker_TP0 pid=1522043) INFO 08-25 18:13:58 [llm_base_proposer.py:1597] Detected MTP model with topk_indices_buffer. Sharing target model topk_indices_buffer with the draft model.
(Worker_TP0 pid=1522043) INFO 08-25 18:13:59 [gpu_model_runner.py:5405] Model loading took 57.7 GiB memory and 50.015095 seconds
(Worker_TP1 pid=1522044) INFO 08-25 18:14:00 [llm_base_proposer.py:1465] Detected EAGLE model with embed_tokens identical to the target model. Sharing target model embedding weights with the draft model.
(Worker_TP1 pid=1522044) INFO 08-25 18:14:00 [llm_base_proposer.py:1551] Detected EAGLE model with distinct lm_head weights. Keeping separate lm_head weights from the target model.
(Worker_TP1 pid=1522044) INFO 08-25 18:14:00 [llm_base_proposer.py:1597] Detected MTP model with topk_indices_buffer. Sharing target model topk_indices_buffer with the draft model.
(Worker_TP0 pid=1522043) INFO 08-25 18:14:00 [weight_utils.py:801] Prefetching checkpoint files: 10% (1/1)
(Worker_TP0 pid=1522043) INFO 08-25 18:14:00 [weight_utils.py:824] Prefetching checkpoint files into page cache finished in 7.88s
(Worker_TP2 pid=1522045) INFO 08-25 18:14:00 [llm_base_proposer.py:1465] Detected EAGLE model with embed_tokens identical to the target model. Sharing target model embedding weights with the draft model.
(Worker_TP2 pid=1522045) INFO 08-25 18:14:00 [llm_base_proposer.py:1551] Detected EAGLE model with distinct lm_head weights. Keeping separate lm_head weights from the target model.
(Worker_TP2 pid=1522045) INFO 08-25 18:14:00 [llm_base_proposer.py:1597] Detected MTP model with topk_indices_buffer. Sharing target model topk_indices_buffer with the draft model.
(Worker_TP3 pid=1522046) INFO 08-25 18:14:00 [llm_base_proposer.py:1465] Detected EAGLE model with embed_tokens identical to the target model. Sharing target model embedding weights with the draft model.
(Worker_TP3 pid=1522046) INFO 08-25 18:14:00 [llm_base_proposer.py:1551] Detected EAGLE model with distinct lm_head weights. Keeping separate lm_head weights from the target model.
(Worker_TP3 pid=1522046) INFO 08-25 18:14:00 [llm_base_proposer.py:1597] Detected MTP model with topk_indices_buffer. Sharing target model topk_indices_buffer with the draft model.
(Worker_TP3 pid=1522046) [aiter] merge tuned file under model_configs/ and configs/ /usr/local/lib/python3.12/dist-packages/aiter/configs/bf16_tuned_gemm.csv:/usr/local/lib/python3.12/dist-packages/aiter/configs/model_configs/dsv3_bf16_tuned_gemm.csv:/usr/local/lib/python3.12/dist-packages/aiter/configs/model_configs/dsv4_bf16_tuned_gemm.csv:/usr/local/lib/python3.12/dist-packages/aiter/configs/model_configs/glm47_bf16_tuned_gemm.csv:/usr/local/lib/python3.12/dist-packages/aiter/configs/model_configs/glm5_bf16_tuned_gemm.csv:/usr/local/lib/python3.12/dist-packages/aiter/configs/model_configs/gptoss_bf16_tuned_gemm.csv:/usr/local/lib/python3.12/dist-packages/aiter/configs/model_configs/kimi_bf16_tuned_gemm.csv:/usr/local/lib/python3.12/dist-packages/aiter/configs/model_configs/kimik2_bf16_tuned_gemm.csv:/usr/local/lib/python3.12/dist-packages/aiter/configs/model_configs/kimik3_bf16_tuned_gemm.csv:/usr/local/lib/python3.12/dist-packages/aiter/configs/model_configs/llama405B_bf16_tuned_gemm.csv:/usr/local/lib/python3.12/dist-packages/aiter/configs/model_configs/llama70B_bf16_tuned_gemm.csv:/usr/local/lib/python3.12/dist-packages/aiter/configs/model_configs/minimax_m3_eagle_bf16_tuned_gemm.csv:/usr/local/lib/python3.12/dist-packages/aiter/configs/model_configs/qwen32B_bf16_tuned_gemm.csv:/usr/local/lib/python3.12/dist-packages/aiter/configs/model_configs/qwen3_5_397b_bf16_tuned_gemm.csv
(Worker_TP2 pid=1522045) [aiter] merge tuned file under model_configs/ and configs/ /usr/local/lib/python3.12/dist-packages/aiter/configs/bf16_tuned_gemm.csv:/usr/local/lib/python3.12/dist-packages/aiter/configs/model_configs/dsv3_bf16_tuned_gemm.csv:/usr/local/lib/python3.12/dist-packages/aiter/configs/model_configs/dsv4_bf16_tuned_gemm.csv:/usr/local/lib/python3.12/dist-packages/aiter/configs/model_configs/glm47_bf16_tuned_gemm.csv:/usr/local/lib/python3.12/dist-packages/aiter/configs/model_configs/glm5_bf16_tuned_gemm.csv:/usr/local/lib/python3.12/dist-packages/aiter/configs/model_configs/gptoss_bf16_tuned_gemm.csv:/usr/local/lib/python3.12/dist-packages/aiter/configs/model_configs/kimi_bf16_tuned_gemm.csv:/usr/local/lib/python3.12/dist-packages/aiter/configs/model_configs/kimik2_bf16_tuned_gemm.csv:/usr/local/lib/python3.12/dist-packages/aiter/configs/model_configs/kimik3_bf16_tuned_gemm.csv:/usr/local/lib/python3.12/dist-packages/aiter/configs/model_configs/llama405B_bf16_tuned_gemm.csv:/usr/local/lib/python3.12/dist-packages/aiter/configs/model_configs/llama70B_bf16_tuned_gemm.csv:/usr/local/lib/python3.12/dist-packages/aiter/configs/model_configs/minimax_m3_eagle_bf16_tuned_gemm.csv:/usr/local/lib/python3.12/dist-packages/aiter/configs/model_configs/qwen32B_bf16_tuned_gemm.csv:/usr/local/lib/python3.12/dist-packages/aiter/configs/model_configs/qwen3_5_397b_bf16_tuned_gemm.csv
(Worker_TP2 pid=1522045) [aiter] [pid=1522045 pname=VllmWorker-2] waiting for baton release at /tmp/aiter_configs/bf16_tuned_gemm.csv.lock
(Worker_TP1 pid=1522044) [aiter] merge tuned file under model_configs/ and configs/ /usr/local/lib/python3.12/dist-packages/aiter/configs/bf16_tuned_gemm.csv:/usr/local/lib/python3.12/dist-packages/aiter/configs/model_configs/dsv3_bf16_tuned_gemm.csv:/usr/local/lib/python3.12/dist-packages/aiter/configs/model_configs/dsv4_bf16_tuned_gemm.csv:/usr/local/lib/python3.12/dist-packages/aiter/configs/model_configs/glm47_bf16_tuned_gemm.csv:/usr/local/lib/python3.12/dist-packages/aiter/configs/model_configs/glm5_bf16_tuned_gemm.csv:/usr/local/lib/python3.12/dist-packages/aiter/configs/model_configs/gptoss_bf16_tuned_gemm.csv:/usr/local/lib/python3.12/dist-packages/aiter/configs/model_configs/kimi_bf16_tuned_gemm.csv:/usr/local/lib/python3.12/dist-packages/aiter/configs/model_configs/kimik2_bf16_tuned_gemm.csv:/usr/local/lib/python3.12/dist-packages/aiter/configs/model_configs/kimik3_bf16_tuned_gemm.csv:/usr/local/lib/python3.12/dist-packages/aiter/configs/model_configs/llama405B_bf16_tuned_gemm.csv:/usr/local/lib/python3.12/dist-packages/aiter/configs/model_configs/llama70B_bf16_tuned_gemm.csv:/usr/local/lib/python3.12/dist-packages/aiter/configs/model_configs/minimax_m3_eagle_bf16_tuned_gemm.csv:/usr/local/lib/python3.12/dist-packages/aiter/configs/model_configs/qwen32B_bf16_tuned_gemm.csv:/usr/local/lib/python3.12/dist-packages/aiter/configs/model_configs/qwen3_5_397b_bf16_tuned_gemm.csv
(Worker_TP0 pid=1522043) [aiter] merge tuned file under model_configs/ and configs/ /usr/local/lib/python3.12/dist-packages/aiter/configs/bf16_tuned_gemm.csv:/usr/local/lib/python3.12/dist-packages/aiter/configs/model_configs/dsv3_bf16_tuned_gemm.csv:/usr/local/lib/python3.12/dist-packages/aiter/configs/model_configs/dsv4_bf16_tuned_gemm.csv:/usr/local/lib/python3.12/dist-packages/aiter/configs/model_configs/glm47_bf16_tuned_gemm.csv:/usr/local/lib/python3.12/dist-packages/aiter/configs/model_configs/glm5_bf16_tuned_gemm.csv:/usr/local/lib/python3.12/dist-packages/aiter/configs/model_configs/gptoss_bf16_tuned_gemm.csv:/usr/local/lib/python3.12/dist-packages/aiter/configs/model_configs/kimi_bf16_tuned_gemm.csv:/usr/local/lib/python3.12/dist-packages/aiter/configs/model_configs/kimik2_bf16_tuned_gemm.csv:/usr/local/lib/python3.12/dist-packages/aiter/configs/model_configs/kimik3_bf16_tuned_gemm.csv:/usr/local/lib/python3.12/dist-packages/aiter/configs/model_configs/llama405B_bf16_tuned_gemm.csv:/usr/local/lib/python3.12/dist-packages/aiter/configs/model_configs/llama70B_bf16_tuned_gemm.csv:/usr/local/lib/python3.12/dist-packages/aiter/configs/model_configs/minimax_m3_eagle_bf16_tuned_gemm.csv:/usr/local/lib/python3.12/dist-packages/aiter/configs/model_configs/qwen32B_bf16_tuned_gemm.csv:/usr/local/lib/python3.12/dist-packages/aiter/configs/model_configs/qwen3_5_397b_bf16_tuned_gemm.csv
(Worker_TP3 pid=1522046) [aiter] [pid=1522046 pname=VllmWorker-3] start build [module_gemm_a16w16_asm] under /tmp/inferencex-minimaxm3-1410/home/.aiter/jit/build/module_gemm_a16w16_asm
(Worker_TP1 pid=1522044) [aiter] [pid=1522044 pname=VllmWorker-1] waiting for baton release at /tmp/inferencex-minimaxm3-1410/home/.aiter/jit/build/lock_module_gemm_a16w16_asm
(Worker_TP2 pid=1522045) [aiter] [pid=1522045 pname=VllmWorker-2] waiting for baton release at /tmp/inferencex-minimaxm3-1410/home/.aiter/jit/build/lock_module_gemm_a16w16_asm
(Worker_TP0 pid=1522043) [aiter] [pid=1522043 pname=VllmWorker-0] waiting for baton release at /tmp/inferencex-minimaxm3-1410/home/.aiter/jit/build/lock_module_gemm_a16w16_asm
(Worker_TP3 pid=1522046) [aiter] Current hipcc not support: -mllvm -amdgpu-coerce-illegal-types=1, skip it.
/usr/local/lib/python3.12/dist-packages/aiter_meta/hsa/codegen.py:14: Pandas4Warning: 'future.no_silent_downcasting' is deprecated, please refrain from using it.
  pd.set_option("future.no_silent_downcasting", True)
/usr/local/lib/python3.12/dist-packages/aiter_meta/hsa/codegen.py:153: Pandas4Warning: The copy keyword is deprecated and will be removed in a future version. Copy-on-Write is active in pandas since 3.0 which utilizes a lazy copy mechanism that defers copies until necessary. Use .copy() to make an eager copy if necessary.
  pd.concat(dfs, ignore_index=True).fillna(0).infer_objects(copy=False)
(Worker_TP3 pid=1522046) [aiter] [pid=1522046 pname=VllmWorker-3] [32mfinish build [module_gemm_a16w16_asm], cost 6.8s [0m
[aiter] LoadKernel: _ZN5aiter24bf16gemm_bf16_tn_256x256E hsaco: /usr/local/lib/python3.12/dist-packages/aiter_meta/hsa//gfx950/bf16gemm/bf16gemm_bf16_tn_256x256.co
[aiter] LoadKernel: _ZN5aiter24bf16gemm_bf16_tn_256x256E hsaco: /usr/local/lib/python3.12/dist-packages/aiter_meta/hsa//gfx950/bf16gemm/bf16gemm_bf16_tn_256x256.co
[aiter] LoadKernel: _ZN5aiter24bf16gemm_bf16_tn_256x256E hsaco: /usr/local/lib/python3.12/dist-packages/aiter_meta/hsa//gfx950/bf16gemm/bf16gemm_bf16_tn_256x256.co
[aiter] LoadKernel: _ZN5aiter24bf16gemm_bf16_tn_256x256E hsaco: /usr/local/lib/python3.12/dist-packages/aiter_meta/hsa//gfx950/bf16gemm/bf16gemm_bf16_tn_256x256.co
(Worker_TP2 pid=1522045) [aiter] [pid=1522045 pname=VllmWorker-2] start build [module_gemm_common] under /tmp/inferencex-minimaxm3-1410/home/.aiter/jit/build/module_gemm_common
(Worker_TP3 pid=1522046) [aiter] [pid=1522046 pname=VllmWorker-3] waiting for baton release at /tmp/inferencex-minimaxm3-1410/home/.aiter/jit/build/lock_module_gemm_common
(Worker_TP0 pid=1522043) [aiter] [pid=1522043 pname=VllmWorker-0] waiting for baton release at /tmp/inferencex-minimaxm3-1410/home/.aiter/jit/build/lock_module_gemm_common
(Worker_TP2 pid=1522045) [aiter] [pid=1522045 pname=VllmWorker-2] [32mfinish build [module_gemm_common], cost 0.7s [0m
(Worker_TP2 pid=1522045) [aiter] shape is M:32768, N:128, K:6144 dtype='torch.float32' otype='torch.float32' bias=False, scaleAB=False, bpreshuffle=False, not found tuned config in /tmp/aiter_configs/bf16_tuned_gemm.csv, will use default config! using torch solution:0
(Worker_TP3 pid=1522046) [aiter] shape is M:32768, N:128, K:6144 dtype='torch.float32' otype='torch.float32' bias=False, scaleAB=False, bpreshuffle=False, not found tuned config in /tmp/aiter_configs/bf16_tuned_gemm.csv, will use default config! using torch solution:0
(Worker_TP0 pid=1522043) [aiter] shape is M:32768, N:128, K:6144 dtype='torch.float32' otype='torch.float32' bias=False, scaleAB=False, bpreshuffle=False, not found tuned config in /tmp/aiter_configs/bf16_tuned_gemm.csv, will use default config! using torch solution:0
(Worker_TP1 pid=1522044) [aiter] shape is M:32768, N:128, K:6144 dtype='torch.float32' otype='torch.float32' bias=False, scaleAB=False, bpreshuffle=False, not found tuned config in /tmp/aiter_configs/bf16_tuned_gemm.csv, will use default config! using torch solution:0
(Worker_TP2 pid=1522045) [aiter] [pid=1522045 pname=VllmWorker-2] start build [module_moe_asm] under /tmp/inferencex-minimaxm3-1410/home/.aiter/jit/build/module_moe_asm
(Worker_TP0 pid=1522043) [aiter] [pid=1522043 pname=VllmWorker-0] waiting for baton release at /tmp/inferencex-minimaxm3-1410/home/.aiter/jit/build/lock_module_moe_asm
(Worker_TP1 pid=1522044) [aiter] [pid=1522044 pname=VllmWorker-1] waiting for baton release at /tmp/inferencex-minimaxm3-1410/home/.aiter/jit/build/lock_module_moe_asm
(Worker_TP3 pid=1522046) [aiter] [pid=1522046 pname=VllmWorker-3] waiting for baton release at /tmp/inferencex-minimaxm3-1410/home/.aiter/jit/build/lock_module_moe_asm
(Worker_TP2 pid=1522045) [aiter] [pid=1522045 pname=VllmWorker-2] [32mfinish build [module_moe_asm], cost 11.8s [0m
(Worker_TP2 pid=1522045) [aiter] import [module_moe_asm] under /tmp/inferencex-minimaxm3-1410/home/.aiter/jit/module_moe_asm.so
(Worker_TP2 pid=1522045) [aiter] merge tuned file under model_configs/ and configs/ /usr/local/lib/python3.12/dist-packages/aiter/configs/tuned_fmoe.csv:/usr/local/lib/python3.12/dist-packages/aiter/configs/model_configs/a8w8_blockscale_tuned_fmoe_ds_v3.csv:/usr/local/lib/python3.12/dist-packages/aiter/configs/model_configs/a8w8_blockscale_tuned_fmoe_glm5.csv:/usr/local/lib/python3.12/dist-packages/aiter/configs/model_configs/a8w8_blockscale_tuned_fmoe_glm5_1.csv:/usr/local/lib/python3.12/dist-packages/aiter/configs/model_configs/a8w8_blockscale_tuned_fmoe_minimax-m2_5.csv:/usr/local/lib/python3.12/dist-packages/aiter/configs/model_configs/a8w8_blockscale_tuned_fmoe_qwen3_235b.csv:/usr/local/lib/python3.12/dist-packages/aiter/configs/model_configs/a8w8_blockscale_tuned_fmoe_qwen3_5_397b.csv:/usr/local/lib/python3.12/dist-packages/aiter/configs/model_configs/dsv3_fp4_tuned_fmoe.csv:/usr/local/lib/python3.12/dist-packages/aiter/configs/model_configs/dsv4_fp8fp4_tuned_fmoe.csv:/usr/local/lib/python3.12/dist-packages/aiter/configs/model_configs/glm47_fp8_tuned_fmoe.csv:/usr/local/lib/python3.12/dist-packages/aiter/configs/model_configs/glm5_fp4_tuned_fmoe.csv:/usr/local/lib/python3.12/dist-packages/aiter/configs/model_configs/glm5_mxfp8_tuned_fmoe.csv:/usr/local/lib/python3.12/dist-packages/aiter/configs/model_configs/glm5_ptpc_tuned_fmoe.csv:/usr/local/lib/python3.12/dist-packages/aiter/configs/model_configs/gptoss_a16w4_tuned_fmoe.csv:/usr/local/lib/python3.12/dist-packages/aiter/configs/model_configs/gptoss_fp4_tuned_fmoe.csv:/usr/local/lib/python3.12/dist-packages/aiter/configs/model_configs/gptoss_fp8fp4_tuned_fmoe.csv:/usr/local/lib/python3.12/dist-packages/aiter/configs/model_configs/kimik2_fp4_tuned_fmoe.csv:/usr/local/lib/python3.12/dist-packages/aiter/configs/model_configs/kimik2_fp8fp4_tuned_fmoe.csv:/usr/local/lib/python3.12/dist-packages/aiter/configs/model_configs/kimik2_i4_tuned_fmoe.csv:/usr/local/lib/python3.12/dist-packages/aiter/configs/model_configs/kimik3_a8w4_tuned_fmoe.csv:/usr/local/lib/python3.12/dist-packages/aiter/configs/model_configs/kimik3_fp4_tuned_fmoe.csv:/usr/local/lib/python3.12/dist-packages/aiter/configs/model_configs/mimo_v2_5_pro_tuned_fmoe.csv:/usr/local/lib/python3.12/dist-packages/aiter/configs/model_configs/minimax_m25_fp4_tuned_fmoe.csv:/usr/local/lib/python3.12/dist-packages/aiter/configs/model_configs/minimax_m3_fp4_tuned_fmoe.csv:/usr/local/lib/python3.12/dist-packages/aiter/configs/model_configs/minimax_m3_mxfp8_tuned_fmoe.csv:/usr/local/lib/python3.12/dist-packages/aiter/configs/model_configs/qwen3_235b_bf16_tuned_fmoe.csv:/usr/local/lib/python3.12/dist-packages/aiter/configs/model_configs/qwen3_5_397b_fp4_tuned_fmoe.csv:/usr/local/lib/python3.12/dist-packages/aiter/configs/model_configs/qwen3next_80b_fp8_tuned_fmoe.csv
(Worker_TP0 pid=1522043) [aiter] import [module_moe_asm] under /tmp/inferencex-minimaxm3-1410/home/.aiter/jit/module_moe_asm.so
(Worker_TP2 pid=1522045) [aiter] [fused_moe] duplicate tuned rows after disabling act_type in /tmp/aiter_configs/tuned_fmoe.csv; keeping first match for 449 rows
(Worker_TP2 pid=1522045) [aiter] [fused_moe] using 2stage (kernelName1='flydsl_moe1_afp4_wfp4_bf16_t128x128x256_w3_bnt0_xcd4', kernelName2='flydsl_moe2_afp4_wfp4_bf16_t64x256x256_reduce_xcd4_persist_sbm128') for ('gfx950', 256, 32768, 6144, 768, 129, 5, 'ActivationType.Swiglu', 'torch.bfloat16', 'torch.float4_e2m1fn_x2', 'torch.float4_e2m1fn_x2', 'QuantType.per_1x32', True, False) 
(Worker_TP2 pid=1522045) [aiter] [pid=1522045 pname=VllmWorker-2] start build [module_moe_sorting_opus] under /tmp/inferencex-minimaxm3-1410/home/.aiter/jit/build/module_moe_sorting_opus
(Worker_TP3 pid=1522046) [aiter] import [module_moe_asm] under /tmp/inferencex-minimaxm3-1410/home/.aiter/jit/module_moe_asm.so
(Worker_TP1 pid=1522044) [aiter] import [module_moe_asm] under /tmp/inferencex-minimaxm3-1410/home/.aiter/jit/module_moe_asm.so
(Worker_TP0 pid=1522043) [aiter] merge tuned file under model_configs/ and configs/ /usr/local/lib/python3.12/dist-packages/aiter/configs/tuned_fmoe.csv:/usr/local/lib/python3.12/dist-packages/aiter/configs/model_configs/a8w8_blockscale_tuned_fmoe_ds_v3.csv:/usr/local/lib/python3.12/dist-packages/aiter/configs/model_configs/a8w8_blockscale_tuned_fmoe_glm5.csv:/usr/local/lib/python3.12/dist-packages/aiter/configs/model_configs/a8w8_blockscale_tuned_fmoe_glm5_1.csv:/usr/local/lib/python3.12/dist-packages/aiter/configs/model_configs/a8w8_blockscale_tuned_fmoe_minimax-m2_5.csv:/usr/local/lib/python3.12/dist-packages/aiter/configs/model_configs/a8w8_blockscale_tuned_fmoe_qwen3_235b.csv:/usr/local/lib/python3.12/dist-packages/aiter/configs/model_configs/a8w8_blockscale_tuned_fmoe_qwen3_5_397b.csv:/usr/local/lib/python3.12/dist-packages/aiter/configs/model_configs/dsv3_fp4_tuned_fmoe.csv:/usr/local/lib/python3.12/dist-packages/aiter/configs/model_configs/dsv4_fp8fp4_tuned_fmoe.csv:/usr/local/lib/python3.12/dist-packages/aiter/configs/model_configs/glm47_fp8_tuned_fmoe.csv:/usr/local/lib/python3.12/dist-packages/aiter/configs/model_configs/glm5_fp4_tuned_fmoe.csv:/usr/local/lib/python3.12/dist-packages/aiter/configs/model_configs/glm5_mxfp8_tuned_fmoe.csv:/usr/local/lib/python3.12/dist-packages/aiter/configs/model_configs/glm5_ptpc_tuned_fmoe.csv:/usr/local/lib/python3.12/dist-packages/aiter/configs/model_configs/gptoss_a16w4_tuned_fmoe.csv:/usr/local/lib/python3.12/dist-packages/aiter/configs/model_configs/gptoss_fp4_tuned_fmoe.csv:/usr/local/lib/python3.12/dist-packages/aiter/configs/model_configs/gptoss_fp8fp4_tuned_fmoe.csv:/usr/local/lib/python3.12/dist-packages/aiter/configs/model_configs/kimik2_fp4_tuned_fmoe.csv:/usr/local/lib/python3.12/dist-packages/aiter/configs/model_configs/kimik2_fp8fp4_tuned_fmoe.csv:/usr/local/lib/python3.12/dist-packages/aiter/configs/model_configs/kimik2_i4_tuned_fmoe.csv:/usr/local/lib/python3.12/dist-packages/aiter/configs/model_configs/kimik3_a8w4_tuned_fmoe.csv:/usr/local/lib/python3.12/dist-packages/aiter/configs/model_configs/kimik3_fp4_tuned_fmoe.csv:/usr/local/lib/python3.12/dist-packages/aiter/configs/model_configs/mimo_v2_5_pro_tuned_fmoe.csv:/usr/local/lib/python3.12/dist-packages/aiter/configs/model_configs/minimax_m25_fp4_tuned_fmoe.csv:/usr/local/lib/python3.12/dist-packages/aiter/configs/model_configs/minimax_m3_fp4_tuned_fmoe.csv:/usr/local/lib/python3.12/dist-packages/aiter/configs/model_configs/minimax_m3_mxfp8_tuned_fmoe.csv:/usr/local/lib/python3.12/dist-packages/aiter/configs/model_configs/qwen3_235b_bf16_tuned_fmoe.csv:/usr/local/lib/python3.12/dist-packages/aiter/configs/model_configs/qwen3_5_397b_fp4_tuned_fmoe.csv:/usr/local/lib/python3.12/dist-packages/aiter/configs/model_configs/qwen3next_80b_fp8_tuned_fmoe.csv
(Worker_TP3 pid=1522046) [aiter] merge tuned file under model_configs/ and configs/ /usr/local/lib/python3.12/dist-packages/aiter/configs/tuned_fmoe.csv:/usr/local/lib/python3.12/dist-packages/aiter/configs/model_configs/a8w8_blockscale_tuned_fmoe_ds_v3.csv:/usr/local/lib/python3.12/dist-packages/aiter/configs/model_configs/a8w8_blockscale_tuned_fmoe_glm5.csv:/usr/local/lib/python3.12/dist-packages/aiter/configs/model_configs/a8w8_blockscale_tuned_fmoe_glm5_1.csv:/usr/local/lib/python3.12/dist-packages/aiter/configs/model_configs/a8w8_blockscale_tuned_fmoe_minimax-m2_5.csv:/usr/local/lib/python3.12/dist-packages/aiter/configs/model_configs/a8w8_blockscale_tuned_fmoe_qwen3_235b.csv:/usr/local/lib/python3.12/dist-packages/aiter/configs/model_configs/a8w8_blockscale_tuned_fmoe_qwen3_5_397b.csv:/usr/local/lib/python3.12/dist-packages/aiter/configs/model_configs/dsv3_fp4_tuned_fmoe.csv:/usr/local/lib/python3.12/dist-packages/aiter/configs/model_configs/dsv4_fp8fp4_tuned_fmoe.csv:/usr/local/lib/python3.12/dist-packages/aiter/configs/model_configs/glm47_fp8_tuned_fmoe.csv:/usr/local/lib/python3.12/dist-packages/aiter/configs/model_configs/glm5_fp4_tuned_fmoe.csv:/usr/local/lib/python3.12/dist-packages/aiter/configs/model_configs/glm5_mxfp8_tuned_fmoe.csv:/usr/local/lib/python3.12/dist-packages/aiter/configs/model_configs/glm5_ptpc_tuned_fmoe.csv:/usr/local/lib/python3.12/dist-packages/aiter/configs/model_configs/gptoss_a16w4_tuned_fmoe.csv:/usr/local/lib/python3.12/dist-packages/aiter/configs/model_configs/gptoss_fp4_tuned_fmoe.csv:/usr/local/lib/python3.12/dist-packages/aiter/configs/model_configs/gptoss_fp8fp4_tuned_fmoe.csv:/usr/local/lib/python3.12/dist-packages/aiter/configs/model_configs/kimik2_fp4_tuned_fmoe.csv:/usr/local/lib/python3.12/dist-packages/aiter/configs/model_configs/kimik2_fp8fp4_tuned_fmoe.csv:/usr/local/lib/python3.12/dist-packages/aiter/configs/model_configs/kimik2_i4_tuned_fmoe.csv:/usr/local/lib/python3.12/dist-packages/aiter/configs/model_configs/kimik3_a8w4_tuned_fmoe.csv:/usr/local/lib/python3.12/dist-packages/aiter/configs/model_configs/kimik3_fp4_tuned_fmoe.csv:/usr/local/lib/python3.12/dist-packages/aiter/configs/model_configs/mimo_v2_5_pro_tuned_fmoe.csv:/usr/local/lib/python3.12/dist-packages/aiter/configs/model_configs/minimax_m25_fp4_tuned_fmoe.csv:/usr/local/lib/python3.12/dist-packages/aiter/configs/model_configs/minimax_m3_fp4_tuned_fmoe.csv:/usr/local/lib/python3.12/dist-packages/aiter/configs/model_configs/minimax_m3_mxfp8_tuned_fmoe.csv:/usr/local/lib/python3.12/dist-packages/aiter/configs/model_configs/qwen3_235b_bf16_tuned_fmoe.csv:/usr/local/lib/python3.12/dist-packages/aiter/configs/model_configs/qwen3_5_397b_fp4_tuned_fmoe.csv:/usr/local/lib/python3.12/dist-packages/aiter/configs/model_configs/qwen3next_80b_fp8_tuned_fmoe.csv
(Worker_TP1 pid=1522044) [aiter] merge tuned file under model_configs/ and configs/ /usr/local/lib/python3.12/dist-packages/aiter/configs/tuned_fmoe.csv:/usr/local/lib/python3.12/dist-packages/aiter/configs/model_configs/a8w8_blockscale_tuned_fmoe_ds_v3.csv:/usr/local/lib/python3.12/dist-packages/aiter/configs/model_configs/a8w8_blockscale_tuned_fmoe_glm5.csv:/usr/local/lib/python3.12/dist-packages/aiter/configs/model_configs/a8w8_blockscale_tuned_fmoe_glm5_1.csv:/usr/local/lib/python3.12/dist-packages/aiter/configs/model_configs/a8w8_blockscale_tuned_fmoe_minimax-m2_5.csv:/usr/local/lib/python3.12/dist-packages/aiter/configs/model_configs/a8w8_blockscale_tuned_fmoe_qwen3_235b.csv:/usr/local/lib/python3.12/dist-packages/aiter/configs/model_configs/a8w8_blockscale_tuned_fmoe_qwen3_5_397b.csv:/usr/local/lib/python3.12/dist-packages/aiter/configs/model_configs/dsv3_fp4_tuned_fmoe.csv:/usr/local/lib/python3.12/dist-packages/aiter/configs/model_configs/dsv4_fp8fp4_tuned_fmoe.csv:/usr/local/lib/python3.12/dist-packages/aiter/configs/model_configs/glm47_fp8_tuned_fmoe.csv:/usr/local/lib/python3.12/dist-packages/aiter/configs/model_configs/glm5_fp4_tuned_fmoe.csv:/usr/local/lib/python3.12/dist-packages/aiter/configs/model_configs/glm5_mxfp8_tuned_fmoe.csv:/usr/local/lib/python3.12/dist-packages/aiter/configs/model_configs/glm5_ptpc_tuned_fmoe.csv:/usr/local/lib/python3.12/dist-packages/aiter/configs/model_configs/gptoss_a16w4_tuned_fmoe.csv:/usr/local/lib/python3.12/dist-packages/aiter/configs/model_configs/gptoss_fp4_tuned_fmoe.csv:/usr/local/lib/python3.12/dist-packages/aiter/configs/model_configs/gptoss_fp8fp4_tuned_fmoe.csv:/usr/local/lib/python3.12/dist-packages/aiter/configs/model_configs/kimik2_fp4_tuned_fmoe.csv:/usr/local/lib/python3.12/dist-packages/aiter/configs/model_configs/kimik2_fp8fp4_tuned_fmoe.csv:/usr/local/lib/python3.12/dist-packages/aiter/configs/model_configs/kimik2_i4_tuned_fmoe.csv:/usr/local/lib/python3.12/dist-packages/aiter/configs/model_configs/kimik3_a8w4_tuned_fmoe.csv:/usr/local/lib/python3.12/dist-packages/aiter/configs/model_configs/kimik3_fp4_tuned_fmoe.csv:/usr/local/lib/python3.12/dist-packages/aiter/configs/model_configs/mimo_v2_5_pro_tuned_fmoe.csv:/usr/local/lib/python3.12/dist-packages/aiter/configs/model_configs/minimax_m25_fp4_tuned_fmoe.csv:/usr/local/lib/python3.12/dist-packages/aiter/configs/model_configs/minimax_m3_fp4_tuned_fmoe.csv:/usr/local/lib/python3.12/dist-packages/aiter/configs/model_configs/minimax_m3_mxfp8_tuned_fmoe.csv:/usr/local/lib/python3.12/dist-packages/aiter/configs/model_configs/qwen3_235b_bf16_tuned_fmoe.csv:/usr/local/lib/python3.12/dist-packages/aiter/configs/model_configs/qwen3_5_397b_fp4_tuned_fmoe.csv:/usr/local/lib/python3.12/dist-packages/aiter/configs/model_configs/qwen3next_80b_fp8_tuned_fmoe.csv
(Worker_TP1 pid=1522044) [aiter] [pid=1522044 pname=VllmWorker-1] waiting for baton release at /tmp/aiter_configs/tuned_fmoe.csv.lock
(Worker_TP0 pid=1522043) [aiter] [fused_moe] duplicate tuned rows after disabling act_type in /tmp/aiter_configs/tuned_fmoe.csv; keeping first match for 449 rows
(Worker_TP0 pid=1522043) [aiter] [fused_moe] using 2stage (kernelName1='flydsl_moe1_afp4_wfp4_bf16_t128x128x256_w3_bnt0_xcd4', kernelName2='flydsl_moe2_afp4_wfp4_bf16_t64x256x256_reduce_xcd4_persist_sbm128') for ('gfx950', 256, 32768, 6144, 768, 129, 5, 'ActivationType.Swiglu', 'torch.bfloat16', 'torch.float4_e2m1fn_x2', 'torch.float4_e2m1fn_x2', 'QuantType.per_1x32', True, False) 
(Worker_TP0 pid=1522043) [aiter] [pid=1522043 pname=VllmWorker-0] waiting for baton release at /tmp/inferencex-minimaxm3-1410/home/.aiter/jit/build/lock_module_moe_sorting_opus
(Worker_TP3 pid=1522046) [aiter] [fused_moe] duplicate tuned rows after disabling act_type in /tmp/aiter_configs/tuned_fmoe.csv; keeping first match for 449 rows
(Worker_TP3 pid=1522046) [aiter] [fused_moe] using 2stage (kernelName1='flydsl_moe1_afp4_wfp4_bf16_t128x128x256_w3_bnt0_xcd4', kernelName2='flydsl_moe2_afp4_wfp4_bf16_t64x256x256_reduce_xcd4_persist_sbm128') for ('gfx950', 256, 32768, 6144, 768, 129, 5, 'ActivationType.Swiglu', 'torch.bfloat16', 'torch.float4_e2m1fn_x2', 'torch.float4_e2m1fn_x2', 'QuantType.per_1x32', True, False) 
(Worker_TP3 pid=1522046) [aiter] [pid=1522046 pname=VllmWorker-3] waiting for baton release at /tmp/inferencex-minimaxm3-1410/home/.aiter/jit/build/lock_module_moe_sorting_opus
(Worker_TP1 pid=1522044) [aiter] [fused_moe] duplicate tuned rows after disabling act_type in /tmp/aiter_configs/tuned_fmoe.csv; keeping first match for 449 rows
(Worker_TP1 pid=1522044) [aiter] [fused_moe] using 2stage (kernelName1='flydsl_moe1_afp4_wfp4_bf16_t128x128x256_w3_bnt0_xcd4', kernelName2='flydsl_moe2_afp4_wfp4_bf16_t64x256x256_reduce_xcd4_persist_sbm128') for ('gfx950', 256, 32768, 6144, 768, 129, 5, 'ActivationType.Swiglu', 'torch.bfloat16', 'torch.float4_e2m1fn_x2', 'torch.float4_e2m1fn_x2', 'QuantType.per_1x32', True, False) 
(Worker_TP1 pid=1522044) [aiter] [pid=1522044 pname=VllmWorker-1] waiting for baton release at /tmp/inferencex-minimaxm3-1410/home/.aiter/jit/build/lock_module_moe_sorting_opus
(Worker_TP2 pid=1522045) [aiter] [pid=1522045 pname=VllmWorker-2] [32mfinish build [module_moe_sorting_opus], cost 6.4s [0m
(Worker_TP2 pid=1522045) [aiter] import [module_moe_sorting_opus] under /tmp/inferencex-minimaxm3-1410/home/.aiter/jit/module_moe_sorting_opus.so
(Worker_TP2 pid=1522045) [aiter] [pid=1522045 pname=VllmWorker-2] start build [module_quant] under /tmp/inferencex-minimaxm3-1410/home/.aiter/jit/build/module_quant
(Worker_TP0 pid=1522043) [aiter] import [module_moe_sorting_opus] under /tmp/inferencex-minimaxm3-1410/home/.aiter/jit/module_moe_sorting_opus.so
(Worker_TP0 pid=1522043) [aiter] [pid=1522043 pname=VllmWorker-0] waiting for baton release at /tmp/inferencex-minimaxm3-1410/home/.aiter/jit/build/lock_module_quant
(Worker_TP1 pid=1522044) [aiter] import [module_moe_sorting_opus] under /tmp/inferencex-minimaxm3-1410/home/.aiter/jit/module_moe_sorting_opus.so
(Worker_TP3 pid=1522046) [aiter] import [module_moe_sorting_opus] under /tmp/inferencex-minimaxm3-1410/home/.aiter/jit/module_moe_sorting_opus.so
(Worker_TP1 pid=1522044) [aiter] [pid=1522044 pname=VllmWorker-1] waiting for baton release at /tmp/inferencex-minimaxm3-1410/home/.aiter/jit/build/lock_module_quant
(Worker_TP3 pid=1522046) [aiter] [pid=1522046 pname=VllmWorker-3] waiting for baton release at /tmp/inferencex-minimaxm3-1410/home/.aiter/jit/build/lock_module_quant
(Worker_TP2 pid=1522045) [aiter] [pid=1522045 pname=VllmWorker-2] [32mfinish build [module_quant], cost 12.4s [0m
(Worker_TP2 pid=1522045) [aiter] import [module_quant] under /tmp/inferencex-minimaxm3-1410/home/.aiter/jit/module_quant.so
(Worker_TP0 pid=1522043) [aiter] import [module_quant] under /tmp/inferencex-minimaxm3-1410/home/.aiter/jit/module_quant.so
(Worker_TP1 pid=1522044) [aiter] import [module_quant] under /tmp/inferencex-minimaxm3-1410/home/.aiter/jit/module_quant.so
(Worker_TP3 pid=1522046) [aiter] import [module_quant] under /tmp/inferencex-minimaxm3-1410/home/.aiter/jit/module_quant.so
(Worker_TP0 pid=1522043) INFO 08-25 18:14:48 [backends.py:1094] Using cache directory: /tmp/inferencex-minimaxm3-1410/home/.cache/vllm/torch_compile_cache/2e32313130/rank_0_0/eagle_head for vLLM's torch.compile
(Worker_TP0 pid=1522043) INFO 08-25 18:14:48 [backends.py:1155] Dynamo bytecode transform time: 0.42 s
(Worker_TP0 pid=1522043) INFO 08-25 18:14:50 [backends.py:378] Cache the graph of compile range (1, 5461) for later use
(Worker_TP0 pid=1522043) INFO 08-25 18:14:51 [backends.py:378] Cache the graph of compile range (5462, 32768) for later use
(Worker_TP0 pid=1522043) INFO 08-25 18:14:52 [backends.py:393] Compiling a graph for compile range (1, 5461) takes 1.12 s
(Worker_TP1 pid=1522044) [aiter] [pid=1522044 pname=VllmWorker-1] start build [module_rmsnorm_quant] under /tmp/inferencex-minimaxm3-1410/home/.aiter/jit/build/module_rmsnorm_quant
(Worker_TP3 pid=1522046) [aiter] [pid=1522046 pname=VllmWorker-3] waiting for baton release at /tmp/inferencex-minimaxm3-1410/home/.aiter/jit/build/lock_module_rmsnorm_quant
(Worker_TP0 pid=1522043) INFO 08-25 18:14:52 [backends.py:393] Compiling a graph for compile range (5462, 32768) takes 1.30 s
(Worker_TP2 pid=1522045) [aiter] [pid=1522045 pname=VllmWorker-2] waiting for baton release at /tmp/inferencex-minimaxm3-1410/home/.aiter/jit/build/lock_module_rmsnorm_quant
(Worker_TP0 pid=1522043) INFO 08-25 18:14:52 [decorators.py:708] saved AOT compiled function to /tmp/inferencex-minimaxm3-1410/home/.cache/vllm/torch_compile_cache/torch_aot_compile/cbd42ce7fa11573ac2c8886f9aff513d6f444cabd0f9ffe0a58ac6ec3b56e01a/rank_0_0/model
(Worker_TP0 pid=1522043) INFO 08-25 18:14:52 [monitor.py:53] torch.compile took 4.66 s in total
(Worker_TP0 pid=1522043) [aiter] [pid=1522043 pname=VllmWorker-0] waiting for baton release at /tmp/inferencex-minimaxm3-1410/home/.aiter/jit/build/lock_module_rmsnorm_quant
(Worker_TP1 pid=1522044) [aiter] Current hipcc not support: -mllvm -amdgpu-coerce-illegal-types=1, skip it.
(EngineCore pid=1521766) INFO 08-25 18:15:02 [shm_broadcast.py:802] No available shared memory broadcast block found in 60 seconds. This typically happens when some processes are hanging or doing some time-consuming work (e.g. compilation, weight/kv cache quantization).
(Worker_TP1 pid=1522044) [aiter] [pid=1522044 pname=VllmWorker-1] [32mfinish build [module_rmsnorm_quant], cost 33.3s [0m
(Worker_TP1 pid=1522044) [aiter] import [module_rmsnorm_quant] under /tmp/inferencex-minimaxm3-1410/home/.aiter/jit/module_rmsnorm_quant.so
(Worker_TP3 pid=1522046) [aiter] import [module_rmsnorm_quant] under /tmp/inferencex-minimaxm3-1410/home/.aiter/jit/module_rmsnorm_quant.so
(Worker_TP2 pid=1522045) [aiter] import [module_rmsnorm_quant] under /tmp/inferencex-minimaxm3-1410/home/.aiter/jit/module_rmsnorm_quant.so
(Worker_TP1 pid=1522044) [aiter] shape is M:32768, N:2304, K:12288 dtype='torch.bfloat16' otype='torch.bfloat16' bias=False, scaleAB=False, bpreshuffle=False, not found tuned config in /tmp/aiter_configs/bf16_tuned_gemm.csv, will use default config! using torch solution:0
(Worker_TP3 pid=1522046) [aiter] shape is M:32768, N:2304, K:12288 dtype='torch.bfloat16' otype='torch.bfloat16' bias=False, scaleAB=False, bpreshuffle=False, not found tuned config in /tmp/aiter_configs/bf16_tuned_gemm.csv, will use default config! using torch solution:0
(Worker_TP1 pid=1522044) [aiter] type hints mismatch, override to --> static_per_tensor_quant(arg0: aiter_tensor_t, arg1: aiter_tensor_t, arg2: aiter_tensor_t) -> None
(Worker_TP3 pid=1522046) [aiter] type hints mismatch, override to --> static_per_tensor_quant(arg0: aiter_tensor_t, arg1: aiter_tensor_t, arg2: aiter_tensor_t) -> None
(Worker_TP2 pid=1522045) [aiter] shape is M:32768, N:2304, K:12288 dtype='torch.bfloat16' otype='torch.bfloat16' bias=False, scaleAB=False, bpreshuffle=False, not found tuned config in /tmp/aiter_configs/bf16_tuned_gemm.csv, will use default config! using torch solution:0
(Worker_TP0 pid=1522043) [aiter] import [module_rmsnorm_quant] under /tmp/inferencex-minimaxm3-1410/home/.aiter/jit/module_rmsnorm_quant.so
(Worker_TP2 pid=1522045) [aiter] type hints mismatch, override to --> static_per_tensor_quant(arg0: aiter_tensor_t, arg1: aiter_tensor_t, arg2: aiter_tensor_t) -> None
(Worker_TP0 pid=1522043) [aiter] shape is M:32768, N:2304, K:12288 dtype='torch.bfloat16' otype='torch.bfloat16' bias=False, scaleAB=False, bpreshuffle=False, not found tuned config in /tmp/aiter_configs/bf16_tuned_gemm.csv, will use default config! using torch solution:0
(Worker_TP0 pid=1522043) [aiter] type hints mismatch, override to --> static_per_tensor_quant(arg0: aiter_tensor_t, arg1: aiter_tensor_t, arg2: aiter_tensor_t) -> None
(Worker_TP0 pid=1522043) INFO 08-25 18:15:25 [monitor.py:81] Initial profiling/warmup run took 33.46 s
(Worker_TP2 pid=1522045) [aiter] compile_template_op func_name = 'top_k_top_p_sampling_from_probs_51f5779b2644c0a61347d39ea3295db7' with {'src_template': <Template memory:7583c4570a40>, 'md_name': 'top_k_top_p_sampling_from_probs', 'includes': ['/shared/data/R7N/andy_luo_3v7/minimaxm3-agentx/overlays/aiter-sparse-indexer-cache-fusion-545d97c-266922c/csrc/cpp_itfs/utils.h', '/shared/data/R7N/andy_luo_3v7/minimaxm3-agentx/overlays/aiter-sparse-indexer-cache-fusion-545d97c-266922c/csrc/cpp_itfs/sampling/sampling.cuh', '/shared/data/R7N/andy_luo_3v7/minimaxm3-agentx/overlays/aiter-sparse-indexer-cache-fusion-545d97c-266922c/csrc/cpp_itfs/sampling/vec_dtypes.cuh'], 'sources': [], 'cxxflags': [], 'func_name': 'top_k_top_p_sampling_from_probs_51f5779b2644c0a61347d39ea3295db7', 'folder': 'top_k_top_p_sampling_from_probs_51f5779b2644c0a61347d39ea3295db7', 'kwargs': OrderedDict({'vec_size': 4, 'deterministic': True})}...
(Worker_TP3 pid=1522046) [aiter] compile_template_op func_name = 'top_k_top_p_sampling_from_probs_51f5779b2644c0a61347d39ea3295db7' with {'src_template': <Template memory:712248486510>, 'md_name': 'top_k_top_p_sampling_from_probs', 'includes': ['/shared/data/R7N/andy_luo_3v7/minimaxm3-agentx/overlays/aiter-sparse-indexer-cache-fusion-545d97c-266922c/csrc/cpp_itfs/utils.h', '/shared/data/R7N/andy_luo_3v7/minimaxm3-agentx/overlays/aiter-sparse-indexer-cache-fusion-545d97c-266922c/csrc/cpp_itfs/sampling/sampling.cuh', '/shared/data/R7N/andy_luo_3v7/minimaxm3-agentx/overlays/aiter-sparse-indexer-cache-fusion-545d97c-266922c/csrc/cpp_itfs/sampling/vec_dtypes.cuh'], 'sources': [], 'cxxflags': [], 'func_name': 'top_k_top_p_sampling_from_probs_51f5779b2644c0a61347d39ea3295db7', 'folder': 'top_k_top_p_sampling_from_probs_51f5779b2644c0a61347d39ea3295db7', 'kwargs': OrderedDict({'vec_size': 4, 'deterministic': True})}...
(Worker_TP3 pid=1522046) [aiter] [pid=1522046 pname=VllmWorker-3] waiting for baton release at /tmp/inferencex-minimaxm3-1410/home/.aiter/build/top_k_top_p_sampling_from_probs_51f5779b2644c0a61347d39ea3295db7/lock
(Worker_TP2 pid=1522045) [aiter] start build /tmp/inferencex-minimaxm3-1410/home/.aiter/build/top_k_top_p_sampling_from_probs_51f5779b2644c0a61347d39ea3295db7
(Worker_TP1 pid=1522044) [aiter] compile_template_op func_name = 'top_k_top_p_sampling_from_probs_51f5779b2644c0a61347d39ea3295db7' with {'src_template': <Template memory:7ba291837920>, 'md_name': 'top_k_top_p_sampling_from_probs', 'includes': ['/shared/data/R7N/andy_luo_3v7/minimaxm3-agentx/overlays/aiter-sparse-indexer-cache-fusion-545d97c-266922c/csrc/cpp_itfs/utils.h', '/shared/data/R7N/andy_luo_3v7/minimaxm3-agentx/overlays/aiter-sparse-indexer-cache-fusion-545d97c-266922c/csrc/cpp_itfs/sampling/sampling.cuh', '/shared/data/R7N/andy_luo_3v7/minimaxm3-agentx/overlays/aiter-sparse-indexer-cache-fusion-545d97c-266922c/csrc/cpp_itfs/sampling/vec_dtypes.cuh'], 'sources': [], 'cxxflags': [], 'func_name': 'top_k_top_p_sampling_from_probs_51f5779b2644c0a61347d39ea3295db7', 'folder': 'top_k_top_p_sampling_from_probs_51f5779b2644c0a61347d39ea3295db7', 'kwargs': OrderedDict({'vec_size': 4, 'deterministic': True})}...
(Worker_TP0 pid=1522043) [aiter] compile_template_op func_name = 'top_k_top_p_sampling_from_probs_51f5779b2644c0a61347d39ea3295db7' with {'src_template': <Template memory:70514119cd40>, 'md_name': 'top_k_top_p_sampling_from_probs', 'includes': ['/shared/data/R7N/andy_luo_3v7/minimaxm3-agentx/overlays/aiter-sparse-indexer-cache-fusion-545d97c-266922c/csrc/cpp_itfs/utils.h', '/shared/data/R7N/andy_luo_3v7/minimaxm3-agentx/overlays/aiter-sparse-indexer-cache-fusion-545d97c-266922c/csrc/cpp_itfs/sampling/sampling.cuh', '/shared/data/R7N/andy_luo_3v7/minimaxm3-agentx/overlays/aiter-sparse-indexer-cache-fusion-545d97c-266922c/csrc/cpp_itfs/sampling/vec_dtypes.cuh'], 'sources': [], 'cxxflags': [], 'func_name': 'top_k_top_p_sampling_from_probs_51f5779b2644c0a61347d39ea3295db7', 'folder': 'top_k_top_p_sampling_from_probs_51f5779b2644c0a61347d39ea3295db7', 'kwargs': OrderedDict({'vec_size': 4, 'deterministic': True})}...
(Worker_TP0 pid=1522043) [aiter] [pid=1522043 pname=VllmWorker-0] waiting for baton release at /tmp/inferencex-minimaxm3-1410/home/.aiter/build/top_k_top_p_sampling_from_probs_51f5779b2644c0a61347d39ea3295db7/lock
(Worker_TP1 pid=1522044) [aiter] [pid=1522044 pname=VllmWorker-1] waiting for baton release at /tmp/inferencex-minimaxm3-1410/home/.aiter/build/top_k_top_p_sampling_from_probs_51f5779b2644c0a61347d39ea3295db7/lock
clang (LLVM option parsing): Unknown command line argument '-amdgpu-coerce-illegal-types=1'.  Try: 'clang (LLVM option parsing) --help'
clang (LLVM option parsing): Did you mean '--amdgpu-mode-register=1'?
failed to execute:/opt/rocm/lib/llvm/bin/clang++  --offload-arch=gfx950 --offload-arch=gfx950 --offload-arch=gfx950 --offload-arch=gfx950 --offload-arch=gfx950 --offload-arch=gfx950 --offload-arch=gfx950 --offload-arch=gfx950 -O3  -mllvm -amdgpu-coerce-illegal-types=1 -x hip -c /dev/null -o "/dev/null"
(Worker_TP2 pid=1522045) [aiter] -mllvm -amdgpu-coerce-illegal-types=1 is not supported by hipcc.
(Worker_TP2 pid=1522045) [aiter] finish build /tmp/inferencex-minimaxm3-1410/home/.aiter/build/top_k_top_p_sampling_from_probs_51f5779b2644c0a61347d39ea3295db7, cost 15.49318688s
(Worker_TP0 pid=1522043) WARNING 08-25 18:15:42 [topk_topp_sampler.py:240] aiter sampler does not support per-request generators; falling back to PyTorch-native.
(Worker_TP2 pid=1522045) INFO 08-25 18:15:45 [gpu_model_runner.py:6681] Profiling CUDA graph memory: PIECEWISE=48 (largest=500), FULL=48 (largest=500)
(Worker_TP1 pid=1522044) INFO 08-25 18:15:46 [gpu_model_runner.py:6681] Profiling CUDA graph memory: PIECEWISE=48 (largest=500), FULL=48 (largest=500)
(Worker_TP0 pid=1522043) INFO 08-25 18:15:46 [gpu_model_runner.py:6681] Profiling CUDA graph memory: PIECEWISE=48 (largest=500), FULL=48 (largest=500)
(Worker_TP3 pid=1522046) INFO 08-25 18:15:46 [gpu_model_runner.py:6681] Profiling CUDA graph memory: PIECEWISE=48 (largest=500), FULL=48 (largest=500)
(Worker_TP2 pid=1522045) [aiter] [pid=1522045 pname=VllmWorker-2] start build [module_minimax_m3_fused_qknorm_rope_cache_shuffle] under /tmp/inferencex-minimaxm3-1410/home/.aiter/jit/build/module_minimax_m3_fused_qknorm_rope_cache_shuffle
(Worker_TP3 pid=1522046) [aiter] [pid=1522046 pname=VllmWorker-3] waiting for baton release at /tmp/inferencex-minimaxm3-1410/home/.aiter/jit/build/lock_module_minimax_m3_fused_qknorm_rope_cache_shuffle
(Worker_TP0 pid=1522043) [aiter] [pid=1522043 pname=VllmWorker-0] waiting for baton release at /tmp/inferencex-minimaxm3-1410/home/.aiter/jit/build/lock_module_minimax_m3_fused_qknorm_rope_cache_shuffle
(Worker_TP1 pid=1522044) [aiter] [pid=1522044 pname=VllmWorker-1] waiting for baton release at /tmp/inferencex-minimaxm3-1410/home/.aiter/jit/build/lock_module_minimax_m3_fused_qknorm_rope_cache_shuffle
(Worker_TP2 pid=1522045) [aiter] [pid=1522045 pname=VllmWorker-2] [32mfinish build [module_minimax_m3_fused_qknorm_rope_cache_shuffle], cost 5.6s [0m
(Worker_TP2 pid=1522045) [aiter] import [module_minimax_m3_fused_qknorm_rope_cache_shuffle] under /tmp/inferencex-minimaxm3-1410/home/.aiter/jit/module_minimax_m3_fused_qknorm_rope_cache_shuffle.so
(Worker_TP2 pid=1522045) [aiter] shape is M:500, N:128, K:6144 dtype='torch.float32' otype='torch.float32' bias=False, scaleAB=False, bpreshuffle=False, not found tuned config in /tmp/aiter_configs/bf16_tuned_gemm.csv, will use default config! using torch solution:0
(Worker_TP2 pid=1522045) [aiter] [fused_moe] using 2stage (kernelName1='flydsl_moe1_afp4_wfp4_bf16_t32x128x256_w2_fp4', kernelName2='flydsl_moe2_afp4_wfp4_bf16_t32x128x256_atomic_persist') for ('gfx950', 256, 512, 6144, 768, 129, 5, 'ActivationType.Swiglu', 'torch.bfloat16', 'torch.float4_e2m1fn_x2', 'torch.float4_e2m1fn_x2', 'QuantType.per_1x32', True, False) 
(Worker_TP3 pid=1522046) [aiter] import [module_minimax_m3_fused_qknorm_rope_cache_shuffle] under /tmp/inferencex-minimaxm3-1410/home/.aiter/jit/module_minimax_m3_fused_qknorm_rope_cache_shuffle.so
(Worker_TP3 pid=1522046) [aiter] shape is M:500, N:128, K:6144 dtype='torch.float32' otype='torch.float32' bias=False, scaleAB=False, bpreshuffle=False, not found tuned config in /tmp/aiter_configs/bf16_tuned_gemm.csv, will use default config! using torch solution:0
(Worker_TP3 pid=1522046) [aiter] [fused_moe] using 2stage (kernelName1='flydsl_moe1_afp4_wfp4_bf16_t32x128x256_w2_fp4', kernelName2='flydsl_moe2_afp4_wfp4_bf16_t32x128x256_atomic_persist') for ('gfx950', 256, 512, 6144, 768, 129, 5, 'ActivationType.Swiglu', 'torch.bfloat16', 'torch.float4_e2m1fn_x2', 'torch.float4_e2m1fn_x2', 'QuantType.per_1x32', True, False) 
(Worker_TP0 pid=1522043) [aiter] import [module_minimax_m3_fused_qknorm_rope_cache_shuffle] under /tmp/inferencex-minimaxm3-1410/home/.aiter/jit/module_minimax_m3_fused_qknorm_rope_cache_shuffle.so
(Worker_TP1 pid=1522044) [aiter] import [module_minimax_m3_fused_qknorm_rope_cache_shuffle] under /tmp/inferencex-minimaxm3-1410/home/.aiter/jit/module_minimax_m3_fused_qknorm_rope_cache_shuffle.so
(Worker_TP0 pid=1522043) [aiter] shape is M:500, N:128, K:6144 dtype='torch.float32' otype='torch.float32' bias=False, scaleAB=False, bpreshuffle=False, not found tuned config in /tmp/aiter_configs/bf16_tuned_gemm.csv, will use default config! using torch solution:0
(Worker_TP0 pid=1522043) [aiter] [fused_moe] using 2stage (kernelName1='flydsl_moe1_afp4_wfp4_bf16_t32x128x256_w2_fp4', kernelName2='flydsl_moe2_afp4_wfp4_bf16_t32x128x256_atomic_persist') for ('gfx950', 256, 512, 6144, 768, 129, 5, 'ActivationType.Swiglu', 'torch.bfloat16', 'torch.float4_e2m1fn_x2', 'torch.float4_e2m1fn_x2', 'QuantType.per_1x32', True, False) 
(Worker_TP1 pid=1522044) [aiter] shape is M:500, N:128, K:6144 dtype='torch.float32' otype='torch.float32' bias=False, scaleAB=False, bpreshuffle=False, not found tuned config in /tmp/aiter_configs/bf16_tuned_gemm.csv, will use default config! using torch solution:0
(Worker_TP1 pid=1522044) [aiter] [fused_moe] using 2stage (kernelName1='flydsl_moe1_afp4_wfp4_bf16_t32x128x256_w2_fp4', kernelName2='flydsl_moe2_afp4_wfp4_bf16_t32x128x256_atomic_persist') for ('gfx950', 256, 512, 6144, 768, 129, 5, 'ActivationType.Swiglu', 'torch.bfloat16', 'torch.float4_e2m1fn_x2', 'torch.float4_e2m1fn_x2', 'QuantType.per_1x32', True, False) 
(Worker_TP2 pid=1522045) [aiter] shape is M:500, N:2304, K:12288 dtype='torch.bfloat16' otype='torch.bfloat16' bias=False, scaleAB=False, bpreshuffle=False, not found tuned config in /tmp/aiter_configs/bf16_tuned_gemm.csv, will use default config! using torch solution:0
(Worker_TP3 pid=1522046) [aiter] shape is M:500, N:2304, K:12288 dtype='torch.bfloat16' otype='torch.bfloat16' bias=False, scaleAB=False, bpreshuffle=False, not found tuned config in /tmp/aiter_configs/bf16_tuned_gemm.csv, will use default config! using torch solution:0
(Worker_TP0 pid=1522043) [aiter] shape is M:500, N:2304, K:12288 dtype='torch.bfloat16' otype='torch.bfloat16' bias=False, scaleAB=False, bpreshuffle=False, not found tuned config in /tmp/aiter_configs/bf16_tuned_gemm.csv, will use default config! using torch solution:0
(Worker_TP1 pid=1522044) [aiter] shape is M:500, N:2304, K:12288 dtype='torch.bfloat16' otype='torch.bfloat16' bias=False, scaleAB=False, bpreshuffle=False, not found tuned config in /tmp/aiter_configs/bf16_tuned_gemm.csv, will use default config! using torch solution:0
(Worker_TP2 pid=1522045) [aiter] shape is M:480, N:128, K:6144 dtype='torch.float32' otype='torch.float32' bias=False, scaleAB=False, bpreshuffle=False, not found tuned config in /tmp/aiter_configs/bf16_tuned_gemm.csv, will use default config! using torch solution:0
(Worker_TP2 pid=1522045) [aiter] shape is M:480, N:2304, K:12288 dtype='torch.bfloat16' otype='torch.bfloat16' bias=False, scaleAB=False, bpreshuffle=False, not found tuned config in /tmp/aiter_configs/bf16_tuned_gemm.csv, will use default config! using torch solution:0
(Worker_TP3 pid=1522046) [aiter] shape is M:480, N:128, K:6144 dtype='torch.float32' otype='torch.float32' bias=False, scaleAB=False, bpreshuffle=False, not found tuned config in /tmp/aiter_configs/bf16_tuned_gemm.csv, will use default config! using torch solution:0
(Worker_TP3 pid=1522046) [aiter] shape is M:480, N:2304, K:12288 dtype='torch.bfloat16' otype='torch.bfloat16' bias=False, scaleAB=False, bpreshuffle=False, not found tuned config in /tmp/aiter_configs/bf16_tuned_gemm.csv, will use default config! using torch solution:0
(Worker_TP0 pid=1522043) [aiter] shape is M:480, N:128, K:6144 dtype='torch.float32' otype='torch.float32' bias=False, scaleAB=False, bpreshuffle=False, not found tuned config in /tmp/aiter_configs/bf16_tuned_gemm.csv, will use default config! using torch solution:0
(Worker_TP1 pid=1522044) [aiter] shape is M:480, N:128, K:6144 dtype='torch.float32' otype='torch.float32' bias=False, scaleAB=False, bpreshuffle=False, not found tuned config in /tmp/aiter_configs/bf16_tuned_gemm.csv, will use default config! using torch solution:0
(Worker_TP0 pid=1522043) [aiter] shape is M:480, N:2304, K:12288 dtype='torch.bfloat16' otype='torch.bfloat16' bias=False, scaleAB=False, bpreshuffle=False, not found tuned config in /tmp/aiter_configs/bf16_tuned_gemm.csv, will use default config! using torch solution:0
(Worker_TP1 pid=1522044) [aiter] shape is M:480, N:2304, K:12288 dtype='torch.bfloat16' otype='torch.bfloat16' bias=False, scaleAB=False, bpreshuffle=False, not found tuned config in /tmp/aiter_configs/bf16_tuned_gemm.csv, will use default config! using torch solution:0
(Worker_TP2 pid=1522045) [aiter] compile_template_op func_name = 'pa_ps_a326c53e1b25c0f509d02cae5ec55dd0' with {'src_template': <Template memory:75ac7f93a510>, 'md_name': 'pa_ps', 'includes': ['/shared/data/R7N/andy_luo_3v7/minimaxm3-agentx/overlays/aiter-sparse-indexer-cache-fusion-545d97c-266922c/csrc/cpp_itfs/pa/pa_ps.cuh'], 'sources': [], 'cxxflags': [], 'func_name': 'pa_ps_a326c53e1b25c0f509d02cae5ec55dd0', 'folder': 'pa_ps_a326c53e1b25c0f509d02cae5ec55dd0', 'kwargs': OrderedDict({'head_size': 128, 'query_group_size': 16, 'context_partition_num': 2, 'out_dtype': '__hip_bfloat16', 'logits_dtype': '__hip_bfloat16', 'sink_dtype': '__hip_bfloat16', 'use_sinks': False})}...
(Worker_TP2 pid=1522045) [aiter] start build /tmp/inferencex-minimaxm3-1410/home/.aiter/build/pa_ps_a326c53e1b25c0f509d02cae5ec55dd0
(Worker_TP3 pid=1522046) [aiter] compile_template_op func_name = 'pa_ps_a326c53e1b25c0f509d02cae5ec55dd0' with {'src_template': <Template memory:713b07523620>, 'md_name': 'pa_ps', 'includes': ['/shared/data/R7N/andy_luo_3v7/minimaxm3-agentx/overlays/aiter-sparse-indexer-cache-fusion-545d97c-266922c/csrc/cpp_itfs/pa/pa_ps.cuh'], 'sources': [], 'cxxflags': [], 'func_name': 'pa_ps_a326c53e1b25c0f509d02cae5ec55dd0', 'folder': 'pa_ps_a326c53e1b25c0f509d02cae5ec55dd0', 'kwargs': OrderedDict({'head_size': 128, 'query_group_size': 16, 'context_partition_num': 2, 'out_dtype': '__hip_bfloat16', 'logits_dtype': '__hip_bfloat16', 'sink_dtype': '__hip_bfloat16', 'use_sinks': False})}...
(Worker_TP3 pid=1522046) [aiter] [pid=1522046 pname=VllmWorker-3] waiting for baton release at /tmp/inferencex-minimaxm3-1410/home/.aiter/build/pa_ps_a326c53e1b25c0f509d02cae5ec55dd0/lock
(Worker_TP0 pid=1522043) [aiter] compile_template_op func_name = 'pa_ps_a326c53e1b25c0f509d02cae5ec55dd0' with {'src_template': <Template memory:7079ef804bf0>, 'md_name': 'pa_ps', 'includes': ['/shared/data/R7N/andy_luo_3v7/minimaxm3-agentx/overlays/aiter-sparse-indexer-cache-fusion-545d97c-266922c/csrc/cpp_itfs/pa/pa_ps.cuh'], 'sources': [], 'cxxflags': [], 'func_name': 'pa_ps_a326c53e1b25c0f509d02cae5ec55dd0', 'folder': 'pa_ps_a326c53e1b25c0f509d02cae5ec55dd0', 'kwargs': OrderedDict({'head_size': 128, 'query_group_size': 16, 'context_partition_num': 2, 'out_dtype': '__hip_bfloat16', 'logits_dtype': '__hip_bfloat16', 'sink_dtype': '__hip_bfloat16', 'use_sinks': False})}...
(Worker_TP0 pid=1522043) [aiter] [pid=1522043 pname=VllmWorker-0] waiting for baton release at /tmp/inferencex-minimaxm3-1410/home/.aiter/build/pa_ps_a326c53e1b25c0f509d02cae5ec55dd0/lock
(Worker_TP1 pid=1522044) [aiter] compile_template_op func_name = 'pa_ps_a326c53e1b25c0f509d02cae5ec55dd0' with {'src_template': <Template memory:7bbb4f4ddeb0>, 'md_name': 'pa_ps', 'includes': ['/shared/data/R7N/andy_luo_3v7/minimaxm3-agentx/overlays/aiter-sparse-indexer-cache-fusion-545d97c-266922c/csrc/cpp_itfs/pa/pa_ps.cuh'], 'sources': [], 'cxxflags': [], 'func_name': 'pa_ps_a326c53e1b25c0f509d02cae5ec55dd0', 'folder': 'pa_ps_a326c53e1b25c0f509d02cae5ec55dd0', 'kwargs': OrderedDict({'head_size': 128, 'query_group_size': 16, 'context_partition_num': 2, 'out_dtype': '__hip_bfloat16', 'logits_dtype': '__hip_bfloat16', 'sink_dtype': '__hip_bfloat16', 'use_sinks': False})}...
(Worker_TP1 pid=1522044) [aiter] [pid=1522044 pname=VllmWorker-1] waiting for baton release at /tmp/inferencex-minimaxm3-1410/home/.aiter/build/pa_ps_a326c53e1b25c0f509d02cae5ec55dd0/lock
(Worker_TP2 pid=1522045) [aiter] finish build /tmp/inferencex-minimaxm3-1410/home/.aiter/build/pa_ps_a326c53e1b25c0f509d02cae5ec55dd0, cost 1.73947750s
(Worker_TP3 pid=1522046) [aiter] Registering 248 cuda graph addresses
(Worker_TP1 pid=1522044) [aiter] Registering 248 cuda graph addresses
(Worker_TP0 pid=1522043) [aiter] Registering 248 cuda graph addresses
(Worker_TP2 pid=1522045) [aiter] Registering 248 cuda graph addresses
(Worker_TP3 pid=1522046) INFO 08-25 18:15:57 [gpu_model_runner.py:6806] Estimated CUDA graph memory: 2.31 GiB total
(Worker_TP3 pid=1522046) INFO 08-25 18:15:57 [gpu_worker.py:578] CUDA graph memory profiling is enabled (default since v0.21.0). The current --gpu-memory-utilization=0.8500 is equivalent to --gpu-memory-utilization=0.8420 without CUDA graph memory profiling. To maintain the same effective KV cache size as before, increase --gpu-memory-utilization to 0.8580. To disable, set VLLM_MEMORY_PROFILER_ESTIMATE_CUDAGRAPHS=0.
(Worker_TP0 pid=1522043) INFO 08-25 18:15:57 [gpu_model_runner.py:6806] Estimated CUDA graph memory: 2.31 GiB total
(Worker_TP0 pid=1522043) INFO 08-25 18:15:57 [gpu_worker.py:563] Available KV cache memory: 174.78 GiB
(Worker_TP0 pid=1522043) INFO 08-25 18:15:57 [gpu_worker.py:578] CUDA graph memory profiling is enabled (default since v0.21.0). The current --gpu-memory-utilization=0.8500 is equivalent to --gpu-memory-utilization=0.8420 without CUDA graph memory profiling. To maintain the same effective KV cache size as before, increase --gpu-memory-utilization to 0.8580. To disable, set VLLM_MEMORY_PROFILER_ESTIMATE_CUDAGRAPHS=0.
(Worker_TP1 pid=1522044) INFO 08-25 18:15:57 [gpu_model_runner.py:6806] Estimated CUDA graph memory: 2.31 GiB total
(Worker_TP1 pid=1522044) INFO 08-25 18:15:57 [gpu_worker.py:578] CUDA graph memory profiling is enabled (default since v0.21.0). The current --gpu-memory-utilization=0.8500 is equivalent to --gpu-memory-utilization=0.8420 without CUDA graph memory profiling. To maintain the same effective KV cache size as before, increase --gpu-memory-utilization to 0.8580. To disable, set VLLM_MEMORY_PROFILER_ESTIMATE_CUDAGRAPHS=0.
(Worker_TP2 pid=1522045) INFO 08-25 18:15:58 [gpu_model_runner.py:6806] Estimated CUDA graph memory: 2.31 GiB total
(Worker_TP2 pid=1522045) INFO 08-25 18:15:58 [gpu_worker.py:578] CUDA graph memory profiling is enabled (default since v0.21.0). The current --gpu-memory-utilization=0.8500 is equivalent to --gpu-memory-utilization=0.8420 without CUDA graph memory profiling. To maintain the same effective KV cache size as before, increase --gpu-memory-utilization to 0.8580. To disable, set VLLM_MEMORY_PROFILER_ESTIMATE_CUDAGRAPHS=0.
(EngineCore pid=1521766) INFO 08-25 18:15:58 [kv_cache_utils.py:2235] GPU KV cache size: 8,184,960 tokens
(EngineCore pid=1521766) INFO 08-25 18:15:58 [kv_cache_utils.py:2236] Maximum concurrency for 1,048,576 tokens per request: 7.81x
(Worker_TP0 pid=1522043) INFO 08-25 18:15:58 [factory.py:62] Creating v1 connector with name: SimpleCPUOffloadConnector and engine_id: da6cfba7-e9ff-4429-a40e-d8d0f3065092
(Worker_TP0 pid=1522043) WARNING 08-25 18:15:58 [base.py:202] Initializing KVConnectorBase_V1. This API is experimental and subject to change in the future as we iterate the design.
(Worker_TP1 pid=1522044) INFO 08-25 18:15:58 [factory.py:62] Creating v1 connector with name: SimpleCPUOffloadConnector and engine_id: da6cfba7-e9ff-4429-a40e-d8d0f3065092
(Worker_TP0 pid=1522043) INFO 08-25 18:15:58 [simple_cpu_offload_connector.py:95] SimpleCPUOffloadConnector: role=WORKER, per_rank=374.75 GB, world_size=4, mode=lazy
(Worker_TP1 pid=1522044) WARNING 08-25 18:15:58 [base.py:202] Initializing KVConnectorBase_V1. This API is experimental and subject to change in the future as we iterate the design.
(Worker_TP1 pid=1522044) INFO 08-25 18:15:58 [simple_cpu_offload_connector.py:95] SimpleCPUOffloadConnector: role=WORKER, per_rank=374.75 GB, world_size=4, mode=lazy
(Worker_TP3 pid=1522046) INFO 08-25 18:15:58 [factory.py:62] Creating v1 connector with name: SimpleCPUOffloadConnector and engine_id: da6cfba7-e9ff-4429-a40e-d8d0f3065092
(Worker_TP3 pid=1522046) WARNING 08-25 18:15:58 [base.py:202] Initializing KVConnectorBase_V1. This API is experimental and subject to change in the future as we iterate the design.
(Worker_TP2 pid=1522045) INFO 08-25 18:15:58 [factory.py:62] Creating v1 connector with name: SimpleCPUOffloadConnector and engine_id: da6cfba7-e9ff-4429-a40e-d8d0f3065092
(Worker_TP3 pid=1522046) INFO 08-25 18:15:58 [simple_cpu_offload_connector.py:95] SimpleCPUOffloadConnector: role=WORKER, per_rank=374.75 GB, world_size=4, mode=lazy
(Worker_TP2 pid=1522045) WARNING 08-25 18:15:58 [base.py:202] Initializing KVConnectorBase_V1. This API is experimental and subject to change in the future as we iterate the design.
(Worker_TP2 pid=1522045) INFO 08-25 18:15:58 [simple_cpu_offload_connector.py:95] SimpleCPUOffloadConnector: role=WORKER, per_rank=374.75 GB, world_size=4, mode=lazy
(Worker_TP3 pid=1522046) INFO 08-25 18:15:58 [worker.py:148] SimpleCPUOffloadWorker: 175 unique GPU KV tensors, allocating 137204 CPU blocks (374.75 GB)
(Worker_TP2 pid=1522045) INFO 08-25 18:15:58 [worker.py:148] SimpleCPUOffloadWorker: 175 unique GPU KV tensors, allocating 137204 CPU blocks (374.75 GB)
(Worker_TP0 pid=1522043) INFO 08-25 18:15:58 [worker.py:148] SimpleCPUOffloadWorker: 175 unique GPU KV tensors, allocating 137204 CPU blocks (374.75 GB)
(Worker_TP1 pid=1522044) INFO 08-25 18:15:58 [worker.py:148] SimpleCPUOffloadWorker: 175 unique GPU KV tensors, allocating 137204 CPU blocks (374.75 GB)
(Worker_TP1 pid=1522044) INFO 08-25 18:16:47 [gpu_worker.py:707] Compile and warming up model for size 32768
(Worker_TP2 pid=1522045) INFO 08-25 18:16:47 [gpu_worker.py:707] Compile and warming up model for size 32768
(Worker_TP3 pid=1522046) INFO 08-25 18:16:47 [gpu_worker.py:707] Compile and warming up model for size 32768
(Worker_TP0 pid=1522043) INFO 08-25 18:16:47 [gpu_worker.py:707] Compile and warming up model for size 32768
(Worker_TP1 pid=1522044) INFO 08-25 18:16:48 [ll_bf16.py:30] cuteDSL (CUTLASS Python) not available, ll_bf16_gemm disabled
(Worker_TP2 pid=1522045) INFO 08-25 18:16:48 [ll_bf16.py:30] cuteDSL (CUTLASS Python) not available, ll_bf16_gemm disabled
(Worker_TP3 pid=1522046) INFO 08-25 18:16:48 [ll_bf16.py:30] cuteDSL (CUTLASS Python) not available, ll_bf16_gemm disabled
(Worker_TP1 pid=1522044) INFO 08-25 18:16:48 [minimax_m3_msa_warmup.py:455] Warming MiniMax M3 ROCm AgentX dynamic kernels in-process.
(Worker_TP1 pid=1522044) INFO 08-25 18:16:48 [minimax_m3_msa_warmup.py:225] Warming 128 MiniMax M3 AITER unified-attention configurations twice.
(Worker_TP2 pid=1522045) INFO 08-25 18:16:48 [minimax_m3_msa_warmup.py:455] Warming MiniMax M3 ROCm AgentX dynamic kernels in-process.
(Worker_TP2 pid=1522045) INFO 08-25 18:16:48 [minimax_m3_msa_warmup.py:225] Warming 128 MiniMax M3 AITER unified-attention configurations twice.
(Worker_TP3 pid=1522046) INFO 08-25 18:16:48 [minimax_m3_msa_warmup.py:455] Warming MiniMax M3 ROCm AgentX dynamic kernels in-process.
(Worker_TP3 pid=1522046) INFO 08-25 18:16:48 [minimax_m3_msa_warmup.py:225] Warming 128 MiniMax M3 AITER unified-attention configurations twice.
(Worker_TP0 pid=1522043) INFO 08-25 18:16:48 [ll_bf16.py:30] cuteDSL (CUTLASS Python) not available, ll_bf16_gemm disabled
(Worker_TP0 pid=1522043) INFO 08-25 18:16:48 [minimax_m3_msa_warmup.py:455] Warming MiniMax M3 ROCm AgentX dynamic kernels in-process.
(Worker_TP0 pid=1522043) INFO 08-25 18:16:48 [minimax_m3_msa_warmup.py:225] Warming 128 MiniMax M3 AITER unified-attention configurations twice.
(Worker_TP3 pid=1522046) INFO 08-25 18:17:14 [minimax_m3_msa_warmup.py:346] Warming MiniMax M3 AITER sparse paged-attention prefills (32, 818, 820) with int32 context offsets (0, 1, 2, 3) twice.
(Worker_TP3 pid=1522046) [aiter] compile_template_op func_name = 'pa_ps_a55a84d8af60d1de6986294da4009911' with {'src_template': <Template memory:713b07523620>, 'md_name': 'pa_ps', 'includes': ['/shared/data/R7N/andy_luo_3v7/minimaxm3-agentx/overlays/aiter-sparse-indexer-cache-fusion-545d97c-266922c/csrc/cpp_itfs/pa/pa_ps.cuh'], 'sources': [], 'cxxflags': [], 'func_name': 'pa_ps_a55a84d8af60d1de6986294da4009911', 'folder': 'pa_ps_a55a84d8af60d1de6986294da4009911', 'kwargs': OrderedDict({'head_size': 128, 'query_group_size': 16, 'context_partition_num': 8, 'out_dtype': '__hip_bfloat16', 'logits_dtype': '__hip_bfloat16', 'sink_dtype': '__hip_bfloat16', 'use_sinks': False})}...
(Worker_TP3 pid=1522046) [aiter] start build /tmp/inferencex-minimaxm3-1410/home/.aiter/build/pa_ps_a55a84d8af60d1de6986294da4009911
(Worker_TP1 pid=1522044) INFO 08-25 18:17:14 [minimax_m3_msa_warmup.py:346] Warming MiniMax M3 AITER sparse paged-attention prefills (32, 818, 820) with int32 context offsets (0, 1, 2, 3) twice.
(Worker_TP1 pid=1522044) [aiter] compile_template_op func_name = 'pa_ps_a55a84d8af60d1de6986294da4009911' with {'src_template': <Template memory:7bbb4f4ddeb0>, 'md_name': 'pa_ps', 'includes': ['/shared/data/R7N/andy_luo_3v7/minimaxm3-agentx/overlays/aiter-sparse-indexer-cache-fusion-545d97c-266922c/csrc/cpp_itfs/pa/pa_ps.cuh'], 'sources': [], 'cxxflags': [], 'func_name': 'pa_ps_a55a84d8af60d1de6986294da4009911', 'folder': 'pa_ps_a55a84d8af60d1de6986294da4009911', 'kwargs': OrderedDict({'head_size': 128, 'query_group_size': 16, 'context_partition_num': 8, 'out_dtype': '__hip_bfloat16', 'logits_dtype': '__hip_bfloat16', 'sink_dtype': '__hip_bfloat16', 'use_sinks': False})}...
(Worker_TP1 pid=1522044) [aiter] [pid=1522044 pname=VllmWorker-1] waiting for baton release at /tmp/inferencex-minimaxm3-1410/home/.aiter/build/pa_ps_a55a84d8af60d1de6986294da4009911/lock
(Worker_TP2 pid=1522045) INFO 08-25 18:17:15 [minimax_m3_msa_warmup.py:346] Warming MiniMax M3 AITER sparse paged-attention prefills (32, 818, 820) with int32 context offsets (0, 1, 2, 3) twice.
(Worker_TP2 pid=1522045) [aiter] compile_template_op func_name = 'pa_ps_a55a84d8af60d1de6986294da4009911' with {'src_template': <Template memory:75ac7f93a510>, 'md_name': 'pa_ps', 'includes': ['/shared/data/R7N/andy_luo_3v7/minimaxm3-agentx/overlays/aiter-sparse-indexer-cache-fusion-545d97c-266922c/csrc/cpp_itfs/pa/pa_ps.cuh'], 'sources': [], 'cxxflags': [], 'func_name': 'pa_ps_a55a84d8af60d1de6986294da4009911', 'folder': 'pa_ps_a55a84d8af60d1de6986294da4009911', 'kwargs': OrderedDict({'head_size': 128, 'query_group_size': 16, 'context_partition_num': 8, 'out_dtype': '__hip_bfloat16', 'logits_dtype': '__hip_bfloat16', 'sink_dtype': '__hip_bfloat16', 'use_sinks': False})}...
(Worker_TP2 pid=1522045) [aiter] [pid=1522045 pname=VllmWorker-2] waiting for baton release at /tmp/inferencex-minimaxm3-1410/home/.aiter/build/pa_ps_a55a84d8af60d1de6986294da4009911/lock
(Worker_TP0 pid=1522043) INFO 08-25 18:17:15 [minimax_m3_msa_warmup.py:346] Warming MiniMax M3 AITER sparse paged-attention prefills (32, 818, 820) with int32 context offsets (0, 1, 2, 3) twice.
(Worker_TP0 pid=1522043) [aiter] compile_template_op func_name = 'pa_ps_a55a84d8af60d1de6986294da4009911' with {'src_template': <Template memory:7079ef804bf0>, 'md_name': 'pa_ps', 'includes': ['/shared/data/R7N/andy_luo_3v7/minimaxm3-agentx/overlays/aiter-sparse-indexer-cache-fusion-545d97c-266922c/csrc/cpp_itfs/pa/pa_ps.cuh'], 'sources': [], 'cxxflags': [], 'func_name': 'pa_ps_a55a84d8af60d1de6986294da4009911', 'folder': 'pa_ps_a55a84d8af60d1de6986294da4009911', 'kwargs': OrderedDict({'head_size': 128, 'query_group_size': 16, 'context_partition_num': 8, 'out_dtype': '__hip_bfloat16', 'logits_dtype': '__hip_bfloat16', 'sink_dtype': '__hip_bfloat16', 'use_sinks': False})}...
(Worker_TP0 pid=1522043) [aiter] [pid=1522043 pname=VllmWorker-0] waiting for baton release at /tmp/inferencex-minimaxm3-1410/home/.aiter/build/pa_ps_a55a84d8af60d1de6986294da4009911/lock
clang (LLVM option parsing): Unknown command line argument '-amdgpu-coerce-illegal-types=1'.  Try: 'clang (LLVM option parsing) --help'
clang (LLVM option parsing): Did you mean '--amdgpu-mode-register=1'?
failed to execute:/opt/rocm/lib/llvm/bin/clang++  --offload-arch=gfx950 --offload-arch=gfx950 --offload-arch=gfx950 --offload-arch=gfx950 --offload-arch=gfx950 --offload-arch=gfx950 --offload-arch=gfx950 --offload-arch=gfx950 -O3  -mllvm -amdgpu-coerce-illegal-types=1 -x hip -c /dev/null -o "/dev/null"
(Worker_TP3 pid=1522046) [aiter] -mllvm -amdgpu-coerce-illegal-types=1 is not supported by hipcc.
(Worker_TP3 pid=1522046) [aiter] finish build /tmp/inferencex-minimaxm3-1410/home/.aiter/build/pa_ps_a55a84d8af60d1de6986294da4009911, cost 13.88917584s
(Worker_TP3 pid=1522046) INFO 08-25 18:17:30 [minimax_m3_msa_warmup.py:419] MiniMax M3 AgentX drafter BF16 GEMM warmup shapes: (('model.layers.0.self_attn.qkv_proj.weight', (2304, 12288)), ('model.layers.0.self_attn.o_proj.weight', (6144, 2048)), ('model.layers.0.mlp.down_proj.weight', (6144, 4608)), ('model.fc.weight', (6144, 18432)), ('model.layers.0.mlp.gate_up_proj.weight', (9216, 6144)))
(Worker_TP0 pid=1522043) INFO 08-25 18:17:30 [minimax_m3_msa_warmup.py:419] MiniMax M3 AgentX drafter BF16 GEMM warmup shapes: (('model.layers.0.self_attn.qkv_proj.weight', (2304, 12288)), ('model.layers.0.self_attn.o_proj.weight', (6144, 2048)), ('model.layers.0.mlp.down_proj.weight', (6144, 4608)), ('model.fc.weight', (6144, 18432)), ('model.layers.0.mlp.gate_up_proj.weight', (9216, 6144)))
(Worker_TP2 pid=1522045) INFO 08-25 18:17:30 [minimax_m3_msa_warmup.py:419] MiniMax M3 AgentX drafter BF16 GEMM warmup shapes: (('model.layers.0.self_attn.qkv_proj.weight', (2304, 12288)), ('model.layers.0.self_attn.o_proj.weight', (6144, 2048)), ('model.layers.0.mlp.down_proj.weight', (6144, 4608)), ('model.fc.weight', (6144, 18432)), ('model.layers.0.mlp.gate_up_proj.weight', (9216, 6144)))
(Worker_TP1 pid=1522044) INFO 08-25 18:17:30 [minimax_m3_msa_warmup.py:419] MiniMax M3 AgentX drafter BF16 GEMM warmup shapes: (('model.layers.0.self_attn.qkv_proj.weight', (2304, 12288)), ('model.layers.0.self_attn.o_proj.weight', (6144, 2048)), ('model.layers.0.mlp.down_proj.weight', (6144, 4608)), ('model.fc.weight', (6144, 18432)), ('model.layers.0.mlp.gate_up_proj.weight', (9216, 6144)))
(Worker_TP3 pid=1522046) INFO 08-25 18:17:47 [minimax_m3_msa_warmup.py:609] MiniMax M3 ROCm AgentX dynamic-kernel warmup complete.
(Worker_TP1 pid=1522044) INFO 08-25 18:17:47 [minimax_m3_msa_warmup.py:609] MiniMax M3 ROCm AgentX dynamic-kernel warmup complete.
(Worker_TP2 pid=1522045) INFO 08-25 18:17:47 [minimax_m3_msa_warmup.py:609] MiniMax M3 ROCm AgentX dynamic-kernel warmup complete.
(Worker_TP0 pid=1522043) INFO 08-25 18:17:47 [minimax_m3_msa_warmup.py:609] MiniMax M3 ROCm AgentX dynamic-kernel warmup complete.
(Worker_TP0 pid=1522043) INFO 08-25 18:17:47 [gpu_model_runner.py:6867] Rank 0: Torch profiler disabled for CUDA graph capture
(EngineCore pid=1521766) INFO 08-25 18:17:47 [shm_broadcast.py:802] No available shared memory broadcast block found in 60 seconds. This typically happens when some processes are hanging or doing some time-consuming work (e.g. compilation, weight/kv cache quantization).
(Worker_TP3 pid=1522046) [aiter] shape is M:465, N:128, K:6144 dtype='torch.float32' otype='torch.float32' bias=False, scaleAB=False, bpreshuffle=False, not found tuned config in /tmp/aiter_configs/bf16_tuned_gemm.csv, will use default config! using torch solution:0
(Worker_TP3 pid=1522046) [aiter] shape is M:465, N:2304, K:12288 dtype='torch.bfloat16' otype='torch.bfloat16' bias=False, scaleAB=False, bpreshuffle=False, not found tuned config in /tmp/aiter_configs/bf16_tuned_gemm.csv, will use default config! using torch solution:0
(Worker_TP3 pid=1522046) [aiter] shape is M:450, N:128, K:6144 dtype='torch.float32' otype='torch.float32' bias=False, scaleAB=False, bpreshuffle=False, not found tuned config in /tmp/aiter_configs/bf16_tuned_gemm.csv, will use default config! using torch solution:0
(Worker_TP1 pid=1522044) [aiter] shape is M:465, N:128, K:6144 dtype='torch.float32' otype='torch.float32' bias=False, scaleAB=False, bpreshuffle=False, not found tuned config in /tmp/aiter_configs/bf16_tuned_gemm.csv, will use default config! using torch solution:0
(Worker_TP3 pid=1522046) [aiter] shape is M:450, N:2304, K:12288 dtype='torch.bfloat16' otype='torch.bfloat16' bias=False, scaleAB=False, bpreshuffle=False, not found tuned config in /tmp/aiter_configs/bf16_tuned_gemm.csv, will use default config! using torch solution:0
(Worker_TP1 pid=1522044) [aiter] shape is M:465, N:2304, K:12288 dtype='torch.bfloat16' otype='torch.bfloat16' bias=False, scaleAB=False, bpreshuffle=False, not found tuned config in /tmp/aiter_configs/bf16_tuned_gemm.csv, will use default config! using torch solution:0
(Worker_TP3 pid=1522046) [aiter] shape is M:435, N:128, K:6144 dtype='torch.float32' otype='torch.float32' bias=False, scaleAB=False, bpreshuffle=False, not found tuned config in /tmp/aiter_configs/bf16_tuned_gemm.csv, will use default config! using torch solution:0
(Worker_TP1 pid=1522044) [aiter] shape is M:450, N:128, K:6144 dtype='torch.float32' otype='torch.float32' bias=False, scaleAB=False, bpreshuffle=False, not found tuned config in /tmp/aiter_configs/bf16_tuned_gemm.csv, will use default config! using torch solution:0
(Worker_TP3 pid=1522046) [aiter] shape is M:435, N:2304, K:12288 dtype='torch.bfloat16' otype='torch.bfloat16' bias=False, scaleAB=False, bpreshuffle=False, not found tuned config in /tmp/aiter_configs/bf16_tuned_gemm.csv, will use default config! using torch solution:0
(Worker_TP1 pid=1522044) [aiter] shape is M:450, N:2304, K:12288 dtype='torch.bfloat16' otype='torch.bfloat16' bias=False, scaleAB=False, bpreshuffle=False, not found tuned config in /tmp/aiter_configs/bf16_tuned_gemm.csv, will use default config! using torch solution:0
(Worker_TP3 pid=1522046) [aiter] shape is M:420, N:128, K:6144 dtype='torch.float32' otype='torch.float32' bias=False, scaleAB=False, bpreshuffle=False, not found tuned config in /tmp/aiter_configs/bf16_tuned_gemm.csv, will use default config! using torch solution:0
(Worker_TP1 pid=1522044) [aiter] shape is M:435, N:128, K:6144 dtype='torch.float32' otype='torch.float32' bias=False, scaleAB=False, bpreshuffle=False, not found tuned config in /tmp/aiter_configs/bf16_tuned_gemm.csv, will use default config! using torch solution:0
(Worker_TP3 pid=1522046) [aiter] shape is M:420, N:2304, K:12288 dtype='torch.bfloat16' otype='torch.bfloat16' bias=False, scaleAB=False, bpreshuffle=False, not found tuned config in /tmp/aiter_configs/bf16_tuned_gemm.csv, will use default config! using torch solution:0
(Worker_TP1 pid=1522044) [aiter] shape is M:435, N:2304, K:12288 dtype='torch.bfloat16' otype='torch.bfloat16' bias=False, scaleAB=False, bpreshuffle=False, not found tuned config in /tmp/aiter_configs/bf16_tuned_gemm.csv, will use default config! using torch solution:0
(Worker_TP0 pid=1522043) Capturing CUDA graphs (mixed prefill-decode, PIECEWISE):   0%|          | 0/48 [00:00<?, ?it/s](Worker_TP3 pid=1522046) [aiter] shape is M:400, N:128, K:6144 dtype='torch.float32' otype='torch.float32' bias=False, scaleAB=False, bpreshuffle=False, not found tuned config in /tmp/aiter_configs/bf16_tuned_gemm.csv, will use default config! using torch solution:0
(Worker_TP2 pid=1522045) [aiter] shape is M:465, N:128, K:6144 dtype='torch.float32' otype='torch.float32' bias=False, scaleAB=False, bpreshuffle=False, not found tuned config in /tmp/aiter_configs/bf16_tuned_gemm.csv, will use default config! using torch solution:0
(Worker_TP1 pid=1522044) [aiter] shape is M:420, N:128, K:6144 dtype='torch.float32' otype='torch.float32' bias=False, scaleAB=False, bpreshuffle=False, not found tuned config in /tmp/aiter_configs/bf16_tuned_gemm.csv, will use default config! using torch solution:0
(Worker_TP3 pid=1522046) [aiter] shape is M:400, N:2304, K:12288 dtype='torch.bfloat16' otype='torch.bfloat16' bias=False, scaleAB=False, bpreshuffle=False, not found tuned config in /tmp/aiter_configs/bf16_tuned_gemm.csv, will use default config! using torch solution:0
(Worker_TP2 pid=1522045) [aiter] shape is M:465, N:2304, K:12288 dtype='torch.bfloat16' otype='torch.bfloat16' bias=False, scaleAB=False, bpreshuffle=False, not found tuned config in /tmp/aiter_configs/bf16_tuned_gemm.csv, will use default config! using torch solution:0
(Worker_TP1 pid=1522044) [aiter] shape is M:420, N:2304, K:12288 dtype='torch.bfloat16' otype='torch.bfloat16' bias=False, scaleAB=False, bpreshuffle=False, not found tuned config in /tmp/aiter_configs/bf16_tuned_gemm.csv, will use default config! using torch solution:0
(Worker_TP3 pid=1522046) [aiter] shape is M:385, N:128, K:6144 dtype='torch.float32' otype='torch.float32' bias=False, scaleAB=False, bpreshuffle=False, not found tuned config in /tmp/aiter_configs/bf16_tuned_gemm.csv, will use default config! using torch solution:0
(Worker_TP2 pid=1522045) [aiter] shape is M:450, N:128, K:6144 dtype='torch.float32' otype='torch.float32' bias=False, scaleAB=False, bpreshuffle=False, not found tuned config in /tmp/aiter_configs/bf16_tuned_gemm.csv, will use default config! using torch solution:0
Capturing CUDA graphs (mixed prefill-decode, PIECEWISE):   2%|▏         | 1/48 [00:00<00:06,  7.68it/s](Worker_TP1 pid=1522044) [aiter] shape is M:400, N:128, K:6144 dtype='torch.float32' otype='torch.float32' bias=False, scaleAB=False, bpreshuffle=False, not found tuned config in /tmp/aiter_configs/bf16_tuned_gemm.csv, will use default config! using torch solution:0
(Worker_TP3 pid=1522046) [aiter] shape is M:385, N:2304, K:12288 dtype='torch.bfloat16' otype='torch.bfloat16' bias=False, scaleAB=False, bpreshuffle=False, not found tuned config in /tmp/aiter_configs/bf16_tuned_gemm.csv, will use default config! using torch solution:0
(Worker_TP2 pid=1522045) [aiter] shape is M:450, N:2304, K:12288 dtype='torch.bfloat16' otype='torch.bfloat16' bias=False, scaleAB=False, bpreshuffle=False, not found tuned config in /tmp/aiter_configs/bf16_tuned_gemm.csv, will use default config! using torch solution:0
(Worker_TP1 pid=1522044) [aiter] shape is M:400, N:2304, K:12288 dtype='torch.bfloat16' otype='torch.bfloat16' bias=False, scaleAB=False, bpreshuffle=False, not found tuned config in /tmp/aiter_configs/bf16_tuned_gemm.csv, will use default config! using torch solution:0
(Worker_TP3 pid=1522046) [aiter] shape is M:370, N:128, K:6144 dtype='torch.float32' otype='torch.float32' bias=False, scaleAB=False, bpreshuffle=False, not found tuned config in /tmp/aiter_configs/bf16_tuned_gemm.csv, will use default config! using torch solution:0
(Worker_TP2 pid=1522045) [aiter] shape is M:435, N:128, K:6144 dtype='torch.float32' otype='torch.float32' bias=False, scaleAB=False, bpreshuffle=False, not found tuned config in /tmp/aiter_configs/bf16_tuned_gemm.csv, will use default config! using torch solution:0
[aiter] shape is M:465, N:128, K:6144 dtype='torch.float32' otype='torch.float32' bias=False, scaleAB=False, bpreshuffle=False, not found tuned config in /tmp/aiter_configs/bf16_tuned_gemm.csv, will use default config! using torch solution:0
(Worker_TP1 pid=1522044) [aiter] shape is M:385, N:128, K:6144 dtype='torch.float32' otype='torch.float32' bias=False, scaleAB=False, bpreshuffle=False, not found tuned config in /tmp/aiter_configs/bf16_tuned_gemm.csv, will use default config! using torch solution:0
(Worker_TP3 pid=1522046) [aiter] shape is M:370, N:2304, K:12288 dtype='torch.bfloat16' otype='torch.bfloat16' bias=False, scaleAB=False, bpreshuffle=False, not found tuned config in /tmp/aiter_configs/bf16_tuned_gemm.csv, will use default config! using torch solution:0
(Worker_TP2 pid=1522045) [aiter] shape is M:435, N:2304, K:12288 dtype='torch.bfloat16' otype='torch.bfloat16' bias=False, scaleAB=False, bpreshuffle=False, not found tuned config in /tmp/aiter_configs/bf16_tuned_gemm.csv, will use default config! using torch solution:0
(Worker_TP0 pid=1522043) [aiter] shape is M:465, N:2304, K:12288 dtype='torch.bfloat16' otype='torch.bfloat16' bias=False, scaleAB=False, bpreshuffle=False, not found tuned config in /tmp/aiter_configs/bf16_tuned_gemm.csv, will use default config! using torch solution:0
(Worker_TP1 pid=1522044) [aiter] shape is M:385, N:2304, K:12288 dtype='torch.bfloat16' otype='torch.bfloat16' bias=False, scaleAB=False, bpreshuffle=False, not found tuned config in /tmp/aiter_configs/bf16_tuned_gemm.csv, will use default config! using torch solution:0
(Worker_TP3 pid=1522046) [aiter] shape is M:355, N:128, K:6144 dtype='torch.float32' otype='torch.float32' bias=False, scaleAB=False, bpreshuffle=False, not found tuned config in /tmp/aiter_configs/bf16_tuned_gemm.csv, will use default config! using torch solution:0
(Worker_TP2 pid=1522045) [aiter] shape is M:420, N:128, K:6144 dtype='torch.float32' otype='torch.float32' bias=False, scaleAB=False, bpreshuffle=False, not found tuned config in /tmp/aiter_configs/bf16_tuned_gemm.csv, will use default config! using torch solution:0
(Worker_TP0 pid=1522043) Capturing CUDA graphs (mixed prefill-decode, PIECEWISE):   6%|▋         | 3/48 [00:00<00:04,  9.62it/s](Worker_TP1 pid=1522044) [aiter] shape is M:370, N:128, K:6144 dtype='torch.float32' otype='torch.float32' bias=False, scaleAB=False, bpreshuffle=False, not found tuned config in /tmp/aiter_configs/bf16_tuned_gemm.csv, will use default config! using torch solution:0
(Worker_TP3 pid=1522046) [aiter] shape is M:355, N:2304, K:12288 dtype='torch.bfloat16' otype='torch.bfloat16' bias=False, scaleAB=False, bpreshuffle=False, not found tuned config in /tmp/aiter_configs/bf16_tuned_gemm.csv, will use default config! using torch solution:0
[aiter] shape is M:450, N:128, K:6144 dtype='torch.float32' otype='torch.float32' bias=False, scaleAB=False, bpreshuffle=False, not found tuned config in /tmp/aiter_configs/bf16_tuned_gemm.csv, will use default config! using torch solution:0
(Worker_TP2 pid=1522045) [aiter] shape is M:420, N:2304, K:12288 dtype='torch.bfloat16' otype='torch.bfloat16' bias=False, scaleAB=False, bpreshuffle=False, not found tuned config in /tmp/aiter_configs/bf16_tuned_gemm.csv, will use default config! using torch solution:0
(Worker_TP1 pid=1522044) [aiter] shape is M:370, N:2304, K:12288 dtype='torch.bfloat16' otype='torch.bfloat16' bias=False, scaleAB=False, bpreshuffle=False, not found tuned config in /tmp/aiter_configs/bf16_tuned_gemm.csv, will use default config! using torch solution:0
(Worker_TP0 pid=1522043) [aiter] shape is M:450, N:2304, K:12288 dtype='torch.bfloat16' otype='torch.bfloat16' bias=False, scaleAB=False, bpreshuffle=False, not found tuned config in /tmp/aiter_configs/bf16_tuned_gemm.csv, will use default config! using torch solution:0
(Worker_TP3 pid=1522046) [aiter] shape is M:340, N:128, K:6144 dtype='torch.float32' otype='torch.float32' bias=False, scaleAB=False, bpreshuffle=False, not found tuned config in /tmp/aiter_configs/bf16_tuned_gemm.csv, will use default config! using torch solution:0
(Worker_TP2 pid=1522045) [aiter] shape is M:400, N:128, K:6144 dtype='torch.float32' otype='torch.float32' bias=False, scaleAB=False, bpreshuffle=False, not found tuned config in /tmp/aiter_configs/bf16_tuned_gemm.csv, will use default config! using torch solution:0
(Worker_TP3 pid=1522046) [aiter] shape is M:340, N:2304, K:12288 dtype='torch.bfloat16' otype='torch.bfloat16' bias=False, scaleAB=False, bpreshuffle=False, not found tuned config in /tmp/aiter_configs/bf16_tuned_gemm.csv, will use default config! using torch solution:0
(Worker_TP1 pid=1522044) [aiter] shape is M:355, N:128, K:6144 dtype='torch.float32' otype='torch.float32' bias=False, scaleAB=False, bpreshuffle=False, not found tuned config in /tmp/aiter_configs/bf16_tuned_gemm.csv, will use default config! using torch solution:0
(Worker_TP0 pid=1522043) [aiter] shape is M:435, N:128, K:6144 dtype='torch.float32' otype='torch.float32' bias=False, scaleAB=False, bpreshuffle=False, not found tuned config in /tmp/aiter_configs/bf16_tuned_gemm.csv, will use default config! using torch solution:0
(Worker_TP2 pid=1522045) [aiter] shape is M:400, N:2304, K:12288 dtype='torch.bfloat16' otype='torch.bfloat16' bias=False, scaleAB=False, bpreshuffle=False, not found tuned config in /tmp/aiter_configs/bf16_tuned_gemm.csv, will use default config! using torch solution:0
(Worker_TP1 pid=1522044) [aiter] shape is M:355, N:2304, K:12288 dtype='torch.bfloat16' otype='torch.bfloat16' bias=False, scaleAB=False, bpreshuffle=False, not found tuned config in /tmp/aiter_configs/bf16_tuned_gemm.csv, will use default config! using torch solution:0
(Worker_TP0 pid=1522043) [aiter] shape is M:435, N:2304, K:12288 dtype='torch.bfloat16' otype='torch.bfloat16' bias=False, scaleAB=False, bpreshuffle=False, not found tuned config in /tmp/aiter_configs/bf16_tuned_gemm.csv, will use default config! using torch solution:0
(Worker_TP2 pid=1522045) [aiter] shape is M:385, N:128, K:6144 dtype='torch.float32' otype='torch.float32' bias=False, scaleAB=False, bpreshuffle=False, not found tuned config in /tmp/aiter_configs/bf16_tuned_gemm.csv, will use default config! using torch solution:0
(Worker_TP1 pid=1522044) [aiter] shape is M:340, N:128, K:6144 dtype='torch.float32' otype='torch.float32' bias=False, scaleAB=False, bpreshuffle=False, not found tuned config in /tmp/aiter_configs/bf16_tuned_gemm.csv, will use default config! using torch solution:0
(Worker_TP0 pid=1522043) Capturing CUDA graphs (mixed prefill-decode, PIECEWISE):  10%|█         | 5/48 [00:00<00:04, 10.07it/s][aiter] shape is M:420, N:128, K:6144 dtype='torch.float32' otype='torch.float32' bias=False, scaleAB=False, bpreshuffle=False, not found tuned config in /tmp/aiter_configs/bf16_tuned_gemm.csv, will use default config! using torch solution:0
(Worker_TP2 pid=1522045) [aiter] shape is M:385, N:2304, K:12288 dtype='torch.bfloat16' otype='torch.bfloat16' bias=False, scaleAB=False, bpreshuffle=False, not found tuned config in /tmp/aiter_configs/bf16_tuned_gemm.csv, will use default config! using torch solution:0
(Worker_TP1 pid=1522044) [aiter] shape is M:340, N:2304, K:12288 dtype='torch.bfloat16' otype='torch.bfloat16' bias=False, scaleAB=False, bpreshuffle=False, not found tuned config in /tmp/aiter_configs/bf16_tuned_gemm.csv, will use default config! using torch solution:0
(Worker_TP0 pid=1522043) [aiter] shape is M:420, N:2304, K:12288 dtype='torch.bfloat16' otype='torch.bfloat16' bias=False, scaleAB=False, bpreshuffle=False, not found tuned config in /tmp/aiter_configs/bf16_tuned_gemm.csv, will use default config! using torch solution:0
(Worker_TP2 pid=1522045) [aiter] shape is M:370, N:128, K:6144 dtype='torch.float32' otype='torch.float32' bias=False, scaleAB=False, bpreshuffle=False, not found tuned config in /tmp/aiter_configs/bf16_tuned_gemm.csv, will use default config! using torch solution:0
(Worker_TP0 pid=1522043) [aiter] shape is M:400, N:128, K:6144 dtype='torch.float32' otype='torch.float32' bias=False, scaleAB=False, bpreshuffle=False, not found tuned config in /tmp/aiter_configs/bf16_tuned_gemm.csv, will use default config! using torch solution:0
(Worker_TP2 pid=1522045) [aiter] shape is M:370, N:2304, K:12288 dtype='torch.bfloat16' otype='torch.bfloat16' bias=False, scaleAB=False, bpreshuffle=False, not found tuned config in /tmp/aiter_configs/bf16_tuned_gemm.csv, will use default config! using torch solution:0
(Worker_TP0 pid=1522043) [aiter] shape is M:400, N:2304, K:12288 dtype='torch.bfloat16' otype='torch.bfloat16' bias=False, scaleAB=False, bpreshuffle=False, not found tuned config in /tmp/aiter_configs/bf16_tuned_gemm.csv, will use default config! using torch solution:0
(Worker_TP2 pid=1522045) [aiter] shape is M:355, N:128, K:6144 dtype='torch.float32' otype='torch.float32' bias=False, scaleAB=False, bpreshuffle=False, not found tuned config in /tmp/aiter_configs/bf16_tuned_gemm.csv, will use default config! using torch solution:0
(Worker_TP0 pid=1522043) Capturing CUDA graphs (mixed prefill-decode, PIECEWISE):  15%|█▍        | 7/48 [00:00<00:03, 10.42it/s][aiter] shape is M:385, N:128, K:6144 dtype='torch.float32' otype='torch.float32' bias=False, scaleAB=False, bpreshuffle=False, not found tuned config in /tmp/aiter_configs/bf16_tuned_gemm.csv, will use default config! using torch solution:0
(Worker_TP2 pid=1522045) [aiter] shape is M:355, N:2304, K:12288 dtype='torch.bfloat16' otype='torch.bfloat16' bias=False, scaleAB=False, bpreshuffle=False, not found tuned config in /tmp/aiter_configs/bf16_tuned_gemm.csv, will use default config! using torch solution:0
(Worker_TP0 pid=1522043) [aiter] shape is M:385, N:2304, K:12288 dtype='torch.bfloat16' otype='torch.bfloat16' bias=False, scaleAB=False, bpreshuffle=False, not found tuned config in /tmp/aiter_configs/bf16_tuned_gemm.csv, will use default config! using torch solution:0
(Worker_TP2 pid=1522045) [aiter] shape is M:340, N:128, K:6144 dtype='torch.float32' otype='torch.float32' bias=False, scaleAB=False, bpreshuffle=False, not found tuned config in /tmp/aiter_configs/bf16_tuned_gemm.csv, will use default config! using torch solution:0
(Worker_TP0 pid=1522043) [aiter] shape is M:370, N:128, K:6144 dtype='torch.float32' otype='torch.float32' bias=False, scaleAB=False, bpreshuffle=False, not found tuned config in /tmp/aiter_configs/bf16_tuned_gemm.csv, will use default config! using torch solution:0
(Worker_TP3 pid=1522046) [aiter] shape is M:320, N:128, K:6144 dtype='torch.float32' otype='torch.float32' bias=False, scaleAB=False, bpreshuffle=False, not found tuned config in /tmp/aiter_configs/bf16_tuned_gemm.csv, will use default config! using torch solution:0
(Worker_TP2 pid=1522045) [aiter] shape is M:340, N:2304, K:12288 dtype='torch.bfloat16' otype='torch.bfloat16' bias=False, scaleAB=False, bpreshuffle=False, not found tuned config in /tmp/aiter_configs/bf16_tuned_gemm.csv, will use default config! using torch solution:0
(Worker_TP0 pid=1522043) [aiter] shape is M:370, N:2304, K:12288 dtype='torch.bfloat16' otype='torch.bfloat16' bias=False, scaleAB=False, bpreshuffle=False, not found tuned config in /tmp/aiter_configs/bf16_tuned_gemm.csv, will use default config! using torch solution:0
(Worker_TP3 pid=1522046) [aiter] shape is M:320, N:2304, K:12288 dtype='torch.bfloat16' otype='torch.bfloat16' bias=False, scaleAB=False, bpreshuffle=False, not found tuned config in /tmp/aiter_configs/bf16_tuned_gemm.csv, will use default config! using torch solution:0
(Worker_TP0 pid=1522043) Capturing CUDA graphs (mixed prefill-decode, PIECEWISE):  19%|█▉        | 9/48 [00:00<00:03, 10.73it/s][aiter] shape is M:355, N:128, K:6144 dtype='torch.float32' otype='torch.float32' bias=False, scaleAB=False, bpreshuffle=False, not found tuned config in /tmp/aiter_configs/bf16_tuned_gemm.csv, will use default config! using torch solution:0
(Worker_TP0 pid=1522043) [aiter] shape is M:355, N:2304, K:12288 dtype='torch.bfloat16' otype='torch.bfloat16' bias=False, scaleAB=False, bpreshuffle=False, not found tuned config in /tmp/aiter_configs/bf16_tuned_gemm.csv, will use default config! using torch solution:0
(Worker_TP1 pid=1522044) [aiter] shape is M:320, N:128, K:6144 dtype='torch.float32' otype='torch.float32' bias=False, scaleAB=False, bpreshuffle=False, not found tuned config in /tmp/aiter_configs/bf16_tuned_gemm.csv, will use default config! using torch solution:0
(Worker_TP0 pid=1522043) [aiter] shape is M:340, N:128, K:6144 dtype='torch.float32' otype='torch.float32' bias=False, scaleAB=False, bpreshuffle=False, not found tuned config in /tmp/aiter_configs/bf16_tuned_gemm.csv, will use default config! using torch solution:0
(Worker_TP1 pid=1522044) [aiter] shape is M:320, N:2304, K:12288 dtype='torch.bfloat16' otype='torch.bfloat16' bias=False, scaleAB=False, bpreshuffle=False, not found tuned config in /tmp/aiter_configs/bf16_tuned_gemm.csv, will use default config! using torch solution:0
(Worker_TP0 pid=1522043) [aiter] shape is M:340, N:2304, K:12288 dtype='torch.bfloat16' otype='torch.bfloat16' bias=False, scaleAB=False, bpreshuffle=False, not found tuned config in /tmp/aiter_configs/bf16_tuned_gemm.csv, will use default config! using torch solution:0
(Worker_TP0 pid=1522043) Capturing CUDA graphs (mixed prefill-decode, PIECEWISE):  23%|██▎       | 11/48 [00:01<00:03, 10.92it/s](Worker_TP3 pid=1522046) [aiter] shape is M:305, N:128, K:6144 dtype='torch.float32' otype='torch.float32' bias=False, scaleAB=False, bpreshuffle=False, not found tuned config in /tmp/aiter_configs/bf16_tuned_gemm.csv, will use default config! using torch solution:0
(Worker_TP3 pid=1522046) [aiter] shape is M:305, N:2304, K:12288 dtype='torch.bfloat16' otype='torch.bfloat16' bias=False, scaleAB=False, bpreshuffle=False, not found tuned config in /tmp/aiter_configs/bf16_tuned_gemm.csv, will use default config! using torch solution:0
(Worker_TP3 pid=1522046) [aiter] shape is M:290, N:128, K:6144 dtype='torch.float32' otype='torch.float32' bias=False, scaleAB=False, bpreshuffle=False, not found tuned config in /tmp/aiter_configs/bf16_tuned_gemm.csv, will use default config! using torch solution:0
(Worker_TP1 pid=1522044) [aiter] shape is M:305, N:128, K:6144 dtype='torch.float32' otype='torch.float32' bias=False, scaleAB=False, bpreshuffle=False, not found tuned config in /tmp/aiter_configs/bf16_tuned_gemm.csv, will use default config! using torch solution:0
(Worker_TP3 pid=1522046) [aiter] shape is M:290, N:2304, K:12288 dtype='torch.bfloat16' otype='torch.bfloat16' bias=False, scaleAB=False, bpreshuffle=False, not found tuned config in /tmp/aiter_configs/bf16_tuned_gemm.csv, will use default config! using torch solution:0
(Worker_TP2 pid=1522045) [aiter] shape is M:320, N:128, K:6144 dtype='torch.float32' otype='torch.float32' bias=False, scaleAB=False, bpreshuffle=False, not found tuned config in /tmp/aiter_configs/bf16_tuned_gemm.csv, will use default config! using torch solution:0
(Worker_TP1 pid=1522044) [aiter] shape is M:305, N:2304, K:12288 dtype='torch.bfloat16' otype='torch.bfloat16' bias=False, scaleAB=False, bpreshuffle=False, not found tuned config in /tmp/aiter_configs/bf16_tuned_gemm.csv, will use default config! using torch solution:0
(Worker_TP3 pid=1522046) [aiter] shape is M:275, N:128, K:6144 dtype='torch.float32' otype='torch.float32' bias=False, scaleAB=False, bpreshuffle=False, not found tuned config in /tmp/aiter_configs/bf16_tuned_gemm.csv, will use default config! using torch solution:0
(Worker_TP2 pid=1522045) [aiter] shape is M:320, N:2304, K:12288 dtype='torch.bfloat16' otype='torch.bfloat16' bias=False, scaleAB=False, bpreshuffle=False, not found tuned config in /tmp/aiter_configs/bf16_tuned_gemm.csv, will use default config! using torch solution:0
(Worker_TP1 pid=1522044) [aiter] shape is M:290, N:128, K:6144 dtype='torch.float32' otype='torch.float32' bias=False, scaleAB=False, bpreshuffle=False, not found tuned config in /tmp/aiter_configs/bf16_tuned_gemm.csv, will use default config! using torch solution:0
(Worker_TP3 pid=1522046) [aiter] shape is M:275, N:2304, K:12288 dtype='torch.bfloat16' otype='torch.bfloat16' bias=False, scaleAB=False, bpreshuffle=False, not found tuned config in /tmp/aiter_configs/bf16_tuned_gemm.csv, will use default config! using torch solution:0
(Worker_TP1 pid=1522044) [aiter] shape is M:290, N:2304, K:12288 dtype='torch.bfloat16' otype='torch.bfloat16' bias=False, scaleAB=False, bpreshuffle=False, not found tuned config in /tmp/aiter_configs/bf16_tuned_gemm.csv, will use default config! using torch solution:0
(Worker_TP3 pid=1522046) [aiter] shape is M:260, N:128, K:6144 dtype='torch.float32' otype='torch.float32' bias=False, scaleAB=False, bpreshuffle=False, not found tuned config in /tmp/aiter_configs/bf16_tuned_gemm.csv, will use default config! using torch solution:0
[aiter] shape is M:320, N:128, K:6144 dtype='torch.float32' otype='torch.float32' bias=False, scaleAB=False, bpreshuffle=False, not found tuned config in /tmp/aiter_configs/bf16_tuned_gemm.csv, will use default config! using torch solution:0
(Worker_TP1 pid=1522044) [aiter] shape is M:275, N:128, K:6144 dtype='torch.float32' otype='torch.float32' bias=False, scaleAB=False, bpreshuffle=False, not found tuned config in /tmp/aiter_configs/bf16_tuned_gemm.csv, will use default config! using torch solution:0
(Worker_TP3 pid=1522046) [aiter] shape is M:260, N:2304, K:12288 dtype='torch.bfloat16' otype='torch.bfloat16' bias=False, scaleAB=False, bpreshuffle=False, not found tuned config in /tmp/aiter_configs/bf16_tuned_gemm.csv, will use default config! using torch solution:0
(Worker_TP0 pid=1522043) [aiter] shape is M:320, N:2304, K:12288 dtype='torch.bfloat16' otype='torch.bfloat16' bias=False, scaleAB=False, bpreshuffle=False, not found tuned config in /tmp/aiter_configs/bf16_tuned_gemm.csv, will use default config! using torch solution:0
(Worker_TP1 pid=1522044) [aiter] shape is M:275, N:2304, K:12288 dtype='torch.bfloat16' otype='torch.bfloat16' bias=False, scaleAB=False, bpreshuffle=False, not found tuned config in /tmp/aiter_configs/bf16_tuned_gemm.csv, will use default config! using torch solution:0
(Worker_TP1 pid=1522044) [aiter] shape is M:260, N:128, K:6144 dtype='torch.float32' otype='torch.float32' bias=False, scaleAB=False, bpreshuffle=False, not found tuned config in /tmp/aiter_configs/bf16_tuned_gemm.csv, will use default config! using torch solution:0
(Worker_TP2 pid=1522045) [aiter] shape is M:305, N:128, K:6144 dtype='torch.float32' otype='torch.float32' bias=False, scaleAB=False, bpreshuffle=False, not found tuned config in /tmp/aiter_configs/bf16_tuned_gemm.csv, will use default config! using torch solution:0
(Worker_TP1 pid=1522044) [aiter] shape is M:260, N:2304, K:12288 dtype='torch.bfloat16' otype='torch.bfloat16' bias=False, scaleAB=False, bpreshuffle=False, not found tuned config in /tmp/aiter_configs/bf16_tuned_gemm.csv, will use default config! using torch solution:0
(Worker_TP2 pid=1522045) [aiter] shape is M:305, N:2304, K:12288 dtype='torch.bfloat16' otype='torch.bfloat16' bias=False, scaleAB=False, bpreshuffle=False, not found tuned config in /tmp/aiter_configs/bf16_tuned_gemm.csv, will use default config! using torch solution:0
(Worker_TP2 pid=1522045) [aiter] shape is M:290, N:128, K:6144 dtype='torch.float32' otype='torch.float32' bias=False, scaleAB=False, bpreshuffle=False, not found tuned config in /tmp/aiter_configs/bf16_tuned_gemm.csv, will use default config! using torch solution:0
[aiter] LoadKernel: _ZN5aiter39bf16gemm_fp32bf16_tn_96x64_splitk_cleanE hsaco: /usr/local/lib/python3.12/dist-packages/aiter_meta/hsa//gfx950/bf16gemm/bf16gemm_fp32bf16_tn_96x64_splitk_clean.co
(Worker_TP3 pid=1522046) [aiter] shape is M:250, N:128, K:6144 dtype='torch.float32' otype='torch.float32' bias=False, scaleAB=False, bpreshuffle=False, not found tuned config in /tmp/aiter_configs/bf16_tuned_gemm.csv, will use default config! using torch solution:0
(Worker_TP3 pid=1522046) [aiter] run_1stage = False, xbf16 = False, ksplit = 0 q_type = QuantType.per_1x32 block_m = 32 use_nt = True, estimated_m_per_expert = 9
(Worker_TP3 pid=1522046) [aiter] [fused_moe] using 2stage default for ('gfx950', 256, 256, 6144, 768, 129, 5, 'ActivationType.Swiglu', 'torch.bfloat16', 'torch.bfloat16', 'torch.float4_e2m1fn_x2', 'QuantType.per_1x32', True, False) 
(Worker_TP3 pid=1522046) [aiter] [pid=1522046 pname=VllmWorker-3] start build [module_moe_cktile2stages] under /tmp/inferencex-minimaxm3-1410/home/.aiter/jit/build/module_moe_cktile2stages
(Worker_TP2 pid=1522045) [aiter] shape is M:290, N:2304, K:12288 dtype='torch.bfloat16' otype='torch.bfloat16' bias=False, scaleAB=False, bpreshuffle=False, not found tuned config in /tmp/aiter_configs/bf16_tuned_gemm.csv, will use default config! using torch solution:0
(Worker_TP0 pid=1522043) [aiter] shape is M:305, N:128, K:6144 dtype='torch.float32' otype='torch.float32' bias=False, scaleAB=False, bpreshuffle=False, not found tuned config in /tmp/aiter_configs/bf16_tuned_gemm.csv, will use default config! using torch solution:0
(Worker_TP2 pid=1522045) [aiter] shape is M:275, N:128, K:6144 dtype='torch.float32' otype='torch.float32' bias=False, scaleAB=False, bpreshuffle=False, not found tuned config in /tmp/aiter_configs/bf16_tuned_gemm.csv, will use default config! using torch solution:0
(Worker_TP0 pid=1522043) [aiter] shape is M:305, N:2304, K:12288 dtype='torch.bfloat16' otype='torch.bfloat16' bias=False, scaleAB=False, bpreshuffle=False, not found tuned config in /tmp/aiter_configs/bf16_tuned_gemm.csv, will use default config! using torch solution:0
[aiter] LoadKernel: _ZN5aiter39bf16gemm_fp32bf16_tn_96x64_splitk_cleanE hsaco: /usr/local/lib/python3.12/dist-packages/aiter_meta/hsa//gfx950/bf16gemm/bf16gemm_fp32bf16_tn_96x64_splitk_clean.co
(Worker_TP1 pid=1522044) [aiter] shape is M:250, N:128, K:6144 dtype='torch.float32' otype='torch.float32' bias=False, scaleAB=False, bpreshuffle=False, not found tuned config in /tmp/aiter_configs/bf16_tuned_gemm.csv, will use default config! using torch solution:0
(Worker_TP1 pid=1522044) [aiter] run_1stage = False, xbf16 = False, ksplit = 0 q_type = QuantType.per_1x32 block_m = 32 use_nt = True, estimated_m_per_expert = 9
(Worker_TP1 pid=1522044) [aiter] [fused_moe] using 2stage default for ('gfx950', 256, 256, 6144, 768, 129, 5, 'ActivationType.Swiglu', 'torch.bfloat16', 'torch.bfloat16', 'torch.float4_e2m1fn_x2', 'QuantType.per_1x32', True, False) 
(Worker_TP1 pid=1522044) [aiter] [pid=1522044 pname=VllmWorker-1] waiting for baton release at /tmp/inferencex-minimaxm3-1410/home/.aiter/jit/build/lock_module_moe_cktile2stages
(Worker_TP2 pid=1522045) [aiter] shape is M:275, N:2304, K:12288 dtype='torch.bfloat16' otype='torch.bfloat16' bias=False, scaleAB=False, bpreshuffle=False, not found tuned config in /tmp/aiter_configs/bf16_tuned_gemm.csv, will use default config! using torch solution:0
(Worker_TP0 pid=1522043) Capturing CUDA graphs (mixed prefill-decode, PIECEWISE):  27%|██▋       | 13/48 [00:01<00:06,  5.69it/s][aiter] shape is M:290, N:128, K:6144 dtype='torch.float32' otype='torch.float32' bias=False, scaleAB=False, bpreshuffle=False, not found tuned config in /tmp/aiter_configs/bf16_tuned_gemm.csv, will use default config! using torch solution:0
(Worker_TP2 pid=1522045) [aiter] shape is M:260, N:128, K:6144 dtype='torch.float32' otype='torch.float32' bias=False, scaleAB=False, bpreshuffle=False, not found tuned config in /tmp/aiter_configs/bf16_tuned_gemm.csv, will use default config! using torch solution:0
(Worker_TP0 pid=1522043) [aiter] shape is M:290, N:2304, K:12288 dtype='torch.bfloat16' otype='torch.bfloat16' bias=False, scaleAB=False, bpreshuffle=False, not found tuned config in /tmp/aiter_configs/bf16_tuned_gemm.csv, will use default config! using torch solution:0
(Worker_TP2 pid=1522045) [aiter] shape is M:260, N:2304, K:12288 dtype='torch.bfloat16' otype='torch.bfloat16' bias=False, scaleAB=False, bpreshuffle=False, not found tuned config in /tmp/aiter_configs/bf16_tuned_gemm.csv, will use default config! using torch solution:0
(Worker_TP0 pid=1522043) [aiter] shape is M:275, N:128, K:6144 dtype='torch.float32' otype='torch.float32' bias=False, scaleAB=False, bpreshuffle=False, not found tuned config in /tmp/aiter_configs/bf16_tuned_gemm.csv, will use default config! using torch solution:0
(Worker_TP0 pid=1522043) [aiter] shape is M:275, N:2304, K:12288 dtype='torch.bfloat16' otype='torch.bfloat16' bias=False, scaleAB=False, bpreshuffle=False, not found tuned config in /tmp/aiter_configs/bf16_tuned_gemm.csv, will use default config! using torch solution:0
(Worker_TP0 pid=1522043) Capturing CUDA graphs (mixed prefill-decode, PIECEWISE):  31%|███▏      | 15/48 [00:01<00:04,  6.72it/s][aiter] shape is M:260, N:128, K:6144 dtype='torch.float32' otype='torch.float32' bias=False, scaleAB=False, bpreshuffle=False, not found tuned config in /tmp/aiter_configs/bf16_tuned_gemm.csv, will use default config! using torch solution:0
(Worker_TP0 pid=1522043) [aiter] shape is M:260, N:2304, K:12288 dtype='torch.bfloat16' otype='torch.bfloat16' bias=False, scaleAB=False, bpreshuffle=False, not found tuned config in /tmp/aiter_configs/bf16_tuned_gemm.csv, will use default config! using torch solution:0
[aiter] LoadKernel: _ZN5aiter39bf16gemm_fp32bf16_tn_96x64_splitk_cleanE hsaco: /usr/local/lib/python3.12/dist-packages/aiter_meta/hsa//gfx950/bf16gemm/bf16gemm_fp32bf16_tn_96x64_splitk_clean.co
(Worker_TP2 pid=1522045) [aiter] shape is M:250, N:128, K:6144 dtype='torch.float32' otype='torch.float32' bias=False, scaleAB=False, bpreshuffle=False, not found tuned config in /tmp/aiter_configs/bf16_tuned_gemm.csv, will use default config! using torch solution:0
(Worker_TP2 pid=1522045) [aiter] run_1stage = False, xbf16 = False, ksplit = 0 q_type = QuantType.per_1x32 block_m = 32 use_nt = True, estimated_m_per_expert = 9
(Worker_TP2 pid=1522045) [aiter] [fused_moe] using 2stage default for ('gfx950', 256, 256, 6144, 768, 129, 5, 'ActivationType.Swiglu', 'torch.bfloat16', 'torch.bfloat16', 'torch.float4_e2m1fn_x2', 'QuantType.per_1x32', True, False) 
(Worker_TP2 pid=1522045) [aiter] [pid=1522045 pname=VllmWorker-2] waiting for baton release at /tmp/inferencex-minimaxm3-1410/home/.aiter/jit/build/lock_module_moe_cktile2stages
[aiter] LoadKernel: _ZN5aiter39bf16gemm_fp32bf16_tn_96x64_splitk_cleanE hsaco: /usr/local/lib/python3.12/dist-packages/aiter_meta/hsa//gfx950/bf16gemm/bf16gemm_fp32bf16_tn_96x64_splitk_clean.co
(Worker_TP0 pid=1522043) [aiter] shape is M:250, N:128, K:6144 dtype='torch.float32' otype='torch.float32' bias=False, scaleAB=False, bpreshuffle=False, not found tuned config in /tmp/aiter_configs/bf16_tuned_gemm.csv, will use default config! using torch solution:0
(Worker_TP0 pid=1522043) [aiter] run_1stage = False, xbf16 = False, ksplit = 0 q_type = QuantType.per_1x32 block_m = 32 use_nt = True, estimated_m_per_expert = 9
(Worker_TP0 pid=1522043) [aiter] [fused_moe] using 2stage default for ('gfx950', 256, 256, 6144, 768, 129, 5, 'ActivationType.Swiglu', 'torch.bfloat16', 'torch.bfloat16', 'torch.float4_e2m1fn_x2', 'QuantType.per_1x32', True, False) 
(Worker_TP0 pid=1522043) [aiter] [pid=1522043 pname=VllmWorker-0] waiting for baton release at /tmp/inferencex-minimaxm3-1410/home/.aiter/jit/build/lock_module_moe_cktile2stages
(EngineCore pid=1521766) INFO 08-25 18:18:47 [shm_broadcast.py:802] No available shared memory broadcast block found in 60 seconds. This typically happens when some processes are hanging or doing some time-consuming work (e.g. compilation, weight/kv cache quantization).
(EngineCore pid=1521766) INFO 08-25 18:19:47 [shm_broadcast.py:802] No available shared memory broadcast block found in 60 seconds. This typically happens when some processes are hanging or doing some time-consuming work (e.g. compilation, weight/kv cache quantization).
(EngineCore pid=1521766) INFO 08-25 18:20:47 [shm_broadcast.py:802] No available shared memory broadcast block found in 60 seconds. This typically happens when some processes are hanging or doing some time-consuming work (e.g. compilation, weight/kv cache quantization).
(EngineCore pid=1521766) INFO 08-25 18:21:47 [shm_broadcast.py:802] No available shared memory broadcast block found in 60 seconds. This typically happens when some processes are hanging or doing some time-consuming work (e.g. compilation, weight/kv cache quantization).
(Worker_TP3 pid=1522046) [aiter] [pid=1522046 pname=VllmWorker-3] [32mfinish build [module_moe_cktile2stages], cost 242.0s [0m
(Worker_TP3 pid=1522046) [aiter] import [module_moe_cktile2stages] under /tmp/inferencex-minimaxm3-1410/home/.aiter/jit/module_moe_cktile2stages.so
(Worker_TP3 pid=1522046) [aiter] [pid=1522046 pname=VllmWorker-3] start build [module_activation] under /tmp/inferencex-minimaxm3-1410/home/.aiter/jit/build/module_activation
(Worker_TP1 pid=1522044) [aiter] import [module_moe_cktile2stages] under /tmp/inferencex-minimaxm3-1410/home/.aiter/jit/module_moe_cktile2stages.so
(Worker_TP1 pid=1522044) [aiter] [pid=1522044 pname=VllmWorker-1] waiting for baton release at /tmp/inferencex-minimaxm3-1410/home/.aiter/jit/build/lock_module_activation
(Worker_TP0 pid=1522043) [aiter] import [module_moe_cktile2stages] under /tmp/inferencex-minimaxm3-1410/home/.aiter/jit/module_moe_cktile2stages.so
(Worker_TP0 pid=1522043) [aiter] [pid=1522043 pname=VllmWorker-0] waiting for baton release at /tmp/inferencex-minimaxm3-1410/home/.aiter/jit/build/lock_module_activation
(Worker_TP2 pid=1522045) [aiter] import [module_moe_cktile2stages] under /tmp/inferencex-minimaxm3-1410/home/.aiter/jit/module_moe_cktile2stages.so
(Worker_TP2 pid=1522045) [aiter] [pid=1522045 pname=VllmWorker-2] waiting for baton release at /tmp/inferencex-minimaxm3-1410/home/.aiter/jit/build/lock_module_activation
(Worker_TP3 pid=1522046) [aiter] [pid=1522046 pname=VllmWorker-3] [32mfinish build [module_activation], cost 16.8s [0m
(Worker_TP3 pid=1522046) [aiter] import [module_activation] under /tmp/inferencex-minimaxm3-1410/home/.aiter/jit/module_activation.so
(Worker_TP1 pid=1522044) [aiter] import [module_activation] under /tmp/inferencex-minimaxm3-1410/home/.aiter/jit/module_activation.so
(Worker_TP3 pid=1522046) [aiter] shape is M:250, N:2304, K:12288 dtype='torch.bfloat16' otype='torch.bfloat16' bias=False, scaleAB=False, bpreshuffle=False, not found tuned config in /tmp/aiter_configs/bf16_tuned_gemm.csv, will use default config! using torch solution:0
(Worker_TP0 pid=1522043) [aiter] import [module_activation] under /tmp/inferencex-minimaxm3-1410/home/.aiter/jit/module_activation.so
(Worker_TP1 pid=1522044) [aiter] shape is M:250, N:2304, K:12288 dtype='torch.bfloat16' otype='torch.bfloat16' bias=False, scaleAB=False, bpreshuffle=False, not found tuned config in /tmp/aiter_configs/bf16_tuned_gemm.csv, will use default config! using torch solution:0
(Worker_TP3 pid=1522046) [aiter] shape is M:240, N:128, K:6144 dtype='torch.float32' otype='torch.float32' bias=False, scaleAB=False, bpreshuffle=False, not found tuned config in /tmp/aiter_configs/bf16_tuned_gemm.csv, will use default config! using torch solution:0
(Worker_TP2 pid=1522045) [aiter] import [module_activation] under /tmp/inferencex-minimaxm3-1410/home/.aiter/jit/module_activation.so
(Worker_TP1 pid=1522044) [aiter] shape is M:240, N:128, K:6144 dtype='torch.float32' otype='torch.float32' bias=False, scaleAB=False, bpreshuffle=False, not found tuned config in /tmp/aiter_configs/bf16_tuned_gemm.csv, will use default config! using torch solution:0
(Worker_TP3 pid=1522046) [aiter] shape is M:240, N:2304, K:12288 dtype='torch.bfloat16' otype='torch.bfloat16' bias=False, scaleAB=False, bpreshuffle=False, not found tuned config in /tmp/aiter_configs/bf16_tuned_gemm.csv, will use default config! using torch solution:0
(Worker_TP0 pid=1522043) [aiter] shape is M:250, N:2304, K:12288 dtype='torch.bfloat16' otype='torch.bfloat16' bias=False, scaleAB=False, bpreshuffle=False, not found tuned config in /tmp/aiter_configs/bf16_tuned_gemm.csv, will use default config! using torch solution:0
(Worker_TP1 pid=1522044) [aiter] shape is M:240, N:2304, K:12288 dtype='torch.bfloat16' otype='torch.bfloat16' bias=False, scaleAB=False, bpreshuffle=False, not found tuned config in /tmp/aiter_configs/bf16_tuned_gemm.csv, will use default config! using torch solution:0
(Worker_TP3 pid=1522046) [aiter] shape is M:235, N:128, K:6144 dtype='torch.float32' otype='torch.float32' bias=False, scaleAB=False, bpreshuffle=False, not found tuned config in /tmp/aiter_configs/bf16_tuned_gemm.csv, will use default config! using torch solution:0
(Worker_TP2 pid=1522045) [aiter] shape is M:250, N:2304, K:12288 dtype='torch.bfloat16' otype='torch.bfloat16' bias=False, scaleAB=False, bpreshuffle=False, not found tuned config in /tmp/aiter_configs/bf16_tuned_gemm.csv, will use default config! using torch solution:0
(Worker_TP0 pid=1522043) Capturing CUDA graphs (mixed prefill-decode, PIECEWISE):  35%|███▌      | 17/48 [04:20<21:08, 40.93s/it](Worker_TP1 pid=1522044) [aiter] shape is M:235, N:128, K:6144 dtype='torch.float32' otype='torch.float32' bias=False, scaleAB=False, bpreshuffle=False, not found tuned config in /tmp/aiter_configs/bf16_tuned_gemm.csv, will use default config! using torch solution:0
[aiter] shape is M:240, N:128, K:6144 dtype='torch.float32' otype='torch.float32' bias=False, scaleAB=False, bpreshuffle=False, not found tuned config in /tmp/aiter_configs/bf16_tuned_gemm.csv, will use default config! using torch solution:0
(Worker_TP3 pid=1522046) [aiter] shape is M:235, N:2304, K:12288 dtype='torch.bfloat16' otype='torch.bfloat16' bias=False, scaleAB=False, bpreshuffle=False, not found tuned config in /tmp/aiter_configs/bf16_tuned_gemm.csv, will use default config! using torch solution:0
(Worker_TP2 pid=1522045) [aiter] shape is M:240, N:128, K:6144 dtype='torch.float32' otype='torch.float32' bias=False, scaleAB=False, bpreshuffle=False, not found tuned config in /tmp/aiter_configs/bf16_tuned_gemm.csv, will use default config! using torch solution:0
(Worker_TP1 pid=1522044) [aiter] shape is M:235, N:2304, K:12288 dtype='torch.bfloat16' otype='torch.bfloat16' bias=False, scaleAB=False, bpreshuffle=False, not found tuned config in /tmp/aiter_configs/bf16_tuned_gemm.csv, will use default config! using torch solution:0
(Worker_TP0 pid=1522043) [aiter] shape is M:240, N:2304, K:12288 dtype='torch.bfloat16' otype='torch.bfloat16' bias=False, scaleAB=False, bpreshuffle=False, not found tuned config in /tmp/aiter_configs/bf16_tuned_gemm.csv, will use default config! using torch solution:0
(Worker_TP3 pid=1522046) [aiter] shape is M:225, N:128, K:6144 dtype='torch.float32' otype='torch.float32' bias=False, scaleAB=False, bpreshuffle=False, not found tuned config in /tmp/aiter_configs/bf16_tuned_gemm.csv, will use default config! using torch solution:0
(Worker_TP2 pid=1522045) [aiter] shape is M:240, N:2304, K:12288 dtype='torch.bfloat16' otype='torch.bfloat16' bias=False, scaleAB=False, bpreshuffle=False, not found tuned config in /tmp/aiter_configs/bf16_tuned_gemm.csv, will use default config! using torch solution:0
(Worker_TP0 pid=1522043) [aiter] shape is M:235, N:128, K:6144 dtype='torch.float32' otype='torch.float32' bias=False, scaleAB=False, bpreshuffle=False, not found tuned config in /tmp/aiter_configs/bf16_tuned_gemm.csv, will use default config! using torch solution:0
(Worker_TP1 pid=1522044) [aiter] shape is M:225, N:128, K:6144 dtype='torch.float32' otype='torch.float32' bias=False, scaleAB=False, bpreshuffle=False, not found tuned config in /tmp/aiter_configs/bf16_tuned_gemm.csv, will use default config! using torch solution:0
(Worker_TP3 pid=1522046) [aiter] shape is M:225, N:2304, K:12288 dtype='torch.bfloat16' otype='torch.bfloat16' bias=False, scaleAB=False, bpreshuffle=False, not found tuned config in /tmp/aiter_configs/bf16_tuned_gemm.csv, will use default config! using torch solution:0
(Worker_TP0 pid=1522043) [aiter] shape is M:235, N:2304, K:12288 dtype='torch.bfloat16' otype='torch.bfloat16' bias=False, scaleAB=False, bpreshuffle=False, not found tuned config in /tmp/aiter_configs/bf16_tuned_gemm.csv, will use default config! using torch solution:0
(Worker_TP2 pid=1522045) [aiter] shape is M:235, N:128, K:6144 dtype='torch.float32' otype='torch.float32' bias=False, scaleAB=False, bpreshuffle=False, not found tuned config in /tmp/aiter_configs/bf16_tuned_gemm.csv, will use default config! using torch solution:0
(Worker_TP1 pid=1522044) [aiter] shape is M:225, N:2304, K:12288 dtype='torch.bfloat16' otype='torch.bfloat16' bias=False, scaleAB=False, bpreshuffle=False, not found tuned config in /tmp/aiter_configs/bf16_tuned_gemm.csv, will use default config! using torch solution:0
(Worker_TP3 pid=1522046) [aiter] shape is M:220, N:128, K:6144 dtype='torch.float32' otype='torch.float32' bias=False, scaleAB=False, bpreshuffle=False, not found tuned config in /tmp/aiter_configs/bf16_tuned_gemm.csv, will use default config! using torch solution:0
(Worker_TP2 pid=1522045) [aiter] shape is M:235, N:2304, K:12288 dtype='torch.bfloat16' otype='torch.bfloat16' bias=False, scaleAB=False, bpreshuffle=False, not found tuned config in /tmp/aiter_configs/bf16_tuned_gemm.csv, will use default config! using torch solution:0
(Worker_TP0 pid=1522043) Capturing CUDA graphs (mixed prefill-decode, PIECEWISE):  40%|███▉      | 19/48 [04:20<13:38, 28.24s/it][aiter] shape is M:225, N:128, K:6144 dtype='torch.float32' otype='torch.float32' bias=False, scaleAB=False, bpreshuffle=False, not found tuned config in /tmp/aiter_configs/bf16_tuned_gemm.csv, will use default config! using torch solution:0
(Worker_TP1 pid=1522044) [aiter] shape is M:220, N:128, K:6144 dtype='torch.float32' otype='torch.float32' bias=False, scaleAB=False, bpreshuffle=False, not found tuned config in /tmp/aiter_configs/bf16_tuned_gemm.csv, will use default config! using torch solution:0
(Worker_TP3 pid=1522046) [aiter] shape is M:220, N:2304, K:12288 dtype='torch.bfloat16' otype='torch.bfloat16' bias=False, scaleAB=False, bpreshuffle=False, not found tuned config in /tmp/aiter_configs/bf16_tuned_gemm.csv, will use default config! using torch solution:0
(Worker_TP0 pid=1522043) [aiter] shape is M:225, N:2304, K:12288 dtype='torch.bfloat16' otype='torch.bfloat16' bias=False, scaleAB=False, bpreshuffle=False, not found tuned config in /tmp/aiter_configs/bf16_tuned_gemm.csv, will use default config! using torch solution:0
(Worker_TP1 pid=1522044) [aiter] shape is M:220, N:2304, K:12288 dtype='torch.bfloat16' otype='torch.bfloat16' bias=False, scaleAB=False, bpreshuffle=False, not found tuned config in /tmp/aiter_configs/bf16_tuned_gemm.csv, will use default config! using torch solution:0
(Worker_TP2 pid=1522045) [aiter] shape is M:225, N:128, K:6144 dtype='torch.float32' otype='torch.float32' bias=False, scaleAB=False, bpreshuffle=False, not found tuned config in /tmp/aiter_configs/bf16_tuned_gemm.csv, will use default config! using torch solution:0
(Worker_TP3 pid=1522046) [aiter] shape is M:210, N:128, K:6144 dtype='torch.float32' otype='torch.float32' bias=False, scaleAB=False, bpreshuffle=False, not found tuned config in /tmp/aiter_configs/bf16_tuned_gemm.csv, will use default config! using torch solution:0
(Worker_TP0 pid=1522043) [aiter] shape is M:220, N:128, K:6144 dtype='torch.float32' otype='torch.float32' bias=False, scaleAB=False, bpreshuffle=False, not found tuned config in /tmp/aiter_configs/bf16_tuned_gemm.csv, will use default config! using torch solution:0
(Worker_TP2 pid=1522045) [aiter] shape is M:225, N:2304, K:12288 dtype='torch.bfloat16' otype='torch.bfloat16' bias=False, scaleAB=False, bpreshuffle=False, not found tuned config in /tmp/aiter_configs/bf16_tuned_gemm.csv, will use default config! using torch solution:0
(Worker_TP1 pid=1522044) [aiter] shape is M:210, N:128, K:6144 dtype='torch.float32' otype='torch.float32' bias=False, scaleAB=False, bpreshuffle=False, not found tuned config in /tmp/aiter_configs/bf16_tuned_gemm.csv, will use default config! using torch solution:0
(Worker_TP3 pid=1522046) [aiter] shape is M:210, N:2304, K:12288 dtype='torch.bfloat16' otype='torch.bfloat16' bias=False, scaleAB=False, bpreshuffle=False, not found tuned config in /tmp/aiter_configs/bf16_tuned_gemm.csv, will use default config! using torch solution:0
(Worker_TP0 pid=1522043) [aiter] shape is M:220, N:2304, K:12288 dtype='torch.bfloat16' otype='torch.bfloat16' bias=False, scaleAB=False, bpreshuffle=False, not found tuned config in /tmp/aiter_configs/bf16_tuned_gemm.csv, will use default config! using torch solution:0
(Worker_TP2 pid=1522045) [aiter] shape is M:220, N:128, K:6144 dtype='torch.float32' otype='torch.float32' bias=False, scaleAB=False, bpreshuffle=False, not found tuned config in /tmp/aiter_configs/bf16_tuned_gemm.csv, will use default config! using torch solution:0
(Worker_TP1 pid=1522044) [aiter] shape is M:210, N:2304, K:12288 dtype='torch.bfloat16' otype='torch.bfloat16' bias=False, scaleAB=False, bpreshuffle=False, not found tuned config in /tmp/aiter_configs/bf16_tuned_gemm.csv, will use default config! using torch solution:0
(Worker_TP0 pid=1522043) Capturing CUDA graphs (mixed prefill-decode, PIECEWISE):  44%|████▍     | 21/48 [04:21<08:48, 19.59s/it][aiter] shape is M:210, N:128, K:6144 dtype='torch.float32' otype='torch.float32' bias=False, scaleAB=False, bpreshuffle=False, not found tuned config in /tmp/aiter_configs/bf16_tuned_gemm.csv, will use default config! using torch solution:0
(Worker_TP3 pid=1522046) [aiter] shape is M:200, N:128, K:6144 dtype='torch.float32' otype='torch.float32' bias=False, scaleAB=False, bpreshuffle=False, not found tuned config in /tmp/aiter_configs/bf16_tuned_gemm.csv, will use default config! using torch solution:0
(Worker_TP2 pid=1522045) [aiter] shape is M:220, N:2304, K:12288 dtype='torch.bfloat16' otype='torch.bfloat16' bias=False, scaleAB=False, bpreshuffle=False, not found tuned config in /tmp/aiter_configs/bf16_tuned_gemm.csv, will use default config! using torch solution:0
(Worker_TP1 pid=1522044) [aiter] shape is M:200, N:128, K:6144 dtype='torch.float32' otype='torch.float32' bias=False, scaleAB=False, bpreshuffle=False, not found tuned config in /tmp/aiter_configs/bf16_tuned_gemm.csv, will use default config! using torch solution:0
(Worker_TP0 pid=1522043) [aiter] shape is M:210, N:2304, K:12288 dtype='torch.bfloat16' otype='torch.bfloat16' bias=False, scaleAB=False, bpreshuffle=False, not found tuned config in /tmp/aiter_configs/bf16_tuned_gemm.csv, will use default config! using torch solution:0
(Worker_TP3 pid=1522046) [aiter] shape is M:200, N:2304, K:12288 dtype='torch.bfloat16' otype='torch.bfloat16' bias=False, scaleAB=False, bpreshuffle=False, not found tuned config in /tmp/aiter_configs/bf16_tuned_gemm.csv, will use default config! using torch solution:0
(Worker_TP2 pid=1522045) [aiter] shape is M:210, N:128, K:6144 dtype='torch.float32' otype='torch.float32' bias=False, scaleAB=False, bpreshuffle=False, not found tuned config in /tmp/aiter_configs/bf16_tuned_gemm.csv, will use default config! using torch solution:0
(Worker_TP1 pid=1522044) [aiter] shape is M:200, N:2304, K:12288 dtype='torch.bfloat16' otype='torch.bfloat16' bias=False, scaleAB=False, bpreshuffle=False, not found tuned config in /tmp/aiter_configs/bf16_tuned_gemm.csv, will use default config! using torch solution:0
(Worker_TP0 pid=1522043) [aiter] shape is M:200, N:128, K:6144 dtype='torch.float32' otype='torch.float32' bias=False, scaleAB=False, bpreshuffle=False, not found tuned config in /tmp/aiter_configs/bf16_tuned_gemm.csv, will use default config! using torch solution:0
(Worker_TP3 pid=1522046) [aiter] shape is M:195, N:128, K:6144 dtype='torch.float32' otype='torch.float32' bias=False, scaleAB=False, bpreshuffle=False, not found tuned config in /tmp/aiter_configs/bf16_tuned_gemm.csv, will use default config! using torch solution:0
(Worker_TP2 pid=1522045) [aiter] shape is M:210, N:2304, K:12288 dtype='torch.bfloat16' otype='torch.bfloat16' bias=False, scaleAB=False, bpreshuffle=False, not found tuned config in /tmp/aiter_configs/bf16_tuned_gemm.csv, will use default config! using torch solution:0
(Worker_TP1 pid=1522044) [aiter] shape is M:195, N:128, K:6144 dtype='torch.float32' otype='torch.float32' bias=False, scaleAB=False, bpreshuffle=False, not found tuned config in /tmp/aiter_configs/bf16_tuned_gemm.csv, will use default config! using torch solution:0
(Worker_TP0 pid=1522043) [aiter] shape is M:200, N:2304, K:12288 dtype='torch.bfloat16' otype='torch.bfloat16' bias=False, scaleAB=False, bpreshuffle=False, not found tuned config in /tmp/aiter_configs/bf16_tuned_gemm.csv, will use default config! using torch solution:0
(Worker_TP3 pid=1522046) [aiter] shape is M:195, N:2304, K:12288 dtype='torch.bfloat16' otype='torch.bfloat16' bias=False, scaleAB=False, bpreshuffle=False, not found tuned config in /tmp/aiter_configs/bf16_tuned_gemm.csv, will use default config! using torch solution:0
(Worker_TP2 pid=1522045) [aiter] shape is M:200, N:128, K:6144 dtype='torch.float32' otype='torch.float32' bias=False, scaleAB=False, bpreshuffle=False, not found tuned config in /tmp/aiter_configs/bf16_tuned_gemm.csv, will use default config! using torch solution:0
(Worker_TP1 pid=1522044) [aiter] shape is M:195, N:2304, K:12288 dtype='torch.bfloat16' otype='torch.bfloat16' bias=False, scaleAB=False, bpreshuffle=False, not found tuned config in /tmp/aiter_configs/bf16_tuned_gemm.csv, will use default config! using torch solution:0
(Worker_TP0 pid=1522043) Capturing CUDA graphs (mixed prefill-decode, PIECEWISE):  48%|████▊     | 23/48 [04:21<05:40, 13.64s/it][aiter] shape is M:195, N:128, K:6144 dtype='torch.float32' otype='torch.float32' bias=False, scaleAB=False, bpreshuffle=False, not found tuned config in /tmp/aiter_configs/bf16_tuned_gemm.csv, will use default config! using torch solution:0
(Worker_TP3 pid=1522046) [aiter] shape is M:185, N:128, K:6144 dtype='torch.float32' otype='torch.float32' bias=False, scaleAB=False, bpreshuffle=False, not found tuned config in /tmp/aiter_configs/bf16_tuned_gemm.csv, will use default config! using torch solution:0
(Worker_TP2 pid=1522045) [aiter] shape is M:200, N:2304, K:12288 dtype='torch.bfloat16' otype='torch.bfloat16' bias=False, scaleAB=False, bpreshuffle=False, not found tuned config in /tmp/aiter_configs/bf16_tuned_gemm.csv, will use default config! using torch solution:0
(Worker_TP1 pid=1522044) [aiter] shape is M:185, N:128, K:6144 dtype='torch.float32' otype='torch.float32' bias=False, scaleAB=False, bpreshuffle=False, not found tuned config in /tmp/aiter_configs/bf16_tuned_gemm.csv, will use default config! using torch solution:0
(Worker_TP0 pid=1522043) [aiter] shape is M:195, N:2304, K:12288 dtype='torch.bfloat16' otype='torch.bfloat16' bias=False, scaleAB=False, bpreshuffle=False, not found tuned config in /tmp/aiter_configs/bf16_tuned_gemm.csv, will use default config! using torch solution:0
(Worker_TP3 pid=1522046) [aiter] shape is M:185, N:2304, K:12288 dtype='torch.bfloat16' otype='torch.bfloat16' bias=False, scaleAB=False, bpreshuffle=False, not found tuned config in /tmp/aiter_configs/bf16_tuned_gemm.csv, will use default config! using torch solution:0
(Worker_TP2 pid=1522045) [aiter] shape is M:195, N:128, K:6144 dtype='torch.float32' otype='torch.float32' bias=False, scaleAB=False, bpreshuffle=False, not found tuned config in /tmp/aiter_configs/bf16_tuned_gemm.csv, will use default config! using torch solution:0
(Worker_TP1 pid=1522044) [aiter] shape is M:185, N:2304, K:12288 dtype='torch.bfloat16' otype='torch.bfloat16' bias=False, scaleAB=False, bpreshuffle=False, not found tuned config in /tmp/aiter_configs/bf16_tuned_gemm.csv, will use default config! using torch solution:0
(Worker_TP0 pid=1522043) [aiter] shape is M:185, N:128, K:6144 dtype='torch.float32' otype='torch.float32' bias=False, scaleAB=False, bpreshuffle=False, not found tuned config in /tmp/aiter_configs/bf16_tuned_gemm.csv, will use default config! using torch solution:0
(Worker_TP3 pid=1522046) [aiter] shape is M:180, N:128, K:6144 dtype='torch.float32' otype='torch.float32' bias=False, scaleAB=False, bpreshuffle=False, not found tuned config in /tmp/aiter_configs/bf16_tuned_gemm.csv, will use default config! using torch solution:0
(Worker_TP2 pid=1522045) [aiter] shape is M:195, N:2304, K:12288 dtype='torch.bfloat16' otype='torch.bfloat16' bias=False, scaleAB=False, bpreshuffle=False, not found tuned config in /tmp/aiter_configs/bf16_tuned_gemm.csv, will use default config! using torch solution:0
(Worker_TP1 pid=1522044) [aiter] shape is M:180, N:128, K:6144 dtype='torch.float32' otype='torch.float32' bias=False, scaleAB=False, bpreshuffle=False, not found tuned config in /tmp/aiter_configs/bf16_tuned_gemm.csv, will use default config! using torch solution:0
(Worker_TP0 pid=1522043) [aiter] shape is M:185, N:2304, K:12288 dtype='torch.bfloat16' otype='torch.bfloat16' bias=False, scaleAB=False, bpreshuffle=False, not found tuned config in /tmp/aiter_configs/bf16_tuned_gemm.csv, will use default config! using torch solution:0
(Worker_TP3 pid=1522046) [aiter] shape is M:180, N:2304, K:12288 dtype='torch.bfloat16' otype='torch.bfloat16' bias=False, scaleAB=False, bpreshuffle=False, not found tuned config in /tmp/aiter_configs/bf16_tuned_gemm.csv, will use default config! using torch solution:0
(Worker_TP2 pid=1522045) [aiter] shape is M:185, N:128, K:6144 dtype='torch.float32' otype='torch.float32' bias=False, scaleAB=False, bpreshuffle=False, not found tuned config in /tmp/aiter_configs/bf16_tuned_gemm.csv, will use default config! using torch solution:0
(Worker_TP1 pid=1522044) [aiter] shape is M:180, N:2304, K:12288 dtype='torch.bfloat16' otype='torch.bfloat16' bias=False, scaleAB=False, bpreshuffle=False, not found tuned config in /tmp/aiter_configs/bf16_tuned_gemm.csv, will use default config! using torch solution:0
(Worker_TP0 pid=1522043) Capturing CUDA graphs (mixed prefill-decode, PIECEWISE):  52%|█████▏    | 25/48 [04:21<03:39,  9.52s/it][aiter] shape is M:180, N:128, K:6144 dtype='torch.float32' otype='torch.float32' bias=False, scaleAB=False, bpreshuffle=False, not found tuned config in /tmp/aiter_configs/bf16_tuned_gemm.csv, will use default config! using torch solution:0
(Worker_TP3 pid=1522046) [aiter] shape is M:170, N:128, K:6144 dtype='torch.float32' otype='torch.float32' bias=False, scaleAB=False, bpreshuffle=False, not found tuned config in /tmp/aiter_configs/bf16_tuned_gemm.csv, will use default config! using torch solution:0
(Worker_TP2 pid=1522045) [aiter] shape is M:185, N:2304, K:12288 dtype='torch.bfloat16' otype='torch.bfloat16' bias=False, scaleAB=False, bpreshuffle=False, not found tuned config in /tmp/aiter_configs/bf16_tuned_gemm.csv, will use default config! using torch solution:0
(Worker_TP1 pid=1522044) [aiter] shape is M:170, N:128, K:6144 dtype='torch.float32' otype='torch.float32' bias=False, scaleAB=False, bpreshuffle=False, not found tuned config in /tmp/aiter_configs/bf16_tuned_gemm.csv, will use default config! using torch solution:0
(Worker_TP0 pid=1522043) [aiter] shape is M:180, N:2304, K:12288 dtype='torch.bfloat16' otype='torch.bfloat16' bias=False, scaleAB=False, bpreshuffle=False, not found tuned config in /tmp/aiter_configs/bf16_tuned_gemm.csv, will use default config! using torch solution:0
(Worker_TP3 pid=1522046) [aiter] shape is M:170, N:2304, K:12288 dtype='torch.bfloat16' otype='torch.bfloat16' bias=False, scaleAB=False, bpreshuffle=False, not found tuned config in /tmp/aiter_configs/bf16_tuned_gemm.csv, will use default config! using torch solution:0
(Worker_TP2 pid=1522045) [aiter] shape is M:180, N:128, K:6144 dtype='torch.float32' otype='torch.float32' bias=False, scaleAB=False, bpreshuffle=False, not found tuned config in /tmp/aiter_configs/bf16_tuned_gemm.csv, will use default config! using torch solution:0
(Worker_TP1 pid=1522044) [aiter] shape is M:170, N:2304, K:12288 dtype='torch.bfloat16' otype='torch.bfloat16' bias=False, scaleAB=False, bpreshuffle=False, not found tuned config in /tmp/aiter_configs/bf16_tuned_gemm.csv, will use default config! using torch solution:0
(Worker_TP0 pid=1522043) [aiter] shape is M:170, N:128, K:6144 dtype='torch.float32' otype='torch.float32' bias=False, scaleAB=False, bpreshuffle=False, not found tuned config in /tmp/aiter_configs/bf16_tuned_gemm.csv, will use default config! using torch solution:0
(Worker_TP3 pid=1522046) [aiter] shape is M:160, N:128, K:6144 dtype='torch.float32' otype='torch.float32' bias=False, scaleAB=False, bpreshuffle=False, not found tuned config in /tmp/aiter_configs/bf16_tuned_gemm.csv, will use default config! using torch solution:0
(Worker_TP2 pid=1522045) [aiter] shape is M:180, N:2304, K:12288 dtype='torch.bfloat16' otype='torch.bfloat16' bias=False, scaleAB=False, bpreshuffle=False, not found tuned config in /tmp/aiter_configs/bf16_tuned_gemm.csv, will use default config! using torch solution:0
(Worker_TP1 pid=1522044) [aiter] shape is M:160, N:128, K:6144 dtype='torch.float32' otype='torch.float32' bias=False, scaleAB=False, bpreshuffle=False, not found tuned config in /tmp/aiter_configs/bf16_tuned_gemm.csv, will use default config! using torch solution:0
(Worker_TP0 pid=1522043) [aiter] shape is M:170, N:2304, K:12288 dtype='torch.bfloat16' otype='torch.bfloat16' bias=False, scaleAB=False, bpreshuffle=False, not found tuned config in /tmp/aiter_configs/bf16_tuned_gemm.csv, will use default config! using torch solution:0
(Worker_TP3 pid=1522046) [aiter] shape is M:160, N:2304, K:12288 dtype='torch.bfloat16' otype='torch.bfloat16' bias=False, scaleAB=False, bpreshuffle=False, not found tuned config in /tmp/aiter_configs/bf16_tuned_gemm.csv, will use default config! using torch solution:0
(Worker_TP2 pid=1522045) [aiter] shape is M:170, N:128, K:6144 dtype='torch.float32' otype='torch.float32' bias=False, scaleAB=False, bpreshuffle=False, not found tuned config in /tmp/aiter_configs/bf16_tuned_gemm.csv, will use default config! using torch solution:0
(Worker_TP1 pid=1522044) [aiter] shape is M:160, N:2304, K:12288 dtype='torch.bfloat16' otype='torch.bfloat16' bias=False, scaleAB=False, bpreshuffle=False, not found tuned config in /tmp/aiter_configs/bf16_tuned_gemm.csv, will use default config! using torch solution:0
(Worker_TP0 pid=1522043) Capturing CUDA graphs (mixed prefill-decode, PIECEWISE):  56%|█████▋    | 27/48 [04:21<02:20,  6.67s/it][aiter] shape is M:160, N:128, K:6144 dtype='torch.float32' otype='torch.float32' bias=False, scaleAB=False, bpreshuffle=False, not found tuned config in /tmp/aiter_configs/bf16_tuned_gemm.csv, will use default config! using torch solution:0
(Worker_TP2 pid=1522045) [aiter] shape is M:170, N:2304, K:12288 dtype='torch.bfloat16' otype='torch.bfloat16' bias=False, scaleAB=False, bpreshuffle=False, not found tuned config in /tmp/aiter_configs/bf16_tuned_gemm.csv, will use default config! using torch solution:0
(Worker_TP3 pid=1522046) [aiter] shape is M:155, N:128, K:6144 dtype='torch.float32' otype='torch.float32' bias=False, scaleAB=False, bpreshuffle=False, not found tuned config in /tmp/aiter_configs/bf16_tuned_gemm.csv, will use default config! using torch solution:0
(Worker_TP1 pid=1522044) [aiter] shape is M:155, N:128, K:6144 dtype='torch.float32' otype='torch.float32' bias=False, scaleAB=False, bpreshuffle=False, not found tuned config in /tmp/aiter_configs/bf16_tuned_gemm.csv, will use default config! using torch solution:0
(Worker_TP0 pid=1522043) [aiter] shape is M:160, N:2304, K:12288 dtype='torch.bfloat16' otype='torch.bfloat16' bias=False, scaleAB=False, bpreshuffle=False, not found tuned config in /tmp/aiter_configs/bf16_tuned_gemm.csv, will use default config! using torch solution:0
(Worker_TP3 pid=1522046) [aiter] shape is M:155, N:2304, K:12288 dtype='torch.bfloat16' otype='torch.bfloat16' bias=False, scaleAB=False, bpreshuffle=False, not found tuned config in /tmp/aiter_configs/bf16_tuned_gemm.csv, will use default config! using torch solution:0
(Worker_TP2 pid=1522045) [aiter] shape is M:160, N:128, K:6144 dtype='torch.float32' otype='torch.float32' bias=False, scaleAB=False, bpreshuffle=False, not found tuned config in /tmp/aiter_configs/bf16_tuned_gemm.csv, will use default config! using torch solution:0
(Worker_TP1 pid=1522044) [aiter] shape is M:155, N:2304, K:12288 dtype='torch.bfloat16' otype='torch.bfloat16' bias=False, scaleAB=False, bpreshuffle=False, not found tuned config in /tmp/aiter_configs/bf16_tuned_gemm.csv, will use default config! using torch solution:0
(Worker_TP0 pid=1522043) [aiter] shape is M:155, N:128, K:6144 dtype='torch.float32' otype='torch.float32' bias=False, scaleAB=False, bpreshuffle=False, not found tuned config in /tmp/aiter_configs/bf16_tuned_gemm.csv, will use default config! using torch solution:0
(Worker_TP3 pid=1522046) [aiter] shape is M:145, N:128, K:6144 dtype='torch.float32' otype='torch.float32' bias=False, scaleAB=False, bpreshuffle=False, not found tuned config in /tmp/aiter_configs/bf16_tuned_gemm.csv, will use default config! using torch solution:0
(Worker_TP2 pid=1522045) [aiter] shape is M:160, N:2304, K:12288 dtype='torch.bfloat16' otype='torch.bfloat16' bias=False, scaleAB=False, bpreshuffle=False, not found tuned config in /tmp/aiter_configs/bf16_tuned_gemm.csv, will use default config! using torch solution:0
(Worker_TP1 pid=1522044) [aiter] shape is M:145, N:128, K:6144 dtype='torch.float32' otype='torch.float32' bias=False, scaleAB=False, bpreshuffle=False, not found tuned config in /tmp/aiter_configs/bf16_tuned_gemm.csv, will use default config! using torch solution:0
(Worker_TP0 pid=1522043) [aiter] shape is M:155, N:2304, K:12288 dtype='torch.bfloat16' otype='torch.bfloat16' bias=False, scaleAB=False, bpreshuffle=False, not found tuned config in /tmp/aiter_configs/bf16_tuned_gemm.csv, will use default config! using torch solution:0
(Worker_TP3 pid=1522046) [aiter] shape is M:145, N:2304, K:12288 dtype='torch.bfloat16' otype='torch.bfloat16' bias=False, scaleAB=False, bpreshuffle=False, not found tuned config in /tmp/aiter_configs/bf16_tuned_gemm.csv, will use default config! using torch solution:0
(Worker_TP1 pid=1522044) [aiter] shape is M:145, N:2304, K:12288 dtype='torch.bfloat16' otype='torch.bfloat16' bias=False, scaleAB=False, bpreshuffle=False, not found tuned config in /tmp/aiter_configs/bf16_tuned_gemm.csv, will use default config! using torch solution:0
(Worker_TP2 pid=1522045) [aiter] shape is M:155, N:128, K:6144 dtype='torch.float32' otype='torch.float32' bias=False, scaleAB=False, bpreshuffle=False, not found tuned config in /tmp/aiter_configs/bf16_tuned_gemm.csv, will use default config! using torch solution:0
(Worker_TP0 pid=1522043) Capturing CUDA graphs (mixed prefill-decode, PIECEWISE):  60%|██████    | 29/48 [04:21<01:28,  4.68s/it][aiter] shape is M:145, N:128, K:6144 dtype='torch.float32' otype='torch.float32' bias=False, scaleAB=False, bpreshuffle=False, not found tuned config in /tmp/aiter_configs/bf16_tuned_gemm.csv, will use default config! using torch solution:0
(Worker_TP3 pid=1522046) [aiter] shape is M:140, N:128, K:6144 dtype='torch.float32' otype='torch.float32' bias=False, scaleAB=False, bpreshuffle=False, not found tuned config in /tmp/aiter_configs/bf16_tuned_gemm.csv, will use default config! using torch solution:0
(Worker_TP2 pid=1522045) [aiter] shape is M:155, N:2304, K:12288 dtype='torch.bfloat16' otype='torch.bfloat16' bias=False, scaleAB=False, bpreshuffle=False, not found tuned config in /tmp/aiter_configs/bf16_tuned_gemm.csv, will use default config! using torch solution:0
(Worker_TP1 pid=1522044) [aiter] shape is M:140, N:128, K:6144 dtype='torch.float32' otype='torch.float32' bias=False, scaleAB=False, bpreshuffle=False, not found tuned config in /tmp/aiter_configs/bf16_tuned_gemm.csv, will use default config! using torch solution:0
(Worker_TP0 pid=1522043) [aiter] shape is M:145, N:2304, K:12288 dtype='torch.bfloat16' otype='torch.bfloat16' bias=False, scaleAB=False, bpreshuffle=False, not found tuned config in /tmp/aiter_configs/bf16_tuned_gemm.csv, will use default config! using torch solution:0
(Worker_TP3 pid=1522046) [aiter] shape is M:140, N:2304, K:12288 dtype='torch.bfloat16' otype='torch.bfloat16' bias=False, scaleAB=False, bpreshuffle=False, not found tuned config in /tmp/aiter_configs/bf16_tuned_gemm.csv, will use default config! using torch solution:0
(Worker_TP1 pid=1522044) [aiter] shape is M:140, N:2304, K:12288 dtype='torch.bfloat16' otype='torch.bfloat16' bias=False, scaleAB=False, bpreshuffle=False, not found tuned config in /tmp/aiter_configs/bf16_tuned_gemm.csv, will use default config! using torch solution:0
(Worker_TP2 pid=1522045) [aiter] shape is M:145, N:128, K:6144 dtype='torch.float32' otype='torch.float32' bias=False, scaleAB=False, bpreshuffle=False, not found tuned config in /tmp/aiter_configs/bf16_tuned_gemm.csv, will use default config! using torch solution:0
(Worker_TP0 pid=1522043) [aiter] shape is M:140, N:128, K:6144 dtype='torch.float32' otype='torch.float32' bias=False, scaleAB=False, bpreshuffle=False, not found tuned config in /tmp/aiter_configs/bf16_tuned_gemm.csv, will use default config! using torch solution:0
(Worker_TP3 pid=1522046) [aiter] shape is M:130, N:128, K:6144 dtype='torch.float32' otype='torch.float32' bias=False, scaleAB=False, bpreshuffle=False, not found tuned config in /tmp/aiter_configs/bf16_tuned_gemm.csv, will use default config! using torch solution:0
(Worker_TP2 pid=1522045) [aiter] shape is M:145, N:2304, K:12288 dtype='torch.bfloat16' otype='torch.bfloat16' bias=False, scaleAB=False, bpreshuffle=False, not found tuned config in /tmp/aiter_configs/bf16_tuned_gemm.csv, will use default config! using torch solution:0
(Worker_TP1 pid=1522044) [aiter] shape is M:130, N:128, K:6144 dtype='torch.float32' otype='torch.float32' bias=False, scaleAB=False, bpreshuffle=False, not found tuned config in /tmp/aiter_configs/bf16_tuned_gemm.csv, will use default config! using torch solution:0
(Worker_TP0 pid=1522043) [aiter] shape is M:140, N:2304, K:12288 dtype='torch.bfloat16' otype='torch.bfloat16' bias=False, scaleAB=False, bpreshuffle=False, not found tuned config in /tmp/aiter_configs/bf16_tuned_gemm.csv, will use default config! using torch solution:0
(Worker_TP3 pid=1522046) [aiter] shape is M:130, N:2304, K:12288 dtype='torch.bfloat16' otype='torch.bfloat16' bias=False, scaleAB=False, bpreshuffle=False, not found tuned config in /tmp/aiter_configs/bf16_tuned_gemm.csv, will use default config! using torch solution:0
(Worker_TP1 pid=1522044) [aiter] shape is M:130, N:2304, K:12288 dtype='torch.bfloat16' otype='torch.bfloat16' bias=False, scaleAB=False, bpreshuffle=False, not found tuned config in /tmp/aiter_configs/bf16_tuned_gemm.csv, will use default config! using torch solution:0
(Worker_TP2 pid=1522045) [aiter] shape is M:140, N:128, K:6144 dtype='torch.float32' otype='torch.float32' bias=False, scaleAB=False, bpreshuffle=False, not found tuned config in /tmp/aiter_configs/bf16_tuned_gemm.csv, will use default config! using torch solution:0
(Worker_TP0 pid=1522043) Capturing CUDA graphs (mixed prefill-decode, PIECEWISE):  65%|██████▍   | 31/48 [04:21<00:56,  3.30s/it][aiter] shape is M:130, N:128, K:6144 dtype='torch.float32' otype='torch.float32' bias=False, scaleAB=False, bpreshuffle=False, not found tuned config in /tmp/aiter_configs/bf16_tuned_gemm.csv, will use default config! using torch solution:0
[aiter] LoadKernel: _ZN5aiter39bf16gemm_fp32bf16_tn_64x64_splitk_cleanE hsaco: /usr/local/lib/python3.12/dist-packages/aiter_meta/hsa//gfx950/bf16gemm/bf16gemm_fp32bf16_tn_64x64_splitk_clean.co
(Worker_TP2 pid=1522045) [aiter] shape is M:140, N:2304, K:12288 dtype='torch.bfloat16' otype='torch.bfloat16' bias=False, scaleAB=False, bpreshuffle=False, not found tuned config in /tmp/aiter_configs/bf16_tuned_gemm.csv, will use default config! using torch solution:0
[aiter] LoadKernel: _ZN5aiter39bf16gemm_fp32bf16_tn_64x64_splitk_cleanE hsaco: /usr/local/lib/python3.12/dist-packages/aiter_meta/hsa//gfx950/bf16gemm/bf16gemm_fp32bf16_tn_64x64_splitk_clean.co
(Worker_TP0 pid=1522043) [aiter] shape is M:130, N:2304, K:12288 dtype='torch.bfloat16' otype='torch.bfloat16' bias=False, scaleAB=False, bpreshuffle=False, not found tuned config in /tmp/aiter_configs/bf16_tuned_gemm.csv, will use default config! using torch solution:0
(Worker_TP2 pid=1522045) [aiter] shape is M:130, N:128, K:6144 dtype='torch.float32' otype='torch.float32' bias=False, scaleAB=False, bpreshuffle=False, not found tuned config in /tmp/aiter_configs/bf16_tuned_gemm.csv, will use default config! using torch solution:0
[aiter] LoadKernel: _ZN5aiter39bf16gemm_fp32bf16_tn_64x64_splitk_cleanE hsaco: /usr/local/lib/python3.12/dist-packages/aiter_meta/hsa//gfx950/bf16gemm/bf16gemm_fp32bf16_tn_64x64_splitk_clean.co
(Worker_TP2 pid=1522045) [aiter] shape is M:130, N:2304, K:12288 dtype='torch.bfloat16' otype='torch.bfloat16' bias=False, scaleAB=False, bpreshuffle=False, not found tuned config in /tmp/aiter_configs/bf16_tuned_gemm.csv, will use default config! using torch solution:0
[aiter] LoadKernel: _ZN5aiter39bf16gemm_fp32bf16_tn_64x64_splitk_cleanE hsaco: /usr/local/lib/python3.12/dist-packages/aiter_meta/hsa//gfx950/bf16gemm/bf16gemm_fp32bf16_tn_64x64_splitk_clean.co
(Worker_TP1 pid=1522044) [aiter] shape is M:120, N:128, K:6144 dtype='torch.float32' otype='torch.float32' bias=False, scaleAB=False, bpreshuffle=False, not found tuned config in /tmp/aiter_configs/bf16_tuned_gemm.csv, will use default config! using torch solution:0
(Worker_TP1 pid=1522044) [aiter] run_1stage = False, xbf16 = False, ksplit = 0 q_type = QuantType.per_1x32 block_m = 32 use_nt = True, estimated_m_per_expert = 4
(Worker_TP1 pid=1522044) [aiter] [fused_moe] using 2stage default for ('gfx950', 256, 128, 6144, 768, 129, 5, 'ActivationType.Swiglu', 'torch.bfloat16', 'torch.bfloat16', 'torch.float4_e2m1fn_x2', 'QuantType.per_1x32', True, False) 
(Worker_TP3 pid=1522046) [aiter] shape is M:120, N:128, K:6144 dtype='torch.float32' otype='torch.float32' bias=False, scaleAB=False, bpreshuffle=False, not found tuned config in /tmp/aiter_configs/bf16_tuned_gemm.csv, will use default config! using torch solution:0
(Worker_TP3 pid=1522046) [aiter] run_1stage = False, xbf16 = False, ksplit = 0 q_type = QuantType.per_1x32 block_m = 32 use_nt = True, estimated_m_per_expert = 4
(Worker_TP3 pid=1522046) [aiter] [fused_moe] using 2stage default for ('gfx950', 256, 128, 6144, 768, 129, 5, 'ActivationType.Swiglu', 'torch.bfloat16', 'torch.bfloat16', 'torch.float4_e2m1fn_x2', 'QuantType.per_1x32', True, False) 
(Worker_TP1 pid=1522044) [aiter] shape is M:120, N:2304, K:12288 dtype='torch.bfloat16' otype='torch.bfloat16' bias=False, scaleAB=False, bpreshuffle=False, not found tuned config in /tmp/aiter_configs/bf16_tuned_gemm.csv, will use default config! using torch solution:0
(Worker_TP3 pid=1522046) [aiter] shape is M:120, N:2304, K:12288 dtype='torch.bfloat16' otype='torch.bfloat16' bias=False, scaleAB=False, bpreshuffle=False, not found tuned config in /tmp/aiter_configs/bf16_tuned_gemm.csv, will use default config! using torch solution:0
(Worker_TP0 pid=1522043) [aiter] shape is M:120, N:128, K:6144 dtype='torch.float32' otype='torch.float32' bias=False, scaleAB=False, bpreshuffle=False, not found tuned config in /tmp/aiter_configs/bf16_tuned_gemm.csv, will use default config! using torch solution:0
(Worker_TP0 pid=1522043) [aiter] run_1stage = False, xbf16 = False, ksplit = 0 q_type = QuantType.per_1x32 block_m = 32 use_nt = True, estimated_m_per_expert = 4
(Worker_TP0 pid=1522043) [aiter] [fused_moe] using 2stage default for ('gfx950', 256, 128, 6144, 768, 129, 5, 'ActivationType.Swiglu', 'torch.bfloat16', 'torch.bfloat16', 'torch.float4_e2m1fn_x2', 'QuantType.per_1x32', True, False) 
(Worker_TP0 pid=1522043) [aiter] shape is M:120, N:2304, K:12288 dtype='torch.bfloat16' otype='torch.bfloat16' bias=False, scaleAB=False, bpreshuffle=False, not found tuned config in /tmp/aiter_configs/bf16_tuned_gemm.csv, will use default config! using torch solution:0
(Worker_TP2 pid=1522045) [aiter] shape is M:120, N:128, K:6144 dtype='torch.float32' otype='torch.float32' bias=False, scaleAB=False, bpreshuffle=False, not found tuned config in /tmp/aiter_configs/bf16_tuned_gemm.csv, will use default config! using torch solution:0
(Worker_TP2 pid=1522045) [aiter] run_1stage = False, xbf16 = False, ksplit = 0 q_type = QuantType.per_1x32 block_m = 32 use_nt = True, estimated_m_per_expert = 4
(Worker_TP2 pid=1522045) [aiter] [fused_moe] using 2stage default for ('gfx950', 256, 128, 6144, 768, 129, 5, 'ActivationType.Swiglu', 'torch.bfloat16', 'torch.bfloat16', 'torch.float4_e2m1fn_x2', 'QuantType.per_1x32', True, False) 
(Worker_TP1 pid=1522044) [aiter] shape is M:115, N:128, K:6144 dtype='torch.float32' otype='torch.float32' bias=False, scaleAB=False, bpreshuffle=False, not found tuned config in /tmp/aiter_configs/bf16_tuned_gemm.csv, will use default config! using torch solution:0
(Worker_TP2 pid=1522045) [aiter] shape is M:120, N:2304, K:12288 dtype='torch.bfloat16' otype='torch.bfloat16' bias=False, scaleAB=False, bpreshuffle=False, not found tuned config in /tmp/aiter_configs/bf16_tuned_gemm.csv, will use default config! using torch solution:0
(Worker_TP3 pid=1522046) [aiter] shape is M:115, N:128, K:6144 dtype='torch.float32' otype='torch.float32' bias=False, scaleAB=False, bpreshuffle=False, not found tuned config in /tmp/aiter_configs/bf16_tuned_gemm.csv, will use default config! using torch solution:0
(Worker_TP1 pid=1522044) [aiter] shape is M:115, N:2304, K:12288 dtype='torch.bfloat16' otype='torch.bfloat16' bias=False, scaleAB=False, bpreshuffle=False, not found tuned config in /tmp/aiter_configs/bf16_tuned_gemm.csv, will use default config! using torch solution:0
(Worker_TP0 pid=1522043) Capturing CUDA graphs (mixed prefill-decode, PIECEWISE):  69%|██████▉   | 33/48 [04:22<00:35,  2.38s/it][aiter] shape is M:115, N:128, K:6144 dtype='torch.float32' otype='torch.float32' bias=False, scaleAB=False, bpreshuffle=False, not found tuned config in /tmp/aiter_configs/bf16_tuned_gemm.csv, will use default config! using torch solution:0
(Worker_TP3 pid=1522046) [aiter] shape is M:115, N:2304, K:12288 dtype='torch.bfloat16' otype='torch.bfloat16' bias=False, scaleAB=False, bpreshuffle=False, not found tuned config in /tmp/aiter_configs/bf16_tuned_gemm.csv, will use default config! using torch solution:0
(Worker_TP1 pid=1522044) [aiter] shape is M:105, N:128, K:6144 dtype='torch.float32' otype='torch.float32' bias=False, scaleAB=False, bpreshuffle=False, not found tuned config in /tmp/aiter_configs/bf16_tuned_gemm.csv, will use default config! using torch solution:0
(Worker_TP0 pid=1522043) [aiter] shape is M:115, N:2304, K:12288 dtype='torch.bfloat16' otype='torch.bfloat16' bias=False, scaleAB=False, bpreshuffle=False, not found tuned config in /tmp/aiter_configs/bf16_tuned_gemm.csv, will use default config! using torch solution:0
(Worker_TP3 pid=1522046) [aiter] shape is M:105, N:128, K:6144 dtype='torch.float32' otype='torch.float32' bias=False, scaleAB=False, bpreshuffle=False, not found tuned config in /tmp/aiter_configs/bf16_tuned_gemm.csv, will use default config! using torch solution:0
(Worker_TP1 pid=1522044) [aiter] shape is M:105, N:2304, K:12288 dtype='torch.bfloat16' otype='torch.bfloat16' bias=False, scaleAB=False, bpreshuffle=False, not found tuned config in /tmp/aiter_configs/bf16_tuned_gemm.csv, will use default config! using torch solution:0
(Worker_TP2 pid=1522045) [aiter] shape is M:115, N:128, K:6144 dtype='torch.float32' otype='torch.float32' bias=False, scaleAB=False, bpreshuffle=False, not found tuned config in /tmp/aiter_configs/bf16_tuned_gemm.csv, will use default config! using torch solution:0
(Worker_TP0 pid=1522043) [aiter] shape is M:105, N:128, K:6144 dtype='torch.float32' otype='torch.float32' bias=False, scaleAB=False, bpreshuffle=False, not found tuned config in /tmp/aiter_configs/bf16_tuned_gemm.csv, will use default config! using torch solution:0
(Worker_TP3 pid=1522046) [aiter] shape is M:105, N:2304, K:12288 dtype='torch.bfloat16' otype='torch.bfloat16' bias=False, scaleAB=False, bpreshuffle=False, not found tuned config in /tmp/aiter_configs/bf16_tuned_gemm.csv, will use default config! using torch solution:0
(Worker_TP1 pid=1522044) [aiter] shape is M:100, N:128, K:6144 dtype='torch.float32' otype='torch.float32' bias=False, scaleAB=False, bpreshuffle=False, not found tuned config in /tmp/aiter_configs/bf16_tuned_gemm.csv, will use default config! using torch solution:0
(Worker_TP2 pid=1522045) [aiter] shape is M:115, N:2304, K:12288 dtype='torch.bfloat16' otype='torch.bfloat16' bias=False, scaleAB=False, bpreshuffle=False, not found tuned config in /tmp/aiter_configs/bf16_tuned_gemm.csv, will use default config! using torch solution:0
(Worker_TP0 pid=1522043) [aiter] shape is M:105, N:2304, K:12288 dtype='torch.bfloat16' otype='torch.bfloat16' bias=False, scaleAB=False, bpreshuffle=False, not found tuned config in /tmp/aiter_configs/bf16_tuned_gemm.csv, will use default config! using torch solution:0
(Worker_TP3 pid=1522046) [aiter] shape is M:100, N:128, K:6144 dtype='torch.float32' otype='torch.float32' bias=False, scaleAB=False, bpreshuffle=False, not found tuned config in /tmp/aiter_configs/bf16_tuned_gemm.csv, will use default config! using torch solution:0
(Worker_TP1 pid=1522044) [aiter] shape is M:100, N:2304, K:12288 dtype='torch.bfloat16' otype='torch.bfloat16' bias=False, scaleAB=False, bpreshuffle=False, not found tuned config in /tmp/aiter_configs/bf16_tuned_gemm.csv, will use default config! using torch solution:0
(Worker_TP2 pid=1522045) [aiter] shape is M:105, N:128, K:6144 dtype='torch.float32' otype='torch.float32' bias=False, scaleAB=False, bpreshuffle=False, not found tuned config in /tmp/aiter_configs/bf16_tuned_gemm.csv, will use default config! using torch solution:0
(Worker_TP0 pid=1522043) Capturing CUDA graphs (mixed prefill-decode, PIECEWISE):  73%|███████▎  | 35/48 [04:22<00:21,  1.69s/it][aiter] shape is M:100, N:128, K:6144 dtype='torch.float32' otype='torch.float32' bias=False, scaleAB=False, bpreshuffle=False, not found tuned config in /tmp/aiter_configs/bf16_tuned_gemm.csv, will use default config! using torch solution:0
(Worker_TP3 pid=1522046) [aiter] shape is M:100, N:2304, K:12288 dtype='torch.bfloat16' otype='torch.bfloat16' bias=False, scaleAB=False, bpreshuffle=False, not found tuned config in /tmp/aiter_configs/bf16_tuned_gemm.csv, will use default config! using torch solution:0
(Worker_TP1 pid=1522044) [aiter] shape is M:90, N:128, K:6144 dtype='torch.float32' otype='torch.float32' bias=False, scaleAB=False, bpreshuffle=False, not found tuned config in /tmp/aiter_configs/bf16_tuned_gemm.csv, will use default config! using torch solution:0
(Worker_TP2 pid=1522045) [aiter] shape is M:105, N:2304, K:12288 dtype='torch.bfloat16' otype='torch.bfloat16' bias=False, scaleAB=False, bpreshuffle=False, not found tuned config in /tmp/aiter_configs/bf16_tuned_gemm.csv, will use default config! using torch solution:0
(Worker_TP0 pid=1522043) [aiter] shape is M:100, N:2304, K:12288 dtype='torch.bfloat16' otype='torch.bfloat16' bias=False, scaleAB=False, bpreshuffle=False, not found tuned config in /tmp/aiter_configs/bf16_tuned_gemm.csv, will use default config! using torch solution:0
(Worker_TP3 pid=1522046) [aiter] shape is M:90, N:128, K:6144 dtype='torch.float32' otype='torch.float32' bias=False, scaleAB=False, bpreshuffle=False, not found tuned config in /tmp/aiter_configs/bf16_tuned_gemm.csv, will use default config! using torch solution:0
(Worker_TP1 pid=1522044) [aiter] shape is M:90, N:2304, K:12288 dtype='torch.bfloat16' otype='torch.bfloat16' bias=False, scaleAB=False, bpreshuffle=False, not found tuned config in /tmp/aiter_configs/bf16_tuned_gemm.csv, will use default config! using torch solution:0
(Worker_TP2 pid=1522045) [aiter] shape is M:100, N:128, K:6144 dtype='torch.float32' otype='torch.float32' bias=False, scaleAB=False, bpreshuffle=False, not found tuned config in /tmp/aiter_configs/bf16_tuned_gemm.csv, will use default config! using torch solution:0
(Worker_TP0 pid=1522043) [aiter] shape is M:90, N:128, K:6144 dtype='torch.float32' otype='torch.float32' bias=False, scaleAB=False, bpreshuffle=False, not found tuned config in /tmp/aiter_configs/bf16_tuned_gemm.csv, will use default config! using torch solution:0
(Worker_TP3 pid=1522046) [aiter] shape is M:90, N:2304, K:12288 dtype='torch.bfloat16' otype='torch.bfloat16' bias=False, scaleAB=False, bpreshuffle=False, not found tuned config in /tmp/aiter_configs/bf16_tuned_gemm.csv, will use default config! using torch solution:0
(Worker_TP1 pid=1522044) [aiter] shape is M:80, N:128, K:6144 dtype='torch.float32' otype='torch.float32' bias=False, scaleAB=False, bpreshuffle=False, not found tuned config in /tmp/aiter_configs/bf16_tuned_gemm.csv, will use default config! using torch solution:0
(Worker_TP2 pid=1522045) [aiter] shape is M:100, N:2304, K:12288 dtype='torch.bfloat16' otype='torch.bfloat16' bias=False, scaleAB=False, bpreshuffle=False, not found tuned config in /tmp/aiter_configs/bf16_tuned_gemm.csv, will use default config! using torch solution:0
(Worker_TP0 pid=1522043) [aiter] shape is M:90, N:2304, K:12288 dtype='torch.bfloat16' otype='torch.bfloat16' bias=False, scaleAB=False, bpreshuffle=False, not found tuned config in /tmp/aiter_configs/bf16_tuned_gemm.csv, will use default config! using torch solution:0
(Worker_TP3 pid=1522046) [aiter] shape is M:80, N:128, K:6144 dtype='torch.float32' otype='torch.float32' bias=False, scaleAB=False, bpreshuffle=False, not found tuned config in /tmp/aiter_configs/bf16_tuned_gemm.csv, will use default config! using torch solution:0
(Worker_TP1 pid=1522044) [aiter] shape is M:80, N:2304, K:12288 dtype='torch.bfloat16' otype='torch.bfloat16' bias=False, scaleAB=False, bpreshuffle=False, not found tuned config in /tmp/aiter_configs/bf16_tuned_gemm.csv, will use default config! using torch solution:0
(Worker_TP0 pid=1522043) Capturing CUDA graphs (mixed prefill-decode, PIECEWISE):  77%|███████▋  | 37/48 [04:22<00:13,  1.21s/it](Worker_TP2 pid=1522045) [aiter] shape is M:90, N:128, K:6144 dtype='torch.float32' otype='torch.float32' bias=False, scaleAB=False, bpreshuffle=False, not found tuned config in /tmp/aiter_configs/bf16_tuned_gemm.csv, will use default config! using torch solution:0
[aiter] shape is M:80, N:128, K:6144 dtype='torch.float32' otype='torch.float32' bias=False, scaleAB=False, bpreshuffle=False, not found tuned config in /tmp/aiter_configs/bf16_tuned_gemm.csv, will use default config! using torch solution:0
(Worker_TP3 pid=1522046) [aiter] shape is M:80, N:2304, K:12288 dtype='torch.bfloat16' otype='torch.bfloat16' bias=False, scaleAB=False, bpreshuffle=False, not found tuned config in /tmp/aiter_configs/bf16_tuned_gemm.csv, will use default config! using torch solution:0
(Worker_TP0 pid=1522043) [aiter] shape is M:80, N:2304, K:12288 dtype='torch.bfloat16' otype='torch.bfloat16' bias=False, scaleAB=False, bpreshuffle=False, not found tuned config in /tmp/aiter_configs/bf16_tuned_gemm.csv, will use default config! using torch solution:0
(Worker_TP2 pid=1522045) [aiter] shape is M:90, N:2304, K:12288 dtype='torch.bfloat16' otype='torch.bfloat16' bias=False, scaleAB=False, bpreshuffle=False, not found tuned config in /tmp/aiter_configs/bf16_tuned_gemm.csv, will use default config! using torch solution:0
(Worker_TP1 pid=1522044) [aiter] shape is M:75, N:128, K:6144 dtype='torch.float32' otype='torch.float32' bias=False, scaleAB=False, bpreshuffle=False, not found tuned config in /tmp/aiter_configs/bf16_tuned_gemm.csv, will use default config! using torch solution:0
(Worker_TP3 pid=1522046) [aiter] shape is M:75, N:128, K:6144 dtype='torch.float32' otype='torch.float32' bias=False, scaleAB=False, bpreshuffle=False, not found tuned config in /tmp/aiter_configs/bf16_tuned_gemm.csv, will use default config! using torch solution:0
(Worker_TP1 pid=1522044) [aiter] shape is M:75, N:2304, K:12288 dtype='torch.bfloat16' otype='torch.bfloat16' bias=False, scaleAB=False, bpreshuffle=False, not found tuned config in /tmp/aiter_configs/bf16_tuned_gemm.csv, will use default config! using torch solution:0
(Worker_TP0 pid=1522043) [aiter] shape is M:75, N:128, K:6144 dtype='torch.float32' otype='torch.float32' bias=False, scaleAB=False, bpreshuffle=False, not found tuned config in /tmp/aiter_configs/bf16_tuned_gemm.csv, will use default config! using torch solution:0
(Worker_TP2 pid=1522045) [aiter] shape is M:80, N:128, K:6144 dtype='torch.float32' otype='torch.float32' bias=False, scaleAB=False, bpreshuffle=False, not found tuned config in /tmp/aiter_configs/bf16_tuned_gemm.csv, will use default config! using torch solution:0
(Worker_TP3 pid=1522046) [aiter] shape is M:75, N:2304, K:12288 dtype='torch.bfloat16' otype='torch.bfloat16' bias=False, scaleAB=False, bpreshuffle=False, not found tuned config in /tmp/aiter_configs/bf16_tuned_gemm.csv, will use default config! using torch solution:0
(Worker_TP0 pid=1522043) [aiter] shape is M:75, N:2304, K:12288 dtype='torch.bfloat16' otype='torch.bfloat16' bias=False, scaleAB=False, bpreshuffle=False, not found tuned config in /tmp/aiter_configs/bf16_tuned_gemm.csv, will use default config! using torch solution:0
(Worker_TP2 pid=1522045) [aiter] shape is M:80, N:2304, K:12288 dtype='torch.bfloat16' otype='torch.bfloat16' bias=False, scaleAB=False, bpreshuffle=False, not found tuned config in /tmp/aiter_configs/bf16_tuned_gemm.csv, will use default config! using torch solution:0
(Worker_TP1 pid=1522044) [aiter] shape is M:65, N:128, K:6144 dtype='torch.float32' otype='torch.float32' bias=False, scaleAB=False, bpreshuffle=False, not found tuned config in /tmp/aiter_configs/bf16_tuned_gemm.csv, will use default config! using torch solution:0
(Worker_TP3 pid=1522046) [aiter] shape is M:65, N:128, K:6144 dtype='torch.float32' otype='torch.float32' bias=False, scaleAB=False, bpreshuffle=False, not found tuned config in /tmp/aiter_configs/bf16_tuned_gemm.csv, will use default config! using torch solution:0
(Worker_TP1 pid=1522044) [aiter] shape is M:65, N:2304, K:12288 dtype='torch.bfloat16' otype='torch.bfloat16' bias=False, scaleAB=False, bpreshuffle=False, not found tuned config in /tmp/aiter_configs/bf16_tuned_gemm.csv, will use default config! using torch solution:0
(Worker_TP0 pid=1522043) Capturing CUDA graphs (mixed prefill-decode, PIECEWISE):  81%|████████▏ | 39/48 [04:22<00:07,  1.15it/s][aiter] shape is M:65, N:128, K:6144 dtype='torch.float32' otype='torch.float32' bias=False, scaleAB=False, bpreshuffle=False, not found tuned config in /tmp/aiter_configs/bf16_tuned_gemm.csv, will use default config! using torch solution:0
(Worker_TP2 pid=1522045) [aiter] shape is M:75, N:128, K:6144 dtype='torch.float32' otype='torch.float32' bias=False, scaleAB=False, bpreshuffle=False, not found tuned config in /tmp/aiter_configs/bf16_tuned_gemm.csv, will use default config! using torch solution:0
(Worker_TP3 pid=1522046) [aiter] shape is M:65, N:2304, K:12288 dtype='torch.bfloat16' otype='torch.bfloat16' bias=False, scaleAB=False, bpreshuffle=False, not found tuned config in /tmp/aiter_configs/bf16_tuned_gemm.csv, will use default config! using torch solution:0
(Worker_TP0 pid=1522043) [aiter] shape is M:65, N:2304, K:12288 dtype='torch.bfloat16' otype='torch.bfloat16' bias=False, scaleAB=False, bpreshuffle=False, not found tuned config in /tmp/aiter_configs/bf16_tuned_gemm.csv, will use default config! using torch solution:0
(Worker_TP2 pid=1522045) [aiter] shape is M:75, N:2304, K:12288 dtype='torch.bfloat16' otype='torch.bfloat16' bias=False, scaleAB=False, bpreshuffle=False, not found tuned config in /tmp/aiter_configs/bf16_tuned_gemm.csv, will use default config! using torch solution:0
(Worker_TP2 pid=1522045) [aiter] shape is M:65, N:128, K:6144 dtype='torch.float32' otype='torch.float32' bias=False, scaleAB=False, bpreshuffle=False, not found tuned config in /tmp/aiter_configs/bf16_tuned_gemm.csv, will use default config! using torch solution:0
(Worker_TP2 pid=1522045) [aiter] shape is M:65, N:2304, K:12288 dtype='torch.bfloat16' otype='torch.bfloat16' bias=False, scaleAB=False, bpreshuffle=False, not found tuned config in /tmp/aiter_configs/bf16_tuned_gemm.csv, will use default config! using torch solution:0
(Worker_TP1 pid=1522044) [aiter] shape is M:60, N:128, K:6144 dtype='torch.float32' otype='torch.float32' bias=False, scaleAB=False, bpreshuffle=False, not found tuned config in /tmp/aiter_configs/bf16_tuned_gemm.csv, will use default config! using torch solution:0
(Worker_TP1 pid=1522044) [aiter] run_1stage = False, xbf16 = False, ksplit = 0 q_type = QuantType.per_1x32 block_m = 32 use_nt = True, estimated_m_per_expert = 2
(Worker_TP1 pid=1522044) [aiter] [fused_moe] using 2stage default for ('gfx950', 256, 64, 6144, 768, 129, 5, 'ActivationType.Swiglu', 'torch.bfloat16', 'torch.bfloat16', 'torch.float4_e2m1fn_x2', 'QuantType.per_1x32', True, False) 
(Worker_TP3 pid=1522046) [aiter] shape is M:60, N:128, K:6144 dtype='torch.float32' otype='torch.float32' bias=False, scaleAB=False, bpreshuffle=False, not found tuned config in /tmp/aiter_configs/bf16_tuned_gemm.csv, will use default config! using torch solution:0
(Worker_TP3 pid=1522046) [aiter] run_1stage = False, xbf16 = False, ksplit = 0 q_type = QuantType.per_1x32 block_m = 32 use_nt = True, estimated_m_per_expert = 2
(Worker_TP3 pid=1522046) [aiter] [fused_moe] using 2stage default for ('gfx950', 256, 64, 6144, 768, 129, 5, 'ActivationType.Swiglu', 'torch.bfloat16', 'torch.bfloat16', 'torch.float4_e2m1fn_x2', 'QuantType.per_1x32', True, False) 
(Worker_TP1 pid=1522044) [aiter] shape is M:60, N:2304, K:12288 dtype='torch.bfloat16' otype='torch.bfloat16' bias=False, scaleAB=False, bpreshuffle=False, not found tuned config in /tmp/aiter_configs/bf16_tuned_gemm.csv, will use default config! using torch solution:0
(Worker_TP0 pid=1522043) [aiter] shape is M:60, N:128, K:6144 dtype='torch.float32' otype='torch.float32' bias=False, scaleAB=False, bpreshuffle=False, not found tuned config in /tmp/aiter_configs/bf16_tuned_gemm.csv, will use default config! using torch solution:0
(Worker_TP0 pid=1522043) [aiter] run_1stage = False, xbf16 = False, ksplit = 0 q_type = QuantType.per_1x32 block_m = 32 use_nt = True, estimated_m_per_expert = 2
(Worker_TP0 pid=1522043) [aiter] [fused_moe] using 2stage default for ('gfx950', 256, 64, 6144, 768, 129, 5, 'ActivationType.Swiglu', 'torch.bfloat16', 'torch.bfloat16', 'torch.float4_e2m1fn_x2', 'QuantType.per_1x32', True, False) 
(Worker_TP3 pid=1522046) [aiter] shape is M:60, N:2304, K:12288 dtype='torch.bfloat16' otype='torch.bfloat16' bias=False, scaleAB=False, bpreshuffle=False, not found tuned config in /tmp/aiter_configs/bf16_tuned_gemm.csv, will use default config! using torch solution:0
(Worker_TP0 pid=1522043) [aiter] shape is M:60, N:2304, K:12288 dtype='torch.bfloat16' otype='torch.bfloat16' bias=False, scaleAB=False, bpreshuffle=False, not found tuned config in /tmp/aiter_configs/bf16_tuned_gemm.csv, will use default config! using torch solution:0
(Worker_TP2 pid=1522045) [aiter] shape is M:60, N:128, K:6144 dtype='torch.float32' otype='torch.float32' bias=False, scaleAB=False, bpreshuffle=False, not found tuned config in /tmp/aiter_configs/bf16_tuned_gemm.csv, will use default config! using torch solution:0
(Worker_TP2 pid=1522045) [aiter] run_1stage = False, xbf16 = False, ksplit = 0 q_type = QuantType.per_1x32 block_m = 32 use_nt = True, estimated_m_per_expert = 2
(Worker_TP2 pid=1522045) [aiter] [fused_moe] using 2stage default for ('gfx950', 256, 64, 6144, 768, 129, 5, 'ActivationType.Swiglu', 'torch.bfloat16', 'torch.bfloat16', 'torch.float4_e2m1fn_x2', 'QuantType.per_1x32', True, False) 
(Worker_TP1 pid=1522044) [aiter] shape is M:50, N:128, K:6144 dtype='torch.float32' otype='torch.float32' bias=False, scaleAB=False, bpreshuffle=False, not found tuned config in /tmp/aiter_configs/bf16_tuned_gemm.csv, will use default config! using torch solution:0
(Worker_TP2 pid=1522045) [aiter] shape is M:60, N:2304, K:12288 dtype='torch.bfloat16' otype='torch.bfloat16' bias=False, scaleAB=False, bpreshuffle=False, not found tuned config in /tmp/aiter_configs/bf16_tuned_gemm.csv, will use default config! using torch solution:0
(Worker_TP1 pid=1522044) [aiter] shape is M:50, N:2304, K:12288 dtype='torch.bfloat16' otype='torch.bfloat16' bias=False, scaleAB=False, bpreshuffle=False, not found tuned config in /tmp/aiter_configs/bf16_tuned_gemm.csv, will use default config! using torch solution:0
(Worker_TP3 pid=1522046) [aiter] shape is M:50, N:128, K:6144 dtype='torch.float32' otype='torch.float32' bias=False, scaleAB=False, bpreshuffle=False, not found tuned config in /tmp/aiter_configs/bf16_tuned_gemm.csv, will use default config! using torch solution:0
(Worker_TP0 pid=1522043) Capturing CUDA graphs (mixed prefill-decode, PIECEWISE):  85%|████████▌ | 41/48 [04:23<00:04,  1.44it/s][aiter] shape is M:50, N:128, K:6144 dtype='torch.float32' otype='torch.float32' bias=False, scaleAB=False, bpreshuffle=False, not found tuned config in /tmp/aiter_configs/bf16_tuned_gemm.csv, will use default config! using torch solution:0
(Worker_TP3 pid=1522046) [aiter] shape is M:50, N:2304, K:12288 dtype='torch.bfloat16' otype='torch.bfloat16' bias=False, scaleAB=False, bpreshuffle=False, not found tuned config in /tmp/aiter_configs/bf16_tuned_gemm.csv, will use default config! using torch solution:0
(Worker_TP0 pid=1522043) [aiter] shape is M:50, N:2304, K:12288 dtype='torch.bfloat16' otype='torch.bfloat16' bias=False, scaleAB=False, bpreshuffle=False, not found tuned config in /tmp/aiter_configs/bf16_tuned_gemm.csv, will use default config! using torch solution:0
(Worker_TP2 pid=1522045) [aiter] shape is M:50, N:128, K:6144 dtype='torch.float32' otype='torch.float32' bias=False, scaleAB=False, bpreshuffle=False, not found tuned config in /tmp/aiter_configs/bf16_tuned_gemm.csv, will use default config! using torch solution:0
(Worker_TP2 pid=1522045) [aiter] shape is M:50, N:2304, K:12288 dtype='torch.bfloat16' otype='torch.bfloat16' bias=False, scaleAB=False, bpreshuffle=False, not found tuned config in /tmp/aiter_configs/bf16_tuned_gemm.csv, will use default config! using torch solution:0
(Worker_TP1 pid=1522044) [aiter] shape is M:40, N:128, K:6144 dtype='torch.float32' otype='torch.float32' bias=False, scaleAB=False, bpreshuffle=False, not found tuned config in /tmp/aiter_configs/bf16_tuned_gemm.csv, will use default config! using torch solution:0
(Worker_TP1 pid=1522044) [aiter] shape is M:40, N:2304, K:12288 dtype='torch.bfloat16' otype='torch.bfloat16' bias=False, scaleAB=False, bpreshuffle=False, not found tuned config in /tmp/aiter_configs/bf16_tuned_gemm.csv, will use default config! using torch solution:0
(Worker_TP3 pid=1522046) [aiter] shape is M:40, N:128, K:6144 dtype='torch.float32' otype='torch.float32' bias=False, scaleAB=False, bpreshuffle=False, not found tuned config in /tmp/aiter_configs/bf16_tuned_gemm.csv, will use default config! using torch solution:0
(Worker_TP0 pid=1522043) [aiter] shape is M:40, N:128, K:6144 dtype='torch.float32' otype='torch.float32' bias=False, scaleAB=False, bpreshuffle=False, not found tuned config in /tmp/aiter_configs/bf16_tuned_gemm.csv, will use default config! using torch solution:0
(Worker_TP3 pid=1522046) [aiter] shape is M:40, N:2304, K:12288 dtype='torch.bfloat16' otype='torch.bfloat16' bias=False, scaleAB=False, bpreshuffle=False, not found tuned config in /tmp/aiter_configs/bf16_tuned_gemm.csv, will use default config! using torch solution:0
(Worker_TP1 pid=1522044) [aiter] shape is M:35, N:128, K:6144 dtype='torch.float32' otype='torch.float32' bias=False, scaleAB=False, bpreshuffle=False, not found tuned config in /tmp/aiter_configs/bf16_tuned_gemm.csv, will use default config! using torch solution:0
(Worker_TP0 pid=1522043) [aiter] shape is M:40, N:2304, K:12288 dtype='torch.bfloat16' otype='torch.bfloat16' bias=False, scaleAB=False, bpreshuffle=False, not found tuned config in /tmp/aiter_configs/bf16_tuned_gemm.csv, will use default config! using torch solution:0
(Worker_TP1 pid=1522044) [aiter] shape is M:35, N:2304, K:12288 dtype='torch.bfloat16' otype='torch.bfloat16' bias=False, scaleAB=False, bpreshuffle=False, not found tuned config in /tmp/aiter_configs/bf16_tuned_gemm.csv, will use default config! using torch solution:0
(Worker_TP3 pid=1522046) [aiter] shape is M:35, N:128, K:6144 dtype='torch.float32' otype='torch.float32' bias=False, scaleAB=False, bpreshuffle=False, not found tuned config in /tmp/aiter_configs/bf16_tuned_gemm.csv, will use default config! using torch solution:0
(Worker_TP2 pid=1522045) [aiter] shape is M:40, N:128, K:6144 dtype='torch.float32' otype='torch.float32' bias=False, scaleAB=False, bpreshuffle=False, not found tuned config in /tmp/aiter_configs/bf16_tuned_gemm.csv, will use default config! using torch solution:0
(Worker_TP0 pid=1522043) Capturing CUDA graphs (mixed prefill-decode, PIECEWISE):  90%|████████▉ | 43/48 [04:23<00:02,  1.89it/s][aiter] shape is M:35, N:128, K:6144 dtype='torch.float32' otype='torch.float32' bias=False, scaleAB=False, bpreshuffle=False, not found tuned config in /tmp/aiter_configs/bf16_tuned_gemm.csv, will use default config! using torch solution:0
(Worker_TP3 pid=1522046) [aiter] shape is M:35, N:2304, K:12288 dtype='torch.bfloat16' otype='torch.bfloat16' bias=False, scaleAB=False, bpreshuffle=False, not found tuned config in /tmp/aiter_configs/bf16_tuned_gemm.csv, will use default config! using torch solution:0
(Worker_TP0 pid=1522043) [aiter] shape is M:35, N:2304, K:12288 dtype='torch.bfloat16' otype='torch.bfloat16' bias=False, scaleAB=False, bpreshuffle=False, not found tuned config in /tmp/aiter_configs/bf16_tuned_gemm.csv, will use default config! using torch solution:0
(Worker_TP2 pid=1522045) [aiter] shape is M:40, N:2304, K:12288 dtype='torch.bfloat16' otype='torch.bfloat16' bias=False, scaleAB=False, bpreshuffle=False, not found tuned config in /tmp/aiter_configs/bf16_tuned_gemm.csv, will use default config! using torch solution:0
(Worker_TP2 pid=1522045) [aiter] shape is M:35, N:128, K:6144 dtype='torch.float32' otype='torch.float32' bias=False, scaleAB=False, bpreshuffle=False, not found tuned config in /tmp/aiter_configs/bf16_tuned_gemm.csv, will use default config! using torch solution:0
(Worker_TP2 pid=1522045) [aiter] shape is M:35, N:2304, K:12288 dtype='torch.bfloat16' otype='torch.bfloat16' bias=False, scaleAB=False, bpreshuffle=False, not found tuned config in /tmp/aiter_configs/bf16_tuned_gemm.csv, will use default config! using torch solution:0
(Worker_TP1 pid=1522044) [aiter] shape is M:25, N:128, K:6144 dtype='torch.float32' otype='torch.float32' bias=False, scaleAB=False, bpreshuffle=False, not found tuned config in /tmp/aiter_configs/bf16_tuned_gemm.csv, will use default config! using torch solution:0
(Worker_TP1 pid=1522044) [aiter] run_1stage = False, xbf16 = False, ksplit = 0 q_type = QuantType.per_1x32 block_m = 32 use_nt = True, estimated_m_per_expert = 1
(Worker_TP1 pid=1522044) [aiter] [fused_moe] using 2stage default for ('gfx950', 256, 32, 6144, 768, 129, 5, 'ActivationType.Swiglu', 'torch.bfloat16', 'torch.bfloat16', 'torch.float4_e2m1fn_x2', 'QuantType.per_1x32', True, False) 
(Worker_TP1 pid=1522044) [aiter] shape is M:25, N:2304, K:12288 dtype='torch.bfloat16' otype='torch.bfloat16' bias=False, scaleAB=False, bpreshuffle=False, not found tuned config in /tmp/aiter_configs/bf16_tuned_gemm.csv, will use default config! using torch solution:0
(Worker_TP3 pid=1522046) [aiter] shape is M:25, N:128, K:6144 dtype='torch.float32' otype='torch.float32' bias=False, scaleAB=False, bpreshuffle=False, not found tuned config in /tmp/aiter_configs/bf16_tuned_gemm.csv, will use default config! using torch solution:0
(Worker_TP3 pid=1522046) [aiter] run_1stage = False, xbf16 = False, ksplit = 0 q_type = QuantType.per_1x32 block_m = 32 use_nt = True, estimated_m_per_expert = 1
(Worker_TP3 pid=1522046) [aiter] [fused_moe] using 2stage default for ('gfx950', 256, 32, 6144, 768, 129, 5, 'ActivationType.Swiglu', 'torch.bfloat16', 'torch.bfloat16', 'torch.float4_e2m1fn_x2', 'QuantType.per_1x32', True, False) 
(Worker_TP0 pid=1522043) [aiter] shape is M:25, N:128, K:6144 dtype='torch.float32' otype='torch.float32' bias=False, scaleAB=False, bpreshuffle=False, not found tuned config in /tmp/aiter_configs/bf16_tuned_gemm.csv, will use default config! using torch solution:0
(Worker_TP0 pid=1522043) [aiter] run_1stage = False, xbf16 = False, ksplit = 0 q_type = QuantType.per_1x32 block_m = 32 use_nt = True, estimated_m_per_expert = 1
(Worker_TP0 pid=1522043) [aiter] [fused_moe] using 2stage default for ('gfx950', 256, 32, 6144, 768, 129, 5, 'ActivationType.Swiglu', 'torch.bfloat16', 'torch.bfloat16', 'torch.float4_e2m1fn_x2', 'QuantType.per_1x32', True, False) 
(Worker_TP3 pid=1522046) [aiter] shape is M:25, N:2304, K:12288 dtype='torch.bfloat16' otype='torch.bfloat16' bias=False, scaleAB=False, bpreshuffle=False, not found tuned config in /tmp/aiter_configs/bf16_tuned_gemm.csv, will use default config! using torch solution:0
(Worker_TP0 pid=1522043) [aiter] shape is M:25, N:2304, K:12288 dtype='torch.bfloat16' otype='torch.bfloat16' bias=False, scaleAB=False, bpreshuffle=False, not found tuned config in /tmp/aiter_configs/bf16_tuned_gemm.csv, will use default config! using torch solution:0
(Worker_TP2 pid=1522045) [aiter] shape is M:25, N:128, K:6144 dtype='torch.float32' otype='torch.float32' bias=False, scaleAB=False, bpreshuffle=False, not found tuned config in /tmp/aiter_configs/bf16_tuned_gemm.csv, will use default config! using torch solution:0
(Worker_TP2 pid=1522045) [aiter] run_1stage = False, xbf16 = False, ksplit = 0 q_type = QuantType.per_1x32 block_m = 32 use_nt = True, estimated_m_per_expert = 1
(Worker_TP2 pid=1522045) [aiter] [fused_moe] using 2stage default for ('gfx950', 256, 32, 6144, 768, 129, 5, 'ActivationType.Swiglu', 'torch.bfloat16', 'torch.bfloat16', 'torch.float4_e2m1fn_x2', 'QuantType.per_1x32', True, False) 
(Worker_TP1 pid=1522044) [aiter] shape is M:20, N:128, K:6144 dtype='torch.float32' otype='torch.float32' bias=False, scaleAB=False, bpreshuffle=False, not found tuned config in /tmp/aiter_configs/bf16_tuned_gemm.csv, will use default config! using torch solution:0
(Worker_TP2 pid=1522045) [aiter] shape is M:25, N:2304, K:12288 dtype='torch.bfloat16' otype='torch.bfloat16' bias=False, scaleAB=False, bpreshuffle=False, not found tuned config in /tmp/aiter_configs/bf16_tuned_gemm.csv, will use default config! using torch solution:0
(Worker_TP1 pid=1522044) [aiter] shape is M:20, N:2304, K:12288 dtype='torch.bfloat16' otype='torch.bfloat16' bias=False, scaleAB=False, bpreshuffle=False, not found tuned config in /tmp/aiter_configs/bf16_tuned_gemm.csv, will use default config! using torch solution:0
(Worker_TP3 pid=1522046) [aiter] shape is M:20, N:128, K:6144 dtype='torch.float32' otype='torch.float32' bias=False, scaleAB=False, bpreshuffle=False, not found tuned config in /tmp/aiter_configs/bf16_tuned_gemm.csv, will use default config! using torch solution:0
(Worker_TP0 pid=1522043) Capturing CUDA graphs (mixed prefill-decode, PIECEWISE):  94%|█████████▍| 45/48 [04:24<00:01,  2.23it/s][aiter] shape is M:20, N:128, K:6144 dtype='torch.float32' otype='torch.float32' bias=False, scaleAB=False, bpreshuffle=False, not found tuned config in /tmp/aiter_configs/bf16_tuned_gemm.csv, will use default config! using torch solution:0
(Worker_TP3 pid=1522046) [aiter] shape is M:20, N:2304, K:12288 dtype='torch.bfloat16' otype='torch.bfloat16' bias=False, scaleAB=False, bpreshuffle=False, not found tuned config in /tmp/aiter_configs/bf16_tuned_gemm.csv, will use default config! using torch solution:0
(Worker_TP0 pid=1522043) [aiter] shape is M:20, N:2304, K:12288 dtype='torch.bfloat16' otype='torch.bfloat16' bias=False, scaleAB=False, bpreshuffle=False, not found tuned config in /tmp/aiter_configs/bf16_tuned_gemm.csv, will use default config! using torch solution:0
(Worker_TP2 pid=1522045) [aiter] shape is M:20, N:128, K:6144 dtype='torch.float32' otype='torch.float32' bias=False, scaleAB=False, bpreshuffle=False, not found tuned config in /tmp/aiter_configs/bf16_tuned_gemm.csv, will use default config! using torch solution:0
(Worker_TP2 pid=1522045) [aiter] shape is M:20, N:2304, K:12288 dtype='torch.bfloat16' otype='torch.bfloat16' bias=False, scaleAB=False, bpreshuffle=False, not found tuned config in /tmp/aiter_configs/bf16_tuned_gemm.csv, will use default config! using torch solution:0
(Worker_TP1 pid=1522044) [aiter] shape is M:10, N:128, K:6144 dtype='torch.float32' otype='torch.float32' bias=False, scaleAB=False, bpreshuffle=False, not found tuned config in /tmp/aiter_configs/bf16_tuned_gemm.csv, will use default config! using torch solution:0
(Worker_TP1 pid=1522044) [aiter] run_1stage = False, xbf16 = False, ksplit = 0 q_type = QuantType.per_1x32 block_m = 32 use_nt = True, estimated_m_per_expert = 0
(Worker_TP1 pid=1522044) [aiter] [fused_moe] using 2stage default for ('gfx950', 256, 16, 6144, 768, 129, 5, 'ActivationType.Swiglu', 'torch.bfloat16', 'torch.bfloat16', 'torch.float4_e2m1fn_x2', 'QuantType.per_1x32', True, False) 
(Worker_TP1 pid=1522044) [aiter] shape is M:10, N:2304, K:12288 dtype='torch.bfloat16' otype='torch.bfloat16' bias=False, scaleAB=False, bpreshuffle=False, not found tuned config in /tmp/aiter_configs/bf16_tuned_gemm.csv, will use default config! using torch solution:0
(Worker_TP3 pid=1522046) [aiter] shape is M:10, N:128, K:6144 dtype='torch.float32' otype='torch.float32' bias=False, scaleAB=False, bpreshuffle=False, not found tuned config in /tmp/aiter_configs/bf16_tuned_gemm.csv, will use default config! using torch solution:0
(Worker_TP3 pid=1522046) [aiter] run_1stage = False, xbf16 = False, ksplit = 0 q_type = QuantType.per_1x32 block_m = 32 use_nt = True, estimated_m_per_expert = 0
(Worker_TP3 pid=1522046) [aiter] [fused_moe] using 2stage default for ('gfx950', 256, 16, 6144, 768, 129, 5, 'ActivationType.Swiglu', 'torch.bfloat16', 'torch.bfloat16', 'torch.float4_e2m1fn_x2', 'QuantType.per_1x32', True, False) 
(Worker_TP0 pid=1522043) [aiter] shape is M:10, N:128, K:6144 dtype='torch.float32' otype='torch.float32' bias=False, scaleAB=False, bpreshuffle=False, not found tuned config in /tmp/aiter_configs/bf16_tuned_gemm.csv, will use default config! using torch solution:0
(Worker_TP0 pid=1522043) [aiter] run_1stage = False, xbf16 = False, ksplit = 0 q_type = QuantType.per_1x32 block_m = 32 use_nt = True, estimated_m_per_expert = 0
(Worker_TP0 pid=1522043) [aiter] [fused_moe] using 2stage default for ('gfx950', 256, 16, 6144, 768, 129, 5, 'ActivationType.Swiglu', 'torch.bfloat16', 'torch.bfloat16', 'torch.float4_e2m1fn_x2', 'QuantType.per_1x32', True, False) 
(Worker_TP3 pid=1522046) [aiter] shape is M:10, N:2304, K:12288 dtype='torch.bfloat16' otype='torch.bfloat16' bias=False, scaleAB=False, bpreshuffle=False, not found tuned config in /tmp/aiter_configs/bf16_tuned_gemm.csv, will use default config! using torch solution:0
(Worker_TP0 pid=1522043) [aiter] shape is M:10, N:2304, K:12288 dtype='torch.bfloat16' otype='torch.bfloat16' bias=False, scaleAB=False, bpreshuffle=False, not found tuned config in /tmp/aiter_configs/bf16_tuned_gemm.csv, will use default config! using torch solution:0
(Worker_TP2 pid=1522045) [aiter] shape is M:10, N:128, K:6144 dtype='torch.float32' otype='torch.float32' bias=False, scaleAB=False, bpreshuffle=False, not found tuned config in /tmp/aiter_configs/bf16_tuned_gemm.csv, will use default config! using torch solution:0
(Worker_TP2 pid=1522045) [aiter] run_1stage = False, xbf16 = False, ksplit = 0 q_type = QuantType.per_1x32 block_m = 32 use_nt = True, estimated_m_per_expert = 0
(Worker_TP2 pid=1522045) [aiter] [fused_moe] using 2stage default for ('gfx950', 256, 16, 6144, 768, 129, 5, 'ActivationType.Swiglu', 'torch.bfloat16', 'torch.bfloat16', 'torch.float4_e2m1fn_x2', 'QuantType.per_1x32', True, False) 
(Worker_TP2 pid=1522045) [aiter] shape is M:10, N:2304, K:12288 dtype='torch.bfloat16' otype='torch.bfloat16' bias=False, scaleAB=False, bpreshuffle=False, not found tuned config in /tmp/aiter_configs/bf16_tuned_gemm.csv, will use default config! using torch solution:0
(Worker_TP1 pid=1522044) [aiter] shape is M:5, N:128, K:6144 dtype='torch.float32' otype='torch.float32' bias=False, scaleAB=False, bpreshuffle=False, not found tuned config in /tmp/aiter_configs/bf16_tuned_gemm.csv, will use default config! using torch solution:0
(Worker_TP1 pid=1522044) [aiter] run_1stage = False, xbf16 = False, ksplit = 2 q_type = QuantType.per_1x32 block_m = 32 use_nt = True, estimated_m_per_expert = 0
(Worker_TP1 pid=1522044) [aiter] [fused_moe] using 2stage default for ('gfx950', 256, 8, 6144, 768, 129, 5, 'ActivationType.Swiglu', 'torch.bfloat16', 'torch.bfloat16', 'torch.float4_e2m1fn_x2', 'QuantType.per_1x32', True, False) 
(Worker_TP0 pid=1522043) Capturing CUDA graphs (mixed prefill-decode, PIECEWISE):  98%|█████████▊| 47/48 [04:24<00:00,  2.48it/s](Worker_TP3 pid=1522046) [aiter] shape is M:5, N:128, K:6144 dtype='torch.float32' otype='torch.float32' bias=False, scaleAB=False, bpreshuffle=False, not found tuned config in /tmp/aiter_configs/bf16_tuned_gemm.csv, will use default config! using torch solution:0
(Worker_TP3 pid=1522046) [aiter] run_1stage = False, xbf16 = False, ksplit = 2 q_type = QuantType.per_1x32 block_m = 32 use_nt = True, estimated_m_per_expert = 0
(Worker_TP3 pid=1522046) [aiter] [fused_moe] using 2stage default for ('gfx950', 256, 8, 6144, 768, 129, 5, 'ActivationType.Swiglu', 'torch.bfloat16', 'torch.bfloat16', 'torch.float4_e2m1fn_x2', 'QuantType.per_1x32', True, False) 
[aiter] shape is M:5, N:128, K:6144 dtype='torch.float32' otype='torch.float32' bias=False, scaleAB=False, bpreshuffle=False, not found tuned config in /tmp/aiter_configs/bf16_tuned_gemm.csv, will use default config! using torch solution:0
(Worker_TP0 pid=1522043) [aiter] run_1stage = False, xbf16 = False, ksplit = 2 q_type = QuantType.per_1x32 block_m = 32 use_nt = True, estimated_m_per_expert = 0
(Worker_TP0 pid=1522043) [aiter] [fused_moe] using 2stage default for ('gfx950', 256, 8, 6144, 768, 129, 5, 'ActivationType.Swiglu', 'torch.bfloat16', 'torch.bfloat16', 'torch.float4_e2m1fn_x2', 'QuantType.per_1x32', True, False) 
(Worker_TP2 pid=1522045) [aiter] shape is M:5, N:128, K:6144 dtype='torch.float32' otype='torch.float32' bias=False, scaleAB=False, bpreshuffle=False, not found tuned config in /tmp/aiter_configs/bf16_tuned_gemm.csv, will use default config! using torch solution:0
(Worker_TP2 pid=1522045) [aiter] run_1stage = False, xbf16 = False, ksplit = 2 q_type = QuantType.per_1x32 block_m = 32 use_nt = True, estimated_m_per_expert = 0
(Worker_TP2 pid=1522045) [aiter] [fused_moe] using 2stage default for ('gfx950', 256, 8, 6144, 768, 129, 5, 'ActivationType.Swiglu', 'torch.bfloat16', 'torch.bfloat16', 'torch.float4_e2m1fn_x2', 'QuantType.per_1x32', True, False) 
(Worker_TP0 pid=1522043) Capturing CUDA graphs (mixed prefill-decode, PIECEWISE): 100%|██████████| 48/48 [04:25<00:00,  5.52s/it]
(Worker_TP0 pid=1522043) Capturing CUDA graphs (decode, FULL):   0%|          | 0/48 [00:00<?, ?it/s]Capturing CUDA graphs (decode, FULL):   2%|▏         | 1/48 [00:00<00:05,  8.01it/s]Capturing CUDA graphs (decode, FULL):   4%|▍         | 2/48 [00:00<00:05,  8.11it/s]Capturing CUDA graphs (decode, FULL):   6%|▋         | 3/48 [00:00<00:05,  8.13it/s]Capturing CUDA graphs (decode, FULL):   8%|▊         | 4/48 [00:00<00:05,  8.14it/s]Capturing CUDA graphs (decode, FULL):  10%|█         | 5/48 [00:00<00:05,  8.15it/s]Capturing CUDA graphs (decode, FULL):  12%|█▎        | 6/48 [00:01<00:09,  4.64it/s]Capturing CUDA graphs (decode, FULL):  15%|█▍        | 7/48 [00:01<00:07,  5.40it/s]Capturing CUDA graphs (decode, FULL):  17%|█▋        | 8/48 [00:01<00:06,  6.08it/s]Capturing CUDA graphs (decode, FULL):  19%|█▉        | 9/48 [00:01<00:05,  6.64it/s]Capturing CUDA graphs (decode, FULL):  21%|██        | 10/48 [00:01<00:05,  7.09it/s]Capturing CUDA graphs (decode, FULL):  23%|██▎       | 11/48 [00:01<00:04,  7.42it/s]Capturing CUDA graphs (decode, FULL):  25%|██▌       | 12/48 [00:01<00:04,  7.67it/s]Capturing CUDA graphs (decode, FULL):  27%|██▋       | 13/48 [00:01<00:04,  7.84it/s]Capturing CUDA graphs (decode, FULL):  29%|██▉       | 14/48 [00:01<00:04,  7.98it/s]Capturing CUDA graphs (decode, FULL):  31%|███▏      | 15/48 [00:02<00:04,  8.03it/s](Worker_TP1 pid=1522044) [aiter] compile_template_op func_name = 'pa_ps_4331853e5d783a2810374702b377af58' with {'src_template': <Template memory:7bbb4f4ddeb0>, 'md_name': 'pa_ps', 'includes': ['/shared/data/R7N/andy_luo_3v7/minimaxm3-agentx/overlays/aiter-sparse-indexer-cache-fusion-545d97c-266922c/csrc/cpp_itfs/pa/pa_ps.cuh'], 'sources': [], 'cxxflags': [], 'func_name': 'pa_ps_4331853e5d783a2810374702b377af58', 'folder': 'pa_ps_4331853e5d783a2810374702b377af58', 'kwargs': OrderedDict({'head_size': 128, 'query_group_size': 16, 'context_partition_num': 3, 'out_dtype': '__hip_bfloat16', 'logits_dtype': '__hip_bfloat16', 'sink_dtype': '__hip_bfloat16', 'use_sinks': False})}...
(Worker_TP1 pid=1522044) [aiter] start build /tmp/inferencex-minimaxm3-1410/home/.aiter/build/pa_ps_4331853e5d783a2810374702b377af58
Capturing CUDA graphs (decode, FULL):  33%|███▎      | 16/48 [00:02<00:03,  8.04it/s][aiter] compile_template_op func_name = 'pa_ps_4331853e5d783a2810374702b377af58' with {'src_template': <Template memory:7079ef804bf0>, 'md_name': 'pa_ps', 'includes': ['/shared/data/R7N/andy_luo_3v7/minimaxm3-agentx/overlays/aiter-sparse-indexer-cache-fusion-545d97c-266922c/csrc/cpp_itfs/pa/pa_ps.cuh'], 'sources': [], 'cxxflags': [], 'func_name': 'pa_ps_4331853e5d783a2810374702b377af58', 'folder': 'pa_ps_4331853e5d783a2810374702b377af58', 'kwargs': OrderedDict({'head_size': 128, 'query_group_size': 16, 'context_partition_num': 3, 'out_dtype': '__hip_bfloat16', 'logits_dtype': '__hip_bfloat16', 'sink_dtype': '__hip_bfloat16', 'use_sinks': False})}...
(Worker_TP0 pid=1522043) [aiter] [pid=1522043 pname=VllmWorker-0] waiting for baton release at /tmp/inferencex-minimaxm3-1410/home/.aiter/build/pa_ps_4331853e5d783a2810374702b377af58/lock
(Worker_TP3 pid=1522046) [aiter] compile_template_op func_name = 'pa_ps_4331853e5d783a2810374702b377af58' with {'src_template': <Template memory:713b07523620>, 'md_name': 'pa_ps', 'includes': ['/shared/data/R7N/andy_luo_3v7/minimaxm3-agentx/overlays/aiter-sparse-indexer-cache-fusion-545d97c-266922c/csrc/cpp_itfs/pa/pa_ps.cuh'], 'sources': [], 'cxxflags': [], 'func_name': 'pa_ps_4331853e5d783a2810374702b377af58', 'folder': 'pa_ps_4331853e5d783a2810374702b377af58', 'kwargs': OrderedDict({'head_size': 128, 'query_group_size': 16, 'context_partition_num': 3, 'out_dtype': '__hip_bfloat16', 'logits_dtype': '__hip_bfloat16', 'sink_dtype': '__hip_bfloat16', 'use_sinks': False})}...
(Worker_TP3 pid=1522046) [aiter] [pid=1522046 pname=VllmWorker-3] waiting for baton release at /tmp/inferencex-minimaxm3-1410/home/.aiter/build/pa_ps_4331853e5d783a2810374702b377af58/lock
(Worker_TP2 pid=1522045) [aiter] compile_template_op func_name = 'pa_ps_4331853e5d783a2810374702b377af58' with {'src_template': <Template memory:75ac7f93a510>, 'md_name': 'pa_ps', 'includes': ['/shared/data/R7N/andy_luo_3v7/minimaxm3-agentx/overlays/aiter-sparse-indexer-cache-fusion-545d97c-266922c/csrc/cpp_itfs/pa/pa_ps.cuh'], 'sources': [], 'cxxflags': [], 'func_name': 'pa_ps_4331853e5d783a2810374702b377af58', 'folder': 'pa_ps_4331853e5d783a2810374702b377af58', 'kwargs': OrderedDict({'head_size': 128, 'query_group_size': 16, 'context_partition_num': 3, 'out_dtype': '__hip_bfloat16', 'logits_dtype': '__hip_bfloat16', 'sink_dtype': '__hip_bfloat16', 'use_sinks': False})}...
(Worker_TP2 pid=1522045) [aiter] [pid=1522045 pname=VllmWorker-2] waiting for baton release at /tmp/inferencex-minimaxm3-1410/home/.aiter/build/pa_ps_4331853e5d783a2810374702b377af58/lock
clang (LLVM option parsing): Unknown command line argument '-amdgpu-coerce-illegal-types=1'.  Try: 'clang (LLVM option parsing) --help'
clang (LLVM option parsing): Did you mean '--amdgpu-mode-register=1'?
failed to execute:/opt/rocm/lib/llvm/bin/clang++  --offload-arch=gfx950 --offload-arch=gfx950 --offload-arch=gfx950 --offload-arch=gfx950 --offload-arch=gfx950 --offload-arch=gfx950 --offload-arch=gfx950 --offload-arch=gfx950 -O3  -mllvm -amdgpu-coerce-illegal-types=1 -x hip -c /dev/null -o "/dev/null"
(Worker_TP1 pid=1522044) [aiter] -mllvm -amdgpu-coerce-illegal-types=1 is not supported by hipcc.
(Worker_TP1 pid=1522044) [aiter] finish build /tmp/inferencex-minimaxm3-1410/home/.aiter/build/pa_ps_4331853e5d783a2810374702b377af58, cost 13.98269003s
(Worker_TP0 pid=1522043) Capturing CUDA graphs (decode, FULL):  35%|███▌      | 17/48 [00:16<02:14,  4.35s/it]Capturing CUDA graphs (decode, FULL):  38%|███▊      | 18/48 [00:16<01:32,  3.08s/it]Capturing CUDA graphs (decode, FULL):  40%|███▉      | 19/48 [00:16<01:03,  2.19s/it]Capturing CUDA graphs (decode, FULL):  42%|████▏     | 20/48 [00:16<00:43,  1.57s/it]Capturing CUDA graphs (decode, FULL):  44%|████▍     | 21/48 [00:16<00:30,  1.13s/it]Capturing CUDA graphs (decode, FULL):  46%|████▌     | 22/48 [00:17<00:23,  1.10it/s]Capturing CUDA graphs (decode, FULL):  48%|████▊     | 23/48 [00:17<00:16,  1.49it/s]Capturing CUDA graphs (decode, FULL):  50%|█████     | 24/48 [00:17<00:12,  1.98it/s]Capturing CUDA graphs (decode, FULL):  52%|█████▏    | 25/48 [00:17<00:08,  2.57it/s](Worker_TP1 pid=1522044) [aiter] compile_template_op func_name = 'pa_ps_45d4dc080d01c2828052fdbeafff3c3b' with {'src_template': <Template memory:7bbb4f4ddeb0>, 'md_name': 'pa_ps', 'includes': ['/shared/data/R7N/andy_luo_3v7/minimaxm3-agentx/overlays/aiter-sparse-indexer-cache-fusion-545d97c-266922c/csrc/cpp_itfs/pa/pa_ps.cuh'], 'sources': [], 'cxxflags': [], 'func_name': 'pa_ps_45d4dc080d01c2828052fdbeafff3c3b', 'folder': 'pa_ps_45d4dc080d01c2828052fdbeafff3c3b', 'kwargs': OrderedDict({'head_size': 128, 'query_group_size': 16, 'context_partition_num': 4, 'out_dtype': '__hip_bfloat16', 'logits_dtype': '__hip_bfloat16', 'sink_dtype': '__hip_bfloat16', 'use_sinks': False})}...
(Worker_TP1 pid=1522044) [aiter] start build /tmp/inferencex-minimaxm3-1410/home/.aiter/build/pa_ps_45d4dc080d01c2828052fdbeafff3c3b
Capturing CUDA graphs (decode, FULL):  54%|█████▍    | 26/48 [00:17<00:06,  3.26it/s][aiter] compile_template_op func_name = 'pa_ps_45d4dc080d01c2828052fdbeafff3c3b' with {'src_template': <Template memory:7079ef804bf0>, 'md_name': 'pa_ps', 'includes': ['/shared/data/R7N/andy_luo_3v7/minimaxm3-agentx/overlays/aiter-sparse-indexer-cache-fusion-545d97c-266922c/csrc/cpp_itfs/pa/pa_ps.cuh'], 'sources': [], 'cxxflags': [], 'func_name': 'pa_ps_45d4dc080d01c2828052fdbeafff3c3b', 'folder': 'pa_ps_45d4dc080d01c2828052fdbeafff3c3b', 'kwargs': OrderedDict({'head_size': 128, 'query_group_size': 16, 'context_partition_num': 4, 'out_dtype': '__hip_bfloat16', 'logits_dtype': '__hip_bfloat16', 'sink_dtype': '__hip_bfloat16', 'use_sinks': False})}...
(Worker_TP0 pid=1522043) [aiter] [pid=1522043 pname=VllmWorker-0] waiting for baton release at /tmp/inferencex-minimaxm3-1410/home/.aiter/build/pa_ps_45d4dc080d01c2828052fdbeafff3c3b/lock
(Worker_TP3 pid=1522046) [aiter] compile_template_op func_name = 'pa_ps_45d4dc080d01c2828052fdbeafff3c3b' with {'src_template': <Template memory:713b07523620>, 'md_name': 'pa_ps', 'includes': ['/shared/data/R7N/andy_luo_3v7/minimaxm3-agentx/overlays/aiter-sparse-indexer-cache-fusion-545d97c-266922c/csrc/cpp_itfs/pa/pa_ps.cuh'], 'sources': [], 'cxxflags': [], 'func_name': 'pa_ps_45d4dc080d01c2828052fdbeafff3c3b', 'folder': 'pa_ps_45d4dc080d01c2828052fdbeafff3c3b', 'kwargs': OrderedDict({'head_size': 128, 'query_group_size': 16, 'context_partition_num': 4, 'out_dtype': '__hip_bfloat16', 'logits_dtype': '__hip_bfloat16', 'sink_dtype': '__hip_bfloat16', 'use_sinks': False})}...
(Worker_TP3 pid=1522046) [aiter] [pid=1522046 pname=VllmWorker-3] waiting for baton release at /tmp/inferencex-minimaxm3-1410/home/.aiter/build/pa_ps_45d4dc080d01c2828052fdbeafff3c3b/lock
(Worker_TP2 pid=1522045) [aiter] compile_template_op func_name = 'pa_ps_45d4dc080d01c2828052fdbeafff3c3b' with {'src_template': <Template memory:75ac7f93a510>, 'md_name': 'pa_ps', 'includes': ['/shared/data/R7N/andy_luo_3v7/minimaxm3-agentx/overlays/aiter-sparse-indexer-cache-fusion-545d97c-266922c/csrc/cpp_itfs/pa/pa_ps.cuh'], 'sources': [], 'cxxflags': [], 'func_name': 'pa_ps_45d4dc080d01c2828052fdbeafff3c3b', 'folder': 'pa_ps_45d4dc080d01c2828052fdbeafff3c3b', 'kwargs': OrderedDict({'head_size': 128, 'query_group_size': 16, 'context_partition_num': 4, 'out_dtype': '__hip_bfloat16', 'logits_dtype': '__hip_bfloat16', 'sink_dtype': '__hip_bfloat16', 'use_sinks': False})}...
(Worker_TP2 pid=1522045) [aiter] [pid=1522045 pname=VllmWorker-2] waiting for baton release at /tmp/inferencex-minimaxm3-1410/home/.aiter/build/pa_ps_45d4dc080d01c2828052fdbeafff3c3b/lock
(Worker_TP1 pid=1522044) [aiter] finish build /tmp/inferencex-minimaxm3-1410/home/.aiter/build/pa_ps_45d4dc080d01c2828052fdbeafff3c3b, cost 1.47963025s
(Worker_TP0 pid=1522043) Capturing CUDA graphs (decode, FULL):  56%|█████▋    | 27/48 [00:19<00:14,  1.47it/s]Capturing CUDA graphs (decode, FULL):  58%|█████▊    | 28/48 [00:19<00:11,  1.68it/s]Capturing CUDA graphs (decode, FULL):  60%|██████    | 29/48 [00:19<00:08,  2.21it/s]Capturing CUDA graphs (decode, FULL):  62%|██████▎   | 30/48 [00:19<00:06,  2.85it/s]Capturing CUDA graphs (decode, FULL):  65%|██████▍   | 31/48 [00:20<00:04,  3.58it/s](Worker_TP1 pid=1522044) [aiter] compile_template_op func_name = 'pa_ps_57dcdec950f1285d882472c6064ca9dd' with {'src_template': <Template memory:7bbb4f4ddeb0>, 'md_name': 'pa_ps', 'includes': ['/shared/data/R7N/andy_luo_3v7/minimaxm3-agentx/overlays/aiter-sparse-indexer-cache-fusion-545d97c-266922c/csrc/cpp_itfs/pa/pa_ps.cuh'], 'sources': [], 'cxxflags': [], 'func_name': 'pa_ps_57dcdec950f1285d882472c6064ca9dd', 'folder': 'pa_ps_57dcdec950f1285d882472c6064ca9dd', 'kwargs': OrderedDict({'head_size': 128, 'query_group_size': 16, 'context_partition_num': 5, 'out_dtype': '__hip_bfloat16', 'logits_dtype': '__hip_bfloat16', 'sink_dtype': '__hip_bfloat16', 'use_sinks': False})}...
(Worker_TP1 pid=1522044) [aiter] start build /tmp/inferencex-minimaxm3-1410/home/.aiter/build/pa_ps_57dcdec950f1285d882472c6064ca9dd
Capturing CUDA graphs (decode, FULL):  67%|██████▋   | 32/48 [00:20<00:03,  4.36it/s][aiter] compile_template_op func_name = 'pa_ps_57dcdec950f1285d882472c6064ca9dd' with {'src_template': <Template memory:7079ef804bf0>, 'md_name': 'pa_ps', 'includes': ['/shared/data/R7N/andy_luo_3v7/minimaxm3-agentx/overlays/aiter-sparse-indexer-cache-fusion-545d97c-266922c/csrc/cpp_itfs/pa/pa_ps.cuh'], 'sources': [], 'cxxflags': [], 'func_name': 'pa_ps_57dcdec950f1285d882472c6064ca9dd', 'folder': 'pa_ps_57dcdec950f1285d882472c6064ca9dd', 'kwargs': OrderedDict({'head_size': 128, 'query_group_size': 16, 'context_partition_num': 5, 'out_dtype': '__hip_bfloat16', 'logits_dtype': '__hip_bfloat16', 'sink_dtype': '__hip_bfloat16', 'use_sinks': False})}...
(Worker_TP0 pid=1522043) [aiter] [pid=1522043 pname=VllmWorker-0] waiting for baton release at /tmp/inferencex-minimaxm3-1410/home/.aiter/build/pa_ps_57dcdec950f1285d882472c6064ca9dd/lock
(Worker_TP3 pid=1522046) [aiter] compile_template_op func_name = 'pa_ps_57dcdec950f1285d882472c6064ca9dd' with {'src_template': <Template memory:713b07523620>, 'md_name': 'pa_ps', 'includes': ['/shared/data/R7N/andy_luo_3v7/minimaxm3-agentx/overlays/aiter-sparse-indexer-cache-fusion-545d97c-266922c/csrc/cpp_itfs/pa/pa_ps.cuh'], 'sources': [], 'cxxflags': [], 'func_name': 'pa_ps_57dcdec950f1285d882472c6064ca9dd', 'folder': 'pa_ps_57dcdec950f1285d882472c6064ca9dd', 'kwargs': OrderedDict({'head_size': 128, 'query_group_size': 16, 'context_partition_num': 5, 'out_dtype': '__hip_bfloat16', 'logits_dtype': '__hip_bfloat16', 'sink_dtype': '__hip_bfloat16', 'use_sinks': False})}...
(Worker_TP3 pid=1522046) [aiter] [pid=1522046 pname=VllmWorker-3] waiting for baton release at /tmp/inferencex-minimaxm3-1410/home/.aiter/build/pa_ps_57dcdec950f1285d882472c6064ca9dd/lock
(Worker_TP2 pid=1522045) [aiter] compile_template_op func_name = 'pa_ps_57dcdec950f1285d882472c6064ca9dd' with {'src_template': <Template memory:75ac7f93a510>, 'md_name': 'pa_ps', 'includes': ['/shared/data/R7N/andy_luo_3v7/minimaxm3-agentx/overlays/aiter-sparse-indexer-cache-fusion-545d97c-266922c/csrc/cpp_itfs/pa/pa_ps.cuh'], 'sources': [], 'cxxflags': [], 'func_name': 'pa_ps_57dcdec950f1285d882472c6064ca9dd', 'folder': 'pa_ps_57dcdec950f1285d882472c6064ca9dd', 'kwargs': OrderedDict({'head_size': 128, 'query_group_size': 16, 'context_partition_num': 5, 'out_dtype': '__hip_bfloat16', 'logits_dtype': '__hip_bfloat16', 'sink_dtype': '__hip_bfloat16', 'use_sinks': False})}...
(Worker_TP2 pid=1522045) [aiter] [pid=1522045 pname=VllmWorker-2] waiting for baton release at /tmp/inferencex-minimaxm3-1410/home/.aiter/build/pa_ps_57dcdec950f1285d882472c6064ca9dd/lock
(Worker_TP1 pid=1522044) [aiter] finish build /tmp/inferencex-minimaxm3-1410/home/.aiter/build/pa_ps_57dcdec950f1285d882472c6064ca9dd, cost 1.47239474s
(Worker_TP0 pid=1522043) Capturing CUDA graphs (decode, FULL):  69%|██████▉   | 33/48 [00:21<00:10,  1.45it/s]Capturing CUDA graphs (decode, FULL):  71%|███████   | 34/48 [00:22<00:07,  1.94it/s](Worker_TP3 pid=1522046) [aiter] compile_template_op func_name = 'pa_ps_f95f4bb8adf849cff0d734e8f59f2c2b' with {'src_template': <Template memory:713b07523620>, 'md_name': 'pa_ps', 'includes': ['/shared/data/R7N/andy_luo_3v7/minimaxm3-agentx/overlays/aiter-sparse-indexer-cache-fusion-545d97c-266922c/csrc/cpp_itfs/pa/pa_ps.cuh'], 'sources': [], 'cxxflags': [], 'func_name': 'pa_ps_f95f4bb8adf849cff0d734e8f59f2c2b', 'folder': 'pa_ps_f95f4bb8adf849cff0d734e8f59f2c2b', 'kwargs': OrderedDict({'head_size': 128, 'query_group_size': 16, 'context_partition_num': 6, 'out_dtype': '__hip_bfloat16', 'logits_dtype': '__hip_bfloat16', 'sink_dtype': '__hip_bfloat16', 'use_sinks': False})}...
(Worker_TP3 pid=1522046) [aiter] start build /tmp/inferencex-minimaxm3-1410/home/.aiter/build/pa_ps_f95f4bb8adf849cff0d734e8f59f2c2b
(Worker_TP1 pid=1522044) [aiter] compile_template_op func_name = 'pa_ps_f95f4bb8adf849cff0d734e8f59f2c2b' with {'src_template': <Template memory:7bbb4f4ddeb0>, 'md_name': 'pa_ps', 'includes': ['/shared/data/R7N/andy_luo_3v7/minimaxm3-agentx/overlays/aiter-sparse-indexer-cache-fusion-545d97c-266922c/csrc/cpp_itfs/pa/pa_ps.cuh'], 'sources': [], 'cxxflags': [], 'func_name': 'pa_ps_f95f4bb8adf849cff0d734e8f59f2c2b', 'folder': 'pa_ps_f95f4bb8adf849cff0d734e8f59f2c2b', 'kwargs': OrderedDict({'head_size': 128, 'query_group_size': 16, 'context_partition_num': 6, 'out_dtype': '__hip_bfloat16', 'logits_dtype': '__hip_bfloat16', 'sink_dtype': '__hip_bfloat16', 'use_sinks': False})}...
(Worker_TP1 pid=1522044) [aiter] [pid=1522044 pname=VllmWorker-1] waiting for baton release at /tmp/inferencex-minimaxm3-1410/home/.aiter/build/pa_ps_f95f4bb8adf849cff0d734e8f59f2c2b/lock
(Worker_TP2 pid=1522045) [aiter] compile_template_op func_name = 'pa_ps_f95f4bb8adf849cff0d734e8f59f2c2b' with {'src_template': <Template memory:75ac7f93a510>, 'md_name': 'pa_ps', 'includes': ['/shared/data/R7N/andy_luo_3v7/minimaxm3-agentx/overlays/aiter-sparse-indexer-cache-fusion-545d97c-266922c/csrc/cpp_itfs/pa/pa_ps.cuh'], 'sources': [], 'cxxflags': [], 'func_name': 'pa_ps_f95f4bb8adf849cff0d734e8f59f2c2b', 'folder': 'pa_ps_f95f4bb8adf849cff0d734e8f59f2c2b', 'kwargs': OrderedDict({'head_size': 128, 'query_group_size': 16, 'context_partition_num': 6, 'out_dtype': '__hip_bfloat16', 'logits_dtype': '__hip_bfloat16', 'sink_dtype': '__hip_bfloat16', 'use_sinks': False})}...
(Worker_TP2 pid=1522045) [aiter] [pid=1522045 pname=VllmWorker-2] waiting for baton release at /tmp/inferencex-minimaxm3-1410/home/.aiter/build/pa_ps_f95f4bb8adf849cff0d734e8f59f2c2b/lock
Capturing CUDA graphs (decode, FULL):  73%|███████▎  | 35/48 [00:22<00:06,  2.07it/s][aiter] compile_template_op func_name = 'pa_ps_f95f4bb8adf849cff0d734e8f59f2c2b' with {'src_template': <Template memory:7079ef804bf0>, 'md_name': 'pa_ps', 'includes': ['/shared/data/R7N/andy_luo_3v7/minimaxm3-agentx/overlays/aiter-sparse-indexer-cache-fusion-545d97c-266922c/csrc/cpp_itfs/pa/pa_ps.cuh'], 'sources': [], 'cxxflags': [], 'func_name': 'pa_ps_f95f4bb8adf849cff0d734e8f59f2c2b', 'folder': 'pa_ps_f95f4bb8adf849cff0d734e8f59f2c2b', 'kwargs': OrderedDict({'head_size': 128, 'query_group_size': 16, 'context_partition_num': 6, 'out_dtype': '__hip_bfloat16', 'logits_dtype': '__hip_bfloat16', 'sink_dtype': '__hip_bfloat16', 'use_sinks': False})}...
(Worker_TP0 pid=1522043) [aiter] [pid=1522043 pname=VllmWorker-0] waiting for baton release at /tmp/inferencex-minimaxm3-1410/home/.aiter/build/pa_ps_f95f4bb8adf849cff0d734e8f59f2c2b/lock
(Worker_TP3 pid=1522046) [aiter] finish build /tmp/inferencex-minimaxm3-1410/home/.aiter/build/pa_ps_f95f4bb8adf849cff0d734e8f59f2c2b, cost 1.44802191s
(Worker_TP0 pid=1522043) Capturing CUDA graphs (decode, FULL):  75%|███████▌  | 36/48 [00:23<00:09,  1.25it/s](Worker_TP3 pid=1522046) [aiter] compile_template_op func_name = 'pa_ps_854ae9e94347156b92bc3b571f2c0106' with {'src_template': <Template memory:713b07523620>, 'md_name': 'pa_ps', 'includes': ['/shared/data/R7N/andy_luo_3v7/minimaxm3-agentx/overlays/aiter-sparse-indexer-cache-fusion-545d97c-266922c/csrc/cpp_itfs/pa/pa_ps.cuh'], 'sources': [], 'cxxflags': [], 'func_name': 'pa_ps_854ae9e94347156b92bc3b571f2c0106', 'folder': 'pa_ps_854ae9e94347156b92bc3b571f2c0106', 'kwargs': OrderedDict({'head_size': 128, 'query_group_size': 16, 'context_partition_num': 7, 'out_dtype': '__hip_bfloat16', 'logits_dtype': '__hip_bfloat16', 'sink_dtype': '__hip_bfloat16', 'use_sinks': False})}...
(Worker_TP3 pid=1522046) [aiter] start build /tmp/inferencex-minimaxm3-1410/home/.aiter/build/pa_ps_854ae9e94347156b92bc3b571f2c0106
(Worker_TP2 pid=1522045) [aiter] compile_template_op func_name = 'pa_ps_854ae9e94347156b92bc3b571f2c0106' with {'src_template': <Template memory:75ac7f93a510>, 'md_name': 'pa_ps', 'includes': ['/shared/data/R7N/andy_luo_3v7/minimaxm3-agentx/overlays/aiter-sparse-indexer-cache-fusion-545d97c-266922c/csrc/cpp_itfs/pa/pa_ps.cuh'], 'sources': [], 'cxxflags': [], 'func_name': 'pa_ps_854ae9e94347156b92bc3b571f2c0106', 'folder': 'pa_ps_854ae9e94347156b92bc3b571f2c0106', 'kwargs': OrderedDict({'head_size': 128, 'query_group_size': 16, 'context_partition_num': 7, 'out_dtype': '__hip_bfloat16', 'logits_dtype': '__hip_bfloat16', 'sink_dtype': '__hip_bfloat16', 'use_sinks': False})}...
(Worker_TP2 pid=1522045) [aiter] [pid=1522045 pname=VllmWorker-2] waiting for baton release at /tmp/inferencex-minimaxm3-1410/home/.aiter/build/pa_ps_854ae9e94347156b92bc3b571f2c0106/lock
Capturing CUDA graphs (decode, FULL):  77%|███████▋  | 37/48 [00:24<00:06,  1.68it/s][aiter] compile_template_op func_name = 'pa_ps_854ae9e94347156b92bc3b571f2c0106' with {'src_template': <Template memory:7079ef804bf0>, 'md_name': 'pa_ps', 'includes': ['/shared/data/R7N/andy_luo_3v7/minimaxm3-agentx/overlays/aiter-sparse-indexer-cache-fusion-545d97c-266922c/csrc/cpp_itfs/pa/pa_ps.cuh'], 'sources': [], 'cxxflags': [], 'func_name': 'pa_ps_854ae9e94347156b92bc3b571f2c0106', 'folder': 'pa_ps_854ae9e94347156b92bc3b571f2c0106', 'kwargs': OrderedDict({'head_size': 128, 'query_group_size': 16, 'context_partition_num': 7, 'out_dtype': '__hip_bfloat16', 'logits_dtype': '__hip_bfloat16', 'sink_dtype': '__hip_bfloat16', 'use_sinks': False})}...
(Worker_TP0 pid=1522043) [aiter] [pid=1522043 pname=VllmWorker-0] waiting for baton release at /tmp/inferencex-minimaxm3-1410/home/.aiter/build/pa_ps_854ae9e94347156b92bc3b571f2c0106/lock
(Worker_TP1 pid=1522044) [aiter] compile_template_op func_name = 'pa_ps_854ae9e94347156b92bc3b571f2c0106' with {'src_template': <Template memory:7bbb4f4ddeb0>, 'md_name': 'pa_ps', 'includes': ['/shared/data/R7N/andy_luo_3v7/minimaxm3-agentx/overlays/aiter-sparse-indexer-cache-fusion-545d97c-266922c/csrc/cpp_itfs/pa/pa_ps.cuh'], 'sources': [], 'cxxflags': [], 'func_name': 'pa_ps_854ae9e94347156b92bc3b571f2c0106', 'folder': 'pa_ps_854ae9e94347156b92bc3b571f2c0106', 'kwargs': OrderedDict({'head_size': 128, 'query_group_size': 16, 'context_partition_num': 7, 'out_dtype': '__hip_bfloat16', 'logits_dtype': '__hip_bfloat16', 'sink_dtype': '__hip_bfloat16', 'use_sinks': False})}...
(Worker_TP1 pid=1522044) [aiter] [pid=1522044 pname=VllmWorker-1] waiting for baton release at /tmp/inferencex-minimaxm3-1410/home/.aiter/build/pa_ps_854ae9e94347156b92bc3b571f2c0106/lock
(Worker_TP3 pid=1522046) [aiter] finish build /tmp/inferencex-minimaxm3-1410/home/.aiter/build/pa_ps_854ae9e94347156b92bc3b571f2c0106, cost 1.46443878s
(Worker_TP0 pid=1522043) Capturing CUDA graphs (decode, FULL):  79%|███████▉  | 38/48 [00:25<00:08,  1.13it/s]Capturing CUDA graphs (decode, FULL):  81%|████████▏ | 39/48 [00:25<00:05,  1.53it/s]Capturing CUDA graphs (decode, FULL):  83%|████████▎ | 40/48 [00:25<00:03,  2.03it/s]Capturing CUDA graphs (decode, FULL):  85%|████████▌ | 41/48 [00:25<00:02,  2.65it/s]Capturing CUDA graphs (decode, FULL):  88%|████████▊ | 42/48 [00:26<00:01,  3.37it/s]Capturing CUDA graphs (decode, FULL):  90%|████████▉ | 43/48 [00:26<00:01,  4.15it/s]Capturing CUDA graphs (decode, FULL):  92%|█████████▏| 44/48 [00:26<00:00,  4.95it/s]Capturing CUDA graphs (decode, FULL):  94%|█████████▍| 45/48 [00:26<00:00,  5.68it/s]Capturing CUDA graphs (decode, FULL):  96%|█████████▌| 46/48 [00:26<00:00,  6.35it/s]Capturing CUDA graphs (decode, FULL):  98%|█████████▊| 47/48 [00:26<00:00,  6.94it/s]Capturing CUDA graphs (decode, FULL): 100%|██████████| 48/48 [00:27<00:00,  4.41it/s]Capturing CUDA graphs (decode, FULL): 100%|██████████| 48/48 [00:27<00:00,  1.77it/s]
(Worker_TP2 pid=1522045) [aiter] Registering 5952 cuda graph addresses
(Worker_TP1 pid=1522044) [aiter] Registering 5952 cuda graph addresses
(Worker_TP3 pid=1522046) [aiter] Registering 5952 cuda graph addresses
(Worker_TP0 pid=1522043) [aiter] Registering 5952 cuda graph addresses
(Worker_TP3 pid=1522046) INFO 08-25 18:22:41 [gpu_worker.py:726] CUDA graph pool memory: 0.98 GiB (actual), 2.31 GiB (estimated), difference: 1.33 GiB (135.7%).
(Worker_TP3 pid=1522046) INFO 08-25 18:22:41 [gpu_worker.py:789] Free memory on device (279.74/287.98 GiB) on startup. Desired GPU memory utilization is (0.85, 244.79 GiB). Actual usage is 62.32 GiB for consumed memory (weights + non-torch), 7.81 GiB for peak activation, and 0.98 GiB for CUDAGraph memory. Replace gpu_memory_utilization config with `--kv-cache-memory=186328225690` (173.53 GiB) to fit into requested memory, or `--kv-cache-memory=223857180160` (208.48 GiB) to fully utilize gpu memory. Current kv cache memory in use is 174.66 GiB.
(Worker_TP3 pid=1522046) [aiter] shape is M:256, N:128, K:6144 dtype='torch.float32' otype='torch.float32' bias=False, scaleAB=False, bpreshuffle=False, not found tuned config in /tmp/aiter_configs/bf16_tuned_gemm.csv, will use default config! using torch solution:0
(Worker_TP3 pid=1522046) [aiter] [fused_moe] using 2stage (kernelName1='flydsl_moe1_afp4_wfp4_bf16_t64x128x256_w4_xcd4_fp4', kernelName2='flydsl_moe2_afp4_wfp4_bf16_t64x128x256_reduce_bnt2') for ('gfx950', 256, 256, 6144, 768, 129, 5, 'ActivationType.Swiglu', 'torch.bfloat16', 'torch.float4_e2m1fn_x2', 'torch.float4_e2m1fn_x2', 'QuantType.per_1x32', True, False) 
(Worker_TP1 pid=1522044) INFO 08-25 18:22:41 [gpu_worker.py:726] CUDA graph pool memory: 0.98 GiB (actual), 2.31 GiB (estimated), difference: 1.33 GiB (135.7%).
(Worker_TP1 pid=1522044) INFO 08-25 18:22:41 [gpu_worker.py:789] Free memory on device (279.8/287.98 GiB) on startup. Desired GPU memory utilization is (0.85, 244.79 GiB). Actual usage is 62.29 GiB for consumed memory (weights + non-torch), 7.81 GiB for peak activation, and 0.98 GiB for CUDAGraph memory. Replace gpu_memory_utilization config with `--kv-cache-memory=186361780122` (173.56 GiB) to fit into requested memory, or `--kv-cache-memory=223957843456` (208.58 GiB) to fully utilize gpu memory. Current kv cache memory in use is 174.69 GiB.
(Worker_TP1 pid=1522044) [aiter] shape is M:256, N:128, K:6144 dtype='torch.float32' otype='torch.float32' bias=False, scaleAB=False, bpreshuffle=False, not found tuned config in /tmp/aiter_configs/bf16_tuned_gemm.csv, will use default config! using torch solution:0
(Worker_TP1 pid=1522044) [aiter] [fused_moe] using 2stage (kernelName1='flydsl_moe1_afp4_wfp4_bf16_t64x128x256_w4_xcd4_fp4', kernelName2='flydsl_moe2_afp4_wfp4_bf16_t64x128x256_reduce_bnt2') for ('gfx950', 256, 256, 6144, 768, 129, 5, 'ActivationType.Swiglu', 'torch.bfloat16', 'torch.float4_e2m1fn_x2', 'torch.float4_e2m1fn_x2', 'QuantType.per_1x32', True, False) 
(Worker_TP0 pid=1522043) INFO 08-25 18:22:41 [gpu_model_runner.py:6913] Graph capturing finished in 294 secs, took 0.98 GiB
(Worker_TP0 pid=1522043) INFO 08-25 18:22:41 [gpu_worker.py:726] CUDA graph pool memory: 0.98 GiB (actual), 2.31 GiB (estimated), difference: 1.33 GiB (135.7%).
(Worker_TP0 pid=1522043) INFO 08-25 18:22:41 [gpu_worker.py:789] Free memory on device (279.99/287.98 GiB) on startup. Desired GPU memory utilization is (0.85, 244.79 GiB). Actual usage is 62.2 GiB for consumed memory (weights + non-torch), 7.81 GiB for peak activation, and 0.98 GiB for CUDAGraph memory. Replace gpu_memory_utilization config with `--kv-cache-memory=186462443418` (173.66 GiB) to fit into requested memory, or `--kv-cache-memory=224259833344` (208.86 GiB) to fully utilize gpu memory. Current kv cache memory in use is 174.78 GiB.
(Worker_TP0 pid=1522043) [aiter] shape is M:256, N:128, K:6144 dtype='torch.float32' otype='torch.float32' bias=False, scaleAB=False, bpreshuffle=False, not found tuned config in /tmp/aiter_configs/bf16_tuned_gemm.csv, will use default config! using torch solution:0
(Worker_TP0 pid=1522043) [aiter] [fused_moe] using 2stage (kernelName1='flydsl_moe1_afp4_wfp4_bf16_t64x128x256_w4_xcd4_fp4', kernelName2='flydsl_moe2_afp4_wfp4_bf16_t64x128x256_reduce_bnt2') for ('gfx950', 256, 256, 6144, 768, 129, 5, 'ActivationType.Swiglu', 'torch.bfloat16', 'torch.float4_e2m1fn_x2', 'torch.float4_e2m1fn_x2', 'QuantType.per_1x32', True, False) 
(Worker_TP2 pid=1522045) INFO 08-25 18:22:41 [gpu_worker.py:726] CUDA graph pool memory: 0.98 GiB (actual), 2.31 GiB (estimated), difference: 1.33 GiB (135.7%).
(Worker_TP2 pid=1522045) INFO 08-25 18:22:41 [gpu_worker.py:789] Free memory on device (279.8/287.98 GiB) on startup. Desired GPU memory utilization is (0.85, 244.79 GiB). Actual usage is 62.29 GiB for consumed memory (weights + non-torch), 7.81 GiB for peak activation, and 0.98 GiB for CUDAGraph memory. Replace gpu_memory_utilization config with `--kv-cache-memory=186361780122` (173.56 GiB) to fit into requested memory, or `--kv-cache-memory=223957843456` (208.58 GiB) to fully utilize gpu memory. Current kv cache memory in use is 174.69 GiB.
(Worker_TP2 pid=1522045) [aiter] shape is M:256, N:128, K:6144 dtype='torch.float32' otype='torch.float32' bias=False, scaleAB=False, bpreshuffle=False, not found tuned config in /tmp/aiter_configs/bf16_tuned_gemm.csv, will use default config! using torch solution:0
(Worker_TP2 pid=1522045) [aiter] [fused_moe] using 2stage (kernelName1='flydsl_moe1_afp4_wfp4_bf16_t64x128x256_w4_xcd4_fp4', kernelName2='flydsl_moe2_afp4_wfp4_bf16_t64x128x256_reduce_bnt2') for ('gfx950', 256, 256, 6144, 768, 129, 5, 'ActivationType.Swiglu', 'torch.bfloat16', 'torch.float4_e2m1fn_x2', 'torch.float4_e2m1fn_x2', 'QuantType.per_1x32', True, False) 
(Worker_TP3 pid=1522046) [aiter] shape is M:256, N:2304, K:12288 dtype='torch.bfloat16' otype='torch.bfloat16' bias=False, scaleAB=False, bpreshuffle=False, not found tuned config in /tmp/aiter_configs/bf16_tuned_gemm.csv, will use default config! using torch solution:0
(Worker_TP1 pid=1522044) [aiter] shape is M:256, N:2304, K:12288 dtype='torch.bfloat16' otype='torch.bfloat16' bias=False, scaleAB=False, bpreshuffle=False, not found tuned config in /tmp/aiter_configs/bf16_tuned_gemm.csv, will use default config! using torch solution:0
(Worker_TP0 pid=1522043) [aiter] shape is M:256, N:2304, K:12288 dtype='torch.bfloat16' otype='torch.bfloat16' bias=False, scaleAB=False, bpreshuffle=False, not found tuned config in /tmp/aiter_configs/bf16_tuned_gemm.csv, will use default config! using torch solution:0
(Worker_TP2 pid=1522045) [aiter] shape is M:256, N:2304, K:12288 dtype='torch.bfloat16' otype='torch.bfloat16' bias=False, scaleAB=False, bpreshuffle=False, not found tuned config in /tmp/aiter_configs/bf16_tuned_gemm.csv, will use default config! using torch solution:0
(Worker_TP3 pid=1522046) INFO 08-25 18:22:41 [jit_monitor.py:79] Kernel JIT monitor activated; monitored JIT compilations during inference will use mode=warn.
(Worker_TP1 pid=1522044) INFO 08-25 18:22:41 [jit_monitor.py:79] Kernel JIT monitor activated; monitored JIT compilations during inference will use mode=warn.
(Worker_TP2 pid=1522045) INFO 08-25 18:22:41 [jit_monitor.py:79] Kernel JIT monitor activated; monitored JIT compilations during inference will use mode=warn.
(Worker_TP0 pid=1522043) INFO 08-25 18:22:41 [jit_monitor.py:79] Kernel JIT monitor activated; monitored JIT compilations during inference will use mode=warn.
(EngineCore pid=1521766) INFO 08-25 18:22:42 [core.py:348] init engine (profile, create kv cache, warmup model) took 520.80 s (compilation: 4.71 s)
(EngineCore pid=1521766) INFO 08-25 18:22:43 [factory.py:62] Creating v1 connector with name: SimpleCPUOffloadConnector and engine_id: da6cfba7-e9ff-4429-a40e-d8d0f3065092
(EngineCore pid=1521766) WARNING 08-25 18:22:43 [base.py:202] Initializing KVConnectorBase_V1. This API is experimental and subject to change in the future as we iterate the design.
(EngineCore pid=1521766) INFO 08-25 18:22:43 [simple_cpu_offload_connector.py:95] SimpleCPUOffloadConnector: role=SCHEDULER, per_rank=374.75 GB, world_size=4, mode=lazy
(EngineCore pid=1521766) INFO 08-25 18:22:43 [manager.py:113] SimpleCPUOffloadScheduler: Allocating 137204 CPU blocks (374.75 GB, mode=lazy)
(EngineCore pid=1521766) INFO 08-25 18:22:43 [registry.py:134] All limits of multimodal modalities supported by the model are set to 0, running in text-only mode.
(EngineCore pid=1521766) INFO 08-25 18:22:44 [kernel.py:306] Final IR op priority after setting platform defaults: IrOpPriorityConfig(rms_norm=['aiter', 'native'], fused_add_rms_norm=['aiter', 'native'])
(EngineCore pid=1521766) INFO 08-25 18:22:44 [compilation.py:329] Enabled custom fusions: norm_quant, act_quant, allreduce_rms, mla_dual_rms_norm
(APIServer pid=1520838) INFO 08-25 18:22:44 [api_server.py:678] Supported tasks: ['generate']
(APIServer pid=1520838) INFO 08-25 18:22:44 [parser_manager.py:37] "auto" tool choice has been enabled.
(APIServer pid=1520838) INFO 08-25 18:22:45 [hf.py:540] Detected the chat template content format to be 'openai'. You can set `--chat-template-content-format` to override this.
(APIServer pid=1520838) WARNING 08-25 18:22:45 [model.py:1637] Default vLLM sampling parameters have been overridden by the model's `generation_config.json`: `{'temperature': 1.0, 'top_p': 0.95}`. If this is not intended, please relaunch vLLM instance with `--generation-config vllm`.
(APIServer pid=1520838) INFO 08-25 18:22:45 [api_server.py:682] Starting vLLM server on http://0.0.0.0:8886
(APIServer pid=1520838) INFO 08-25 18:22:45 [launcher.py:37] Available routes are:
(APIServer pid=1520838) INFO 08-25 18:22:45 [launcher.py:46] Route: /openapi.json, Methods: HEAD, GET
(APIServer pid=1520838) INFO 08-25 18:22:45 [launcher.py:46] Route: /docs, Methods: HEAD, GET
(APIServer pid=1520838) INFO 08-25 18:22:45 [launcher.py:46] Route: /docs/oauth2-redirect, Methods: HEAD, GET
(APIServer pid=1520838) INFO 08-25 18:22:45 [launcher.py:46] Route: /redoc, Methods: HEAD, GET
(APIServer pid=1520838) INFO 08-25 18:22:45 [launcher.py:46] Route: /load, Methods: GET
(APIServer pid=1520838) INFO 08-25 18:22:45 [launcher.py:46] Route: /version, Methods: GET
(APIServer pid=1520838) INFO 08-25 18:22:45 [launcher.py:46] Route: /health, Methods: GET
(APIServer pid=1520838) INFO 08-25 18:22:45 [launcher.py:46] Route: /metrics, Methods: GET
(APIServer pid=1520838) INFO 08-25 18:22:45 [launcher.py:46] Route: /tokenize, Methods: POST
(APIServer pid=1520838) INFO 08-25 18:22:45 [launcher.py:46] Route: /detokenize, Methods: POST
(APIServer pid=1520838) INFO 08-25 18:22:45 [launcher.py:46] Route: /v1/models, Methods: GET
(APIServer pid=1520838) INFO 08-25 18:22:45 [launcher.py:46] Route: /ping, Methods: GET
(APIServer pid=1520838) INFO 08-25 18:22:45 [launcher.py:46] Route: /ping, Methods: POST
(APIServer pid=1520838) INFO 08-25 18:22:45 [launcher.py:46] Route: /invocations, Methods: POST
(APIServer pid=1520838) INFO 08-25 18:22:45 [launcher.py:46] Route: /v1/chat/completions, Methods: POST
(APIServer pid=1520838) INFO 08-25 18:22:45 [launcher.py:46] Route: /v1/chat/completions/batch, Methods: POST
(APIServer pid=1520838) INFO 08-25 18:22:45 [launcher.py:46] Route: /v1/responses, Methods: POST
(APIServer pid=1520838) INFO 08-25 18:22:45 [launcher.py:46] Route: /v1/responses/{response_id}, Methods: GET
(APIServer pid=1520838) INFO 08-25 18:22:45 [launcher.py:46] Route: /v1/responses/{response_id}/cancel, Methods: POST
(APIServer pid=1520838) INFO 08-25 18:22:45 [launcher.py:46] Route: /v1/completions, Methods: POST
(APIServer pid=1520838) INFO 08-25 18:22:45 [launcher.py:46] Route: /v1/messages, Methods: POST
(APIServer pid=1520838) INFO 08-25 18:22:45 [launcher.py:46] Route: /v1/messages/count_tokens, Methods: POST
(APIServer pid=1520838) INFO 08-25 18:22:45 [launcher.py:46] Route: /generative_scoring, Methods: POST
(APIServer pid=1520838) INFO 08-25 18:22:45 [launcher.py:46] Route: /scale_elastic_ep, Methods: POST
(APIServer pid=1520838) INFO 08-25 18:22:45 [launcher.py:46] Route: /is_scaling_elastic_ep, Methods: POST
(APIServer pid=1520838) INFO 08-25 18:22:45 [launcher.py:46] Route: /v1/chat/completions/render, Methods: POST
(APIServer pid=1520838) INFO 08-25 18:22:45 [launcher.py:46] Route: /v1/completions/render, Methods: POST
(APIServer pid=1520838) INFO 08-25 18:22:45 [launcher.py:46] Route: /v1/chat/completions/derender, Methods: POST
(APIServer pid=1520838) INFO 08-25 18:22:45 [launcher.py:46] Route: /v1/completions/derender, Methods: POST
(APIServer pid=1520838) INFO 08-25 18:22:45 [launcher.py:46] Route: /inference/v1/generate, Methods: POST
(APIServer pid=1520838) INFO 08-25 18:22:45 [launcher.py:99] API server: waiting for HTTP server to start
(APIServer pid=1520838) INFO:     Started server process [1520838]
(APIServer pid=1520838) INFO:     Waiting for application startup.
(APIServer pid=1520838) INFO:     Application startup complete.
(APIServer pid=1520838) INFO 08-25 18:22:45 [launcher.py:105] API server: HTTP server started
+ tee /shared/data/R7N/andy_luo_3v7/minimaxm3-agentx/results/mtp-k4-aiter-full-indexer-vllm-simple-v19-tp4-c32-full-indexer-complete-curve-20260825-r1/benchmark.log
+ /tmp/inferencex-minimaxm3-1410/runs/mtp-k4-aiter-full-indexer-vllm-simple-v19-tp4-c32-full-indexer-complete-curve-20260825-r1/venv/bin/aiperf profile --scenario inferencex-agentx-mvp --url http://localhost:8886 --endpoint /v1/chat/completions --endpoint-type chat --streaming --model amd/MiniMax-M3-MXFP4 --tokenizer amd/MiniMax-M3-MXFP4 --concurrency 32 --benchmark-duration 3600 --stats-interval 30 --random-seed 42 --failed-request-threshold 0.10 --trajectory-start-min-ratio 0.25 --trajectory-start-max-ratio 0.75 --warmup-requests-per-lane 10 --trace-idle-gap-cap-seconds 300 --warmup-grace-period 1800 --use-server-token-count --no-gpu-telemetry --tokenizer-trust-remote-code --num-dataset-entries 393 --slice-duration 1.0 --server-metrics http://localhost:8886/metrics --output-artifact-dir /shared/data/R7N/andy_luo_3v7/minimaxm3-agentx/results/mtp-k4-aiter-full-indexer-vllm-simple-v19-tp4-c32-full-indexer-complete-curve-20260825-r1/aiperf_artifacts --public-dataset semianalysis_cc_traces_weka_062126 --apply-chat-template
18:22:49.587 INFO     Starting AIPerf System (_single_run.py:64)
18:22:49.597 INFO     Scenario 'inferencex-agentx-mvp': setting profiling-phase timing_mode=agentic_replay. (validator.py:226)
18:22:49.597 INFO     Scenario 'inferencex-agentx-mvp': injecting extra_inputs.ignore_eos=true (was absent). (validator.py:285)
18:22:49.598 INFO     Scenario 'inferencex-agentx-mvp': auto-set --cache-bust=first_turn_prefix (was at default none). (validator.py:538)
18:22:49.598 INFO     Scenario 'inferencex-agentx-mvp': auto-set --system-idle-gap-cap-seconds=10.0 (was unset). (validator.py:779)
18:22:49.813 INFO     GPU telemetry disabled via --no-gpu-telemetry (system_controller.py:269)
18:22:49.849 INFO     Server Metrics: Discovered 1 endpoints: ['http://localhost:8886/metrics'] (manager.py:97)
18:22:49.866 INFO     Registered Server Metrics Manager (id: 'server_metrics_manager') (system_controller.py:413)
18:22:49.883 INFO     Telemetry streaming is disabled (set --otel-url and/or --mlflow-tracking-uri to enable) (otel_metrics_results_processor.py:127)
18:22:49.884 INFO     Record metrics export enabled: /shared/data/R7N/andy_luo_3v7/minimaxm3-agentx/results/mtp-k4-aiter-full-indexer-vllm-simple-v19-tp4-c32-full-indexer-complete-curve-20260825-r1/aiperf_artifacts/profile_export.jsonl (record_export_jsonl_writer.py:62)
18:22:49.918 INFO     Registered Records Manager (id: 'records_manager') (system_controller.py:413)
18:22:49.924 INFO     Registered Worker Manager (id: 'worker_manager') (system_controller.py:413)
18:22:50.027 INFO     Registered Dataset Manager (id: 'dataset_manager') (system_controller.py:413)
18:22:50.044 INFO     Registered Timing Manager (id: 'timing_manager') (system_controller.py:413)
18:22:50.139 INFO     Registered Worker (id: 'worker_b61e5773') (system_controller.py:413)
18:22:50.141 INFO     Registered Record Processor (id: 'record_processor_29b40394') (system_controller.py:413)
18:22:50.141 INFO     Registered Record Processor (id: 'record_processor_d780cb28') (system_controller.py:413)
18:22:50.141 INFO     Registered Record Processor (id: 'record_processor_e4b022ac') (system_controller.py:413)
18:22:50.143 INFO     Registered Record Processor (id: 'record_processor_072992f0') (system_controller.py:413)
18:22:50.145 INFO     Registered Record Processor (id: 'record_processor_e1d27896') (system_controller.py:413)
18:22:50.148 INFO     Registered Record Processor (id: 'record_processor_8592eab3') (system_controller.py:413)
18:22:50.149 INFO     Registered Record Processor (id: 'record_processor_6a39efce') (system_controller.py:413)
18:22:50.149 INFO     Registered Record Processor (id: 'record_processor_1ed709e7') (system_controller.py:413)
18:22:50.168 INFO     Registered Worker (id: 'worker_e0003348') (system_controller.py:413)
18:22:50.209 INFO     Registered Worker (id: 'worker_58be070f') (system_controller.py:413)
18:22:50.216 INFO     Registered Worker (id: 'worker_d8804e03') (system_controller.py:413)
18:22:50.217 INFO     Registered Worker (id: 'worker_996ca44a') (system_controller.py:413)
18:22:50.221 INFO     Registered Worker (id: 'worker_0dbe394d') (system_controller.py:413)
18:22:50.224 INFO     Registered Worker (id: 'worker_cfb4620b') (system_controller.py:413)
18:22:50.230 INFO     Registered Worker (id: 'worker_fdf345e2') (system_controller.py:413)
18:22:50.234 INFO     Registered Worker (id: 'worker_9f20de06') (system_controller.py:413)
18:22:50.243 INFO     Registered Worker (id: 'worker_9220a1e8') (system_controller.py:413)
18:22:50.253 INFO     Registered Worker (id: 'worker_a8582de2') (system_controller.py:413)
18:22:50.254 INFO     Registered Worker (id: 'worker_e9d48d47') (system_controller.py:413)
18:22:50.254 INFO     Registered Worker (id: 'worker_0451c5ec') (system_controller.py:413)
18:22:50.261 INFO     Registered Worker (id: 'worker_364e360b') (system_controller.py:413)
18:22:50.263 INFO     Registered Worker (id: 'worker_a5b2e5a5') (system_controller.py:413)
18:22:50.264 INFO     Registered Worker (id: 'worker_c6517476') (system_controller.py:413)
18:22:50.265 INFO     Registered Worker (id: 'worker_931a7a17') (system_controller.py:413)
18:22:50.275 INFO     Registered Worker (id: 'worker_1db6faf8') (system_controller.py:413)
18:22:50.275 INFO     Registered Worker (id: 'worker_0b4aac65') (system_controller.py:413)
18:22:50.276 INFO     Registered Worker (id: 'worker_47c97aa4') (system_controller.py:413)
18:22:50.283 INFO     Registered Worker (id: 'worker_43621472') (system_controller.py:413)
18:22:50.283 INFO     Registered Worker (id: 'worker_2d288b9f') (system_controller.py:413)
18:22:50.283 INFO     Registered Worker (id: 'worker_55ba60cc') (system_controller.py:413)
18:22:50.284 INFO     Registered Worker (id: 'worker_d4d8777d') (system_controller.py:413)
18:22:50.284 INFO     Registered Worker (id: 'worker_4c4e6063') (system_controller.py:413)
18:22:50.287 INFO     Registered Worker (id: 'worker_7db635a7') (system_controller.py:413)
18:22:50.288 INFO     Registered Worker (id: 'worker_e869300a') (system_controller.py:413)
18:22:50.292 INFO     Registered Worker (id: 'worker_bdaab57c') (system_controller.py:413)
18:22:50.293 INFO     Registered Worker (id: 'worker_ec904c45') (system_controller.py:413)
18:22:50.293 INFO     Registered Worker (id: 'worker_ec1142a1') (system_controller.py:413)
18:22:50.295 INFO     Registered Worker (id: 'worker_9944c28d') (system_controller.py:413)
18:22:50.298 INFO     Registered Worker (id: 'worker_c4352b6e') (system_controller.py:413)
18:22:50.314 INFO     AIPerf System is CONFIGURING (system_controller.py:294)
18:22:50.314 INFO     Configuring all services to start profiling (system_controller.py:307)
18:22:50.315 INFO     Tokenization is disabled for this endpoint, skipping tokenizer configuration (inference_result_parser.py:80)
18:22:50.315 INFO     Tokenization is disabled for this endpoint, skipping tokenizer configuration (inference_result_parser.py:80)
18:22:50.315 INFO     Tokenization is disabled for this endpoint, skipping tokenizer configuration (inference_result_parser.py:80)
18:22:50.315 INFO     Tokenization is disabled for this endpoint, skipping tokenizer configuration (inference_result_parser.py:80)
18:22:50.315 INFO     Tokenization is disabled for this endpoint, skipping tokenizer configuration (inference_result_parser.py:80)
18:22:50.315 INFO     Waiting for dataset to be configured before configuring timing (manager.py:124)
18:22:50.315 INFO     Tokenization is disabled for this endpoint, skipping tokenizer configuration (inference_result_parser.py:80)
18:22:50.315 INFO     Tokenization is disabled for this endpoint, skipping tokenizer configuration (inference_result_parser.py:80)
18:22:50.315 INFO     Tokenization is disabled for this endpoint, skipping tokenizer configuration (inference_result_parser.py:80)
18:22:50.318 INFO     Configuring tokenizer(s) for dataset manager (dataset_manager.py:240)
18:22:50.333 INFO     Server Metrics: Capturing baseline metrics... (manager.py:191)
18:22:50.379 INFO     Skipping unsupported summary metric: http_request_size_bytes (data_collector.py:308)
18:22:50.379 INFO     Skipping unsupported summary metric: http_response_size_bytes (data_collector.py:308)
18:22:50.380 INFO     Server metrics enabled - 1/1 endpoint(s) reachable. (system_controller.py:592)
18:22:50.381 INFO     Waiting for result domains: profile, server_metrics (system_controller.py:869)
18:22:51.111 INFO     HTTP Request: HEAD https://huggingface.co/amd/MiniMax-M3-MXFP4/resolve/main/config.json "HTTP/1.1 307 Temporary Redirect" (_client.py:1025)
18:22:51.119 INFO     HTTP Request: HEAD https://huggingface.co/api/resolve-cache/models/amd/MiniMax-M3-MXFP4/b83d14e3d64bf373a207f3c2a7e9f0b0f1e7fc3a/config.json "HTTP/1.1 200 OK" (_client.py:1025)
18:22:51.176 INFO     HTTP Request: HEAD https://huggingface.co/amd/MiniMax-M3-MXFP4/resolve/main/configuration_minimax_m3_vl.py "HTTP/1.1 307 Temporary Redirect" (_client.py:1025)
18:22:51.184 INFO     HTTP Request: HEAD https://huggingface.co/api/resolve-cache/models/amd/MiniMax-M3-MXFP4/b83d14e3d64bf373a207f3c2a7e9f0b0f1e7fc3a/configuration_minimax_m3_vl.py "HTTP/1.1 200 OK" (_client.py:1025)
18:22:51.240 INFO     HTTP Request: HEAD https://huggingface.co/amd/MiniMax-M3-MXFP4/resolve/main/config.json "HTTP/1.1 307 Temporary Redirect" (_client.py:1025)
18:22:51.249 INFO     HTTP Request: HEAD https://huggingface.co/api/resolve-cache/models/amd/MiniMax-M3-MXFP4/b83d14e3d64bf373a207f3c2a7e9f0b0f1e7fc3a/config.json "HTTP/1.1 200 OK" (_client.py:1025)
18:22:51.295 INFO     HTTP Request: HEAD https://huggingface.co/amd/MiniMax-M3-MXFP4/resolve/main/tokenizer_config.json "HTTP/1.1 307 Temporary Redirect" (_client.py:1025)
18:22:51.304 INFO     HTTP Request: HEAD https://huggingface.co/api/resolve-cache/models/amd/MiniMax-M3-MXFP4/b83d14e3d64bf373a207f3c2a7e9f0b0f1e7fc3a/tokenizer_config.json "HTTP/1.1 200 OK" (_client.py:1025)
18:22:51.352 INFO     HTTP Request: GET https://huggingface.co/api/models/amd/MiniMax-M3-MXFP4/tree/main/additional_chat_templates?recursive=false&expand=false "HTTP/1.1 404 Not Found" (_client.py:1025)
18:22:51.396 INFO     HTTP Request: GET https://huggingface.co/api/models/amd/MiniMax-M3-MXFP4/tree/main?recursive=true&expand=false "HTTP/1.1 200 OK" (_client.py:1025)
18:22:52.005 INFO     HTTP Request: GET https://huggingface.co/api/models/amd/MiniMax-M3-MXFP4 "HTTP/1.1 200 OK" (_client.py:1025)
18:22:52.028 INFO     Tokenizer(s) configured in 1.71 seconds (dataset_manager.py:244)
18:22:52.028 INFO     Configuring dataset for dataset_manager (dataset_manager.py:250)
18:22:52.883 INFO     Loading HuggingFace dataset 'semianalysisai/cc-traces-weka-062126' (split=train) (base_hf_dataset.py:48)
18:22:53.748 INFO     HTTP Request: HEAD https://huggingface.co/datasets/semianalysisai/cc-traces-weka-062126/resolve/main/README.md "HTTP/1.1 307 Temporary Redirect" (_client.py:1025)
18:22:53.757 INFO     HTTP Request: HEAD https://huggingface.co/api/resolve-cache/datasets/semianalysisai/cc-traces-weka-062126/23f152f6f0f9399a85901b89a6458def0ef16729/README.md "HTTP/1.1 200 OK" (_client.py:1025)
18:22:53.799 INFO     HTTP Request: HEAD https://huggingface.co/datasets/semianalysisai/cc-traces-weka-062126/resolve/23f152f6f0f9399a85901b89a6458def0ef16729/cc-traces-weka-062126.py "HTTP/1.1 404 Not Found" (_client.py:1025)
18:22:53.799 WARNING  Warning: You are sending unauthenticated requests to the HF Hub. Please set a HF_TOKEN to enable higher rate limits and faster downloads. (_http.py:955)
18:22:53.908 INFO     HTTP Request: HEAD https://s3.amazonaws.com/datasets.huggingface.co/datasets/datasets/semianalysisai/cc-traces-weka-062126/semianalysisai/cc-traces-weka-062126.py "HTTP/1.1 404 Not Found" (_client.py:1025)
18:22:53.959 INFO     HTTP Request: GET https://huggingface.co/api/datasets/semianalysisai/cc-traces-weka-062126/revision/23f152f6f0f9399a85901b89a6458def0ef16729 "HTTP/1.1 200 OK" (_client.py:1025)
18:22:53.997 INFO     HTTP Request: HEAD https://huggingface.co/datasets/semianalysisai/cc-traces-weka-062126/resolve/23f152f6f0f9399a85901b89a6458def0ef16729/.huggingface.yaml "HTTP/1.1 404 Not Found" (_client.py:1025)
18:22:54.267 INFO     HTTP Request: GET https://datasets-server.huggingface.co/info?dataset=semianalysisai/cc-traces-weka-062126 "HTTP/1.1 200 OK" (_client.py:1025)
18:22:54.338 INFO     HTTP Request: GET https://huggingface.co/api/datasets/semianalysisai/cc-traces-weka-062126/tree/23f152f6f0f9399a85901b89a6458def0ef16729?recursive=false&expand=false "HTTP/1.1 200 OK" (_client.py:1025)
18:22:54.384 INFO     HTTP Request: HEAD https://huggingface.co/datasets/semianalysisai/cc-traces-weka-062126/resolve/23f152f6f0f9399a85901b89a6458def0ef16729/dataset_infos.json "HTTP/1.1 404 Not Found" (_client.py:1025)
18:23:13.416 INFO     weka trace selection [semianalysisai/cc-traces-weka-062126]: scanned 393, rejected_by_maxctx 0 (--max-context-length=None), eligible 393, loaded 393 (--num-dataset-entries=393), largest_observed_peak_context 996,579 (selection.py:73)
18:23:13.417 INFO     Loaded 393/393 eligible traces (filter-then-cap; --num-dataset-entries=393, --max-context-length=None) (semianalysis_cc_traces_weka.py:207)
18:23:38.044 INFO     WekaTraceLoader: spawning 16 worker process(es) for parallel reconstruction of 393 trace(s) (weka_trace.py:2433)
18:23:46.475 INFO     WekaTraceLoader: reconstructed 39/393 (10%) in 6.4s (6.1 traces/s) (weka_parallel_convert.py:751)
18:23:46.476 INFO     WekaTraceLoader: reconstructed 78/393 (20%) in 6.4s (12.3 traces/s) (weka_parallel_convert.py:751)
18:23:46.476 INFO     WekaTraceLoader: reconstructed 117/393 (30%) in 6.4s (18.4 traces/s) (weka_parallel_convert.py:751)
18:24:02.806 INFO     WekaTraceLoader: reconstructed 156/393 (40%) in 22.7s (6.9 traces/s) (weka_parallel_convert.py:751)
18:24:02.806 INFO     WekaTraceLoader: reconstructed 195/393 (50%) in 22.7s (8.6 traces/s) (weka_parallel_convert.py:751)
18:24:02.807 INFO     WekaTraceLoader: reconstructed 234/393 (60%) in 22.7s (10.3 traces/s) (weka_parallel_convert.py:751)
18:24:02.807 INFO     WekaTraceLoader: reconstructed 273/393 (69%) in 22.7s (12.0 traces/s) (weka_parallel_convert.py:751)
18:24:02.807 INFO     WekaTraceLoader: reconstructed 312/393 (79%) in 22.7s (13.7 traces/s) (weka_parallel_convert.py:751)
18:24:02.807 INFO     WekaTraceLoader: reconstructed 351/393 (89%) in 22.7s (15.5 traces/s) (weka_parallel_convert.py:751)
18:24:02.807 INFO     WekaTraceLoader: reconstructed 390/393 (99%) in 22.7s (17.2 traces/s) (weka_parallel_convert.py:751)
18:24:02.807 INFO     WekaTraceLoader: reconstructed 393/393 (100%) in 22.7s (17.3 traces/s) (weka_parallel_convert.py:751)
18:24:02.920 INFO     WekaTraceLoader: workers finished in 30.5s; assembling Conversation objects (weka_trace.py:2448)
18:24:14.913 INFO     WekaTraceLoader: flattened-agent detection split 289 trace(s) into 1422 extra agent chain(s) (819 aux sidecars [114 reductions], 3 worker-group members, 2977 seams merged, 0 empty-hash requests kept on main) (weka_trace.py:1522)
18:24:14.913 INFO     WekaTraceLoader: reconstructed 9843 conversation(s) in 42.5s (total load+synth+reconstruct: 42.5s) (weka_trace.py:1533)
18:24:16.601 INFO     Memory-mapped backing store initialized (streaming to /tmp/inferencex-minimaxm3-1410/tmp/aiperf_mmap_1797ba650cad/dataset.dat) (memory_map_utils.py:160)
18:24:30.085 INFO     Data file finalized: 9843 conversations, 6,345.21 MB (memory_map_utils.py:288)
18:24:30.087 INFO     Index file created: /tmp/inferencex-minimaxm3-1410/tmp/aiperf_mmap_1797ba650cad/index.dat (memory_map_utils.py:295)
18:24:30.087 INFO     Backing store finalized: client_type=DatasetClientStoreType.MEMORY_MAP format=MemoryMapFormat.CONVERSATION data_file_path=PosixPath('/tmp/inferencex-minimaxm3-1410/tmp/aiperf_mmap_1797ba650cad/dataset.dat') index_file_path=PosixPath('/tmp/inferencex-minimaxm3-1410/tmp/aiperf_mmap_1797ba650cad/index.dat') conversation_count=9843 total_size_bytes=6653432650 compressed=False compressed_data_file_path=None compressed_index_file_path=None compressed_size_bytes=0 (dataset_manager.py:969)
18:24:31.546 INFO     sampling strategy: sequential, unique conversations: 9843, unique turn count: 98827 (dataset_manager.py:987)
18:24:31.743 INFO     Skipping inputs.json generation (dataset_manager.py:254)
18:24:32.372 INFO     TrajectorySource: built 32 trajectories from 393 traces (trajectory_source.py:413)
18:24:32.372 INFO       range cfg=[0.25, 0.75]  observed sample pct: min= 31% median= 55% max= 75% (trajectory_source.py:418)
18:24:32.372 INFO         lane=00  sample_time= 53%  root_next= 84/130 ( 65% turns)  live=1 ready=1  trace_id=002001296e8a8c38ad9d7cc436d691afc602 (trajectory_source.py:420)
18:24:32.372 INFO         lane=01  sample_time= 49%  root_next=  5/33  ( 15% turns)  live=1 ready=1  trace_id=006c98de37d819e95b0840e25426bb7ca99d (trajectory_source.py:420)
18:24:32.372 INFO         lane=02  sample_time= 67%  root_next= 24/29  ( 83% turns)  live=1 ready=1  trace_id=00ca01c4aaeccee751ae6285beb54dea262f (trajectory_source.py:420)
18:24:32.372 INFO         lane=03  sample_time= 56%  root_next= 82/191 ( 43% turns)  live=1 ready=1  trace_id=0196085d85d2075a50b74cd8795ffbdcea9a (trajectory_source.py:420)
18:24:32.372 INFO         lane=04  sample_time= 47%  root_next=  0/13  (  0% turns)  live=1 ready=1  trace_id=02bc0afb13f7a2d9efa86c28511261d85c0e (trajectory_source.py:420)
18:24:32.372 INFO         lane=05  sample_time= 47%  root_next= 19/40  ( 48% turns)  live=1 ready=1  trace_id=03e110ac6921c2fe9ac7772a9654314a2beb (trajectory_source.py:420)
18:24:32.372 INFO         lane=06  sample_time= 74%  root_next=  0/54  (  0% turns)  live=13 ready=13  trace_id=0470d446a4514dfe0c6ad0be92853bd13287 (trajectory_source.py:420)
18:24:32.372 INFO         lane=07  sample_time= 35%  root_next=  3/7   ( 43% turns)  live=1 ready=1  trace_id=04dba6fe621301a1d01fd63b8d02c9645c48 (trajectory_source.py:420)
18:24:32.372 INFO         lane=08  sample_time= 75%  root_next= 32/34  ( 94% turns)  live=1 ready=1  trace_id=05c249572509162371b7b82339674db64b5d (trajectory_source.py:420)
18:24:32.372 INFO         lane=09  sample_time= 42%  root_next= 49/52  ( 94% turns)  live=1 ready=1  trace_id=05f72f78a037cfa5cd4e4541960a574701d9 (trajectory_source.py:420)
18:24:32.372 INFO         lane=10  sample_time= 66%  root_next=  0/1   (  0% turns)  live=1 ready=1  trace_id=063179eb93f4337a662e859c5a2c5638e03f (trajectory_source.py:420)
18:24:32.372 INFO         lane=11  sample_time= 49%  root_next=210/219 ( 96% turns)  live=1 ready=1  trace_id=069d7bf5f1efb4e76e3c84510367e6af78a5 (trajectory_source.py:420)
18:24:32.372 INFO         lane=12  sample_time= 43%  root_next= 25/34  ( 74% turns)  live=1 ready=1  trace_id=077ea9e6554f45bbad9c24a8462bae9a8512 (trajectory_source.py:420)
18:24:32.372 INFO         lane=13  sample_time= 68%  root_next=  8/9   ( 89% turns)  live=3 ready=2  trace_id=07dd40536557a1d6440a923557c3129dc929 (trajectory_source.py:420)
18:24:32.372 INFO         lane=14  sample_time= 62%  root_next=  6/19  ( 32% turns)  live=2 ready=2  trace_id=085411a4cc4b15108dd9b50007261a2efb65 (trajectory_source.py:420)
18:24:32.372 INFO         lane=15  sample_time= 59%  root_next=349/352 ( 99% turns)  live=1 ready=1  trace_id=085aacf44ac5428ad3c6b4f6cd431e083832 (trajectory_source.py:420)
18:24:32.372 INFO         lane=16  sample_time= 34%  root_next= 20/33  ( 61% turns)  live=1 ready=1  trace_id=0a279af1bec84c6ab033bb03f5d8bfd6b08d (trajectory_source.py:420)
18:24:32.372 INFO         lane=17  sample_time= 68%  root_next= 21/31  ( 68% turns)  live=1 ready=1  trace_id=0a688303b1ae62a97607af8021f2130c2caf (trajectory_source.py:420)
18:24:32.372 INFO         lane=18  sample_time= 69%  root_next=  0/138 (  0% turns)  live=1 ready=1  trace_id=0b7f3ca692f15ae2651a310d9411d70794aa (trajectory_source.py:420)
18:24:32.372 INFO         lane=19  sample_time= 42%  root_next=  7/16  ( 44% turns)  live=1 ready=1  trace_id=0bc9c4f798d321286bf39f2543c0c4e4c059 (trajectory_source.py:420)
18:24:32.372 INFO         lane=20  sample_time= 50%  root_next= 19/24  ( 79% turns)  live=1 ready=1  trace_id=0bcd99353218b9a386b1c4aec13d77abecdb (trajectory_source.py:420)
18:24:32.372 INFO         lane=21  sample_time= 67%  root_next= 25/46  ( 54% turns)  live=1 ready=1  trace_id=0bed163ac9566086e14ffd85c7481096d49d (trajectory_source.py:420)
18:24:32.372 INFO         lane=22  sample_time= 70%  root_next=  6/32  ( 19% turns)  live=1 ready=1  trace_id=0d41be2aa98333f3662682210647e5971c7b (trajectory_source.py:420)
18:24:32.372 INFO         lane=23  sample_time= 48%  root_next= 16/28  ( 57% turns)  live=1 ready=1  trace_id=0d8a816e4819b765d81ff748da94d463f3b2 (trajectory_source.py:420)
18:24:32.372 INFO         lane=24  sample_time= 67%  root_next=  4/53  (  8% turns)  live=1 ready=1  trace_id=0db32e2f852a2ea24ed616b31975a84da5e4 (trajectory_source.py:420)
18:24:32.372 INFO         lane=25  sample_time= 72%  root_next= 42/43  ( 98% turns)  live=1 ready=1  trace_id=0dedb07b5e4362b028db9d8ab90fff7fd4ad (trajectory_source.py:420)
18:24:32.372 INFO         lane=26  sample_time= 34%  root_next=  9/26  ( 35% turns)  live=1 ready=1  trace_id=0e4206535a79f980e2b1091181202ea987fe (trajectory_source.py:420)
18:24:32.372 INFO         lane=27  sample_time= 56%  root_next=  4/19  ( 21% turns)  live=1 ready=1  trace_id=0ede42538334da8586bc60008762abfc0ab7 (trajectory_source.py:420)
18:24:32.372 INFO         lane=28  sample_time= 62%  root_next=  0/2   (  0% turns)  live=1 ready=1  trace_id=0f909e7d63c0d5e1f060d727ada25d910d89 (trajectory_source.py:420)
18:24:32.372 INFO         lane=29  sample_time= 37%  root_next= 66/84  ( 79% turns)  live=1 ready=1  trace_id=1007f04d2c64580308858bb42f292992929d (trajectory_source.py:420)
18:24:32.372 INFO         lane=30  sample_time= 35%  root_next=261/765 ( 34% turns)  live=1 ready=1  trace_id=11310dce936f02050cadaeae295bcdd1ce7f (trajectory_source.py:420)
18:24:32.372 INFO         lane=31  sample_time= 31%  root_next= 23/51  ( 45% turns)  live=7 ready=6  trace_id=117ebe75819d050f308a0a81647893abd02d (trajectory_source.py:420)
18:24:32.372 INFO     Initialized 2 phase(s): ['Warmup', 'Profiling'] (phase_orchestrator.py:228)
18:24:32.979 INFO     Dataset client initialized and freed 9843 conversations from memory (dataset_manager.py:327)
18:24:34.797 INFO     Populated mmap cache entry /tmp/inferencex-minimaxm3-1410/traces/d39618aaf52a41de9ccbb156453af2c3 (mmap_cache.py:640)
18:24:34.797 INFO     Dataset configured in 102.77 seconds (dataset_manager.py:263)
18:24:34.799 INFO     All services configured in 104.48 seconds (system_controller.py:318)
18:24:34.799 INFO     AIPerf System is CONFIGURED (system_controller.py:296)
18:24:34.800 INFO     Server Metrics: Started 1 collector(s) successfully (manager.py:281)
18:24:34.801 INFO     All services started profiling successfully (system_controller.py:340)
18:24:34.801 INFO     AIPerf System is PROFILING (system_controller.py:298)
18:24:34.893 NOTICE   Phase warmup (warmup) started | target: 354 requests (runner.py:593)
18:24:34.893 INFO     WARMUP execute: dispatching 34 trajectory credits (agentic_replay.py:654)
18:24:34.894 INFO     Credit phase start: warmup (records_manager.py:998)
18:24:34.894 INFO     WARMUP count budget: 10 additional requests per lane after 34 mandatory snapshot primers (agentic_replay.py:713)
18:24:34.894 INFO     WARMUP spread: 8.8s ramp aligning 34 request(s) on t* (earliest fires at 0, last at 8.8s) (agentic_replay.py:752)
18:24:34.974 WARNING  Event loop for worker_a5b2e5a5 is taking too long to run. Overhead: 39.50ms (event_loop_monitor.py:89)
18:25:04.897 INFO     Phase warmup progress | returned=13/354 | sent=34 | in_flight=21 | errors=0 | elapsed=30.0s (runner.py:1254)
18:25:34.900 INFO     Phase warmup progress | returned=22/354 | sent=34 | in_flight=12 | errors=0 | elapsed=60.0s (runner.py:1254)
18:26:04.902 INFO     Phase warmup progress | returned=26/354 | sent=34 | in_flight=8 | errors=0 | elapsed=90.0s (runner.py:1254)
18:26:34.907 INFO     Phase warmup progress | returned=28/354 | sent=34 | in_flight=6 | errors=0 | elapsed=120.0s (runner.py:1254)
18:27:04.913 INFO     Phase warmup progress | returned=29/354 | sent=34 | in_flight=5 | errors=0 | elapsed=150.0s (runner.py:1254)
18:27:14.031 INFO     Replay interval barriers active: 98827 requests, 61136 gated turns, join-widths={1: 51527, 2: 6771, 3: 1804, 4: 492, 5: 149, 6: 80, 7: 62, 8: 89, 9: 74, 10: 52, 11: 21, 12: 11, 13: 2, 14: 2} (replay_dependencies.py:231)
18:27:14.031 INFO     WARMUP cache pressure: replaying live trajectories until each lane reaches 10 additional requests with zero idle delay and max_tokens=1 (agentic_replay.py:803)
18:27:34.918 INFO     Phase warmup progress | returned=82/354 | sent=123 | in_flight=41 | errors=0 | elapsed=180.0s (runner.py:1254)
18:28:04.920 INFO     Phase warmup progress | returned=160/354 | sent=192 | in_flight=32 | errors=0 | elapsed=210.0s (runner.py:1254)
18:28:34.926 INFO     Phase warmup progress | returned=282/354 | sent=310 | in_flight=28 | errors=0 | elapsed=240.0s (runner.py:1254)
18:29:04.929 INFO     Phase warmup progress | returned=333/354 | sent=350 | in_flight=17 | errors=0 | elapsed=270.0s (runner.py:1254)
18:29:07.194 INFO     WARMUP cache pressure request budget reached: 10 additional requests on each of 32 lanes; draining requests (agentic_replay.py:494)
18:29:07.194 NOTICE   Phase warmup (warmup) sending complete | sent=354, completed=342, in_flight=12 | sessions: sent=35, completed=10 (runner.py:1039)
18:29:11.399 INFO     All accelerated-warmup wire requests returned; preserving paused DAG work for profiling handoff. (runner.py:989)
18:29:11.399 NOTICE   Phase warmup (warmup) complete | completed=354, cancelled=0, errors=0 | sessions: completed=11, cancelled=0 | elapsed=276.51s (runner.py:1162)
18:29:11.399 INFO     Global system-idle cap summary: limit=10s, jumps=0, skipped=0.000s (agentic_replay.py:956)
18:29:11.400 INFO     Server Metrics: Warmup complete, capturing final warmup metrics... (manager.py:304)
18:29:11.402 INFO     WARMUP cache pressure handoff: persisted 66 live streams (agentic_replay.py:972)
18:29:11.402 INFO     BranchOrchestrator stats: spawned=50 completed=10 errored=0 suspended=10 resumed=3 parents_failed_due_to_child_error=0 joins_suppressed=0 delayed=0 (branch_orchestrator.py:1782)
18:29:11.402 INFO     Session-tree slots for phase warmup: peak_open=32 (target concurrency 32); released 28 still-open at teardown; late_events=0 (runner.py:551)
18:29:11.509 INFO     Replay interval barriers active: 98827 requests, 61136 gated turns, join-widths={1: 51527, 2: 6771, 3: 1804, 4: 492, 5: 149, 6: 80, 7: 62, 8: 89, 9: 74, 10: 52, 11: 21, 12: 11, 13: 2, 14: 2} (replay_dependencies.py:231)
18:29:11.509 INFO     PROFILING setup: 32 trajectory lanes; recycle draws roots from the dataset sampler (agentic_replay.py:429)
18:29:11.509 INFO     PROFILING: 4 rootless + 7 gated-parent lanes of 32 dispatch no root credit at start and hold a lane credit instead (so they still count toward concurrency); rootless lanes recycle into a fresh root once their background subagents drain (agentic_replay.py:435)
18:29:11.509 NOTICE   Phase profiling (profiling) started | phase_index=0 | profiling_index=0 | target: 3600.0s duration (runner.py:593)
18:29:11.510 INFO     Credit phase start: profiling (records_manager.py:998)
18:29:11.512 INFO     Waiting for event 'profiling phase sending' with timeout of 3599.997089177s (runner.py:1220)
18:29:11.512 INFO     PROFILING execute: resuming 32 trajectory sessions (spread; first-request spread 69244.3s) (agentic_replay.py:1328)
18:29:19.991 INFO     [realtime 00:08 profiling] (records_manager.py:1345)
18:29:19.992 INFO       rps=0.7 (avg 0.7)  tput_in=7,260/s  tput_out=58/s  done=6 ok=6 err=0 (records_manager.py:1345)
18:29:19.992 INFO       ttft    p50=2,013ms  p75=2,738ms  p95=2,776ms  p99=2,777ms (records_manager.py:1345)
18:29:19.992 INFO       itl     p50=   40ms  p75=   65ms  p95=  123ms  p99=  139ms (records_manager.py:1345)
18:29:19.992 INFO       e2e     p50=2,850ms  p75=3,591ms  p95=7,157ms  p99=8,044ms (records_manager.py:1345)
18:29:19.992 INFO       intvty  p50=     40  p75=    128  p95=    180  p99=    188  (1/tpot tok/s) (records_manager.py:1345)
18:29:19.992 INFO       isl     p50=    920  p75=  1,401  p90= 28,556  p99= 52,939  (tokens) (records_manager.py:1345)
18:29:19.992 INFO       osl     p50=     23  p75=     35  p90=    196  p99=    336  (tokens) (records_manager.py:1345)
18:29:19.992 INFO       tot     in=60,087  out=477 (records_manager.py:1345)
18:29:19.992 INFO       trace  theoretical_prefix_cache_hit=96.8% (records_manager.py:1345)
18:29:19.992 INFO       srv    prefix_cache_hit=0.2% unique_in_srv=234,769 ext_cache_hit=0.0% kv_usage=2.2% queue=4r/0w tput_in_srv=28,317/s tput_out_srv=209/s (records_manager.py:1345)
18:29:50.068 INFO     [realtime 00:38 profiling] (records_manager.py:1345)
18:29:50.068 INFO       rps=1.9 (avg 1.6)  tput_in=65,687/s  tput_out=501/s  done=62 ok=62 err=0 (records_manager.py:1345)
18:29:50.068 INFO       ttft    p50=  306ms  p75=  775ms  p95=2,753ms  p99= 2,846ms (records_manager.py:1345)
18:29:50.068 INFO       itl     p50=    8ms  p75=    9ms  p95=   16ms  p99=    96ms (records_manager.py:1345)
18:29:50.068 INFO       e2e     p50=2,236ms  p75=3,797ms  p95=9,789ms  p99=13,394ms (records_manager.py:1345)
18:29:50.068 INFO       intvty  p50=    125  p75=    143  p95=    162  p99=     188  (1/tpot tok/s) (records_manager.py:1345)
18:29:50.068 INFO       isl     p50= 38,605  p75= 54,655  p90= 72,141  p99=  91,903  (tokens) (records_manager.py:1345)
18:29:50.068 INFO       osl     p50=    143  p75=    341  p90=    767  p99=   1,434  (tokens) (records_manager.py:1345)
18:29:50.068 INFO       tot     in=2,512,188  out=19,177 (records_manager.py:1345)
18:29:50.068 INFO       trace  theoretical_prefix_cache_hit=96.3% (records_manager.py:1345)
18:29:50.068 INFO       srv    prefix_cache_hit=80.4% unique_in_srv=523,035 ext_cache_hit=13.4% kv_usage=2.4% queue=2r/0w tput_in_srv=69,592/s tput_out_srv=559/s (records_manager.py:1345)
18:30:20.179 INFO     [realtime 01:08 profiling] (records_manager.py:1345)
18:30:20.179 INFO       rps=1.8 (avg 1.7)  tput_in=89,961/s  tput_out=548/s  done=116 ok=116 err=0 (records_manager.py:1345)
18:30:20.179 INFO       ttft    p50=  298ms  p75=  401ms  p95=1,587ms  p99= 2,776ms (records_manager.py:1345)
18:30:20.179 INFO       itl     p50=    8ms  p75=    9ms  p95=   11ms  p99=    66ms (records_manager.py:1345)
18:30:20.179 INFO       e2e     p50=2,168ms  p75=3,407ms  p95=9,910ms  p99=16,609ms (records_manager.py:1345)
18:30:20.179 INFO       intvty  p50=    125  p75=    141  p95=    162  p99=     185  (1/tpot tok/s) (records_manager.py:1345)
18:30:20.179 INFO       isl     p50= 52,036  p75= 65,715  p90= 94,071  p99= 109,239  (tokens) (records_manager.py:1345)
18:30:20.179 INFO       osl     p50=    186  p75=    354  p90=    680  p99=   1,823  (tokens) (records_manager.py:1345)
18:30:20.179 INFO       tot     in=6,153,478  out=37,474 (records_manager.py:1345)
18:30:20.179 INFO       trace  theoretical_prefix_cache_hit=96.4% (records_manager.py:1345)
18:30:20.179 INFO       srv    prefix_cache_hit=89.9% unique_in_srv=660,701 ext_cache_hit=11.8% kv_usage=5.8% queue=6r/0w tput_in_srv=95,945/s tput_out_srv=658/s (records_manager.py:1345)
18:30:50.330 INFO     [realtime 01:38 profiling] (records_manager.py:1345)
18:30:50.330 INFO       rps=2.0 (avg 1.8)  tput_in=107,902/s  tput_out=758/s  done=177 ok=177 err=0 (records_manager.py:1345)
18:30:50.330 INFO       ttft    p50=  291ms  p75=  367ms  p95= 1,339ms  p99= 2,772ms (records_manager.py:1345)
18:30:50.330 INFO       itl     p50=    7ms  p75=    8ms  p95=    11ms  p99=    65ms (records_manager.py:1345)
18:30:50.330 INFO       e2e     p50=2,150ms  p75=3,397ms  p95=10,655ms  p99=22,096ms (records_manager.py:1345)
18:30:50.330 INFO       intvty  p50=    134  p75=    150  p95=     171  p99=     186  (1/tpot tok/s) (records_manager.py:1345)
18:30:50.330 INFO       isl     p50= 57,306  p75= 75,364  p90=  99,276  p99= 111,759  (tokens) (records_manager.py:1345)
18:30:50.330 INFO       osl     p50=    224  p75=    358  p90=     783  p99=   3,012  (tokens) (records_manager.py:1345)
18:30:50.330 INFO       tot     in=10,597,810  out=74,422 (records_manager.py:1345)
18:30:50.330 INFO       trace  theoretical_prefix_cache_hit=96.4% (records_manager.py:1345)
18:30:50.330 INFO       srv    prefix_cache_hit=92.8% unique_in_srv=782,810 ext_cache_hit=10.1% kv_usage=3.0% queue=3r/0w tput_in_srv=110,321/s tput_out_srv=770/s (records_manager.py:1345)
18:31:20.517 INFO     [realtime 02:09 profiling] (records_manager.py:1345)
18:31:20.517 INFO       rps=1.6 (avg 1.7)  tput_in=108,397/s  tput_out=760/s  done=224 ok=224 err=0 (records_manager.py:1345)
18:31:20.517 INFO       ttft    p50=  292ms  p75=  364ms  p95= 1,026ms  p99= 2,767ms (records_manager.py:1345)
18:31:20.517 INFO       itl     p50=    7ms  p75=    8ms  p95=    11ms  p99=    53ms (records_manager.py:1345)
18:31:20.517 INFO       e2e     p50=2,149ms  p75=3,447ms  p95=11,032ms  p99=23,725ms (records_manager.py:1345)
18:31:20.517 INFO       intvty  p50=    139  p75=    151  p95=     173  p99=     186  (1/tpot tok/s) (records_manager.py:1345)
18:31:20.517 INFO       isl     p50= 60,780  p75= 80,473  p90= 102,214  p99= 111,935  (tokens) (records_manager.py:1345)
18:31:20.517 INFO       osl     p50=    234  p75=    389  p90=     848  p99=   3,304  (tokens) (records_manager.py:1345)
18:31:20.517 INFO       tot     in=13,927,900  out=97,658 (records_manager.py:1345)
18:31:20.517 INFO       trace  theoretical_prefix_cache_hit=96.4% (records_manager.py:1345)
18:31:20.517 INFO       srv    prefix_cache_hit=93.4% unique_in_srv=952,421 ext_cache_hit=8.3% kv_usage=5.1% queue=6r/0w tput_in_srv=111,997/s tput_out_srv=793/s (records_manager.py:1345)
18:31:50.745 INFO     [realtime 02:39 profiling] (records_manager.py:1345)
18:31:50.745 INFO       rps=2.4 (avg 1.9)  tput_in=119,950/s  tput_out=775/s  done=296 ok=296 err=0 (records_manager.py:1345)
18:31:50.745 INFO       ttft    p50=  302ms  p75=  407ms  p95= 1,013ms  p99= 2,759ms (records_manager.py:1345)
18:31:50.745 INFO       itl     p50=    7ms  p75=    8ms  p95=    11ms  p99=    18ms (records_manager.py:1345)
18:31:50.745 INFO       e2e     p50=2,137ms  p75=3,799ms  p95=10,999ms  p99=24,880ms (records_manager.py:1345)
18:31:50.745 INFO       intvty  p50=    136  p75=    151  p95=     172  p99=     186  (1/tpot tok/s) (records_manager.py:1345)
18:31:50.745 INFO       isl     p50= 62,104  p75= 81,219  p90= 105,472  p99= 130,622  (tokens) (records_manager.py:1345)
18:31:50.745 INFO       osl     p50=    224  p75=    392  p90=     764  p99=   3,388  (tokens) (records_manager.py:1345)
18:31:50.745 INFO       tot     in=19,039,788  out=122,961 (records_manager.py:1345)
18:31:50.745 INFO       trace  theoretical_prefix_cache_hit=96.3% (records_manager.py:1345)
18:31:50.745 INFO       srv    prefix_cache_hit=93.0% unique_in_srv=1,374,843 ext_cache_hit=11.0% kv_usage=9.2% queue=8r/0w tput_in_srv=123,708/s tput_out_srv=811/s (records_manager.py:1345)
18:32:21.008 INFO     [realtime 03:09 profiling] (records_manager.py:1345)
18:32:21.009 INFO       rps=1.9 (avg 1.9)  tput_in=127,528/s  tput_out=778/s  done=353 ok=353 err=0 (records_manager.py:1345)
18:32:21.009 INFO       ttft    p50=  307ms  p75=  420ms  p95= 1,028ms  p99= 2,698ms (records_manager.py:1345)
18:32:21.009 INFO       itl     p50=    7ms  p75=    9ms  p95=    12ms  p99=    21ms (records_manager.py:1345)
18:32:21.009 INFO       e2e     p50=2,150ms  p75=3,874ms  p95=11,193ms  p99=25,414ms (records_manager.py:1345)
18:32:21.009 INFO       intvty  p50=    135  p75=    150  p95=     172  p99=     186  (1/tpot tok/s) (records_manager.py:1345)
18:32:21.009 INFO       isl     p50= 64,832  p75= 85,766  p90= 108,556  p99= 176,078  (tokens) (records_manager.py:1345)
18:32:21.009 INFO       osl     p50=    224  p75=    395  p90=     792  p99=   3,341  (tokens) (records_manager.py:1345)
18:32:21.009 INFO       tot     in=24,127,335  out=147,279 (records_manager.py:1345)
18:32:21.009 INFO       trace  theoretical_prefix_cache_hit=96.2% (records_manager.py:1345)
18:32:21.009 INFO       srv    prefix_cache_hit=93.6% unique_in_srv=1,604,994 ext_cache_hit=9.4% kv_usage=11.1% queue=9r/0w tput_in_srv=132,514/s tput_out_srv=830/s (records_manager.py:1345)
18:32:51.367 INFO     [realtime 03:39 profiling] (records_manager.py:1345)
18:32:51.367 INFO       rps=0.7 (avg 1.7)  tput_in=120,354/s  tput_out=760/s  done=373 ok=373 err=0 (records_manager.py:1345)
18:32:51.367 INFO       ttft    p50=  313ms  p75=  439ms  p95= 1,028ms  p99= 2,674ms (records_manager.py:1345)
18:32:51.367 INFO       itl     p50=    7ms  p75=    9ms  p95=    12ms  p99=    19ms (records_manager.py:1345)
18:32:51.367 INFO       e2e     p50=2,163ms  p75=4,017ms  p95=12,302ms  p99=26,751ms (records_manager.py:1345)
18:32:51.367 INFO       intvty  p50=    136  p75=    151  p95=     172  p99=     187  (1/tpot tok/s) (records_manager.py:1345)
18:32:51.367 INFO       isl     p50= 65,685  p75= 92,039  p90= 110,575  p99= 176,821  (tokens) (records_manager.py:1345)
18:32:51.367 INFO       osl     p50=    225  p75=    404  p90=     899  p99=   3,406  (tokens) (records_manager.py:1345)
18:32:51.367 INFO       tot     in=26,315,156  out=166,115 (records_manager.py:1345)
18:32:51.367 INFO       trace  theoretical_prefix_cache_hit=96.2% (records_manager.py:1345)
18:32:51.367 INFO       srv    prefix_cache_hit=93.8% unique_in_srv=1,674,168 ext_cache_hit=9.0% kv_usage=8.0% queue=6r/0w tput_in_srv=122,453/s tput_out_srv=866/s (records_manager.py:1345)
18:33:21.662 INFO     [realtime 04:10 profiling] (records_manager.py:1345)
18:33:21.662 INFO       rps=0.5 (avg 1.6)  tput_in=113,026/s  tput_out=805/s  done=389 ok=389 err=0 (records_manager.py:1345)
18:33:21.662 INFO       ttft    p50=  315ms  p75=  447ms  p95= 1,019ms  p99= 2,656ms (records_manager.py:1345)
18:33:21.662 INFO       itl     p50=    7ms  p75=    8ms  p95=    12ms  p99=    17ms (records_manager.py:1345)
18:33:21.662 INFO       e2e     p50=2,251ms  p75=4,279ms  p95=13,695ms  p99=44,717ms (records_manager.py:1345)
18:33:21.662 INFO       intvty  p50=    138  p75=    154  p95=     173  p99=     186  (1/tpot tok/s) (records_manager.py:1345)
18:33:21.662 INFO       isl     p50= 66,845  p75= 94,915  p90= 112,313  p99= 176,799  (tokens) (records_manager.py:1345)
18:33:21.662 INFO       osl     p50=    245  p75=    473  p90=     980  p99=   6,543  (tokens) (records_manager.py:1345)
18:33:21.662 INFO       tot     in=28,089,152  out=200,114 (records_manager.py:1345)
18:33:21.662 INFO       trace  theoretical_prefix_cache_hit=96.2% (records_manager.py:1345)
18:33:21.662 INFO       srv    prefix_cache_hit=93.8% unique_in_srv=1,767,304 ext_cache_hit=8.6% kv_usage=4.9% queue=4r/0w tput_in_srv=114,067/s tput_out_srv=863/s (records_manager.py:1345)
18:33:52.022 INFO     [realtime 04:40 profiling] (records_manager.py:1345)
18:33:52.022 INFO       rps=0.3 (avg 1.4)  tput_in=104,216/s  tput_out=822/s  done=399 ok=399 err=0 (records_manager.py:1345)
18:33:52.022 INFO       ttft    p50=  323ms  p75=  473ms  p95= 1,027ms  p99= 2,644ms (records_manager.py:1345)
18:33:52.022 INFO       itl     p50=    7ms  p75=    8ms  p95=    11ms  p99=    16ms (records_manager.py:1345)
18:33:52.022 INFO       e2e     p50=2,288ms  p75=4,363ms  p95=14,842ms  p99=48,920ms (records_manager.py:1345)
18:33:52.022 INFO       intvty  p50=    139  p75=    155  p95=     174  p99=     191  (1/tpot tok/s) (records_manager.py:1345)
18:33:52.022 INFO       isl     p50= 68,464  p75= 95,220  p90= 114,110  p99= 176,785  (tokens) (records_manager.py:1345)
18:33:52.022 INFO       osl     p50=    251  p75=    494  p90=   1,138  p99=   7,286  (tokens) (records_manager.py:1345)
18:33:52.022 INFO       tot     in=29,152,681  out=229,979 (records_manager.py:1345)
18:33:52.022 INFO       trace  theoretical_prefix_cache_hit=96.1% (records_manager.py:1345)
18:33:52.022 INFO       srv    prefix_cache_hit=93.6% unique_in_srv=1,910,575 ext_cache_hit=7.9% kv_usage=5.6% queue=4r/0w tput_in_srv=105,609/s tput_out_srv=852/s (records_manager.py:1345)
18:34:11.512 INFO     Per-trace idle cap advanced replay root 2fcf8a17-ff7a-493b-b361-6fc2f5bd94cb by 68944.259s (replay_dependencies.py:324)
18:34:11.512 INFO     Per-trace idle cap advanced replay root 0191a7c1-a498-4bb9-9bcf-ef05fa614b5b by 1366.817s (replay_dependencies.py:324)
18:34:11.512 INFO     Per-trace idle cap advanced replay root ded1da59-a8e7-4de8-84df-b109adc58cd5 by 365.075s (replay_dependencies.py:324)
18:34:11.512 INFO     Per-trace idle cap advanced replay root 39e89277-1162-4f7c-81f7-8ff3b392713c by 480.913s (replay_dependencies.py:324)
18:34:11.513 INFO     Per-trace idle cap advanced replay root d5c54c8f-bbd1-4d59-bf8d-006dde5b6ad8 by 4828.102s (replay_dependencies.py:324)
18:34:11.513 INFO     Per-trace idle cap advanced replay root ea7c676f-41b5-479b-8cc7-d77648aa66ce by 904.388s (replay_dependencies.py:324)
18:34:11.513 INFO     Per-trace idle cap advanced replay root 3a249e13-d40f-4216-986d-8a3727fe7b3f by 1491.914s (replay_dependencies.py:324)
18:34:11.513 INFO     Per-trace idle cap advanced replay root db3987a7-aa88-4e3d-8fc2-7e41539f4204 by 2232.918s (replay_dependencies.py:324)
18:34:11.513 INFO     Per-trace idle cap advanced replay root 1092410e-b515-40b1-9f41-2a69d03aab24 by 1432.587s (replay_dependencies.py:324)
18:34:11.513 INFO     Per-trace idle cap advanced replay root a3dea304-cdb7-49ad-a6a9-7b96a3e6db86 by 200.801s (replay_dependencies.py:324)
18:34:11.513 INFO     Per-trace idle cap advanced replay root 5e28e5c6-37a3-4ca6-924b-295a560150f8 by 260.857s (replay_dependencies.py:324)
18:34:11.513 INFO     Per-trace idle cap advanced replay root 90e1d9a7-b2e5-444b-9223-6e92df8c127f by 22615.905s (replay_dependencies.py:324)
18:34:11.513 INFO     Per-trace idle cap advanced replay root d65bc17b-934b-4083-ab16-9947583dd2b2 by 3993.794s (replay_dependencies.py:324)
18:34:11.513 INFO     Per-trace idle cap advanced replay root 4c2ddb1d-b65a-411f-96a3-c8fb8b9a9eba by 660.793s (replay_dependencies.py:324)
18:34:11.513 INFO     Per-trace idle cap advanced replay root 8dd75e99-f89a-4961-adee-2efe6beac1c7 by 5.195s (replay_dependencies.py:324)
18:34:11.513 INFO     Per-trace idle cap advanced replay root db10ad7a-9ea5-4b5f-8394-0475257df3a9 by 230.650s (replay_dependencies.py:324)
18:34:11.513 INFO     Per-trace idle cap advanced replay root cc20c92b-15a6-4973-8b11-66a11ffa5238 by 1563.827s (replay_dependencies.py:324)
18:34:11.513 INFO     Per-trace idle cap advanced replay root d58adfda-e1d6-411d-b130-10c176c988e3 by 1364.598s (replay_dependencies.py:324)
18:34:11.513 INFO     Per-trace idle cap advanced replay root 902a5800-80f0-4b22-9b2e-1538ba39e1e9 by 22934.592s (replay_dependencies.py:324)
18:34:22.413 INFO     [realtime 05:10 profiling] (records_manager.py:1345)
18:34:22.413 INFO       rps=0.9 (avg 1.4)  tput_in=103,095/s  tput_out=797/s  done=425 ok=425 err=0 (records_manager.py:1345)
18:34:22.413 INFO       ttft    p50=  325ms  p75=  481ms  p95= 1,050ms  p99= 2,731ms (records_manager.py:1345)
18:34:22.413 INFO       itl     p50=    7ms  p75=    8ms  p95=    12ms  p99=    38ms (records_manager.py:1345)
18:34:22.413 INFO       e2e     p50=2,297ms  p75=4,433ms  p95=16,549ms  p99=47,763ms (records_manager.py:1345)
18:34:22.413 INFO       intvty  p50=    140  p75=    157  p95=     179  p99=     216  (1/tpot tok/s) (records_manager.py:1345)
18:34:22.413 INFO       isl     p50= 69,176  p75= 96,652  p90= 122,189  p99= 176,749  (tokens) (records_manager.py:1345)
18:34:22.413 INFO       osl     p50=    247  p75=    494  p90=   1,139  p99=   7,075  (tokens) (records_manager.py:1345)
18:34:22.413 INFO       tot     in=31,737,959  out=245,317 (records_manager.py:1345)
18:34:22.413 INFO       trace  theoretical_prefix_cache_hit=96.0% (records_manager.py:1345)
18:34:22.413 INFO       srv    prefix_cache_hit=90.3% unique_in_srv=3,511,701 ext_cache_hit=43.7% kv_usage=53.5% queue=13r/8w tput_in_srv=108,761/s tput_out_srv=805/s (records_manager.py:1345)
18:34:43.598 INFO     Per-trace idle cap advanced replay root c917dbb7-96ad-4237-9f1c-597f0a6a6a50 by 40.991s (replay_dependencies.py:324)
18:34:52.774 INFO     [realtime 05:41 profiling] (records_manager.py:1345)
18:34:52.775 INFO       rps=1.5 (avg 1.4)  tput_in=112,554/s  tput_out=796/s  done=472 ok=472 err=0 (records_manager.py:1345)
18:34:52.775 INFO       ttft    p50=  343ms  p75=  519ms  p95= 2,145ms  p99=11,747ms (records_manager.py:1345)
18:34:52.775 INFO       itl     p50=    7ms  p75=    9ms  p95=    14ms  p99=    43ms (records_manager.py:1345)
18:34:52.775 INFO       e2e     p50=2,515ms  p75=4,959ms  p95=21,875ms  p99=45,526ms (records_manager.py:1345)
18:34:52.775 INFO       intvty  p50=    136  p75=    154  p95=     178  p99=     215  (1/tpot tok/s) (records_manager.py:1345)
18:34:52.775 INFO       isl     p50= 71,494  p75=103,770  p90= 135,633  p99= 217,461  (tokens) (records_manager.py:1345)
18:34:52.775 INFO       osl     p50=    257  p75=    507  p90=   1,137  p99=   6,684  (tokens) (records_manager.py:1345)
18:34:52.775 INFO       tot     in=38,235,276  out=270,327 (records_manager.py:1345)
18:34:52.775 INFO       trace  theoretical_prefix_cache_hit=96.1% (records_manager.py:1345)
18:34:52.775 INFO       srv    prefix_cache_hit=90.9% unique_in_srv=3,806,608 ext_cache_hit=43.1% kv_usage=41.8% queue=19r/0w tput_in_srv=121,907/s tput_out_srv=848/s (records_manager.py:1345)
18:35:23.162 INFO     [realtime 06:11 profiling] (records_manager.py:1345)
18:35:23.162 INFO       rps=1.2 (avg 1.4)  tput_in=118,424/s  tput_out=820/s  done=508 ok=508 err=0 (records_manager.py:1345)
18:35:23.162 INFO       ttft    p50=  350ms  p75=  534ms  p95= 2,092ms  p99=11,747ms (records_manager.py:1345)
18:35:23.162 INFO       itl     p50=    8ms  p75=   10ms  p95=    15ms  p99=    48ms (records_manager.py:1345)
18:35:23.162 INFO       e2e     p50=2,761ms  p75=5,260ms  p95=23,402ms  p99=48,572ms (records_manager.py:1345)
18:35:23.162 INFO       intvty  p50=    132  p75=    153  p95=     178  p99=     215  (1/tpot tok/s) (records_manager.py:1345)
18:35:23.162 INFO       isl     p50= 72,784  p75=106,388  p90= 142,249  p99= 278,936  (tokens) (records_manager.py:1345)
18:35:23.162 INFO       osl     p50=    268  p75=    531  p90=   1,178  p99=   6,379  (tokens) (records_manager.py:1345)
18:35:23.162 INFO       tot     in=42,689,453  out=295,443 (records_manager.py:1345)
18:35:23.162 INFO       trace  theoretical_prefix_cache_hit=96.1% (records_manager.py:1345)
18:35:23.162 INFO       srv    prefix_cache_hit=90.4% unique_in_srv=4,456,457 ext_cache_hit=36.8% kv_usage=44.2% queue=23r/2w tput_in_srv=124,245/s tput_out_srv=855/s (records_manager.py:1345)
18:35:53.667 INFO     [realtime 06:42 profiling] (records_manager.py:1345)
18:35:53.667 INFO       rps=2.0 (avg 1.4)  tput_in=123,074/s  tput_out=844/s  done=568 ok=568 err=0 (records_manager.py:1345)
18:35:53.667 INFO       ttft    p50=  368ms  p75=  553ms  p95= 2,718ms  p99=11,748ms (records_manager.py:1345)
18:35:53.667 INFO       itl     p50=    8ms  p75=   11ms  p95=    19ms  p99=    56ms (records_manager.py:1345)
18:35:53.667 INFO       e2e     p50=2,834ms  p75=5,827ms  p95=25,928ms  p99=60,445ms (records_manager.py:1345)
18:35:53.667 INFO       intvty  p50=    126  p75=    151  p95=     177  p99=     215  (1/tpot tok/s) (records_manager.py:1345)
18:35:53.667 INFO       isl     p50= 74,998  p75=108,988  p90= 150,478  p99= 289,509  (tokens) (records_manager.py:1345)
18:35:53.667 INFO       osl     p50=    268  p75=    544  p90=   1,201  p99=   6,149  (tokens) (records_manager.py:1345)
18:35:53.667 INFO       tot     in=49,413,782  out=338,687 (records_manager.py:1345)
18:35:53.667 INFO       trace  theoretical_prefix_cache_hit=96.0% (records_manager.py:1345)
18:35:53.667 INFO       srv    prefix_cache_hit=91.2% unique_in_srv=4,664,059 ext_cache_hit=35.6% kv_usage=42.4% queue=21r/0w tput_in_srv=131,348/s tput_out_srv=897/s (records_manager.py:1345)
18:36:24.135 INFO     [realtime 07:12 profiling] (records_manager.py:1345)
18:36:24.135 INFO       rps=1.9 (avg 1.5)  tput_in=128,709/s  tput_out=841/s  done=626 ok=626 err=0 (records_manager.py:1345)
18:36:24.135 INFO       ttft    p50=  386ms  p75=  575ms  p95= 2,325ms  p99=11,747ms (records_manager.py:1345)
18:36:24.135 INFO       itl     p50=    8ms  p75=   12ms  p95=    22ms  p99=    51ms (records_manager.py:1345)
18:36:24.135 INFO       e2e     p50=2,965ms  p75=5,970ms  p95=24,669ms  p99=61,521ms (records_manager.py:1345)
18:36:24.135 INFO       intvty  p50=    122  p75=    149  p95=     174  p99=     214  (1/tpot tok/s) (records_manager.py:1345)
18:36:24.135 INFO       isl     p50= 77,069  p75=110,965  p90= 153,905  p99= 290,688  (tokens) (records_manager.py:1345)
18:36:24.135 INFO       osl     p50=    259  p75=    541  p90=   1,178  p99=   5,886  (tokens) (records_manager.py:1345)
18:36:24.135 INFO       tot     in=55,517,656  out=362,921 (records_manager.py:1345)
18:36:24.135 INFO       trace  theoretical_prefix_cache_hit=95.9% (records_manager.py:1345)
18:36:24.135 INFO       srv    prefix_cache_hit=91.5% unique_in_srv=5,071,472 ext_cache_hit=32.8% kv_usage=54.8% queue=23r/0w tput_in_srv=138,700/s tput_out_srv=920/s (records_manager.py:1345)
18:36:54.721 INFO     [realtime 07:43 profiling] (records_manager.py:1345)
18:36:54.721 INFO       rps=2.5 (avg 1.5)  tput_in=137,103/s  tput_out=877/s  done=703 ok=703 err=0 (records_manager.py:1345)
18:36:54.721 INFO       ttft    p50=  398ms  p75=  598ms  p95= 2,097ms  p99=11,718ms (records_manager.py:1345)
18:36:54.721 INFO       itl     p50=    9ms  p75=   13ms  p95=    20ms  p99=    51ms (records_manager.py:1345)
18:36:54.721 INFO       e2e     p50=3,044ms  p75=6,304ms  p95=26,053ms  p99=66,480ms (records_manager.py:1345)
18:36:54.721 INFO       intvty  p50=    113  p75=    145  p95=     174  p99=     212  (1/tpot tok/s) (records_manager.py:1345)
18:36:54.721 INFO       isl     p50= 77,177  p75=111,169  p90= 156,532  p99= 336,880  (tokens) (records_manager.py:1345)
18:36:54.721 INFO       osl     p50=    258  p75=    541  p90=   1,178  p99=   5,522  (tokens) (records_manager.py:1345)
18:36:54.721 INFO       tot     in=63,360,442  out=405,365 (records_manager.py:1345)
18:36:54.721 INFO       trace  theoretical_prefix_cache_hit=95.9% (records_manager.py:1345)
18:36:54.721 INFO       srv    prefix_cache_hit=92.1% unique_in_srv=5,284,377 ext_cache_hit=31.5% kv_usage=48.0% queue=20r/0w tput_in_srv=145,279/s tput_out_srv=966/s (records_manager.py:1345)
18:37:25.388 INFO     [realtime 08:13 profiling] (records_manager.py:1345)
18:37:25.388 INFO       rps=2.1 (avg 1.6)  tput_in=144,851/s  tput_out=929/s  done=767 ok=767 err=0 (records_manager.py:1345)
18:37:25.388 INFO       ttft    p50=  405ms  p75=  607ms  p95= 2,072ms  p99=10,809ms (records_manager.py:1345)
18:37:25.388 INFO       itl     p50=   10ms  p75=   14ms  p95=    21ms  p99=    50ms (records_manager.py:1345)
18:37:25.388 INFO       e2e     p50=3,128ms  p75=6,697ms  p95=27,430ms  p99=72,597ms (records_manager.py:1345)
18:37:25.388 INFO       intvty  p50=    105  p75=    143  p95=     173  p99=     208  (1/tpot tok/s) (records_manager.py:1345)
18:37:25.388 INFO       isl     p50= 77,829  p75=112,268  p90= 161,124  p99= 381,985  (tokens) (records_manager.py:1345)
18:37:25.388 INFO       osl     p50=    255  p75=    541  p90=   1,220  p99=   6,108  (tokens) (records_manager.py:1345)
18:37:25.388 INFO       tot     in=71,365,937  out=457,523 (records_manager.py:1345)
18:37:25.388 INFO       trace  theoretical_prefix_cache_hit=96.0% (records_manager.py:1345)
18:37:25.388 INFO       srv    prefix_cache_hit=92.4% unique_in_srv=5,721,557 ext_cache_hit=33.2% kv_usage=47.8% queue=21r/0w tput_in_srv=152,662/s tput_out_srv=1,004/s (records_manager.py:1345)
18:37:56.087 INFO     [realtime 08:44 profiling] (records_manager.py:1345)
18:37:56.088 INFO       rps=1.9 (avg 1.6)  tput_in=148,507/s  tput_out=959/s  done=826 ok=826 err=0 (records_manager.py:1345)
18:37:56.088 INFO       ttft    p50=  410ms  p75=  609ms  p95= 1,794ms  p99=10,214ms (records_manager.py:1345)
18:37:56.088 INFO       itl     p50=   11ms  p75=   14ms  p95=    22ms  p99=    50ms (records_manager.py:1345)
18:37:56.088 INFO       e2e     p50=3,236ms  p75=7,054ms  p95=28,475ms  p99=73,871ms (records_manager.py:1345)
18:37:56.088 INFO       intvty  p50=     94  p75=    141  p95=     173  p99=     205  (1/tpot tok/s) (records_manager.py:1345)
18:37:56.088 INFO       isl     p50= 78,168  p75=113,412  p90= 163,514  p99= 433,935  (tokens) (records_manager.py:1345)
18:37:56.088 INFO       osl     p50=    254  p75=    547  p90=   1,332  p99=   6,041  (tokens) (records_manager.py:1345)
18:37:56.088 INFO       tot     in=77,790,047  out=502,368 (records_manager.py:1345)
18:37:56.088 INFO       trace  theoretical_prefix_cache_hit=96.1% (records_manager.py:1345)
18:37:56.088 INFO       srv    prefix_cache_hit=92.7% unique_in_srv=5,999,978 ext_cache_hit=32.0% kv_usage=52.9% queue=28r/0w tput_in_srv=156,665/s tput_out_srv=1,038/s (records_manager.py:1345)
18:38:26.820 INFO     [realtime 09:15 profiling] (records_manager.py:1345)
18:38:26.821 INFO       rps=2.1 (avg 1.6)  tput_in=151,493/s  tput_out=992/s  done=892 ok=892 err=0 (records_manager.py:1345)
18:38:26.821 INFO       ttft    p50=  417ms  p75=  613ms  p95= 1,667ms  p99= 9,920ms (records_manager.py:1345)
18:38:26.821 INFO       itl     p50=   11ms  p75=   15ms  p95=    22ms  p99=    48ms (records_manager.py:1345)
18:38:26.821 INFO       e2e     p50=3,342ms  p75=7,371ms  p95=29,927ms  p99=74,220ms (records_manager.py:1345)
18:38:26.821 INFO       intvty  p50=     88  p75=    138  p95=     172  p99=     204  (1/tpot tok/s) (records_manager.py:1345)
18:38:26.821 INFO       isl     p50= 77,069  p75=113,622  p90= 168,206  p99= 465,763  (tokens) (records_manager.py:1345)
18:38:26.821 INFO       osl     p50=    254  p75=    552  p90=   1,326  p99=   6,076  (tokens) (records_manager.py:1345)
18:38:26.821 INFO       tot     in=83,946,549  out=549,958 (records_manager.py:1345)
18:38:26.821 INFO       trace  theoretical_prefix_cache_hit=96.1% (records_manager.py:1345)
18:38:26.821 INFO       srv    prefix_cache_hit=92.9% unique_in_srv=6,306,281 ext_cache_hit=32.0% kv_usage=53.0% queue=32r/0w tput_in_srv=159,637/s tput_out_srv=1,081/s (records_manager.py:1345)
18:38:57.623 INFO     [realtime 09:46 profiling] (records_manager.py:1345)
18:38:57.623 INFO       rps=2.6 (avg 1.7)  tput_in=156,613/s  tput_out=1,032/s  done=971 ok=971 err=0 (records_manager.py:1345)
18:38:57.623 INFO       ttft    p50=  415ms  p75=  614ms  p95= 1,567ms  p99= 9,305ms (records_manager.py:1345)
18:38:57.623 INFO       itl     p50=   12ms  p75=   15ms  p95=    22ms  p99=    44ms (records_manager.py:1345)
18:38:57.623 INFO       e2e     p50=3,397ms  p75=7,459ms  p95=31,222ms  p99=73,519ms (records_manager.py:1345)
18:38:57.623 INFO       intvty  p50=     83  p75=    135  p95=     172  p99=     203  (1/tpot tok/s) (records_manager.py:1345)
18:38:57.623 INFO       isl     p50= 76,824  p75=114,242  p90= 171,072  p99= 466,114  (tokens) (records_manager.py:1345)
18:38:57.623 INFO       osl     p50=    252  p75=    562  p90=   1,397  p99=   6,019  (tokens) (records_manager.py:1345)
18:38:57.623 INFO       tot     in=91,595,096  out=603,454 (records_manager.py:1345)
18:38:57.623 INFO       trace  theoretical_prefix_cache_hit=96.2% (records_manager.py:1345)
18:38:57.623 INFO       srv    prefix_cache_hit=93.2% unique_in_srv=6,529,851 ext_cache_hit=30.9% kv_usage=46.6% queue=22r/0w tput_in_srv=163,160/s tput_out_srv=1,121/s (records_manager.py:1345)
18:39:28.616 INFO     [realtime 10:17 profiling] (records_manager.py:1345)
18:39:28.616 INFO       rps=1.5 (avg 1.7)  tput_in=158,920/s  tput_out=1,056/s  done=1,018 ok=1,018 err=0 (records_manager.py:1345)
18:39:28.616 INFO       ttft    p50=  426ms  p75=  623ms  p95= 1,609ms  p99= 8,991ms (records_manager.py:1345)
18:39:28.616 INFO       itl     p50=   12ms  p75=   15ms  p95=    22ms  p99=    42ms (records_manager.py:1345)
18:39:28.616 INFO       e2e     p50=3,444ms  p75=7,866ms  p95=31,871ms  p99=76,588ms (records_manager.py:1345)
18:39:28.616 INFO       intvty  p50=     81  p75=    133  p95=     171  p99=     201  (1/tpot tok/s) (records_manager.py:1345)
18:39:28.616 INFO       isl     p50= 77,708  p75=115,812  p90= 175,281  p99= 467,001  (tokens) (records_manager.py:1345)
18:39:28.616 INFO       osl     p50=    254  p75=    580  p90=   1,440  p99=   6,112  (tokens) (records_manager.py:1345)
18:39:28.616 INFO       tot     in=97,878,578  out=650,154 (records_manager.py:1345)
18:39:28.616 INFO       trace  theoretical_prefix_cache_hit=96.1% (records_manager.py:1345)
18:39:28.616 INFO       srv    prefix_cache_hit=93.3% unique_in_srv=6,838,019 ext_cache_hit=29.5% kv_usage=42.5% queue=19r/0w tput_in_srv=164,562/s tput_out_srv=1,143/s (records_manager.py:1345)
18:39:33.111 INFO     Per-trace idle cap advanced replay root 50f768c0-1d49-4aa9-9dec-158521501844 by 914.897s (replay_dependencies.py:324)
18:39:59.502 INFO     [realtime 10:47 profiling] (records_manager.py:1345)
18:39:59.502 INFO       rps=1.4 (avg 1.6)  tput_in=163,228/s  tput_out=1,111/s  done=1,062 ok=1,062 err=0 (records_manager.py:1345)
18:39:59.502 INFO       ttft    p50=  439ms  p75=  647ms  p95= 1,607ms  p99= 8,815ms (records_manager.py:1345)
18:39:59.502 INFO       itl     p50=   12ms  p75=   15ms  p95=    22ms  p99=    42ms (records_manager.py:1345)
18:39:59.502 INFO       e2e     p50=3,553ms  p75=8,411ms  p95=33,623ms  p99=90,863ms (records_manager.py:1345)
18:39:59.502 INFO       intvty  p50=     81  p75=    130  p95=     171  p99=     203  (1/tpot tok/s) (records_manager.py:1345)
18:39:59.502 INFO       isl     p50= 79,364  p75=118,228  p90= 176,907  p99= 470,498  (tokens) (records_manager.py:1345)
18:39:59.502 INFO       osl     p50=    263  p75=    601  p90=   1,513  p99=   6,536  (tokens) (records_manager.py:1345)
18:39:59.502 INFO       tot     in=105,550,787  out=718,237 (records_manager.py:1345)
18:39:59.502 INFO       trace  theoretical_prefix_cache_hit=96.2% (records_manager.py:1345)
18:39:59.502 INFO       srv    prefix_cache_hit=93.5% unique_in_srv=7,094,141 ext_cache_hit=29.7% kv_usage=44.0% queue=20r/0w tput_in_srv=168,502/s tput_out_srv=1,164/s (records_manager.py:1345)
18:40:30.393 INFO     [realtime 11:18 profiling] (records_manager.py:1345)
18:40:30.393 INFO       rps=1.0 (avg 1.6)  tput_in=164,228/s  tput_out=1,104/s  done=1,092 ok=1,092 err=0 (records_manager.py:1345)
18:40:30.394 INFO       ttft    p50=  440ms  p75=  655ms  p95= 1,607ms  p99= 8,695ms (records_manager.py:1345)
18:40:30.394 INFO       itl     p50=   12ms  p75=   15ms  p95=    21ms  p99=    41ms (records_manager.py:1345)
18:40:30.394 INFO       e2e     p50=3,599ms  p75=8,828ms  p95=35,837ms  p99=88,163ms (records_manager.py:1345)
18:40:30.394 INFO       intvty  p50=     82  p75=    129  p95=     171  p99=     202  (1/tpot tok/s) (records_manager.py:1345)
18:40:30.394 INFO       isl     p50= 80,737  p75=122,175  p90= 181,504  p99= 491,420  (tokens) (records_manager.py:1345)
18:40:30.394 INFO       osl     p50=    266  p75=    629  p90=   1,537  p99=   6,465  (tokens) (records_manager.py:1345)
18:40:30.394 INFO       tot     in=111,158,370  out=747,084 (records_manager.py:1345)
18:40:30.394 INFO       trace  theoretical_prefix_cache_hit=96.3% (records_manager.py:1345)
18:40:30.394 INFO       srv    prefix_cache_hit=93.7% unique_in_srv=7,197,215 ext_cache_hit=29.3% kv_usage=36.6% queue=17r/0w tput_in_srv=168,281/s tput_out_srv=1,182/s (records_manager.py:1345)
18:41:01.324 INFO     [realtime 11:49 profiling] (records_manager.py:1345)
18:41:01.324 INFO       rps=1.1 (avg 1.6)  tput_in=165,287/s  tput_out=1,149/s  done=1,125 ok=1,125 err=0 (records_manager.py:1345)
18:41:01.325 INFO       ttft    p50=  447ms  p75=  674ms  p95= 1,589ms  p99= 8,288ms (records_manager.py:1345)
18:41:01.325 INFO       itl     p50=   12ms  p75=   15ms  p95=    21ms  p99=    41ms (records_manager.py:1345)
18:41:01.325 INFO       e2e     p50=3,672ms  p75=9,017ms  p95=38,609ms  p99=97,866ms (records_manager.py:1345)
18:41:01.325 INFO       intvty  p50=     83  p75=    127  p95=     170  p99=     201  (1/tpot tok/s) (records_manager.py:1345)
18:41:01.325 INFO       isl     p50= 82,972  p75=123,688  p90= 185,180  p99= 620,833  (tokens) (records_manager.py:1345)
18:41:01.325 INFO       osl     p50=    269  p75=    650  p90=   1,594  p99=   7,257  (tokens) (records_manager.py:1345)
18:41:01.325 INFO       tot     in=117,018,815  out=813,631 (records_manager.py:1345)
18:41:01.325 INFO       trace  theoretical_prefix_cache_hit=96.3% (records_manager.py:1345)
18:41:01.325 INFO       srv    prefix_cache_hit=93.9% unique_in_srv=7,275,919 ext_cache_hit=28.9% kv_usage=38.0% queue=15r/0w tput_in_srv=169,439/s tput_out_srv=1,199/s (records_manager.py:1345)
18:41:32.362 INFO     [realtime 12:20 profiling] (records_manager.py:1345)
18:41:32.362 INFO       rps=0.9 (avg 1.6)  tput_in=167,592/s  tput_out=1,153/s  done=1,152 ok=1,152 err=0 (records_manager.py:1345)
18:41:32.362 INFO       ttft    p50=  454ms  p75=  678ms  p95= 1,586ms  p99= 7,871ms (records_manager.py:1345)
18:41:32.362 INFO       itl     p50=   12ms  p75=   15ms  p95=    21ms  p99=    40ms (records_manager.py:1345)
18:41:32.362 INFO       e2e     p50=3,730ms  p75=9,400ms  p95=40,226ms  p99=98,578ms (records_manager.py:1345)
18:41:32.362 INFO       intvty  p50=     83  p75=    126  p95=     170  p99=     203  (1/tpot tok/s) (records_manager.py:1345)
18:41:32.362 INFO       isl     p50= 84,312  p75=126,282  p90= 190,519  p99= 674,542  (tokens) (records_manager.py:1345)
18:41:32.362 INFO       osl     p50=    276  p75=    666  p90=   1,617  p99=   7,544  (tokens) (records_manager.py:1345)
18:41:32.362 INFO       tot     in=123,711,452  out=851,026 (records_manager.py:1345)
18:41:32.362 INFO       trace  theoretical_prefix_cache_hit=96.4% (records_manager.py:1345)
18:41:32.362 INFO       srv    prefix_cache_hit=94.1% unique_in_srv=7,452,379 ext_cache_hit=28.3% kv_usage=25.3% queue=15r/0w tput_in_srv=170,017/s tput_out_srv=1,207/s (records_manager.py:1345)
18:41:53.405 INFO     Per-trace idle cap advanced replay root 2fcf8a17-ff7a-493b-b361-6fc2f5bd94cb by 4.301s (replay_dependencies.py:324)
18:42:03.327 INFO     [realtime 12:51 profiling] (records_manager.py:1345)
18:42:03.327 INFO       rps=1.0 (avg 1.5)  tput_in=165,915/s  tput_out=1,143/s  done=1,183 ok=1,183 err=0 (records_manager.py:1345)
18:42:03.327 INFO       ttft    p50=  453ms  p75=  678ms  p95= 1,581ms  p99= 7,392ms (records_manager.py:1345)
18:42:03.327 INFO       itl     p50=   12ms  p75=   15ms  p95=    21ms  p99=    40ms (records_manager.py:1345)
18:42:03.327 INFO       e2e     p50=3,774ms  p75=9,421ms  p95=43,326ms  p99=98,277ms (records_manager.py:1345)
18:42:03.327 INFO       intvty  p50=     84  p75=    125  p95=     170  p99=     203  (1/tpot tok/s) (records_manager.py:1345)
18:42:03.327 INFO       isl     p50= 85,320  p75=127,290  p90= 191,726  p99= 676,484  (tokens) (records_manager.py:1345)
18:42:03.327 INFO       osl     p50=    277  p75=    670  p90=   1,631  p99=   7,374  (tokens) (records_manager.py:1345)
18:42:03.327 INFO       tot     in=127,872,182  out=880,699 (records_manager.py:1345)
18:42:03.327 INFO       trace  theoretical_prefix_cache_hit=96.5% (records_manager.py:1345)
18:42:03.327 INFO       srv    prefix_cache_hit=93.9% unique_in_srv=7,991,689 ext_cache_hit=30.9% kv_usage=42.2% queue=17r/0w tput_in_srv=170,356/s tput_out_srv=1,211/s (records_manager.py:1345)
18:42:34.350 INFO     [realtime 13:22 profiling] (records_manager.py:1345)
18:42:34.350 INFO       rps=1.3 (avg 1.5)  tput_in=166,699/s  tput_out=1,161/s  done=1,223 ok=1,223 err=0 (records_manager.py:1345)
18:42:34.350 INFO       ttft    p50=  454ms  p75=  679ms  p95= 1,605ms  p99= 7,007ms (records_manager.py:1345)
18:42:34.350 INFO       itl     p50=   12ms  p75=   15ms  p95=    21ms  p99=    39ms (records_manager.py:1345)
18:42:34.350 INFO       e2e     p50=3,774ms  p75=9,443ms  p95=44,592ms  p99=98,860ms (records_manager.py:1345)
18:42:34.350 INFO       intvty  p50=     85  p75=    124  p95=     169  p99=     204  (1/tpot tok/s) (records_manager.py:1345)
18:42:34.351 INFO       isl     p50= 85,626  p75=129,412  p90= 192,395  p99= 678,929  (tokens) (records_manager.py:1345)
18:42:34.351 INFO       osl     p50=    277  p75=    672  p90=   1,661  p99=   7,703  (tokens) (records_manager.py:1345)
18:42:34.351 INFO       tot     in=133,586,844  out=930,501 (records_manager.py:1345)
18:42:34.351 INFO       trace  theoretical_prefix_cache_hit=96.5% (records_manager.py:1345)
18:42:34.351 INFO       srv    prefix_cache_hit=94.0% unique_in_srv=8,171,517 ext_cache_hit=30.2% kv_usage=31.9% queue=12r/0w tput_in_srv=169,864/s tput_out_srv=1,215/s (records_manager.py:1345)
18:42:52.927 INFO     Per-trace idle cap advanced replay root c14019c9-23bc-4d21-baaa-c9e97580da8c by 1077.567s (replay_dependencies.py:324)
18:43:05.545 INFO     [realtime 13:54 profiling] (records_manager.py:1345)
18:43:05.546 INFO       rps=1.1 (avg 1.5)  tput_in=165,804/s  tput_out=1,169/s  done=1,258 ok=1,258 err=0 (records_manager.py:1345)
18:43:05.546 INFO       ttft    p50=  453ms  p75=  678ms  p95= 1,606ms  p99= 6,836ms (records_manager.py:1345)
18:43:05.546 INFO       itl     p50=   12ms  p75=   15ms  p95=    21ms  p99=    39ms (records_manager.py:1345)
18:43:05.546 INFO       e2e     p50=3,732ms  p75=9,451ms  p95=46,495ms  p99=98,933ms (records_manager.py:1345)
18:43:05.546 INFO       intvty  p50=     86  p75=    123  p95=     169  p99=     203  (1/tpot tok/s) (records_manager.py:1345)
18:43:05.546 INFO       isl     p50= 85,894  p75=130,289  p90= 192,311  p99= 679,918  (tokens) (records_manager.py:1345)
18:43:05.546 INFO       osl     p50=    278  p75=    674  p90=   1,688  p99=   8,071  (tokens) (records_manager.py:1345)
18:43:05.546 INFO       tot     in=137,991,596  out=972,537 (records_manager.py:1345)
18:43:05.546 INFO       trace  theoretical_prefix_cache_hit=96.5% (records_manager.py:1345)
18:43:05.546 INFO       srv    prefix_cache_hit=94.0% unique_in_srv=8,385,545 ext_cache_hit=30.7% kv_usage=28.1% queue=13r/0w tput_in_srv=168,413/s tput_out_srv=1,222/s (records_manager.py:1345)
18:43:36.643 INFO     [realtime 14:25 profiling] (records_manager.py:1345)
18:43:36.643 INFO       rps=0.7 (avg 1.5)  tput_in=163,706/s  tput_out=1,167/s  done=1,281 ok=1,281 err=0 (records_manager.py:1345)
18:43:36.643 INFO       ttft    p50=  454ms  p75=  678ms  p95= 1,591ms  p99= 6,724ms (records_manager.py:1345)
18:43:36.643 INFO       itl     p50=   12ms  p75=   15ms  p95=    21ms  p99=    39ms (records_manager.py:1345)
18:43:36.643 INFO       e2e     p50=3,785ms  p75=9,734ms  p95=46,483ms  p99=99,602ms (records_manager.py:1345)
18:43:36.643 INFO       intvty  p50=     86  p75=    122  p95=     168  p99=     203  (1/tpot tok/s) (records_manager.py:1345)
18:43:36.643 INFO       isl     p50= 86,928  p75=131,849  p90= 192,784  p99= 679,503  (tokens) (records_manager.py:1345)
18:43:36.643 INFO       osl     p50=    280  p75=    694  p90=   1,775  p99=   8,478  (tokens) (records_manager.py:1345)
18:43:36.643 INFO       tot     in=141,393,823  out=1,007,797 (records_manager.py:1345)
18:43:36.643 INFO       trace  theoretical_prefix_cache_hit=96.5% (records_manager.py:1345)
18:43:36.643 INFO       srv    prefix_cache_hit=93.9% unique_in_srv=8,842,554 ext_cache_hit=30.8% kv_usage=45.2% queue=19r/0w tput_in_srv=167,924/s tput_out_srv=1,221/s (records_manager.py:1345)
18:44:07.876 INFO     [realtime 14:56 profiling] (records_manager.py:1345)
18:44:07.877 INFO       rps=1.0 (avg 1.5)  tput_in=163,163/s  tput_out=1,170/s  done=1,311 ok=1,311 err=0 (records_manager.py:1345)
18:44:07.877 INFO       ttft    p50=  454ms  p75=  683ms  p95= 1,690ms  p99= 6,539ms (records_manager.py:1345)
18:44:07.877 INFO       itl     p50=   11ms  p75=   15ms  p95=    21ms  p99=    39ms (records_manager.py:1345)
18:44:07.877 INFO       e2e     p50=3,831ms  p75=9,795ms  p95=46,523ms  p99=99,049ms (records_manager.py:1345)
18:44:07.877 INFO       intvty  p50=     87  p75=    121  p95=     168  p99=     202  (1/tpot tok/s) (records_manager.py:1345)
18:44:07.877 INFO       isl     p50= 88,313  p75=133,364  p90= 193,243  p99= 679,046  (tokens) (records_manager.py:1345)
18:44:07.877 INFO       osl     p50=    284  p75=    704  p90=   1,802  p99=   8,387  (tokens) (records_manager.py:1345)
18:44:07.877 INFO       tot     in=145,919,192  out=1,046,596 (records_manager.py:1345)
18:44:07.877 INFO       trace  theoretical_prefix_cache_hit=96.5% (records_manager.py:1345)
18:44:07.877 INFO       srv    prefix_cache_hit=94.0% unique_in_srv=8,910,104 ext_cache_hit=30.6% kv_usage=27.4% queue=12r/0w tput_in_srv=165,524/s tput_out_srv=1,231/s (records_manager.py:1345)
18:44:39.155 INFO     [realtime 15:27 profiling] (records_manager.py:1345)
18:44:39.155 INFO       rps=1.2 (avg 1.5)  tput_in=164,239/s  tput_out=1,194/s  done=1,348 ok=1,348 err=0 (records_manager.py:1345)
18:44:39.155 INFO       ttft    p50=  454ms  p75=  681ms  p95= 1,614ms  p99=  6,216ms (records_manager.py:1345)
18:44:39.155 INFO       itl     p50=   11ms  p75=   15ms  p95=    20ms  p99=     39ms (records_manager.py:1345)
18:44:39.155 INFO       e2e     p50=3,847ms  p75=9,792ms  p95=47,121ms  p99=100,474ms (records_manager.py:1345)
18:44:39.155 INFO       intvty  p50=     88  p75=    122  p95=     167  p99=      199  (1/tpot tok/s) (records_manager.py:1345)
18:44:39.155 INFO       isl     p50= 89,812  p75=136,305  p90= 194,216  p99=  680,098  (tokens) (records_manager.py:1345)
18:44:39.155 INFO       osl     p50=    288  p75=    715  p90=   1,839  p99=    8,607  (tokens) (records_manager.py:1345)
18:44:39.155 INFO       tot     in=152,066,483  out=1,105,119 (records_manager.py:1345)
18:44:39.155 INFO       trace  theoretical_prefix_cache_hit=96.5% (records_manager.py:1345)
18:44:39.155 INFO       srv    prefix_cache_hit=94.2% unique_in_srv=8,968,758 ext_cache_hit=30.4% kv_usage=30.3% queue=10r/0w tput_in_srv=166,838/s tput_out_srv=1,235/s (records_manager.py:1345)
18:45:10.473 INFO     [realtime 15:58 profiling] (records_manager.py:1345)
18:45:10.474 INFO       rps=0.9 (avg 1.4)  tput_in=164,859/s  tput_out=1,183/s  done=1,376 ok=1,376 err=0 (records_manager.py:1345)
18:45:10.474 INFO       ttft    p50=  454ms  p75=  679ms  p95= 1,607ms  p99= 5,972ms (records_manager.py:1345)
18:45:10.474 INFO       itl     p50=   11ms  p75=   15ms  p95=    20ms  p99=    39ms (records_manager.py:1345)
18:45:10.474 INFO       e2e     p50=3,847ms  p75=9,815ms  p95=46,778ms  p99=99,734ms (records_manager.py:1345)
18:45:10.474 INFO       intvty  p50=     89  p75=    123  p95=     168  p99=     204  (1/tpot tok/s) (records_manager.py:1345)
18:45:10.474 INFO       isl     p50= 90,675  p75=137,230  p90= 196,524  p99= 683,436  (tokens) (records_manager.py:1345)
18:45:10.474 INFO       osl     p50=    288  p75=    733  p90=   1,868  p99=   8,497  (tokens) (records_manager.py:1345)
18:45:10.474 INFO       tot     in=157,864,713  out=1,133,245 (records_manager.py:1345)
18:45:10.474 INFO       trace  theoretical_prefix_cache_hit=96.6% (records_manager.py:1345)
18:45:10.474 INFO       srv    prefix_cache_hit=94.4% unique_in_srv=9,020,034 ext_cache_hit=30.2% kv_usage=24.7% queue=12r/0w tput_in_srv=166,815/s tput_out_srv=1,237/s (records_manager.py:1345)
18:45:41.844 INFO     [realtime 16:30 profiling] (records_manager.py:1345)
18:45:41.844 INFO       rps=0.9 (avg 1.4)  tput_in=165,361/s  tput_out=1,197/s  done=1,405 ok=1,405 err=0 (records_manager.py:1345)
18:45:41.844 INFO       ttft    p50=  459ms  p75=   680ms  p95= 1,603ms  p99=  5,753ms (records_manager.py:1345)
18:45:41.844 INFO       itl     p50=   11ms  p75=    14ms  p95=    20ms  p99=     38ms (records_manager.py:1345)
18:45:41.844 INFO       e2e     p50=3,872ms  p75=10,196ms  p95=46,547ms  p99=101,611ms (records_manager.py:1345)
18:45:41.844 INFO       intvty  p50=     90  p75=     123  p95=     167  p99=      204  (1/tpot tok/s) (records_manager.py:1345)
18:45:41.844 INFO       isl     p50= 92,039  p75= 139,168  p90= 196,772  p99=  694,331  (tokens) (records_manager.py:1345)
18:45:41.844 INFO       osl     p50=    298  p75=     759  p90=   1,908  p99=    8,776  (tokens) (records_manager.py:1345)
18:45:41.844 INFO       tot     in=163,210,891  out=1,181,543 (records_manager.py:1345)
18:45:41.844 INFO       trace  theoretical_prefix_cache_hit=96.6% (records_manager.py:1345)
18:45:41.844 INFO       srv    prefix_cache_hit=94.5% unique_in_srv=9,167,494 ext_cache_hit=29.7% kv_usage=31.4% queue=11r/0w tput_in_srv=167,621/s tput_out_srv=1,236/s (records_manager.py:1345)
18:46:13.094 INFO     [realtime 17:01 profiling] (records_manager.py:1345)
18:46:13.094 INFO       rps=0.8 (avg 1.4)  tput_in=164,142/s  tput_out=1,182/s  done=1,429 ok=1,429 err=0 (records_manager.py:1345)
18:46:13.094 INFO       ttft    p50=  460ms  p75=   678ms  p95= 1,587ms  p99=  5,744ms (records_manager.py:1345)
18:46:13.094 INFO       itl     p50=   11ms  p75=    14ms  p95=    20ms  p99=     38ms (records_manager.py:1345)
18:46:13.094 INFO       e2e     p50=3,903ms  p75=10,200ms  p95=46,474ms  p99=100,976ms (records_manager.py:1345)
18:46:13.094 INFO       intvty  p50=     91  p75=     124  p95=     167  p99=      203  (1/tpot tok/s) (records_manager.py:1345)
18:46:13.094 INFO       isl     p50= 93,477  p75= 140,881  p90= 199,452  p99=  692,425  (tokens) (records_manager.py:1345)
18:46:13.094 INFO       osl     p50=    301  p75=     762  p90=   1,929  p99=    8,682  (tokens) (records_manager.py:1345)
18:46:13.094 INFO       tot     in=167,393,907  out=1,205,016 (records_manager.py:1345)
18:46:13.094 INFO       trace  theoretical_prefix_cache_hit=96.6% (records_manager.py:1345)
18:46:13.094 INFO       srv    prefix_cache_hit=94.5% unique_in_srv=9,335,843 ext_cache_hit=30.1% kv_usage=30.3% queue=12r/0w tput_in_srv=166,471/s tput_out_srv=1,237/s (records_manager.py:1345)
18:46:37.001 INFO     Per-trace idle cap advanced replay root a3dea304-cdb7-49ad-a6a9-7b96a3e6db86 by 643.010s (replay_dependencies.py:324)
18:46:44.539 INFO     [realtime 17:33 profiling] (records_manager.py:1345)
18:46:44.539 INFO       rps=1.1 (avg 1.4)  tput_in=165,101/s  tput_out=1,211/s  done=1,464 ok=1,464 err=0 (records_manager.py:1345)
18:46:44.539 INFO       ttft    p50=  461ms  p75=   678ms  p95= 1,581ms  p99=  5,732ms (records_manager.py:1345)
18:46:44.539 INFO       itl     p50=   11ms  p75=    14ms  p95=    20ms  p99=     37ms (records_manager.py:1345)
18:46:44.539 INFO       e2e     p50=3,950ms  p75=10,347ms  p95=46,479ms  p99=102,205ms (records_manager.py:1345)
18:46:44.539 INFO       intvty  p50=     91  p75=     124  p95=     167  p99=      203  (1/tpot tok/s) (records_manager.py:1345)
18:46:44.539 INFO       isl     p50= 94,166  p75= 144,125  p90= 204,419  p99=  689,502  (tokens) (records_manager.py:1345)
18:46:44.539 INFO       osl     p50=    305  p75=     786  p90=   1,967  p99=    8,809  (tokens) (records_manager.py:1345)
18:46:44.539 INFO       tot     in=173,172,729  out=1,270,324 (records_manager.py:1345)
18:46:44.539 INFO       trace  theoretical_prefix_cache_hit=96.7% (records_manager.py:1345)
18:46:44.539 INFO       srv    prefix_cache_hit=94.5% unique_in_srv=9,698,583 ext_cache_hit=31.4% kv_usage=20.7% queue=10r/0w tput_in_srv=166,283/s tput_out_srv=1,234/s (records_manager.py:1345)
18:47:15.903 INFO     [realtime 18:04 profiling] (records_manager.py:1345)
18:47:15.903 INFO       rps=0.6 (avg 1.4)  tput_in=163,690/s  tput_out=1,214/s  done=1,484 ok=1,484 err=0 (records_manager.py:1345)
18:47:15.903 INFO       ttft    p50=  463ms  p75=   681ms  p95= 1,576ms  p99=  5,724ms (records_manager.py:1345)
18:47:15.903 INFO       itl     p50=   11ms  p75=    14ms  p95=    20ms  p99=     37ms (records_manager.py:1345)
18:47:15.903 INFO       e2e     p50=4,000ms  p75=10,460ms  p95=46,479ms  p99=103,822ms (records_manager.py:1345)
18:47:15.903 INFO       intvty  p50=     92  p75=     125  p95=     166  p99=      203  (1/tpot tok/s) (records_manager.py:1345)
18:47:15.903 INFO       isl     p50= 95,490  p75= 145,783  p90= 206,512  p99=  687,832  (tokens) (records_manager.py:1345)
18:47:15.903 INFO       osl     p50=    308  p75=     804  p90=   1,975  p99=    8,877  (tokens) (records_manager.py:1345)
18:47:15.903 INFO       tot     in=177,238,513  out=1,314,622 (records_manager.py:1345)
18:47:15.903 INFO       trace  theoretical_prefix_cache_hit=96.7% (records_manager.py:1345)
18:47:15.903 INFO       srv    prefix_cache_hit=94.5% unique_in_srv=9,764,059 ext_cache_hit=31.1% kv_usage=22.0% queue=10r/0w tput_in_srv=165,327/s tput_out_srv=1,238/s (records_manager.py:1345)
18:47:43.818 INFO     Per-trace idle cap advanced replay root 0191a7c1-a498-4bb9-9bcf-ef05fa614b5b by 421.824s (replay_dependencies.py:324)
18:47:47.438 INFO     [realtime 18:35 profiling] (records_manager.py:1345)
18:47:47.438 INFO       rps=0.8 (avg 1.4)  tput_in=162,244/s  tput_out=1,200/s  done=1,510 ok=1,510 err=0 (records_manager.py:1345)
18:47:47.438 INFO       ttft    p50=  465ms  p75=   678ms  p95= 1,556ms  p99=  5,699ms (records_manager.py:1345)
18:47:47.438 INFO       itl     p50=   11ms  p75=    14ms  p95=    20ms  p99=     36ms (records_manager.py:1345)
18:47:47.438 INFO       e2e     p50=3,960ms  p75=10,328ms  p95=46,473ms  p99=102,918ms (records_manager.py:1345)
18:47:47.438 INFO       intvty  p50=     93  p75=     125  p95=     166  p99=      204  (1/tpot tok/s) (records_manager.py:1345)
18:47:47.438 INFO       isl     p50= 96,230  p75= 146,675  p90= 207,406  p99=  686,192  (tokens) (records_manager.py:1345)
18:47:47.438 INFO       osl     p50=    307  p75=     810  p90=   1,972  p99=    8,834  (tokens) (records_manager.py:1345)
18:47:47.438 INFO       tot     in=180,690,109  out=1,336,863 (records_manager.py:1345)
18:47:47.438 INFO       trace  theoretical_prefix_cache_hit=96.7% (records_manager.py:1345)
18:47:47.438 INFO       srv    prefix_cache_hit=94.6% unique_in_srv=9,929,446 ext_cache_hit=30.6% kv_usage=35.6% queue=13r/0w tput_in_srv=164,729/s tput_out_srv=1,239/s (records_manager.py:1345)
18:48:00.250 INFO     Per-trace idle cap advanced replay root a682af97-0b30-4229-8916-c4d2781e2551 by 2231.108s (replay_dependencies.py:324)
18:48:18.866 INFO     [realtime 19:07 profiling] (records_manager.py:1345)
18:48:18.866 INFO       rps=1.0 (avg 1.3)  tput_in=161,343/s  tput_out=1,190/s  done=1,541 ok=1,541 err=0 (records_manager.py:1345)
18:48:18.866 INFO       ttft    p50=  464ms  p75=   680ms  p95= 1,591ms  p99=  5,635ms (records_manager.py:1345)
18:48:18.866 INFO       itl     p50=   11ms  p75=    14ms  p95=    20ms  p99=     36ms (records_manager.py:1345)
18:48:18.866 INFO       e2e     p50=3,961ms  p75=10,356ms  p95=46,461ms  p99=102,509ms (records_manager.py:1345)
18:48:18.866 INFO       intvty  p50=     93  p75=     125  p95=     165  p99=      203  (1/tpot tok/s) (records_manager.py:1345)
18:48:18.866 INFO       isl     p50= 96,620  p75= 148,639  p90= 209,298  p99=  685,436  (tokens) (records_manager.py:1345)
18:48:18.866 INFO       osl     p50=    307  p75=     812  p90=   1,977  p99=    8,820  (tokens) (records_manager.py:1345)
18:48:18.866 INFO       tot     in=184,800,366  out=1,362,919 (records_manager.py:1345)
18:48:18.866 INFO       trace  theoretical_prefix_cache_hit=96.7% (records_manager.py:1345)
18:48:18.866 INFO       srv    prefix_cache_hit=94.4% unique_in_srv=10,527,942 ext_cache_hit=33.5% kv_usage=39.7% queue=14r/0w tput_in_srv=164,073/s tput_out_srv=1,236/s (records_manager.py:1345)
18:48:25.036 INFO     Per-trace idle cap advanced replay root c598a98d-3090-4c8b-a1e8-20dc7bfd6176 by 130.031s (replay_dependencies.py:324)
18:48:50.470 INFO     [realtime 19:38 profiling] (records_manager.py:1345)
18:48:50.470 INFO       rps=1.4 (avg 1.3)  tput_in=163,072/s  tput_out=1,227/s  done=1,585 ok=1,585 err=0 (records_manager.py:1345)
18:48:50.470 INFO       ttft    p50=  469ms  p75=   684ms  p95= 1,607ms  p99=  5,543ms (records_manager.py:1345)
18:48:50.470 INFO       itl     p50=   11ms  p75=    14ms  p95=    19ms  p99=     36ms (records_manager.py:1345)
18:48:50.470 INFO       e2e     p50=4,019ms  p75=10,558ms  p95=47,409ms  p99=111,749ms (records_manager.py:1345)
18:48:50.470 INFO       intvty  p50=     94  p75=     124  p95=     164  p99=      203  (1/tpot tok/s) (records_manager.py:1345)
18:48:50.470 INFO       isl     p50= 97,204  p75= 150,144  p90= 211,400  p99=  687,748  (tokens) (records_manager.py:1345)
18:48:50.470 INFO       osl     p50=    309  p75=     819  p90=   2,004  p99=    9,709  (tokens) (records_manager.py:1345)
18:48:50.470 INFO       tot     in=191,922,259  out=1,444,099 (records_manager.py:1345)
18:48:50.470 INFO       trace  theoretical_prefix_cache_hit=96.7% (records_manager.py:1345)
18:48:50.470 INFO       srv    prefix_cache_hit=94.4% unique_in_srv=10,816,798 ext_cache_hit=33.2% kv_usage=18.7% queue=10r/0w tput_in_srv=164,219/s tput_out_srv=1,233/s (records_manager.py:1345)
18:49:21.350 INFO     Per-trace idle cap advanced replay root 1740cd42-b17c-4653-84b6-ef32c476c677 by 241505.221s (replay_dependencies.py:324)
18:49:22.034 INFO     [realtime 20:10 profiling] (records_manager.py:1345)
18:49:22.034 INFO       rps=1.1 (avg 1.3)  tput_in=164,359/s  tput_out=1,216/s  done=1,619 ok=1,619 err=0 (records_manager.py:1345)
18:49:22.034 INFO       ttft    p50=  469ms  p75=   687ms  p95= 1,606ms  p99=  5,470ms (records_manager.py:1345)
18:49:22.034 INFO       itl     p50=   11ms  p75=    14ms  p95=    19ms  p99=     36ms (records_manager.py:1345)
18:49:22.034 INFO       e2e     p50=4,022ms  p75=10,484ms  p95=46,643ms  p99=110,492ms (records_manager.py:1345)
18:49:22.034 INFO       intvty  p50=     94  p75=     125  p95=     164  p99=      201  (1/tpot tok/s) (records_manager.py:1345)
18:49:22.034 INFO       isl     p50= 98,164  p75= 152,086  p90= 216,275  p99=  696,556  (tokens) (records_manager.py:1345)
18:49:22.034 INFO       osl     p50=    313  p75=     832  p90=   1,999  p99=    9,522  (tokens) (records_manager.py:1345)
18:49:22.034 INFO       tot     in=198,539,327  out=1,468,836 (records_manager.py:1345)
18:49:22.034 INFO       trace  theoretical_prefix_cache_hit=96.8% (records_manager.py:1345)
18:49:22.034 INFO       srv    prefix_cache_hit=94.5% unique_in_srv=11,052,621 ext_cache_hit=33.9% kv_usage=20.5% queue=10r/0w tput_in_srv=165,609/s tput_out_srv=1,228/s (records_manager.py:1345)
18:49:53.885 INFO     [realtime 20:42 profiling] (records_manager.py:1345)
18:49:53.885 INFO       rps=1.3 (avg 1.3)  tput_in=164,861/s  tput_out=1,214/s  done=1,660 ok=1,660 err=0 (records_manager.py:1345)
18:49:53.885 INFO       ttft    p50=  472ms  p75=   692ms  p95= 1,583ms  p99=  5,377ms (records_manager.py:1345)
18:49:53.885 INFO       itl     p50=   10ms  p75=    14ms  p95=    19ms  p99=     35ms (records_manager.py:1345)
18:49:53.885 INFO       e2e     p50=4,014ms  p75=10,347ms  p95=46,487ms  p99=109,074ms (records_manager.py:1345)
18:49:53.885 INFO       intvty  p50=     96  p75=     125  p95=     164  p99=      203  (1/tpot tok/s) (records_manager.py:1345)
18:49:53.885 INFO       isl     p50= 98,976  p75= 153,270  p90= 219,060  p99=  695,659  (tokens) (records_manager.py:1345)
18:49:53.885 INFO       osl     p50=    312  p75=     834  p90=   2,022  p99=    9,363  (tokens) (records_manager.py:1345)
18:49:53.885 INFO       tot     in=204,450,430  out=1,505,737 (records_manager.py:1345)
18:49:53.885 INFO       trace  theoretical_prefix_cache_hit=96.8% (records_manager.py:1345)
18:49:53.885 INFO       srv    prefix_cache_hit=94.5% unique_in_srv=11,251,109 ext_cache_hit=34.1% kv_usage=22.9% queue=7r/0w tput_in_srv=166,357/s tput_out_srv=1,227/s (records_manager.py:1345)
18:50:25.643 INFO     [realtime 21:14 profiling] (records_manager.py:1345)
18:50:25.643 INFO       rps=1.3 (avg 1.3)  tput_in=165,854/s  tput_out=1,213/s  done=1,702 ok=1,702 err=0 (records_manager.py:1345)
18:50:25.643 INFO       ttft    p50=  472ms  p75=   697ms  p95= 1,586ms  p99=  5,283ms (records_manager.py:1345)
18:50:25.643 INFO       itl     p50=   10ms  p75=    14ms  p95=    19ms  p99=     34ms (records_manager.py:1345)
18:50:25.643 INFO       e2e     p50=3,906ms  p75=10,279ms  p95=46,425ms  p99=107,611ms (records_manager.py:1345)
18:50:25.643 INFO       intvty  p50=     97  p75=     125  p95=     165  p99=      205  (1/tpot tok/s) (records_manager.py:1345)
18:50:25.643 INFO       isl     p50= 98,672  p75= 153,936  p90= 222,675  p99=  697,519  (tokens) (records_manager.py:1345)
18:50:25.643 INFO       osl     p50=    309  p75=     833  p90=   2,042  p99=    9,204  (tokens) (records_manager.py:1345)
18:50:25.643 INFO       tot     in=210,934,291  out=1,542,792 (records_manager.py:1345)
18:50:25.643 INFO       trace  theoretical_prefix_cache_hit=96.8% (records_manager.py:1345)
18:50:25.643 INFO       srv    prefix_cache_hit=94.6% unique_in_srv=11,418,336 ext_cache_hit=34.3% kv_usage=8.1% queue=4r/0w tput_in_srv=166,282/s tput_out_srv=1,217/s (records_manager.py:1345)
18:50:40.572 INFO     Per-trace idle cap advanced replay root db3987a7-aa88-4e3d-8fc2-7e41539f4204 by 4096.641s (replay_dependencies.py:324)
18:50:57.418 INFO     [realtime 21:45 profiling] (records_manager.py:1345)
18:50:57.418 INFO       rps=1.1 (avg 1.3)  tput_in=166,298/s  tput_out=1,201/s  done=1,738 ok=1,738 err=0 (records_manager.py:1345)
18:50:57.418 INFO       ttft    p50=  472ms  p75=   700ms  p95= 1,587ms  p99=  5,221ms (records_manager.py:1345)
18:50:57.418 INFO       itl     p50=   10ms  p75=    14ms  p95=    19ms  p99=     34ms (records_manager.py:1345)
18:50:57.418 INFO       e2e     p50=3,872ms  p75=10,206ms  p95=45,544ms  p99=105,971ms (records_manager.py:1345)
18:50:57.418 INFO       intvty  p50=     98  p75=     126  p95=     165  p99=      211  (1/tpot tok/s) (records_manager.py:1345)
18:50:57.418 INFO       isl     p50= 98,672  p75= 154,722  p90= 225,557  p99=  700,231  (tokens) (records_manager.py:1345)
18:50:57.418 INFO       osl     p50=    306  p75=     824  p90=   2,051  p99=    9,154  (tokens) (records_manager.py:1345)
18:50:57.418 INFO       tot     in=216,698,894  out=1,564,789 (records_manager.py:1345)
18:50:57.418 INFO       trace  theoretical_prefix_cache_hit=96.9% (records_manager.py:1345)
18:50:57.418 INFO       srv    prefix_cache_hit=94.7% unique_in_srv=11,551,917 ext_cache_hit=34.2% kv_usage=30.1% queue=9r/0w tput_in_srv=168,082/s tput_out_srv=1,208/s (records_manager.py:1345)
18:51:29.350 INFO     [realtime 22:17 profiling] (records_manager.py:1345)
18:51:29.350 INFO       rps=1.0 (avg 1.3)  tput_in=166,570/s  tput_out=1,194/s  done=1,771 ok=1,771 err=0 (records_manager.py:1345)
18:51:29.350 INFO       ttft    p50=  472ms  p75=   700ms  p95= 1,585ms  p99=  5,164ms (records_manager.py:1345)
18:51:29.350 INFO       itl     p50=   10ms  p75=    14ms  p95=    19ms  p99=     33ms (records_manager.py:1345)
18:51:29.350 INFO       e2e     p50=3,869ms  p75=10,204ms  p95=45,076ms  p99=104,468ms (records_manager.py:1345)
18:51:29.350 INFO       intvty  p50=     99  p75=     126  p95=     165  p99=      209  (1/tpot tok/s) (records_manager.py:1345)
18:51:29.350 INFO       isl     p50= 98,823  p75= 155,702  p90= 229,170  p99=  702,861  (tokens) (records_manager.py:1345)
18:51:29.350 INFO       osl     p50=    307  p75=     837  p90=   2,040  p99=    9,109  (tokens) (records_manager.py:1345)
18:51:29.350 INFO       tot     in=222,300,728  out=1,593,508 (records_manager.py:1345)
18:51:29.350 INFO       trace  theoretical_prefix_cache_hit=96.9% (records_manager.py:1345)
18:51:29.350 INFO       srv    prefix_cache_hit=94.8% unique_in_srv=11,629,471 ext_cache_hit=34.0% kv_usage=30.7% queue=8r/0w tput_in_srv=168,319/s tput_out_srv=1,203/s (records_manager.py:1345)
18:51:36.525 WARNING  Event loop for worker_d4d8777d is taking too long to run. Overhead: 58.72ms (event_loop_monitor.py:89)
18:52:01.179 INFO     [realtime 22:49 profiling] (records_manager.py:1345)
18:52:01.179 INFO       rps=0.9 (avg 1.3)  tput_in=166,153/s  tput_out=1,187/s  done=1,799 ok=1,799 err=0 (records_manager.py:1345)
18:52:01.179 INFO       ttft    p50=  473ms  p75=   704ms  p95= 1,593ms  p99=  5,116ms (records_manager.py:1345)
18:52:01.179 INFO       itl     p50=   10ms  p75=    14ms  p95=    19ms  p99=     32ms (records_manager.py:1345)
18:52:01.179 INFO       e2e     p50=3,859ms  p75=10,210ms  p95=45,533ms  p99=103,193ms (records_manager.py:1345)
18:52:01.179 INFO       intvty  p50=    100  p75=     126  p95=     164  p99=      212  (1/tpot tok/s) (records_manager.py:1345)
18:52:01.179 INFO       isl     p50= 98,823  p75= 156,633  p90= 231,204  p99=  705,331  (tokens) (records_manager.py:1345)
18:52:01.179 INFO       osl     p50=    307  p75=     849  p90=   2,048  p99=    9,071  (tokens) (records_manager.py:1345)
18:52:01.179 INFO       tot     in=227,245,505  out=1,623,759 (records_manager.py:1345)
18:52:01.179 INFO       trace  theoretical_prefix_cache_hit=96.9% (records_manager.py:1345)
18:52:01.179 INFO       srv    prefix_cache_hit=94.9% unique_in_srv=11,801,812 ext_cache_hit=33.5% kv_usage=35.8% queue=12r/0w tput_in_srv=167,752/s tput_out_srv=1,199/s (records_manager.py:1345)
18:52:10.211 INFO     Per-trace idle cap advanced replay root c3537799-fecd-48c7-9822-30b0b0b18a3d by 16.542s (replay_dependencies.py:324)
18:52:32.334 INFO     Per-trace idle cap advanced replay root 74761d3e-5e20-4fd8-b5ca-4af7ad50107b by 178.781s (replay_dependencies.py:324)
18:52:32.968 INFO     [realtime 23:21 profiling] (records_manager.py:1345)
18:52:32.968 INFO       rps=1.4 (avg 1.3)  tput_in=168,409/s  tput_out=1,190/s  done=1,843 ok=1,843 err=0 (records_manager.py:1345)
18:52:32.968 INFO       ttft    p50=  475ms  p75=   707ms  p95= 1,591ms  p99=  5,045ms (records_manager.py:1345)
18:52:32.968 INFO       itl     p50=   10ms  p75=    13ms  p95=    19ms  p99=     32ms (records_manager.py:1345)
18:52:32.968 INFO       e2e     p50=3,855ms  p75=10,204ms  p95=44,592ms  p99=103,075ms (records_manager.py:1345)
18:52:32.968 INFO       intvty  p50=    101  p75=     127  p95=     166  p99=      210  (1/tpot tok/s) (records_manager.py:1345)
18:52:32.968 INFO       isl     p50= 99,787  p75= 158,796  p90= 236,140  p99=  706,555  (tokens) (records_manager.py:1345)
18:52:32.968 INFO       osl     p50=    309  p75=     849  p90=   2,078  p99=    8,971  (tokens) (records_manager.py:1345)
18:52:32.968 INFO       tot     in=235,603,444  out=1,665,058 (records_manager.py:1345)
18:52:32.968 INFO       trace  theoretical_prefix_cache_hit=97.0% (records_manager.py:1345)
18:52:32.968 INFO       srv    prefix_cache_hit=94.9% unique_in_srv=12,017,446 ext_cache_hit=33.9% kv_usage=7.3% queue=4r/0w tput_in_srv=168,680/s tput_out_srv=1,192/s (records_manager.py:1345)
18:52:54.817 INFO     Per-trace idle cap advanced replay root 50f768c0-1d49-4aa9-9dec-158521501844 by 3102.299s (replay_dependencies.py:324)
18:53:04.828 INFO     [realtime 23:53 profiling] (records_manager.py:1345)
18:53:04.828 INFO       rps=0.9 (avg 1.3)  tput_in=167,955/s  tput_out=1,180/s  done=1,872 ok=1,872 err=0 (records_manager.py:1345)
18:53:04.828 INFO       ttft    p50=  476ms  p75=   707ms  p95= 1,588ms  p99=  4,999ms (records_manager.py:1345)
18:53:04.828 INFO       itl     p50=   10ms  p75=    13ms  p95=    19ms  p99=     32ms (records_manager.py:1345)
18:53:04.828 INFO       e2e     p50=3,850ms  p75=10,190ms  p95=44,024ms  p99=103,056ms (records_manager.py:1345)
18:53:04.828 INFO       intvty  p50=    102  p75=     128  p95=     166  p99=      213  (1/tpot tok/s) (records_manager.py:1345)
18:53:04.828 INFO       isl     p50=100,794  p75= 160,083  p90= 237,038  p99=  705,921  (tokens) (records_manager.py:1345)
18:53:04.828 INFO       osl     p50=    309  p75=     849  p90=   2,078  p99=    8,905  (tokens) (records_manager.py:1345)
18:53:04.828 INFO       tot     in=240,145,293  out=1,687,302 (records_manager.py:1345)
18:53:04.828 INFO       trace  theoretical_prefix_cache_hit=97.0% (records_manager.py:1345)
18:53:04.828 INFO       srv    prefix_cache_hit=94.9% unique_in_srv=12,338,948 ext_cache_hit=35.0% kv_usage=16.9% queue=8r/0w tput_in_srv=168,749/s tput_out_srv=1,184/s (records_manager.py:1345)
18:53:08.854 INFO     Per-trace idle cap advanced replay root a682af97-0b30-4229-8916-c4d2781e2551 by 207.518s (replay_dependencies.py:324)
18:53:36.879 INFO     [realtime 24:25 profiling] (records_manager.py:1345)
18:53:36.880 INFO       rps=0.7 (avg 1.3)  tput_in=167,196/s  tput_out=1,168/s  done=1,896 ok=1,896 err=0 (records_manager.py:1345)
18:53:36.880 INFO       ttft    p50=  476ms  p75=   707ms  p95= 1,587ms  p99=  4,961ms (records_manager.py:1345)
18:53:36.880 INFO       itl     p50=   10ms  p75=    13ms  p95=    19ms  p99=     32ms (records_manager.py:1345)
18:53:36.880 INFO       e2e     p50=3,850ms  p75=10,160ms  p95=43,928ms  p99=103,040ms (records_manager.py:1345)
18:53:36.880 INFO       intvty  p50=    103  p75=     128  p95=     167  p99=      217  (1/tpot tok/s) (records_manager.py:1345)
18:53:36.880 INFO       isl     p50=101,442  p75= 161,404  p90= 241,276  p99=  705,396  (tokens) (records_manager.py:1345)
18:53:36.880 INFO       osl     p50=    310  p75=     849  p90=   2,082  p99=    8,849  (tokens) (records_manager.py:1345)
18:53:36.880 INFO       tot     in=244,205,841  out=1,706,610 (records_manager.py:1345)
18:53:36.880 INFO       trace  theoretical_prefix_cache_hit=97.0% (records_manager.py:1345)
18:53:36.880 INFO       srv    prefix_cache_hit=94.9% unique_in_srv=12,633,350 ext_cache_hit=35.1% kv_usage=24.3% queue=11r/0w tput_in_srv=168,238/s tput_out_srv=1,182/s (records_manager.py:1345)
18:54:08.823 INFO     [realtime 24:57 profiling] (records_manager.py:1345)
18:54:08.824 INFO       rps=0.7 (avg 1.3)  tput_in=165,577/s  tput_out=1,171/s  done=1,918 ok=1,918 err=0 (records_manager.py:1345)
18:54:08.824 INFO       ttft    p50=  476ms  p75=   706ms  p95= 1,587ms  p99=  4,937ms (records_manager.py:1345)
18:54:08.824 INFO       itl     p50=   10ms  p75=    13ms  p95=    19ms  p99=     32ms (records_manager.py:1345)
18:54:08.824 INFO       e2e     p50=3,872ms  p75=10,210ms  p95=43,968ms  p99=102,812ms (records_manager.py:1345)
18:54:08.824 INFO       intvty  p50=    103  p75=     128  p95=     167  p99=      216  (1/tpot tok/s) (records_manager.py:1345)
18:54:08.824 INFO       isl     p50=101,262  p75= 162,149  p90= 240,834  p99=  704,698  (tokens) (records_manager.py:1345)
18:54:08.824 INFO       osl     p50=    314  p75=     878  p90=   2,148  p99=    8,830  (tokens) (records_manager.py:1345)
18:54:08.824 INFO       tot     in=247,274,168  out=1,748,734 (records_manager.py:1345)
18:54:08.824 INFO       trace  theoretical_prefix_cache_hit=97.0% (records_manager.py:1345)
18:54:08.824 INFO       srv    prefix_cache_hit=94.9% unique_in_srv=12,689,450 ext_cache_hit=34.9% kv_usage=16.2% queue=10r/0w tput_in_srv=166,181/s tput_out_srv=1,184/s (records_manager.py:1345)
18:54:37.691 INFO     Per-trace idle cap advanced replay root c14019c9-23bc-4d21-baaa-c9e97580da8c by 897.729s (replay_dependencies.py:324)
18:54:40.930 INFO     [realtime 25:29 profiling] (records_manager.py:1345)
18:54:40.930 INFO       rps=0.8 (avg 1.3)  tput_in=164,231/s  tput_out=1,166/s  done=1,944 ok=1,944 err=0 (records_manager.py:1345)
18:54:40.930 INFO       ttft    p50=  476ms  p75=   704ms  p95= 1,590ms  p99=  4,911ms (records_manager.py:1345)
18:54:40.930 INFO       itl     p50=   10ms  p75=    13ms  p95=    19ms  p99=     32ms (records_manager.py:1345)
18:54:40.930 INFO       e2e     p50=3,885ms  p75=10,295ms  p95=43,893ms  p99=102,469ms (records_manager.py:1345)
18:54:40.930 INFO       intvty  p50=    104  p75=     129  p95=     167  p99=      221  (1/tpot tok/s) (records_manager.py:1345)
18:54:40.930 INFO       isl     p50=100,966  p75= 162,597  p90= 240,527  p99=  706,534  (tokens) (records_manager.py:1345)
18:54:40.930 INFO       osl     p50=    317  p75=     883  p90=   2,164  p99=    8,818  (tokens) (records_manager.py:1345)
18:54:40.930 INFO       tot     in=250,691,539  out=1,779,123 (records_manager.py:1345)
18:54:40.930 INFO       trace  theoretical_prefix_cache_hit=97.0% (records_manager.py:1345)
18:54:40.930 INFO       srv    prefix_cache_hit=94.9% unique_in_srv=12,973,867 ext_cache_hit=34.2% kv_usage=36.4% queue=19r/0w tput_in_srv=166,010/s tput_out_srv=1,185/s (records_manager.py:1345)
18:54:53.139 INFO     Per-trace idle cap advanced replay root 1740cd42-b17c-4653-84b6-ef32c476c677 by 109209.565s (replay_dependencies.py:324)
18:55:12.969 INFO     [realtime 26:01 profiling] (records_manager.py:1345)
18:55:12.969 INFO       rps=1.3 (avg 1.3)  tput_in=164,086/s  tput_out=1,184/s  done=1,985 ok=1,985 err=0 (records_manager.py:1345)
18:55:12.969 INFO       ttft    p50=  476ms  p75=   704ms  p95= 1,590ms  p99=  4,871ms (records_manager.py:1345)
18:55:12.969 INFO       itl     p50=   10ms  p75=    13ms  p95=    19ms  p99=     32ms (records_manager.py:1345)
18:55:12.969 INFO       e2e     p50=3,989ms  p75=10,563ms  p95=43,935ms  p99=103,047ms (records_manager.py:1345)
18:55:12.969 INFO       intvty  p50=    104  p75=     128  p95=     166  p99=      218  (1/tpot tok/s) (records_manager.py:1345)
18:55:12.969 INFO       isl     p50=100,867  p75= 162,764  p90= 239,493  p99=  707,834  (tokens) (records_manager.py:1345)
18:55:12.969 INFO       osl     p50=    323  p75=     899  p90=   2,199  p99=    8,875  (tokens) (records_manager.py:1345)
18:55:12.969 INFO       tot     in=255,772,699  out=1,845,261 (records_manager.py:1345)
18:55:12.969 INFO       trace  theoretical_prefix_cache_hit=97.0% (records_manager.py:1345)
18:55:12.969 INFO       srv    prefix_cache_hit=94.9% unique_in_srv=13,145,927 ext_cache_hit=34.2% kv_usage=23.3% queue=11r/0w tput_in_srv=165,270/s tput_out_srv=1,191/s (records_manager.py:1345)
18:55:45.177 INFO     [realtime 26:33 profiling] (records_manager.py:1345)
18:55:45.177 INFO       rps=1.1 (avg 1.3)  tput_in=163,478/s  tput_out=1,181/s  done=2,020 ok=2,020 err=0 (records_manager.py:1345)
18:55:45.177 INFO       ttft    p50=  476ms  p75=   704ms  p95= 1,608ms  p99=  4,831ms (records_manager.py:1345)
18:55:45.177 INFO       itl     p50=   10ms  p75=    13ms  p95=    19ms  p99=     32ms (records_manager.py:1345)
18:55:45.177 INFO       e2e     p50=4,028ms  p75=10,567ms  p95=43,925ms  p99=102,786ms (records_manager.py:1345)
18:55:45.177 INFO       intvty  p50=    104  p75=     127  p95=     165  p99=      223  (1/tpot tok/s) (records_manager.py:1345)
18:55:45.177 INFO       isl     p50=100,712  p75= 162,836  p90= 238,744  p99=  707,058  (tokens) (records_manager.py:1345)
18:55:45.177 INFO       osl     p50=    331  p75=     899  p90=   2,198  p99=    8,829  (tokens) (records_manager.py:1345)
18:55:45.177 INFO       tot     in=259,679,370  out=1,875,488 (records_manager.py:1345)
18:55:45.177 INFO       trace  theoretical_prefix_cache_hit=96.9% (records_manager.py:1345)
18:55:45.177 INFO       srv    prefix_cache_hit=94.8% unique_in_srv=13,651,478 ext_cache_hit=32.9% kv_usage=34.8% queue=14r/3w tput_in_srv=164,885/s tput_out_srv=1,192/s (records_manager.py:1345)
18:56:16.490 INFO     Per-trace idle cap advanced replay root ad9ef6a6-eac8-4618-8090-0ce73a3fa4ea by 9226.499s (replay_dependencies.py:324)
18:56:17.285 INFO     [realtime 27:05 profiling] (records_manager.py:1345)
18:56:17.285 INFO       rps=1.3 (avg 1.3)  tput_in=163,128/s  tput_out=1,179/s  done=2,061 ok=2,061 err=0 (records_manager.py:1345)
18:56:17.285 INFO       ttft    p50=  476ms  p75=   707ms  p95= 1,633ms  p99=  5,181ms (records_manager.py:1345)
18:56:17.285 INFO       itl     p50=   10ms  p75=    13ms  p95=    19ms  p99=     32ms (records_manager.py:1345)
18:56:17.285 INFO       e2e     p50=4,119ms  p75=10,879ms  p95=43,715ms  p99=102,245ms (records_manager.py:1345)
18:56:17.285 INFO       intvty  p50=    103  p75=     127  p95=     165  p99=      219  (1/tpot tok/s) (records_manager.py:1345)
18:56:17.285 INFO       isl     p50=100,720  p75= 162,835  p90= 240,716  p99=  706,162  (tokens) (records_manager.py:1345)
18:56:17.285 INFO       osl     p50=    332  p75=     909  p90=   2,198  p99=    8,810  (tokens) (records_manager.py:1345)
18:56:17.285 INFO       tot     in=264,758,723  out=1,913,701 (records_manager.py:1345)
18:56:17.285 INFO       trace  theoretical_prefix_cache_hit=97.0% (records_manager.py:1345)
18:56:17.285 INFO       srv    prefix_cache_hit=94.8% unique_in_srv=13,882,950 ext_cache_hit=32.3% kv_usage=31.0% queue=13r/0w tput_in_srv=164,656/s tput_out_srv=1,192/s (records_manager.py:1345)
18:56:49.562 INFO     [realtime 27:38 profiling] (records_manager.py:1345)
18:56:49.562 INFO       rps=1.4 (avg 1.3)  tput_in=163,454/s  tput_out=1,181/s  done=2,106 ok=2,106 err=0 (records_manager.py:1345)
18:56:49.562 INFO       ttft    p50=  476ms  p75=   707ms  p95= 1,634ms  p99=  5,276ms (records_manager.py:1345)
18:56:49.562 INFO       itl     p50=   10ms  p75=    13ms  p95=    19ms  p99=     32ms (records_manager.py:1345)
18:56:49.562 INFO       e2e     p50=4,137ms  p75=10,949ms  p95=43,698ms  p99=101,584ms (records_manager.py:1345)
18:56:49.562 INFO       intvty  p50=    103  p75=     126  p95=     164  p99=      216  (1/tpot tok/s) (records_manager.py:1345)
18:56:49.562 INFO       isl     p50=100,712  p75= 162,747  p90= 241,473  p99=  707,365  (tokens) (records_manager.py:1345)
18:56:49.562 INFO       osl     p50=    333  p75=     918  p90=   2,206  p99=    8,775  (tokens) (records_manager.py:1345)
18:56:49.562 INFO       tot     in=270,582,139  out=1,955,474 (records_manager.py:1345)
18:56:49.562 INFO       trace  theoretical_prefix_cache_hit=96.9% (records_manager.py:1345)
18:56:49.562 INFO       srv    prefix_cache_hit=94.8% unique_in_srv=14,090,828 ext_cache_hit=32.5% kv_usage=30.7% queue=9r/0w tput_in_srv=164,483/s tput_out_srv=1,195/s (records_manager.py:1345)
18:56:50.428 INFO     Per-trace idle cap advanced replay root db3987a7-aa88-4e3d-8fc2-7e41539f4204 by 641.949s (replay_dependencies.py:324)
18:57:13.314 INFO     Per-trace idle cap advanced replay root c3537799-fecd-48c7-9822-30b0b0b18a3d by 748.586s (replay_dependencies.py:324)
18:57:21.584 INFO     Per-trace idle cap advanced replay root e8382b14-d23c-4aca-a933-ea36503d6909 by 7801.785s (replay_dependencies.py:324)
18:57:21.897 INFO     [realtime 28:10 profiling] (records_manager.py:1345)
18:57:21.897 INFO       rps=0.8 (avg 1.3)  tput_in=162,796/s  tput_out=1,183/s  done=2,133 ok=2,133 err=0 (records_manager.py:1345)
18:57:21.897 INFO       ttft    p50=  479ms  p75=   709ms  p95= 1,633ms  p99=  5,230ms (records_manager.py:1345)
18:57:21.897 INFO       itl     p50=   10ms  p75=    13ms  p95=    19ms  p99=     32ms (records_manager.py:1345)
18:57:21.897 INFO       e2e     p50=4,179ms  p75=11,101ms  p95=43,799ms  p99=102,614ms (records_manager.py:1345)
18:57:21.897 INFO       intvty  p50=    103  p75=     126  p95=     164  p99=      216  (1/tpot tok/s) (records_manager.py:1345)
18:57:21.897 INFO       isl     p50=101,098  p75= 163,663  p90= 242,565  p99=  706,774  (tokens) (records_manager.py:1345)
18:57:21.897 INFO       osl     p50=    336  p75=     944  p90=   2,216  p99=    8,823  (tokens) (records_manager.py:1345)
18:57:21.897 INFO       tot     in=274,724,778  out=1,997,147 (records_manager.py:1345)
18:57:21.897 INFO       trace  theoretical_prefix_cache_hit=97.0% (records_manager.py:1345)
18:57:21.897 INFO       srv    prefix_cache_hit=94.7% unique_in_srv=14,803,302 ext_cache_hit=34.7% kv_usage=44.1% queue=15r/0w tput_in_srv=164,901/s tput_out_srv=1,193/s (records_manager.py:1345)
18:57:37.397 INFO     Per-trace idle cap advanced replay root 9664426c-9b47-4f97-b3e4-bc28feaa5c8c by 2420.984s (replay_dependencies.py:324)
18:57:54.283 INFO     [realtime 28:42 profiling] (records_manager.py:1345)
18:57:54.283 INFO       rps=0.8 (avg 1.3)  tput_in=162,031/s  tput_out=1,179/s  done=2,159 ok=2,159 err=0 (records_manager.py:1345)
18:57:54.283 INFO       ttft    p50=  480ms  p75=   710ms  p95= 1,659ms  p99=  5,185ms (records_manager.py:1345)
18:57:54.283 INFO       itl     p50=   10ms  p75=    13ms  p95=    19ms  p99=     32ms (records_manager.py:1345)
18:57:54.283 INFO       e2e     p50=4,210ms  p75=11,162ms  p95=43,926ms  p99=102,271ms (records_manager.py:1345)
18:57:54.283 INFO       intvty  p50=    102  p75=     126  p95=     164  p99=      215  (1/tpot tok/s) (records_manager.py:1345)
18:57:54.283 INFO       isl     p50=101,842  p75= 163,848  p90= 242,748  p99=  708,420  (tokens) (records_manager.py:1345)
18:57:54.283 INFO       osl     p50=    338  p75=     946  p90=   2,223  p99=    8,811  (tokens) (records_manager.py:1345)
18:57:54.283 INFO       tot     in=278,679,926  out=2,026,946 (records_manager.py:1345)
18:57:54.283 INFO       trace  theoretical_prefix_cache_hit=97.0% (records_manager.py:1345)
18:57:54.283 INFO       srv    prefix_cache_hit=94.6% unique_in_srv=15,169,768 ext_cache_hit=35.6% kv_usage=51.5% queue=16r/0w tput_in_srv=164,407/s tput_out_srv=1,198/s (records_manager.py:1345)
18:58:05.961 INFO     Per-trace idle cap advanced replay root 41b124b3-ea86-497b-b966-1165f9d880eb by 451.590s (replay_dependencies.py:324)
18:58:26.547 INFO     [realtime 29:15 profiling] (records_manager.py:1345)
18:58:26.548 INFO       rps=1.3 (avg 1.3)  tput_in=162,536/s  tput_out=1,185/s  done=2,202 ok=2,202 err=0 (records_manager.py:1345)
18:58:26.548 INFO       ttft    p50=  480ms  p75=   710ms  p95= 1,680ms  p99=  5,111ms (records_manager.py:1345)
18:58:26.548 INFO       itl     p50=   10ms  p75=    13ms  p95=    19ms  p99=     32ms (records_manager.py:1345)
18:58:26.548 INFO       e2e     p50=4,231ms  p75=11,226ms  p95=45,467ms  p99=101,690ms (records_manager.py:1345)
18:58:26.548 INFO       intvty  p50=    102  p75=     126  p95=     164  p99=      216  (1/tpot tok/s) (records_manager.py:1345)
18:58:26.548 INFO       isl     p50=102,098  p75= 164,542  p90= 244,280  p99=  707,452  (tokens) (records_manager.py:1345)
18:58:26.548 INFO       osl     p50=    338  p75=     953  p90=   2,250  p99=    8,789  (tokens) (records_manager.py:1345)
18:58:26.548 INFO       tot     in=284,634,095  out=2,075,342 (records_manager.py:1345)
18:58:26.548 INFO       trace  theoretical_prefix_cache_hit=97.0% (records_manager.py:1345)
18:58:26.548 INFO       srv    prefix_cache_hit=94.6% unique_in_srv=15,626,605 ext_cache_hit=36.8% kv_usage=38.3% queue=10r/0w tput_in_srv=164,137/s tput_out_srv=1,197/s (records_manager.py:1345)
18:58:58.974 INFO     [realtime 29:47 profiling] (records_manager.py:1345)
18:58:58.974 INFO       rps=0.8 (avg 1.3)  tput_in=163,040/s  tput_out=1,188/s  done=2,229 ok=2,229 err=0 (records_manager.py:1345)
18:58:58.974 INFO       ttft    p50=  481ms  p75=   718ms  p95= 1,717ms  p99=  5,237ms (records_manager.py:1345)
18:58:58.974 INFO       itl     p50=   10ms  p75=    13ms  p95=    19ms  p99=     32ms (records_manager.py:1345)
18:58:58.974 INFO       e2e     p50=4,262ms  p75=11,232ms  p95=45,718ms  p99=102,667ms (records_manager.py:1345)
18:58:58.974 INFO       intvty  p50=    102  p75=     126  p95=     163  p99=      216  (1/tpot tok/s) (records_manager.py:1345)
18:58:58.974 INFO       isl     p50=102,253  p75= 165,483  p90= 245,058  p99=  712,085  (tokens) (records_manager.py:1345)
18:58:58.974 INFO       osl     p50=    343  p75=     955  p90=   2,286  p99=    8,825  (tokens) (records_manager.py:1345)
18:58:58.974 INFO       tot     in=290,472,984  out=2,116,503 (records_manager.py:1345)
18:58:58.974 INFO       trace  theoretical_prefix_cache_hit=97.0% (records_manager.py:1345)
18:58:58.974 INFO       srv    prefix_cache_hit=94.6% unique_in_srv=15,702,335 ext_cache_hit=36.6% kv_usage=14.5% queue=6r/0w tput_in_srv=163,389/s tput_out_srv=1,194/s (records_manager.py:1345)
18:59:31.408 INFO     [realtime 30:19 profiling] (records_manager.py:1345)
18:59:31.408 INFO       rps=0.9 (avg 1.2)  tput_in=162,593/s  tput_out=1,185/s  done=2,257 ok=2,257 err=0 (records_manager.py:1345)
18:59:31.408 INFO       ttft    p50=  483ms  p75=   719ms  p95= 1,716ms  p99=  5,188ms (records_manager.py:1345)
18:59:31.408 INFO       itl     p50=   10ms  p75=    13ms  p95=    19ms  p99=     32ms (records_manager.py:1345)
18:59:31.408 INFO       e2e     p50=4,303ms  p75=11,270ms  p95=45,697ms  p99=102,297ms (records_manager.py:1345)
18:59:31.408 INFO       intvty  p50=    103  p75=     126  p95=     163  p99=      215  (1/tpot tok/s) (records_manager.py:1345)
18:59:31.408 INFO       isl     p50=102,735  p75= 168,326  p90= 245,816  p99=  711,167  (tokens) (records_manager.py:1345)
18:59:31.408 INFO       osl     p50=    346  p75=     958  p90=   2,295  p99=    8,856  (tokens) (records_manager.py:1345)
18:59:31.408 INFO       tot     in=295,472,864  out=2,153,574 (records_manager.py:1345)
18:59:31.408 INFO       trace  theoretical_prefix_cache_hit=97.0% (records_manager.py:1345)
18:59:31.408 INFO       srv    prefix_cache_hit=94.6% unique_in_srv=16,152,108 ext_cache_hit=37.6% kv_usage=12.3% queue=6r/0w tput_in_srv=163,135/s tput_out_srv=1,191/s (records_manager.py:1345)
19:00:03.828 INFO     [realtime 30:52 profiling] (records_manager.py:1345)
19:00:03.828 INFO       rps=0.8 (avg 1.2)  tput_in=162,279/s  tput_out=1,181/s  done=2,284 ok=2,284 err=0 (records_manager.py:1345)
19:00:03.828 INFO       ttft    p50=  483ms  p75=   720ms  p95= 1,713ms  p99=  5,142ms (records_manager.py:1345)
19:00:03.828 INFO       itl     p50=   10ms  p75=    13ms  p95=    19ms  p99=     31ms (records_manager.py:1345)
19:00:03.828 INFO       e2e     p50=4,286ms  p75=11,285ms  p95=45,380ms  p99=101,941ms (records_manager.py:1345)
19:00:03.828 INFO       intvty  p50=    103  p75=     127  p95=     164  p99=      234  (1/tpot tok/s) (records_manager.py:1345)
19:00:03.828 INFO       isl     p50=103,340  p75= 170,042  p90= 246,368  p99=  710,283  (tokens) (records_manager.py:1345)
19:00:03.828 INFO       osl     p50=    346  p75=     963  p90=   2,302  p99=    8,845  (tokens) (records_manager.py:1345)
19:00:03.828 INFO       tot     in=300,131,766  out=2,184,252 (records_manager.py:1345)
19:00:03.829 INFO       trace  theoretical_prefix_cache_hit=97.1% (records_manager.py:1345)
19:00:03.829 INFO       srv    prefix_cache_hit=94.6% unique_in_srv=16,202,340 ext_cache_hit=37.5% kv_usage=23.0% queue=7r/0w tput_in_srv=163,275/s tput_out_srv=1,186/s (records_manager.py:1345)
19:00:34.755 INFO     Per-trace idle cap advanced replay root 2fcf8a17-ff7a-493b-b361-6fc2f5bd94cb by 10235.478s (replay_dependencies.py:324)
19:00:36.267 INFO     [realtime 31:24 profiling] (records_manager.py:1345)
19:00:36.267 INFO       rps=0.7 (avg 1.2)  tput_in=161,668/s  tput_out=1,181/s  done=2,306 ok=2,306 err=0 (records_manager.py:1345)
19:00:36.267 INFO       ttft    p50=  483ms  p75=   723ms  p95= 1,692ms  p99=  5,104ms (records_manager.py:1345)
19:00:36.267 INFO       itl     p50=   10ms  p75=    13ms  p95=    19ms  p99=     31ms (records_manager.py:1345)
19:00:36.267 INFO       e2e     p50=4,306ms  p75=11,379ms  p95=44,518ms  p99=101,584ms (records_manager.py:1345)
19:00:36.267 INFO       intvty  p50=    104  p75=     128  p95=     164  p99=      231  (1/tpot tok/s) (records_manager.py:1345)
19:00:36.267 INFO       isl     p50=104,011  p75= 171,156  p90= 247,474  p99=  709,613  (tokens) (records_manager.py:1345)
19:00:36.267 INFO       osl     p50=    349  p75=     974  p90=   2,351  p99=    8,836  (tokens) (records_manager.py:1345)
19:00:36.267 INFO       tot     in=304,096,235  out=2,221,117 (records_manager.py:1345)
19:00:36.267 INFO       trace  theoretical_prefix_cache_hit=97.1% (records_manager.py:1345)
19:00:36.267 INFO       srv    prefix_cache_hit=94.6% unique_in_srv=16,296,845 ext_cache_hit=37.4% kv_usage=3.8% queue=5r/0w tput_in_srv=161,760/s tput_out_srv=1,183/s (records_manager.py:1345)
19:01:08.657 INFO     [realtime 31:57 profiling] (records_manager.py:1345)
19:01:08.657 INFO       rps=1.2 (avg 1.2)  tput_in=161,085/s  tput_out=1,174/s  done=2,345 ok=2,345 err=0 (records_manager.py:1345)
19:01:08.657 INFO       ttft    p50=  485ms  p75=   725ms  p95= 1,730ms  p99=  5,069ms (records_manager.py:1345)
19:01:08.657 INFO       itl     p50=   10ms  p75=    13ms  p95=    19ms  p99=     32ms (records_manager.py:1345)
19:01:08.657 INFO       e2e     p50=4,304ms  p75=11,330ms  p95=43,935ms  p99=100,554ms (records_manager.py:1345)
19:01:08.657 INFO       intvty  p50=    104  p75=     127  p95=     164  p99=      228  (1/tpot tok/s) (records_manager.py:1345)
19:01:08.657 INFO       isl     p50=103,235  p75= 171,103  p90= 248,002  p99=  708,735  (tokens) (records_manager.py:1345)
19:01:08.658 INFO       osl     p50=    349  p75=     971  p90=   2,330  p99=    8,818  (tokens) (records_manager.py:1345)
19:01:08.658 INFO       tot     in=308,361,951  out=2,247,957 (records_manager.py:1345)
19:01:08.658 INFO       trace  theoretical_prefix_cache_hit=97.0% (records_manager.py:1345)
19:01:08.658 INFO       srv    prefix_cache_hit=94.5% unique_in_srv=16,911,470 ext_cache_hit=38.2% kv_usage=19.1% queue=8r/0w tput_in_srv=161,877/s tput_out_srv=1,180/s (records_manager.py:1345)
19:01:18.886 INFO     Per-trace idle cap advanced replay root ad9ef6a6-eac8-4618-8090-0ce73a3fa4ea by 3717.770s (replay_dependencies.py:324)
19:01:28.503 INFO     Per-trace idle cap advanced replay root e50b630e-c6fd-4235-bc90-088fde7f3c94 by 62.539s (replay_dependencies.py:324)
19:01:41.225 INFO     [realtime 32:29 profiling] (records_manager.py:1345)
19:01:41.225 INFO       rps=1.4 (avg 1.2)  tput_in=162,133/s  tput_out=1,173/s  done=2,392 ok=2,392 err=0 (records_manager.py:1345)
19:01:41.225 INFO       ttft    p50=  485ms  p75=   733ms  p95= 1,758ms  p99= 5,023ms (records_manager.py:1345)
19:01:41.225 INFO       itl     p50=   10ms  p75=    13ms  p95=    19ms  p99=    31ms (records_manager.py:1345)
19:01:41.225 INFO       e2e     p50=4,276ms  p75=11,331ms  p95=43,678ms  p99=99,311ms (records_manager.py:1345)
19:01:41.225 INFO       intvty  p50=    104  p75=     128  p95=     164  p99=     233  (1/tpot tok/s) (records_manager.py:1345)
19:01:41.225 INFO       isl     p50=102,764  p75= 171,388  p90= 248,858  p99= 713,291  (tokens) (records_manager.py:1345)
19:01:41.225 INFO       osl     p50=    346  p75=     973  p90=   2,330  p99=   8,796  (tokens) (records_manager.py:1345)
19:01:41.225 INFO       tot     in=315,594,863  out=2,282,491 (records_manager.py:1345)
19:01:41.225 INFO       trace  theoretical_prefix_cache_hit=97.1% (records_manager.py:1345)
19:01:41.225 INFO       srv    prefix_cache_hit=94.6% unique_in_srv=17,232,622 ext_cache_hit=38.6% kv_usage=31.7% queue=14r/0w tput_in_srv=163,413/s tput_out_srv=1,181/s (records_manager.py:1345)
19:02:14.037 INFO     [realtime 33:02 profiling] (records_manager.py:1345)
19:02:14.037 INFO       rps=1.4 (avg 1.2)  tput_in=162,714/s  tput_out=1,174/s  done=2,439 ok=2,439 err=0 (records_manager.py:1345)
19:02:14.037 INFO       ttft    p50=  483ms  p75=   731ms  p95= 1,751ms  p99= 4,991ms (records_manager.py:1345)
19:02:14.037 INFO       itl     p50=   10ms  p75=    13ms  p95=    18ms  p99=    31ms (records_manager.py:1345)
19:02:14.037 INFO       e2e     p50=4,262ms  p75=11,332ms  p95=43,244ms  p99=98,980ms (records_manager.py:1345)
19:02:14.037 INFO       intvty  p50=    105  p75=     128  p95=     164  p99=     248  (1/tpot tok/s) (records_manager.py:1345)
19:02:14.037 INFO       isl     p50=102,682  p75= 171,414  p90= 248,461  p99= 714,993  (tokens) (records_manager.py:1345)
19:02:14.037 INFO       osl     p50=    347  p75=     974  p90=   2,333  p99=   8,665  (tokens) (records_manager.py:1345)
19:02:14.037 INFO       tot     in=322,094,121  out=2,324,709 (records_manager.py:1345)
19:02:14.037 INFO       trace  theoretical_prefix_cache_hit=97.1% (records_manager.py:1345)
19:02:14.037 INFO       srv    prefix_cache_hit=94.6% unique_in_srv=17,409,026 ext_cache_hit=38.2% kv_usage=13.4% queue=10r/0w tput_in_srv=163,276/s tput_out_srv=1,182/s (records_manager.py:1345)
19:02:46.770 INFO     [realtime 33:35 profiling] (records_manager.py:1345)
19:02:46.770 INFO       rps=1.1 (avg 1.2)  tput_in=162,196/s  tput_out=1,178/s  done=2,476 ok=2,476 err=0 (records_manager.py:1345)
19:02:46.770 INFO       ttft    p50=  481ms  p75=   725ms  p95= 1,747ms  p99= 4,969ms (records_manager.py:1345)
19:02:46.770 INFO       itl     p50=    9ms  p75=    13ms  p95=    18ms  p99=    30ms (records_manager.py:1345)
19:02:46.770 INFO       e2e     p50=4,263ms  p75=11,331ms  p95=43,190ms  p99=98,888ms (records_manager.py:1345)
19:02:46.770 INFO       intvty  p50=    105  p75=     129  p95=     165  p99=     282  (1/tpot tok/s) (records_manager.py:1345)
19:02:46.770 INFO       isl     p50=102,440  p75= 170,312  p90= 247,666  p99= 713,805  (tokens) (records_manager.py:1345)
19:02:46.770 INFO       osl     p50=    351  p75=     976  p90=   2,393  p99=   8,542  (tokens) (records_manager.py:1345)
19:02:46.770 INFO       tot     in=326,269,466  out=2,369,400 (records_manager.py:1345)
19:02:46.770 INFO       trace  theoretical_prefix_cache_hit=97.1% (records_manager.py:1345)
19:02:46.770 INFO       srv    prefix_cache_hit=94.6% unique_in_srv=17,506,223 ext_cache_hit=38.2% kv_usage=10.2% queue=6r/0w tput_in_srv=162,546/s tput_out_srv=1,181/s (records_manager.py:1345)
19:03:13.228 INFO     Per-trace idle cap advanced replay root 41b124b3-ea86-497b-b966-1165f9d880eb by 1341.357s (replay_dependencies.py:324)
19:03:18.215 INFO     Per-trace idle cap advanced replay root 4c49a079-9763-4924-9afc-f8c5f52bdd81 by 4.419s (replay_dependencies.py:324)
19:03:19.283 INFO     [realtime 34:07 profiling] (records_manager.py:1345)
19:03:19.283 INFO       rps=0.8 (avg 1.2)  tput_in=161,442/s  tput_out=1,172/s  done=2,501 ok=2,501 err=0 (records_manager.py:1345)
19:03:19.283 INFO       ttft    p50=  480ms  p75=   723ms  p95= 1,746ms  p99= 4,953ms (records_manager.py:1345)
19:03:19.283 INFO       itl     p50=    9ms  p75=    13ms  p95=    18ms  p99=    30ms (records_manager.py:1345)
19:03:19.283 INFO       e2e     p50=4,279ms  p75=11,270ms  p95=43,146ms  p99=98,827ms (records_manager.py:1345)
19:03:19.283 INFO       intvty  p50=    106  p75=     130  p95=     166  p99=     319  (1/tpot tok/s) (records_manager.py:1345)
19:03:19.283 INFO       isl     p50=102,682  p75= 170,058  p90= 247,490  p99= 713,002  (tokens) (records_manager.py:1345)
19:03:19.284 INFO       osl     p50=    354  p75=     984  p90=   2,372  p99=   8,459  (tokens) (records_manager.py:1345)
19:03:19.284 INFO       tot     in=329,531,987  out=2,392,567 (records_manager.py:1345)
19:03:19.284 INFO       trace  theoretical_prefix_cache_hit=97.1% (records_manager.py:1345)
19:03:19.284 INFO       srv    prefix_cache_hit=94.7% unique_in_srv=17,623,590 ext_cache_hit=38.1% kv_usage=20.7% queue=8r/0w tput_in_srv=161,960/s tput_out_srv=1,176/s (records_manager.py:1345)
19:03:22.058 INFO     Per-trace idle cap advanced replay root 2549f249-a6df-4517-9cb5-dbfa94f92697 by 2991.288s (replay_dependencies.py:324)
19:03:32.979 INFO     Per-trace idle cap advanced replay root fff4dd29-7fd0-4d24-834d-2f1cadc05915 by 303.305s (replay_dependencies.py:324)
19:03:47.172 INFO     Per-trace idle cap advanced replay root db3987a7-aa88-4e3d-8fc2-7e41539f4204 by 21.575s (replay_dependencies.py:324)
19:03:52.043 INFO     [realtime 34:40 profiling] (records_manager.py:1345)
19:03:52.043 INFO       rps=0.7 (avg 1.2)  tput_in=160,653/s  tput_out=1,166/s  done=2,525 ok=2,525 err=0 (records_manager.py:1345)
19:03:52.043 INFO       ttft    p50=  481ms  p75=   725ms  p95= 1,746ms  p99= 4,944ms (records_manager.py:1345)
19:03:52.043 INFO       itl     p50=    9ms  p75=    13ms  p95=    18ms  p99=    30ms (records_manager.py:1345)
19:03:52.043 INFO       e2e     p50=4,307ms  p75=11,386ms  p95=42,911ms  p99=98,653ms (records_manager.py:1345)
19:03:52.044 INFO       intvty  p50=    106  p75=     130  p95=     166  p99=     311  (1/tpot tok/s) (records_manager.py:1345)
19:03:52.044 INFO       isl     p50=102,900  p75= 171,072  p90= 248,002  p99= 712,216  (tokens) (records_manager.py:1345)
19:03:52.044 INFO       osl     p50=    361  p75=     991  p90=   2,394  p99=   8,445  (tokens) (records_manager.py:1345)
19:03:52.044 INFO       tot     in=333,464,861  out=2,420,324 (records_manager.py:1345)
19:03:52.044 INFO       trace  theoretical_prefix_cache_hit=97.1% (records_manager.py:1345)
19:03:52.044 INFO       srv    prefix_cache_hit=94.5% unique_in_srv=18,346,594 ext_cache_hit=39.8% kv_usage=38.4% queue=11r/1w tput_in_srv=161,595/s tput_out_srv=1,174/s (records_manager.py:1345)
19:04:24.743 INFO     [realtime 35:13 profiling] (records_manager.py:1345)
19:04:24.743 INFO       rps=0.8 (avg 1.2)  tput_in=160,647/s  tput_out=1,166/s  done=2,550 ok=2,550 err=0 (records_manager.py:1345)
19:04:24.743 INFO       ttft    p50=  482ms  p75=   731ms  p95= 1,743ms  p99= 4,934ms (records_manager.py:1345)
19:04:24.743 INFO       itl     p50=    9ms  p75=    13ms  p95=    18ms  p99=    31ms (records_manager.py:1345)
19:04:24.743 INFO       e2e     p50=4,329ms  p75=11,449ms  p95=42,865ms  p99=98,472ms (records_manager.py:1345)
19:04:24.743 INFO       intvty  p50=    106  p75=     130  p95=     166  p99=     303  (1/tpot tok/s) (records_manager.py:1345)
19:04:24.743 INFO       isl     p50=103,260  p75= 171,349  p90= 250,501  p99= 718,471  (tokens) (records_manager.py:1345)
19:04:24.743 INFO       osl     p50=    362  p75=   1,003  p90=   2,419  p99=   8,629  (tokens) (records_manager.py:1345)
19:04:24.743 INFO       tot     in=338,849,796  out=2,460,380 (records_manager.py:1345)
19:04:24.743 INFO       trace  theoretical_prefix_cache_hit=97.2% (records_manager.py:1345)
19:04:24.743 INFO       srv    prefix_cache_hit=94.6% unique_in_srv=18,508,706 ext_cache_hit=39.8% kv_usage=43.1% queue=12r/0w tput_in_srv=162,227/s tput_out_srv=1,174/s (records_manager.py:1345)
19:04:36.547 INFO     Per-trace idle cap advanced replay root bff111fe-1d36-43a4-b820-37a02e87fdd4 by 22048.634s (replay_dependencies.py:324)
19:04:57.681 INFO     [realtime 35:46 profiling] (records_manager.py:1345)
19:04:57.682 INFO       rps=1.0 (avg 1.2)  tput_in=160,926/s  tput_out=1,165/s  done=2,583 ok=2,583 err=0 (records_manager.py:1345)
19:04:57.682 INFO       ttft    p50=  483ms  p75=   729ms  p95= 1,730ms  p99= 4,922ms (records_manager.py:1345)
19:04:57.682 INFO       itl     p50=    9ms  p75=    13ms  p95=    18ms  p99=    30ms (records_manager.py:1345)
19:04:57.682 INFO       e2e     p50=4,349ms  p75=11,474ms  p95=41,880ms  p99=98,232ms (records_manager.py:1345)
19:04:57.682 INFO       intvty  p50=    106  p75=     130  p95=     166  p99=     294  (1/tpot tok/s) (records_manager.py:1345)
19:04:57.682 INFO       isl     p50=104,026  p75= 172,373  p90= 250,691  p99= 721,056  (tokens) (records_manager.py:1345)
19:04:57.682 INFO       osl     p50=    365  p75=   1,007  p90=   2,447  p99=   8,519  (tokens) (records_manager.py:1345)
19:04:57.682 INFO       tot     in=344,877,857  out=2,496,246 (records_manager.py:1345)
19:04:57.682 INFO       trace  theoretical_prefix_cache_hit=97.2% (records_manager.py:1345)
19:04:57.682 INFO       srv    prefix_cache_hit=94.6% unique_in_srv=18,679,528 ext_cache_hit=39.8% kv_usage=30.6% queue=11r/0w tput_in_srv=162,013/s tput_out_srv=1,176/s (records_manager.py:1345)
19:05:30.605 INFO     [realtime 36:19 profiling] (records_manager.py:1345)
19:05:30.605 INFO       rps=1.1 (avg 1.2)  tput_in=160,826/s  tput_out=1,162/s  done=2,619 ok=2,619 err=0 (records_manager.py:1345)
19:05:30.605 INFO       ttft    p50=  484ms  p75=   726ms  p95= 1,727ms  p99= 4,904ms (records_manager.py:1345)
19:05:30.605 INFO       itl     p50=    9ms  p75=    13ms  p95=    18ms  p99=    30ms (records_manager.py:1345)
19:05:30.605 INFO       e2e     p50=4,386ms  p75=11,463ms  p95=41,607ms  p99=97,925ms (records_manager.py:1345)
19:05:30.605 INFO       intvty  p50=    106  p75=     129  p95=     165  p99=     288  (1/tpot tok/s) (records_manager.py:1345)
19:05:30.605 INFO       isl     p50=105,018  p75= 172,516  p90= 250,795  p99= 719,843  (tokens) (records_manager.py:1345)
19:05:30.605 INFO       osl     p50=    365  p75=   1,007  p90=   2,435  p99=   8,448  (tokens) (records_manager.py:1345)
19:05:30.605 INFO       tot     in=349,927,109  out=2,528,191 (records_manager.py:1345)
19:05:30.605 INFO       trace  theoretical_prefix_cache_hit=97.2% (records_manager.py:1345)
19:05:30.605 INFO       srv    prefix_cache_hit=94.6% unique_in_srv=18,894,953 ext_cache_hit=39.3% kv_usage=35.7% queue=12r/0w tput_in_srv=162,262/s tput_out_srv=1,175/s (records_manager.py:1345)
19:06:03.473 INFO     [realtime 36:51 profiling] (records_manager.py:1345)
19:06:03.473 INFO       rps=1.1 (avg 1.2)  tput_in=160,860/s  tput_out=1,159/s  done=2,655 ok=2,655 err=0 (records_manager.py:1345)
19:06:03.473 INFO       ttft    p50=  484ms  p75=   726ms  p95= 1,719ms  p99= 4,883ms (records_manager.py:1345)
19:06:03.473 INFO       itl     p50=    9ms  p75=    12ms  p95=    18ms  p99=    31ms (records_manager.py:1345)
19:06:03.473 INFO       e2e     p50=4,369ms  p75=11,463ms  p95=40,839ms  p99=97,572ms (records_manager.py:1345)
19:06:03.473 INFO       intvty  p50=    106  p75=     129  p95=     165  p99=     288  (1/tpot tok/s) (records_manager.py:1345)
19:06:03.473 INFO       isl     p50=105,300  p75= 172,373  p90= 250,930  p99= 718,250  (tokens) (records_manager.py:1345)
19:06:03.473 INFO       osl     p50=    365  p75=   1,008  p90=   2,443  p99=   8,427  (tokens) (records_manager.py:1345)
19:06:03.473 INFO       tot     in=355,112,740  out=2,559,643 (records_manager.py:1345)
19:06:03.474 INFO       trace  theoretical_prefix_cache_hit=97.2% (records_manager.py:1345)
19:06:03.474 INFO       srv    prefix_cache_hit=94.7% unique_in_srv=19,034,007 ext_cache_hit=39.0% kv_usage=33.6% queue=11r/0w tput_in_srv=162,002/s tput_out_srv=1,173/s (records_manager.py:1345)
19:06:09.420 INFO     Per-trace idle cap advanced replay root a3dea304-cdb7-49ad-a6a9-7b96a3e6db86 by 268.062s (replay_dependencies.py:324)
19:06:32.322 INFO     Per-trace idle cap advanced replay root 2fcf8a17-ff7a-493b-b361-6fc2f5bd94cb by 5490.364s (replay_dependencies.py:324)
19:06:34.218 INFO     Per-trace idle cap advanced replay root 50f768c0-1d49-4aa9-9dec-158521501844 by 34920.515s (replay_dependencies.py:324)
19:06:36.381 INFO     [realtime 37:24 profiling] (records_manager.py:1345)
19:06:36.381 INFO       rps=1.4 (avg 1.2)  tput_in=160,780/s  tput_out=1,159/s  done=2,700 ok=2,700 err=0 (records_manager.py:1345)
19:06:36.381 INFO       ttft    p50=  483ms  p75=   728ms  p95= 1,727ms  p99= 4,856ms (records_manager.py:1345)
19:06:36.381 INFO       itl     p50=    9ms  p75=    12ms  p95=    18ms  p99=    30ms (records_manager.py:1345)
19:06:36.381 INFO       e2e     p50=4,314ms  p75=11,429ms  p95=40,810ms  p99=98,109ms (records_manager.py:1345)
19:06:36.381 INFO       intvty  p50=    106  p75=     129  p95=     165  p99=     288  (1/tpot tok/s) (records_manager.py:1345)
19:06:36.381 INFO       isl     p50=105,036  p75= 171,999  p90= 250,501  p99= 716,258  (tokens) (records_manager.py:1345)
19:06:36.381 INFO       osl     p50=    361  p75=   1,004  p90=   2,403  p99=   8,462  (tokens) (records_manager.py:1345)
19:06:36.381 INFO       tot     in=360,226,605  out=2,595,708 (records_manager.py:1345)
19:06:36.381 INFO       trace  theoretical_prefix_cache_hit=97.2% (records_manager.py:1345)
19:06:36.381 INFO       srv    prefix_cache_hit=94.6% unique_in_srv=19,681,711 ext_cache_hit=40.5% kv_usage=48.8% queue=12r/1w tput_in_srv=162,266/s tput_out_srv=1,169/s (records_manager.py:1345)
19:06:48.559 INFO     Per-trace idle cap advanced replay root c917dbb7-96ad-4237-9f1c-597f0a6a6a50 by 14130.399s (replay_dependencies.py:324)
19:07:09.460 INFO     [realtime 37:57 profiling] (records_manager.py:1345)
19:07:09.460 INFO       rps=1.4 (avg 1.2)  tput_in=161,629/s  tput_out=1,159/s  done=2,745 ok=2,745 err=0 (records_manager.py:1345)
19:07:09.460 INFO       ttft    p50=  483ms  p75=   733ms  p95= 1,755ms  p99= 4,889ms (records_manager.py:1345)
19:07:09.460 INFO       itl     p50=    9ms  p75=    12ms  p95=    18ms  p99=    32ms (records_manager.py:1345)
19:07:09.460 INFO       e2e     p50=4,303ms  p75=11,433ms  p95=40,899ms  p99=98,508ms (records_manager.py:1345)
19:07:09.460 INFO       intvty  p50=    106  p75=     129  p95=     164  p99=     287  (1/tpot tok/s) (records_manager.py:1345)
19:07:09.460 INFO       isl     p50=104,582  p75= 172,250  p90= 250,930  p99= 718,693  (tokens) (records_manager.py:1345)
19:07:09.460 INFO       osl     p50=    357  p75=   1,001  p90=   2,399  p99=   8,645  (tokens) (records_manager.py:1345)
19:07:09.460 INFO       tot     in=367,618,569  out=2,636,817 (records_manager.py:1345)
19:07:09.460 INFO       trace  theoretical_prefix_cache_hit=97.2% (records_manager.py:1345)
19:07:09.460 INFO       srv    prefix_cache_hit=94.5% unique_in_srv=20,274,405 ext_cache_hit=41.3% kv_usage=23.6% queue=10r/0w tput_in_srv=162,436/s tput_out_srv=1,165/s (records_manager.py:1345)
19:07:31.737 INFO     Per-trace idle cap advanced replay root 9664426c-9b47-4f97-b3e4-bc28feaa5c8c by 352.290s (replay_dependencies.py:324)
19:07:35.880 INFO     Per-trace idle cap advanced replay root d5c54c8f-bbd1-4d59-bf8d-006dde5b6ad8 by 3.512s (replay_dependencies.py:324)
19:07:42.434 INFO     [realtime 38:30 profiling] (records_manager.py:1345)
19:07:42.434 INFO       rps=1.2 (avg 1.2)  tput_in=162,721/s  tput_out=1,157/s  done=2,785 ok=2,785 err=0 (records_manager.py:1345)
19:07:42.434 INFO       ttft    p50=  485ms  p75=   735ms  p95= 1,746ms  p99= 4,865ms (records_manager.py:1345)
19:07:42.434 INFO       itl     p50=    9ms  p75=    12ms  p95=    18ms  p99=    32ms (records_manager.py:1345)
19:07:42.434 INFO       e2e     p50=4,272ms  p75=11,386ms  p95=40,899ms  p99=98,218ms (records_manager.py:1345)
19:07:42.434 INFO       intvty  p50=    106  p75=     129  p95=     164  p99=     288  (1/tpot tok/s) (records_manager.py:1345)
19:07:42.434 INFO       isl     p50=105,094  p75= 173,081  p90= 252,204  p99= 716,922  (tokens) (records_manager.py:1345)
19:07:42.434 INFO       osl     p50=    354  p75=   1,000  p90=   2,399  p99=   8,512  (tokens) (records_manager.py:1345)
19:07:42.434 INFO       tot     in=375,547,041  out=2,669,412 (records_manager.py:1345)
19:07:42.434 INFO       trace  theoretical_prefix_cache_hit=97.2% (records_manager.py:1345)
19:07:42.434 INFO       srv    prefix_cache_hit=94.6% unique_in_srv=20,612,888 ext_cache_hit=41.9% kv_usage=41.8% queue=14r/0w tput_in_srv=164,195/s tput_out_srv=1,163/s (records_manager.py:1345)
19:08:15.567 INFO     [realtime 39:04 profiling] (records_manager.py:1345)
19:08:15.567 INFO       rps=1.2 (avg 1.2)  tput_in=164,222/s  tput_out=1,157/s  done=2,825 ok=2,825 err=0 (records_manager.py:1345)
19:08:15.567 INFO       ttft    p50=  487ms  p75=   740ms  p95= 1,744ms  p99= 4,824ms (records_manager.py:1345)
19:08:15.567 INFO       itl     p50=    9ms  p75=    12ms  p95=    18ms  p99=    32ms (records_manager.py:1345)
19:08:15.567 INFO       e2e     p50=4,307ms  p75=11,433ms  p95=40,899ms  p99=97,866ms (records_manager.py:1345)
19:08:15.567 INFO       intvty  p50=    106  p75=     128  p95=     164  p99=     287  (1/tpot tok/s) (records_manager.py:1345)
19:08:15.567 INFO       isl     p50=105,436  p75= 175,457  p90= 255,179  p99= 722,397  (tokens) (records_manager.py:1345)
19:08:15.567 INFO       osl     p50=    358  p75=   1,001  p90=   2,411  p99=   8,445  (tokens) (records_manager.py:1345)
19:08:15.567 INFO       tot     in=384,369,916  out=2,708,564 (records_manager.py:1345)
19:08:15.567 INFO       trace  theoretical_prefix_cache_hit=97.3% (records_manager.py:1345)
19:08:15.567 INFO       srv    prefix_cache_hit=94.6% unique_in_srv=20,794,061 ext_cache_hit=41.5% kv_usage=28.5% queue=9r/0w tput_in_srv=165,195/s tput_out_srv=1,163/s (records_manager.py:1345)
19:08:19.586 INFO     Per-trace idle cap advanced replay root 4c49a079-9763-4924-9afc-f8c5f52bdd81 by 2.987s (replay_dependencies.py:324)
19:08:48.821 INFO     [realtime 39:37 profiling] (records_manager.py:1345)
19:08:48.821 INFO       rps=0.8 (avg 1.2)  tput_in=164,281/s  tput_out=1,155/s  done=2,852 ok=2,852 err=0 (records_manager.py:1345)
19:08:48.821 INFO       ttft    p50=  488ms  p75=   740ms  p95= 1,742ms  p99= 4,790ms (records_manager.py:1345)
19:08:48.821 INFO       itl     p50=    9ms  p75=    12ms  p95=    18ms  p99=    32ms (records_manager.py:1345)
19:08:48.821 INFO       e2e     p50=4,313ms  p75=11,439ms  p95=41,216ms  p99=97,601ms (records_manager.py:1345)
19:08:48.821 INFO       intvty  p50=    106  p75=     128  p95=     164  p99=     287  (1/tpot tok/s) (records_manager.py:1345)
19:08:48.821 INFO       isl     p50=105,700  p75= 176,217  p90= 258,086  p99= 724,650  (tokens) (records_manager.py:1345)
19:08:48.821 INFO       osl     p50=    361  p75=   1,005  p90=   2,416  p99=   8,428  (tokens) (records_manager.py:1345)
19:08:48.821 INFO       tot     in=389,605,011  out=2,738,003 (records_manager.py:1345)
19:08:48.821 INFO       trace  theoretical_prefix_cache_hit=97.3% (records_manager.py:1345)
19:08:48.821 INFO       srv    prefix_cache_hit=94.7% unique_in_srv=20,944,477 ext_cache_hit=41.4% kv_usage=38.7% queue=13r/0w tput_in_srv=165,453/s tput_out_srv=1,162/s (records_manager.py:1345)
19:08:51.342 INFO     Per-trace idle cap advanced replay root e2601616-0271-436c-a546-2b5ec90eb822 by 103.731s (replay_dependencies.py:324)
19:09:21.989 INFO     [realtime 40:10 profiling] (records_manager.py:1345)
19:09:21.989 INFO       rps=1.0 (avg 1.2)  tput_in=164,276/s  tput_out=1,154/s  done=2,886 ok=2,886 err=0 (records_manager.py:1345)
19:09:21.990 INFO       ttft    p50=  489ms  p75=   744ms  p95= 1,744ms  p99= 4,747ms (records_manager.py:1345)
19:09:21.990 INFO       itl     p50=    9ms  p75=    12ms  p95=    18ms  p99=    32ms (records_manager.py:1345)
19:09:21.990 INFO       e2e     p50=4,329ms  p75=11,437ms  p95=41,829ms  p99=97,267ms (records_manager.py:1345)
19:09:21.990 INFO       intvty  p50=    106  p75=     128  p95=     164  p99=     286  (1/tpot tok/s) (records_manager.py:1345)
19:09:21.990 INFO       isl     p50=105,744  p75= 176,544  p90= 258,646  p99= 723,472  (tokens) (records_manager.py:1345)
19:09:21.990 INFO       osl     p50=    362  p75=   1,005  p90=   2,441  p99=   8,408  (tokens) (records_manager.py:1345)
19:09:21.990 INFO       tot     in=395,300,337  out=2,777,323 (records_manager.py:1345)
19:09:21.990 INFO       trace  theoretical_prefix_cache_hit=97.3% (records_manager.py:1345)
19:09:21.990 INFO       srv    prefix_cache_hit=94.6% unique_in_srv=21,537,379 ext_cache_hit=41.9% kv_usage=37.2% queue=10r/0w tput_in_srv=165,184/s tput_out_srv=1,159/s (records_manager.py:1345)
19:09:24.179 INFO     Per-trace idle cap advanced replay root 41b124b3-ea86-497b-b966-1165f9d880eb by 478.873s (replay_dependencies.py:324)
19:09:44.573 INFO     Per-trace idle cap advanced replay root a682af97-0b30-4229-8916-c4d2781e2551 by 7133.038s (replay_dependencies.py:324)
19:09:55.395 INFO     [realtime 40:43 profiling] (records_manager.py:1345)
19:09:55.395 INFO       rps=1.1 (avg 1.2)  tput_in=164,761/s  tput_out=1,154/s  done=2,923 ok=2,923 err=0 (records_manager.py:1345)
19:09:55.395 INFO       ttft    p50=  490ms  p75=   747ms  p95= 1,746ms  p99= 4,695ms (records_manager.py:1345)
19:09:55.395 INFO       itl     p50=    9ms  p75=    12ms  p95=    18ms  p99=    32ms (records_manager.py:1345)
19:09:55.395 INFO       e2e     p50=4,377ms  p75=11,523ms  p95=41,888ms  p99=96,952ms (records_manager.py:1345)
19:09:55.395 INFO       intvty  p50=    105  p75=     128  p95=     163  p99=     282  (1/tpot tok/s) (records_manager.py:1345)
19:09:55.395 INFO       isl     p50=105,785  p75= 176,990  p90= 260,639  p99= 722,443  (tokens) (records_manager.py:1345)
19:09:55.395 INFO       osl     p50=    365  p75=   1,008  p90=   2,428  p99=   8,372  (tokens) (records_manager.py:1345)
19:09:55.395 INFO       tot     in=401,991,564  out=2,815,700 (records_manager.py:1345)
19:09:55.395 INFO       trace  theoretical_prefix_cache_hit=97.3% (records_manager.py:1345)
19:09:55.395 INFO       srv    prefix_cache_hit=94.5% unique_in_srv=22,232,426 ext_cache_hit=43.1% kv_usage=31.8% queue=16r/0w tput_in_srv=165,871/s tput_out_srv=1,159/s (records_manager.py:1345)
19:10:05.021 INFO     Per-trace idle cap advanced replay root 2549f249-a6df-4517-9cb5-dbfa94f92697 by 1834.036s (replay_dependencies.py:324)
19:10:28.629 INFO     [realtime 41:17 profiling] (records_manager.py:1345)
19:10:28.629 INFO       rps=1.8 (avg 1.2)  tput_in=166,156/s  tput_out=1,154/s  done=2,984 ok=2,984 err=0 (records_manager.py:1345)
19:10:28.629 INFO       ttft    p50=  493ms  p75=   754ms  p95= 1,749ms  p99= 4,603ms (records_manager.py:1345)
19:10:28.629 INFO       itl     p50=   10ms  p75=    12ms  p95=    18ms  p99=    31ms (records_manager.py:1345)
19:10:28.629 INFO       e2e     p50=4,457ms  p75=11,458ms  p95=41,476ms  p99=96,485ms (records_manager.py:1345)
19:10:28.629 INFO       intvty  p50=    105  p75=     127  p95=     163  p99=     271  (1/tpot tok/s) (records_manager.py:1345)
19:10:28.629 INFO       isl     p50=105,420  p75= 177,241  p90= 262,321  p99= 721,033  (tokens) (records_manager.py:1345)
19:10:28.629 INFO       osl     p50=    368  p75=     998  p90=   2,385  p99=   8,298  (tokens) (records_manager.py:1345)
19:10:28.629 INFO       tot     in=410,949,969  out=2,855,325 (records_manager.py:1345)
19:10:28.629 INFO       trace  theoretical_prefix_cache_hit=97.3% (records_manager.py:1345)
19:10:28.629 INFO       srv    prefix_cache_hit=94.4% unique_in_srv=23,114,835 ext_cache_hit=44.3% kv_usage=43.0% queue=16r/0w tput_in_srv=167,578/s tput_out_srv=1,159/s (records_manager.py:1345)
19:11:01.870 INFO     [realtime 41:50 profiling] (records_manager.py:1345)
19:11:01.871 INFO       rps=1.5 (avg 1.2)  tput_in=168,470/s  tput_out=1,157/s  done=3,035 ok=3,035 err=0 (records_manager.py:1345)
19:11:01.871 INFO       ttft    p50=  498ms  p75=   762ms  p95= 1,746ms  p99= 4,548ms (records_manager.py:1345)
19:11:01.871 INFO       itl     p50=   10ms  p75=    12ms  p95=    18ms  p99=    31ms (records_manager.py:1345)
19:11:01.871 INFO       e2e     p50=4,478ms  p75=11,497ms  p95=40,839ms  p99=95,930ms (records_manager.py:1345)
19:11:01.871 INFO       intvty  p50=    105  p75=     126  p95=     162  p99=     268  (1/tpot tok/s) (records_manager.py:1345)
19:11:01.871 INFO       isl     p50=105,697  p75= 179,198  p90= 267,737  p99= 725,239  (tokens) (records_manager.py:1345)
19:11:01.871 INFO       osl     p50=    369  p75=   1,002  p90=   2,361  p99=   8,188  (tokens) (records_manager.py:1345)
19:11:01.871 INFO       tot     in=422,364,567  out=2,900,543 (records_manager.py:1345)
19:11:01.871 INFO       trace  theoretical_prefix_cache_hit=97.3% (records_manager.py:1345)
19:11:01.871 INFO       srv    prefix_cache_hit=94.5% unique_in_srv=23,423,323 ext_cache_hit=44.7% kv_usage=29.3% queue=14r/0w tput_in_srv=169,357/s tput_out_srv=1,163/s (records_manager.py:1345)
19:11:35.236 INFO     [realtime 42:23 profiling] (records_manager.py:1345)
19:11:35.236 INFO       rps=1.0 (avg 1.2)  tput_in=169,275/s  tput_out=1,157/s  done=3,070 ok=3,070 err=0 (records_manager.py:1345)
19:11:35.236 INFO       ttft    p50=  498ms  p75=   766ms  p95= 1,748ms  p99= 4,517ms (records_manager.py:1345)
19:11:35.236 INFO       itl     p50=   10ms  p75=    12ms  p95=    18ms  p99=    30ms (records_manager.py:1345)
19:11:35.236 INFO       e2e     p50=4,513ms  p75=11,623ms  p95=40,789ms  p99=95,492ms (records_manager.py:1345)
19:11:35.236 INFO       intvty  p50=    104  p75=     126  p95=     162  p99=     268  (1/tpot tok/s) (records_manager.py:1345)
19:11:35.236 INFO       isl     p50=105,700  p75= 180,559  p90= 269,433  p99= 727,232  (tokens) (records_manager.py:1345)
19:11:35.236 INFO       osl     p50=    372  p75=   1,006  p90=   2,374  p99=   8,097  (tokens) (records_manager.py:1345)
19:11:35.236 INFO       tot     in=429,794,491  out=2,937,994 (records_manager.py:1345)
19:11:35.236 INFO       trace  theoretical_prefix_cache_hit=97.4% (records_manager.py:1345)
19:11:35.236 INFO       srv    prefix_cache_hit=94.5% unique_in_srv=23,785,281 ext_cache_hit=45.2% kv_usage=29.6% queue=11r/0w tput_in_srv=170,177/s tput_out_srv=1,165/s (records_manager.py:1345)
19:12:08.664 INFO     [realtime 42:57 profiling] (records_manager.py:1345)
19:12:08.665 INFO       rps=0.9 (avg 1.2)  tput_in=169,560/s  tput_out=1,160/s  done=3,100 ok=3,100 err=0 (records_manager.py:1345)
19:12:08.665 INFO       ttft    p50=  499ms  p75=   767ms  p95= 1,761ms  p99= 4,491ms (records_manager.py:1345)
19:12:08.665 INFO       itl     p50=   10ms  p75=    12ms  p95=    18ms  p99=    30ms (records_manager.py:1345)
19:12:08.665 INFO       e2e     p50=4,556ms  p75=11,726ms  p95=40,956ms  p99=95,117ms (records_manager.py:1345)
19:12:08.665 INFO       intvty  p50=    104  p75=     126  p95=     162  p99=     268  (1/tpot tok/s) (records_manager.py:1345)
19:12:08.665 INFO       isl     p50=105,792  p75= 181,400  p90= 270,516  p99= 729,066  (tokens) (records_manager.py:1345)
19:12:08.665 INFO       osl     p50=    374  p75=   1,013  p90=   2,418  p99=   8,262  (tokens) (records_manager.py:1345)
19:12:08.665 INFO       tot     in=436,372,928  out=2,986,405 (records_manager.py:1345)
19:12:08.665 INFO       trace  theoretical_prefix_cache_hit=97.4% (records_manager.py:1345)
19:12:08.665 INFO       srv    prefix_cache_hit=94.5% unique_in_srv=24,117,778 ext_cache_hit=45.6% kv_usage=25.2% queue=11r/0w tput_in_srv=170,359/s tput_out_srv=1,167/s (records_manager.py:1345)
19:12:39.444 INFO     Per-trace idle cap advanced replay root d5c54c8f-bbd1-4d59-bf8d-006dde5b6ad8 by 289.121s (replay_dependencies.py:324)
19:12:42.192 INFO     [realtime 43:30 profiling] (records_manager.py:1345)
19:12:42.192 INFO       rps=0.9 (avg 1.2)  tput_in=170,545/s  tput_out=1,161/s  done=3,131 ok=3,131 err=0 (records_manager.py:1345)
19:12:42.192 INFO       ttft    p50=  502ms  p75=   768ms  p95= 1,764ms  p99= 4,468ms (records_manager.py:1345)
19:12:42.192 INFO       itl     p50=   10ms  p75=    12ms  p95=    18ms  p99=    30ms (records_manager.py:1345)
19:12:42.192 INFO       e2e     p50=4,587ms  p75=11,743ms  p95=41,441ms  p99=94,680ms (records_manager.py:1345)
19:12:42.192 INFO       intvty  p50=    104  p75=     126  p95=     162  p99=     268  (1/tpot tok/s) (records_manager.py:1345)
19:12:42.192 INFO       isl     p50=106,125  p75= 182,748  p90= 271,807  p99= 731,455  (tokens) (records_manager.py:1345)
19:12:42.192 INFO       osl     p50=    376  p75=   1,022  p90=   2,431  p99=   8,188  (tokens) (records_manager.py:1345)
19:12:42.192 INFO       tot     in=444,593,629  out=3,027,495 (records_manager.py:1345)
19:12:42.192 INFO       trace  theoretical_prefix_cache_hit=97.4% (records_manager.py:1345)
19:12:42.192 INFO       srv    prefix_cache_hit=94.6% unique_in_srv=24,223,804 ext_cache_hit=45.5% kv_usage=24.9% queue=6r/0w tput_in_srv=171,239/s tput_out_srv=1,165/s (records_manager.py:1345)
19:13:15.687 INFO     [realtime 44:04 profiling] (records_manager.py:1345)
19:13:15.687 INFO       rps=0.7 (avg 1.2)  tput_in=170,544/s  tput_out=1,157/s  done=3,154 ok=3,154 err=0 (records_manager.py:1345)
19:13:15.687 INFO       ttft    p50=  503ms  p75=   769ms  p95= 1,758ms  p99= 4,452ms (records_manager.py:1345)
19:13:15.687 INFO       itl     p50=   10ms  p75=    12ms  p95=    18ms  p99=    30ms (records_manager.py:1345)
19:13:15.687 INFO       e2e     p50=4,613ms  p75=11,735ms  p95=41,402ms  p99=94,355ms (records_manager.py:1345)
19:13:15.687 INFO       intvty  p50=    105  p75=     126  p95=     162  p99=     277  (1/tpot tok/s) (records_manager.py:1345)
19:13:15.687 INFO       isl     p50=106,950  p75= 184,016  p90= 272,726  p99= 731,277  (tokens) (records_manager.py:1345)
19:13:15.687 INFO       osl     p50=    376  p75=   1,028  p90=   2,445  p99=   8,132  (tokens) (records_manager.py:1345)
19:13:15.687 INFO       tot     in=450,245,271  out=3,054,214 (records_manager.py:1345)
19:13:15.687 INFO       trace  theoretical_prefix_cache_hit=97.4% (records_manager.py:1345)
19:13:15.687 INFO       srv    prefix_cache_hit=94.6% unique_in_srv=24,419,031 ext_cache_hit=45.6% kv_usage=31.3% queue=7r/0w tput_in_srv=171,352/s tput_out_srv=1,161/s (records_manager.py:1345)
19:13:49.306 INFO     [realtime 44:37 profiling] (records_manager.py:1345)
19:13:49.306 INFO       rps=0.6 (avg 1.2)  tput_in=171,221/s  tput_out=1,155/s  done=3,174 ok=3,174 err=0 (records_manager.py:1345)
19:13:49.306 INFO       ttft    p50=  506ms  p75=   774ms  p95= 1,752ms  p99= 4,438ms (records_manager.py:1345)
19:13:49.306 INFO       itl     p50=   10ms  p75=    12ms  p95=    18ms  p99=    30ms (records_manager.py:1345)
19:13:49.306 INFO       e2e     p50=4,603ms  p75=11,735ms  p95=41,355ms  p99=94,072ms (records_manager.py:1345)
19:13:49.306 INFO       intvty  p50=    105  p75=     127  p95=     163  p99=     273  (1/tpot tok/s) (records_manager.py:1345)
19:13:49.306 INFO       isl     p50=107,540  p75= 185,444  p90= 274,575  p99= 731,122  (tokens) (records_manager.py:1345)
19:13:49.306 INFO       osl     p50=    379  p75=   1,028  p90=   2,453  p99=   8,082  (tokens) (records_manager.py:1345)
19:13:49.306 INFO       tot     in=456,576,178  out=3,079,152 (records_manager.py:1345)
19:13:49.306 INFO       trace  theoretical_prefix_cache_hit=97.4% (records_manager.py:1345)
19:13:49.306 INFO       srv    prefix_cache_hit=94.6% unique_in_srv=24,609,293 ext_cache_hit=45.7% kv_usage=30.9% queue=9r/0w tput_in_srv=171,698/s tput_out_srv=1,154/s (records_manager.py:1345)
19:13:58.276 INFO     Per-trace idle cap advanced replay root 282c2f9c-8502-4e81-9409-3ae34ed7cc2a by 3308.226s (replay_dependencies.py:324)
19:14:22.906 INFO     [realtime 45:11 profiling] (records_manager.py:1345)
19:14:22.906 INFO       rps=0.6 (avg 1.2)  tput_in=170,666/s  tput_out=1,147/s  done=3,194 ok=3,194 err=0 (records_manager.py:1345)
19:14:22.906 INFO       ttft    p50=  507ms  p75=   778ms  p95= 1,747ms  p99= 4,423ms (records_manager.py:1345)
19:14:22.906 INFO       itl     p50=   10ms  p75=    12ms  p95=    18ms  p99=    30ms (records_manager.py:1345)
19:14:22.906 INFO       e2e     p50=4,616ms  p75=11,754ms  p95=41,058ms  p99=93,789ms (records_manager.py:1345)
19:14:22.906 INFO       intvty  p50=    105  p75=     127  p95=     163  p99=     270  (1/tpot tok/s) (records_manager.py:1345)
19:14:22.906 INFO       isl     p50=107,824  p75= 186,749  p90= 275,747  p99= 730,967  (tokens) (records_manager.py:1345)
19:14:22.906 INFO       osl     p50=    380  p75=   1,031  p90=   2,453  p99=   8,033  (tokens) (records_manager.py:1345)
19:14:22.906 INFO       tot     in=461,394,102  out=3,102,127 (records_manager.py:1345)
19:14:22.906 INFO       trace  theoretical_prefix_cache_hit=97.4% (records_manager.py:1345)
19:14:22.906 INFO       srv    prefix_cache_hit=94.6% unique_in_srv=24,881,349 ext_cache_hit=45.6% kv_usage=24.6% queue=8r/0w tput_in_srv=171,154/s tput_out_srv=1,149/s (records_manager.py:1345)
19:14:33.556 INFO     Per-trace idle cap advanced replay root e2601616-0271-436c-a546-2b5ec90eb822 by 247.095s (replay_dependencies.py:324)
19:14:49.998 INFO     Per-trace idle cap advanced replay root a682af97-0b30-4229-8916-c4d2781e2551 by 106.227s (replay_dependencies.py:324)
19:14:56.602 INFO     [realtime 45:45 profiling] (records_manager.py:1345)
19:14:56.602 INFO       rps=0.7 (avg 1.2)  tput_in=170,562/s  tput_out=1,141/s  done=3,216 ok=3,216 err=0 (records_manager.py:1345)
19:14:56.602 INFO       ttft    p50=  509ms  p75=   779ms  p95= 1,747ms  p99= 4,408ms (records_manager.py:1345)
19:14:56.602 INFO       itl     p50=   10ms  p75=    12ms  p95=    18ms  p99=    30ms (records_manager.py:1345)
19:14:56.602 INFO       e2e     p50=4,642ms  p75=11,749ms  p95=41,020ms  p99=93,358ms (records_manager.py:1345)
19:14:56.602 INFO       intvty  p50=    105  p75=     127  p95=     163  p99=     268  (1/tpot tok/s) (records_manager.py:1345)
19:14:56.602 INFO       isl     p50=107,982  p75= 187,753  p90= 277,550  p99= 731,681  (tokens) (records_manager.py:1345)
19:14:56.602 INFO       osl     p50=    382  p75=   1,032  p90=   2,452  p99=   7,987  (tokens) (records_manager.py:1345)
19:14:56.602 INFO       tot     in=467,474,367  out=3,126,914 (records_manager.py:1345)
19:14:56.602 INFO       trace  theoretical_prefix_cache_hit=97.4% (records_manager.py:1345)
19:14:56.602 INFO       srv    prefix_cache_hit=94.6% unique_in_srv=25,423,021 ext_cache_hit=46.5% kv_usage=15.0% queue=6r/0w tput_in_srv=170,978/s tput_out_srv=1,144/s (records_manager.py:1345)
19:15:07.482 INFO     Per-trace idle cap advanced replay root 9ebb6b31-d8db-45e2-b407-c86b9584c5de by 451.771s (replay_dependencies.py:324)
19:15:21.775 INFO     Per-trace idle cap advanced replay root e50b630e-c6fd-4235-bc90-088fde7f3c94 by 521.390s (replay_dependencies.py:324)
19:15:22.786 INFO     Per-trace idle cap advanced replay root cfd9ef62-0d92-4bcc-8840-ac57982e22b7 by 608.892s (replay_dependencies.py:324)
19:15:24.191 INFO     Per-trace idle cap advanced replay root 2fcf8a17-ff7a-493b-b361-6fc2f5bd94cb by 532.313s (replay_dependencies.py:324)
19:15:30.398 INFO     [realtime 46:18 profiling] (records_manager.py:1345)
19:15:30.398 INFO       rps=0.7 (avg 1.2)  tput_in=170,709/s  tput_out=1,139/s  done=3,239 ok=3,239 err=0 (records_manager.py:1345)
19:15:30.398 INFO       ttft    p50=  509ms  p75=   780ms  p95= 1,751ms  p99= 4,393ms (records_manager.py:1345)
19:15:30.398 INFO       itl     p50=    9ms  p75=    12ms  p95=    18ms  p99=    30ms (records_manager.py:1345)
19:15:30.398 INFO       e2e     p50=4,650ms  p75=11,781ms  p95=40,816ms  p99=92,850ms (records_manager.py:1345)
19:15:30.398 INFO       intvty  p50=    105  p75=     128  p95=     163  p99=     279  (1/tpot tok/s) (records_manager.py:1345)
19:15:30.398 INFO       isl     p50=108,219  p75= 188,936  p90= 278,668  p99= 733,104  (tokens) (records_manager.py:1345)
19:15:30.398 INFO       osl     p50=    383  p75=   1,038  p90=   2,455  p99=   7,943  (tokens) (records_manager.py:1345)
19:15:30.398 INFO       tot     in=473,291,105  out=3,158,078 (records_manager.py:1345)
19:15:30.398 INFO       trace  theoretical_prefix_cache_hit=97.5% (records_manager.py:1345)
19:15:30.398 INFO       srv    prefix_cache_hit=94.5% unique_in_srv=26,128,811 ext_cache_hit=47.8% kv_usage=22.5% queue=7r/1w tput_in_srv=171,087/s tput_out_srv=1,139/s (records_manager.py:1345)
19:15:49.086 INFO     Per-trace idle cap advanced replay root 50f768c0-1d49-4aa9-9dec-158521501844 by 39579.660s (replay_dependencies.py:324)
19:16:03.976 INFO     [realtime 46:52 profiling] (records_manager.py:1345)
19:16:03.976 INFO       rps=0.6 (avg 1.2)  tput_in=170,436/s  tput_out=1,131/s  done=3,259 ok=3,259 err=0 (records_manager.py:1345)
19:16:03.976 INFO       ttft    p50=  512ms  p75=   783ms  p95= 1,761ms  p99= 4,379ms (records_manager.py:1345)
19:16:03.976 INFO       itl     p50=    9ms  p75=    12ms  p95=    18ms  p99=    30ms (records_manager.py:1345)
19:16:03.976 INFO       e2e     p50=4,655ms  p75=11,812ms  p95=40,774ms  p99=92,408ms (records_manager.py:1345)
19:16:03.976 INFO       intvty  p50=    105  p75=     128  p95=     164  p99=     276  (1/tpot tok/s) (records_manager.py:1345)
19:16:03.976 INFO       isl     p50=108,670  p75= 189,930  p90= 280,296  p99= 732,961  (tokens) (records_manager.py:1345)
19:16:03.976 INFO       osl     p50=    383  p75=   1,038  p90=   2,455  p99=   7,905  (tokens) (records_manager.py:1345)
19:16:03.976 INFO       tot     in=478,690,064  out=3,176,622 (records_manager.py:1345)
19:16:03.976 INFO       trace  theoretical_prefix_cache_hit=97.5% (records_manager.py:1345)
19:16:03.976 INFO       srv    prefix_cache_hit=94.5% unique_in_srv=26,547,125 ext_cache_hit=48.5% kv_usage=30.2% queue=10r/0w tput_in_srv=171,058/s tput_out_srv=1,135/s (records_manager.py:1345)
19:16:04.789 INFO     Per-trace idle cap advanced replay root a3dea304-cdb7-49ad-a6a9-7b96a3e6db86 by 46485.223s (replay_dependencies.py:324)
19:16:19.251 INFO     Per-trace idle cap advanced replay root 72e41fb8-8474-4a1d-8d2c-1251bf5a9577 by 1779.285s (replay_dependencies.py:324)
19:16:37.790 INFO     [realtime 47:26 profiling] (records_manager.py:1345)
19:16:37.790 INFO       rps=0.8 (avg 1.2)  tput_in=171,044/s  tput_out=1,129/s  done=3,286 ok=3,286 err=0 (records_manager.py:1345)
19:16:37.790 INFO       ttft    p50=  514ms  p75=   789ms  p95= 1,783ms  p99= 4,361ms (records_manager.py:1345)
19:16:37.790 INFO       itl     p50=    9ms  p75=    12ms  p95=    18ms  p99=    30ms (records_manager.py:1345)
19:16:37.790 INFO       e2e     p50=4,657ms  p75=11,926ms  p95=40,700ms  p99=91,811ms (records_manager.py:1345)
19:16:37.790 INFO       intvty  p50=    106  p75=     128  p95=     164  p99=     286  (1/tpot tok/s) (records_manager.py:1345)
19:16:37.790 INFO       isl     p50=109,249  p75= 191,975  p90= 282,574  p99= 733,523  (tokens) (records_manager.py:1345)
19:16:37.790 INFO       osl     p50=    384  p75=   1,044  p90=   2,472  p99=   7,853  (tokens) (records_manager.py:1345)
19:16:37.790 INFO       tot     in=486,158,218  out=3,208,336 (records_manager.py:1345)
19:16:37.790 INFO       trace  theoretical_prefix_cache_hit=97.5% (records_manager.py:1345)
19:16:37.790 INFO       srv    prefix_cache_hit=94.5% unique_in_srv=27,038,488 ext_cache_hit=49.1% kv_usage=26.8% queue=7r/0w tput_in_srv=171,738/s tput_out_srv=1,132/s (records_manager.py:1345)
19:16:47.184 INFO     Per-trace idle cap advanced replay root c462b50c-b346-4fe3-9941-85cba38d72b1 by 87.190s (replay_dependencies.py:324)
19:17:11.613 INFO     [realtime 48:00 profiling] (records_manager.py:1345)
19:17:11.613 INFO       rps=0.8 (avg 1.2)  tput_in=171,560/s  tput_out=1,127/s  done=3,313 ok=3,313 err=0 (records_manager.py:1345)
19:17:11.613 INFO       ttft    p50=  516ms  p75=   792ms  p95= 1,783ms  p99= 4,351ms (records_manager.py:1345)
19:17:11.613 INFO       itl     p50=    9ms  p75=    12ms  p95=    18ms  p99=    30ms (records_manager.py:1345)
19:17:11.613 INFO       e2e     p50=4,681ms  p75=11,938ms  p95=40,601ms  p99=91,026ms (records_manager.py:1345)
19:17:11.613 INFO       intvty  p50=    106  p75=     128  p95=     164  p99=     284  (1/tpot tok/s) (records_manager.py:1345)
19:17:11.613 INFO       isl     p50=109,674  p75= 193,317  p90= 284,740  p99= 734,231  (tokens) (records_manager.py:1345)
19:17:11.613 INFO       osl     p50=    385  p75=   1,047  p90=   2,475  p99=   7,802  (tokens) (records_manager.py:1345)
19:17:11.613 INFO       tot     in=493,312,031  out=3,240,377 (records_manager.py:1345)
19:17:11.613 INFO       trace  theoretical_prefix_cache_hit=97.5% (records_manager.py:1345)
19:17:11.613 INFO       srv    prefix_cache_hit=94.5% unique_in_srv=27,404,546 ext_cache_hit=49.3% kv_usage=31.8% queue=10r/0w tput_in_srv=172,414/s tput_out_srv=1,131/s (records_manager.py:1345)
19:17:27.676 INFO     Per-trace idle cap advanced replay root 902a5800-80f0-4b22-9b2e-1538ba39e1e9 by 196.141s (replay_dependencies.py:324)
19:17:41.554 INFO     Per-trace idle cap advanced replay root 2549f249-a6df-4517-9cb5-dbfa94f92697 by 2382.315s (replay_dependencies.py:324)
19:17:45.482 INFO     [realtime 48:33 profiling] (records_manager.py:1345)
19:17:45.482 INFO       rps=0.7 (avg 1.1)  tput_in=171,859/s  tput_out=1,121/s  done=3,336 ok=3,336 err=0 (records_manager.py:1345)
19:17:45.482 INFO       ttft    p50=  518ms  p75=   795ms  p95= 1,783ms  p99= 4,350ms (records_manager.py:1345)
19:17:45.482 INFO       itl     p50=    9ms  p75=    12ms  p95=    18ms  p99=    31ms (records_manager.py:1345)
19:17:45.482 INFO       e2e     p50=4,700ms  p75=11,939ms  p95=40,558ms  p99=90,157ms (records_manager.py:1345)
19:17:45.482 INFO       intvty  p50=    106  p75=     128  p95=     164  p99=     280  (1/tpot tok/s) (records_manager.py:1345)
19:17:45.482 INFO       isl     p50=110,360  p75= 194,174  p90= 286,150  p99= 734,972  (tokens) (records_manager.py:1345)
19:17:45.482 INFO       osl     p50=    387  p75=   1,047  p90=   2,474  p99=   7,760  (tokens) (records_manager.py:1345)
19:17:45.482 INFO       tot     in=500,053,535  out=3,262,268 (records_manager.py:1345)
19:17:45.482 INFO       trace  theoretical_prefix_cache_hit=97.5% (records_manager.py:1345)
19:17:45.482 INFO       srv    prefix_cache_hit=94.4% unique_in_srv=28,240,934 ext_cache_hit=50.6% kv_usage=29.9% queue=8r/0w tput_in_srv=172,678/s tput_out_srv=1,129/s (records_manager.py:1345)
19:17:52.552 INFO     Per-trace idle cap advanced replay root d5c54c8f-bbd1-4d59-bf8d-006dde5b6ad8 by 300.779s (replay_dependencies.py:324)
19:18:19.300 INFO     [realtime 49:07 profiling] (records_manager.py:1345)
19:18:19.300 INFO       rps=0.6 (avg 1.1)  tput_in=171,985/s  tput_out=1,118/s  done=3,357 ok=3,357 err=0 (records_manager.py:1345)
19:18:19.300 INFO       ttft    p50=  519ms  p75=   797ms  p95= 1,791ms  p99= 4,349ms (records_manager.py:1345)
19:18:19.300 INFO       itl     p50=    9ms  p75=    12ms  p95=    18ms  p99=    31ms (records_manager.py:1345)
19:18:19.300 INFO       e2e     p50=4,683ms  p75=11,943ms  p95=40,828ms  p99=89,363ms (records_manager.py:1345)
19:18:19.300 INFO       intvty  p50=    106  p75=     128  p95=     164  p99=     276  (1/tpot tok/s) (records_manager.py:1345)
19:18:19.300 INFO       isl     p50=110,943  p75= 194,618  p90= 288,679  p99= 735,774  (tokens) (records_manager.py:1345)
19:18:19.300 INFO       osl     p50=    385  p75=   1,047  p90=   2,477  p99=   7,722  (tokens) (records_manager.py:1345)
19:18:19.300 INFO       tot     in=505,953,538  out=3,290,032 (records_manager.py:1345)
19:18:19.300 INFO       trace  theoretical_prefix_cache_hit=97.6% (records_manager.py:1345)
19:18:19.300 INFO       srv    prefix_cache_hit=94.4% unique_in_srv=28,638,202 ext_cache_hit=51.1% kv_usage=47.6% queue=11r/0w tput_in_srv=173,180/s tput_out_srv=1,126/s (records_manager.py:1345)
19:18:52.983 INFO     Per-trace idle cap advanced replay root c3537799-fecd-48c7-9822-30b0b0b18a3d by 5869.853s (replay_dependencies.py:324)
19:18:53.471 INFO     [realtime 49:41 profiling] (records_manager.py:1345)
19:18:53.471 INFO       rps=0.7 (avg 1.1)  tput_in=172,437/s  tput_out=1,120/s  done=3,381 ok=3,381 err=0 (records_manager.py:1345)
19:18:53.471 INFO       ttft    p50=  521ms  p75=   800ms  p95= 1,791ms  p99= 4,365ms (records_manager.py:1345)
19:18:53.471 INFO       itl     p50=    9ms  p75=    12ms  p95=    18ms  p99=    30ms (records_manager.py:1345)
19:18:53.471 INFO       e2e     p50=4,710ms  p75=12,022ms  p95=41,310ms  p99=88,456ms (records_manager.py:1345)
19:18:53.471 INFO       intvty  p50=    106  p75=     128  p95=     164  p99=     288  (1/tpot tok/s) (records_manager.py:1345)
19:18:53.471 INFO       isl     p50=111,199  p75= 195,090  p90= 291,276  p99= 737,222  (tokens) (records_manager.py:1345)
19:18:53.471 INFO       osl     p50=    387  p75=   1,058  p90=   2,486  p99=   7,678  (tokens) (records_manager.py:1345)
19:18:53.471 INFO       tot     in=513,203,992  out=3,331,891 (records_manager.py:1345)
19:18:53.471 INFO       trace  theoretical_prefix_cache_hit=97.6% (records_manager.py:1345)
19:18:53.471 INFO       srv    prefix_cache_hit=94.4% unique_in_srv=28,703,976 ext_cache_hit=51.0% kv_usage=34.1% queue=7r/0w tput_in_srv=173,282/s tput_out_srv=1,123/s (records_manager.py:1345)
19:18:54.194 INFO     Per-trace idle cap advanced replay root c917dbb7-96ad-4237-9f1c-597f0a6a6a50 by 1666.487s (replay_dependencies.py:324)
19:19:27.239 INFO     [realtime 50:15 profiling] (records_manager.py:1345)
19:19:27.239 INFO       rps=0.4 (avg 1.1)  tput_in=171,888/s  tput_out=1,115/s  done=3,395 ok=3,395 err=0 (records_manager.py:1345)
19:19:27.239 INFO       ttft    p50=  523ms  p75=   801ms  p95= 1,791ms  p99= 4,355ms (records_manager.py:1345)
19:19:27.239 INFO       itl     p50=    9ms  p75=    12ms  p95=    18ms  p99=    30ms (records_manager.py:1345)
19:19:27.239 INFO       e2e     p50=4,712ms  p75=12,093ms  p95=41,349ms  p99=87,927ms (records_manager.py:1345)
19:19:27.239 INFO       intvty  p50=    106  p75=     128  p95=     164  p99=     288  (1/tpot tok/s) (records_manager.py:1345)
19:19:27.239 INFO       isl     p50=111,751  p75= 195,304  p90= 291,658  p99= 738,417  (tokens) (records_manager.py:1345)
19:19:27.239 INFO       osl     p50=    388  p75=   1,060  p90=   2,486  p99=   7,653  (tokens) (records_manager.py:1345)
19:19:27.239 INFO       tot     in=516,971,773  out=3,354,621 (records_manager.py:1345)
19:19:27.239 INFO       trace  theoretical_prefix_cache_hit=97.6% (records_manager.py:1345)
19:19:27.239 INFO       srv    prefix_cache_hit=94.3% unique_in_srv=29,564,331 ext_cache_hit=51.7% kv_usage=37.9% queue=11r/0w tput_in_srv=172,667/s tput_out_srv=1,120/s (records_manager.py:1345)
19:20:01.198 INFO     [realtime 50:49 profiling] (records_manager.py:1345)
19:20:01.198 INFO       rps=0.9 (avg 1.1)  tput_in=171,931/s  tput_out=1,112/s  done=3,426 ok=3,426 err=0 (records_manager.py:1345)
19:20:01.198 INFO       ttft    p50=  523ms  p75=   801ms  p95= 1,791ms  p99= 4,402ms (records_manager.py:1345)
19:20:01.198 INFO       itl     p50=    9ms  p75=    12ms  p95=    18ms  p99=    30ms (records_manager.py:1345)
19:20:01.198 INFO       e2e     p50=4,714ms  p75=12,100ms  p95=41,282ms  p99=87,613ms (records_manager.py:1345)
19:20:01.198 INFO       intvty  p50=    106  p75=     128  p95=     164  p99=     322  (1/tpot tok/s) (records_manager.py:1345)
19:20:01.198 INFO       isl     p50=112,340  p75= 196,682  p90= 291,688  p99= 738,030  (tokens) (records_manager.py:1345)
19:20:01.198 INFO       osl     p50=    389  p75=   1,063  p90=   2,486  p99=   7,621  (tokens) (records_manager.py:1345)
19:20:01.198 INFO       tot     in=523,543,692  out=3,385,797 (records_manager.py:1345)
19:20:01.198 INFO       trace  theoretical_prefix_cache_hit=97.6% (records_manager.py:1345)
19:20:01.198 INFO       srv    prefix_cache_hit=94.3% unique_in_srv=29,809,302 ext_cache_hit=52.0% kv_usage=33.7% queue=7r/0w tput_in_srv=172,802/s tput_out_srv=1,118/s (records_manager.py:1345)
19:20:18.663 INFO     Per-trace idle cap advanced replay root 9ebb6b31-d8db-45e2-b407-c86b9584c5de by 18.296s (replay_dependencies.py:324)
19:20:20.093 INFO     Per-trace idle cap advanced replay root 9664426c-9b47-4f97-b3e4-bc28feaa5c8c by 2062.008s (replay_dependencies.py:324)
19:20:35.034 INFO     [realtime 51:23 profiling] (records_manager.py:1345)
19:20:35.034 INFO       rps=0.5 (avg 1.1)  tput_in=171,999/s  tput_out=1,108/s  done=3,444 ok=3,444 err=0 (records_manager.py:1345)
19:20:35.034 INFO       ttft    p50=  524ms  p75=   801ms  p95= 1,796ms  p99= 4,389ms (records_manager.py:1345)
19:20:35.034 INFO       itl     p50=    9ms  p75=    12ms  p95=    18ms  p99=    31ms (records_manager.py:1345)
19:20:35.034 INFO       e2e     p50=4,713ms  p75=12,101ms  p95=41,293ms  p99=89,854ms (records_manager.py:1345)
19:20:35.034 INFO       intvty  p50=    106  p75=     128  p95=     164  p99=     322  (1/tpot tok/s) (records_manager.py:1345)
19:20:35.034 INFO       isl     p50=112,557  p75= 197,525  p90= 293,149  p99= 740,904  (tokens) (records_manager.py:1345)
19:20:35.034 INFO       osl     p50=    389  p75=   1,066  p90=   2,486  p99=   7,746  (tokens) (records_manager.py:1345)
19:20:35.034 INFO       tot     in=529,412,512  out=3,410,567 (records_manager.py:1345)
19:20:35.034 INFO       trace  theoretical_prefix_cache_hit=97.6% (records_manager.py:1345)
19:20:35.034 INFO       srv    prefix_cache_hit=94.2% unique_in_srv=30,737,034 ext_cache_hit=52.3% kv_usage=31.2% queue=9r/0w tput_in_srv=172,703/s tput_out_srv=1,112/s (records_manager.py:1345)
19:21:08.852 INFO     [realtime 51:57 profiling] (records_manager.py:1345)
19:21:08.852 INFO       rps=0.6 (avg 1.1)  tput_in=171,868/s  tput_out=1,106/s  done=3,463 ok=3,463 err=0 (records_manager.py:1345)
19:21:08.852 INFO       ttft    p50=  525ms  p75=   805ms  p95= 1,814ms  p99= 4,608ms (records_manager.py:1345)
19:21:08.852 INFO       itl     p50=    9ms  p75=    12ms  p95=    18ms  p99=    31ms (records_manager.py:1345)
19:21:08.852 INFO       e2e     p50=4,717ms  p75=12,156ms  p95=41,560ms  p99=92,319ms (records_manager.py:1345)
19:21:08.852 INFO       intvty  p50=    106  p75=     128  p95=     164  p99=     321  (1/tpot tok/s) (records_manager.py:1345)
19:21:08.852 INFO       isl     p50=112,926  p75= 198,486  p90= 295,254  p99= 743,300  (tokens) (records_manager.py:1345)
19:21:08.852 INFO       osl     p50=    391  p75=   1,067  p90=   2,498  p99=   7,897  (tokens) (records_manager.py:1345)
19:21:08.852 INFO       tot     in=535,094,109  out=3,442,501 (records_manager.py:1345)
19:21:08.852 INFO       trace  theoretical_prefix_cache_hit=97.6% (records_manager.py:1345)
19:21:08.852 INFO       srv    prefix_cache_hit=94.2% unique_in_srv=31,108,811 ext_cache_hit=52.6% kv_usage=40.2% queue=11r/0w tput_in_srv=172,838/s tput_out_srv=1,109/s (records_manager.py:1345)
19:21:22.972 INFO     Per-trace idle cap advanced replay root a3dea304-cdb7-49ad-a6a9-7b96a3e6db86 by 4324.643s (replay_dependencies.py:324)
19:21:37.141 INFO     Per-trace idle cap advanced replay root a757664f-2adb-40b5-8d02-9ebb108a76a9 by 58.489s (replay_dependencies.py:324)
19:21:42.803 INFO     [realtime 52:31 profiling] (records_manager.py:1345)
19:21:42.803 INFO       rps=0.6 (avg 1.1)  tput_in=171,092/s  tput_out=1,099/s  done=3,485 ok=3,485 err=0 (records_manager.py:1345)
19:21:42.803 INFO       ttft    p50=  527ms  p75=   808ms  p95= 1,822ms  p99= 4,800ms (records_manager.py:1345)
19:21:42.803 INFO       itl     p50=    9ms  p75=    12ms  p95=    18ms  p99=    31ms (records_manager.py:1345)
19:21:42.803 INFO       e2e     p50=4,717ms  p75=12,178ms  p95=41,546ms  p99=91,833ms (records_manager.py:1345)
19:21:42.803 INFO       intvty  p50=    106  p75=     128  p95=     164  p99=     324  (1/tpot tok/s) (records_manager.py:1345)
19:21:42.803 INFO       isl     p50=112,643  p75= 198,781  p90= 295,446  p99= 743,071  (tokens) (records_manager.py:1345)
19:21:42.803 INFO       osl     p50=    390  p75=   1,065  p90=   2,487  p99=   7,855  (tokens) (records_manager.py:1345)
19:21:42.803 INFO       tot     in=538,012,409  out=3,455,764 (records_manager.py:1345)
19:21:42.803 INFO       trace  theoretical_prefix_cache_hit=97.6% (records_manager.py:1345)
19:21:42.803 INFO       srv    prefix_cache_hit=94.1% unique_in_srv=31,878,197 ext_cache_hit=52.2% kv_usage=56.5% queue=19r/0w tput_in_srv=172,408/s tput_out_srv=1,105/s (records_manager.py:1345)
19:22:16.570 INFO     [realtime 53:05 profiling] (records_manager.py:1345)
19:22:16.570 INFO       rps=1.1 (avg 1.1)  tput_in=171,256/s  tput_out=1,103/s  done=3,521 ok=3,521 err=0 (records_manager.py:1345)
19:22:16.570 INFO       ttft    p50=  528ms  p75=   812ms  p95= 1,842ms  p99= 4,946ms (records_manager.py:1345)
19:22:16.570 INFO       itl     p50=    9ms  p75=    12ms  p95=    18ms  p99=    31ms (records_manager.py:1345)
19:22:16.570 INFO       e2e     p50=4,737ms  p75=12,284ms  p95=42,260ms  p99=90,724ms (records_manager.py:1345)
19:22:16.570 INFO       intvty  p50=    106  p75=     128  p95=     164  p99=     326  (1/tpot tok/s) (records_manager.py:1345)
19:22:16.570 INFO       isl     p50=112,437  p75= 198,964  p90= 296,163  p99= 745,524  (tokens) (records_manager.py:1345)
19:22:16.570 INFO       osl     p50=    393  p75=   1,078  p90=   2,529  p99=   7,788  (tokens) (records_manager.py:1345)
19:22:16.570 INFO       tot     in=544,714,314  out=3,509,480 (records_manager.py:1345)
19:22:16.570 INFO       trace  theoretical_prefix_cache_hit=97.5% (records_manager.py:1345)
19:22:16.570 INFO       srv    prefix_cache_hit=94.1% unique_in_srv=32,055,080 ext_cache_hit=52.0% kv_usage=31.9% queue=9r/0w tput_in_srv=171,996/s tput_out_srv=1,107/s (records_manager.py:1345)
19:22:32.635 INFO     Per-trace idle cap advanced replay root 41b124b3-ea86-497b-b966-1165f9d880eb by 2358.358s (replay_dependencies.py:324)
19:22:50.667 INFO     [realtime 53:39 profiling] (records_manager.py:1345)
19:22:50.667 INFO       rps=1.1 (avg 1.1)  tput_in=170,874/s  tput_out=1,097/s  done=3,558 ok=3,558 err=0 (records_manager.py:1345)
19:22:50.667 INFO       ttft    p50=  528ms  p75=   814ms  p95= 1,840ms  p99= 4,931ms (records_manager.py:1345)
19:22:50.667 INFO       itl     p50=    9ms  p75=    12ms  p95=    18ms  p99=    32ms (records_manager.py:1345)
19:22:50.667 INFO       e2e     p50=4,727ms  p75=12,196ms  p95=42,189ms  p99=89,325ms (records_manager.py:1345)
19:22:50.667 INFO       intvty  p50=    106  p75=     128  p95=     164  p99=     337  (1/tpot tok/s) (records_manager.py:1345)
19:22:50.667 INFO       isl     p50=112,386  p75= 198,961  p90= 296,442  p99= 745,353  (tokens) (records_manager.py:1345)
19:22:50.667 INFO       osl     p50=    391  p75=   1,067  p90=   2,503  p99=   7,720  (tokens) (records_manager.py:1345)
19:22:50.667 INFO       tot     in=549,361,710  out=3,527,688 (records_manager.py:1345)
19:22:50.667 INFO       trace  theoretical_prefix_cache_hit=97.5% (records_manager.py:1345)
19:22:50.667 INFO       srv    prefix_cache_hit=94.0% unique_in_srv=32,954,719 ext_cache_hit=52.6% kv_usage=45.5% queue=18r/0w tput_in_srv=172,028/s tput_out_srv=1,104/s (records_manager.py:1345)
19:22:55.982 INFO     Per-trace idle cap advanced replay root 2549f249-a6df-4517-9cb5-dbfa94f92697 by 3521.818s (replay_dependencies.py:324)
19:23:24.609 INFO     [realtime 54:13 profiling] (records_manager.py:1345)
19:23:24.610 INFO       rps=1.9 (avg 1.1)  tput_in=172,020/s  tput_out=1,100/s  done=3,624 ok=3,624 err=0 (records_manager.py:1345)
19:23:24.610 INFO       ttft    p50=  530ms  p75=   814ms  p95= 1,865ms  p99= 4,910ms (records_manager.py:1345)
19:23:24.610 INFO       itl     p50=    9ms  p75=    12ms  p95=    18ms  p99=    32ms (records_manager.py:1345)
19:23:24.610 INFO       e2e     p50=4,742ms  p75=12,273ms  p95=41,893ms  p99=87,620ms (records_manager.py:1345)
19:23:24.610 INFO       intvty  p50=    106  p75=     127  p95=     164  p99=     326  (1/tpot tok/s) (records_manager.py:1345)
19:23:24.610 INFO       isl     p50=112,268  p75= 199,162  p90= 297,006  p99= 745,511  (tokens) (records_manager.py:1345)
19:23:24.610 INFO       osl     p50=    390  p75=   1,062  p90=   2,486  p99=   7,622  (tokens) (records_manager.py:1345)
19:23:24.610 INFO       tot     in=558,916,158  out=3,574,563 (records_manager.py:1345)
19:23:24.610 INFO       trace  theoretical_prefix_cache_hit=97.5% (records_manager.py:1345)
19:23:24.610 INFO       srv    prefix_cache_hit=94.0% unique_in_srv=33,704,153 ext_cache_hit=53.1% kv_usage=31.5% queue=14r/0w tput_in_srv=172,727/s tput_out_srv=1,104/s (records_manager.py:1345)
19:23:38.000 INFO     Per-trace idle cap advanced replay root 66b4e0f5-287c-4050-bcd6-3853a3a482c0 by 4651.588s (replay_dependencies.py:324)
19:23:39.446 INFO     Per-trace idle cap advanced replay root 1ad7c6bb-0804-42fd-a512-7f69ec286169 by 37.674s (replay_dependencies.py:324)
19:23:58.624 INFO     [realtime 54:47 profiling] (records_manager.py:1345)
19:23:58.624 INFO       rps=1.1 (avg 1.1)  tput_in=171,917/s  tput_out=1,097/s  done=3,660 ok=3,660 err=0 (records_manager.py:1345)
19:23:58.624 INFO       ttft    p50=  532ms  p75=   814ms  p95= 1,840ms  p99= 4,901ms (records_manager.py:1345)
19:23:58.624 INFO       itl     p50=    9ms  p75=    12ms  p95=    19ms  p99=    33ms (records_manager.py:1345)
19:23:58.624 INFO       e2e     p50=4,742ms  p75=12,191ms  p95=41,779ms  p99=89,250ms (records_manager.py:1345)
19:23:58.624 INFO       intvty  p50=    105  p75=     127  p95=     164  p99=     336  (1/tpot tok/s) (records_manager.py:1345)
19:23:58.624 INFO       isl     p50=112,234  p75= 199,200  p90= 297,644  p99= 745,344  (tokens) (records_manager.py:1345)
19:23:58.624 INFO       osl     p50=    389  p75=   1,059  p90=   2,479  p99=   7,717  (tokens) (records_manager.py:1345)
19:23:58.624 INFO       tot     in=564,289,379  out=3,601,081 (records_manager.py:1345)
19:23:58.624 INFO       trace  theoretical_prefix_cache_hit=97.5% (records_manager.py:1345)
19:23:58.624 INFO       srv    prefix_cache_hit=93.9% unique_in_srv=34,733,595 ext_cache_hit=53.6% kv_usage=63.9% queue=19r/0w tput_in_srv=173,472/s tput_out_srv=1,102/s (records_manager.py:1345)
19:24:32.867 INFO     [realtime 55:21 profiling] (records_manager.py:1345)
19:24:32.867 INFO       rps=1.4 (avg 1.1)  tput_in=173,142/s  tput_out=1,098/s  done=3,707 ok=3,707 err=0 (records_manager.py:1345)
19:24:32.867 INFO       ttft    p50=  533ms  p75=   816ms  p95= 1,839ms  p99= 4,914ms (records_manager.py:1345)
19:24:32.867 INFO       itl     p50=   10ms  p75=    12ms  p95=    19ms  p99=    33ms (records_manager.py:1345)
19:24:32.867 INFO       e2e     p50=4,754ms  p75=12,284ms  p95=41,872ms  p99=87,679ms (records_manager.py:1345)
19:24:32.867 INFO       intvty  p50=    105  p75=     127  p95=     164  p99=     326  (1/tpot tok/s) (records_manager.py:1345)
19:24:32.867 INFO       isl     p50=112,437  p75= 199,935  p90= 300,641  p99= 745,589  (tokens) (records_manager.py:1345)
19:24:32.867 INFO       osl     p50=    390  p75=   1,060  p90=   2,477  p99=   7,637  (tokens) (records_manager.py:1345)
19:24:32.867 INFO       tot     in=574,308,701  out=3,642,143 (records_manager.py:1345)
19:24:32.867 INFO       trace  theoretical_prefix_cache_hit=97.5% (records_manager.py:1345)
19:24:32.867 INFO       srv    prefix_cache_hit=94.0% unique_in_srv=34,876,855 ext_cache_hit=53.4% kv_usage=53.1% queue=19r/0w tput_in_srv=174,426/s tput_out_srv=1,106/s (records_manager.py:1345)
19:24:44.310 INFO     Per-trace idle cap advanced replay root c3537799-fecd-48c7-9822-30b0b0b18a3d by 1050.083s (replay_dependencies.py:324)
19:24:45.693 WARNING  Event loop for worker_e869300a is taking too long to run. Overhead: 46.74ms (event_loop_monitor.py:89)
19:24:56.604 INFO     Per-trace idle cap advanced replay root 2fcf8a17-ff7a-493b-b361-6fc2f5bd94cb by 5236.483s (replay_dependencies.py:324)
19:25:06.867 INFO     [realtime 55:55 profiling] (records_manager.py:1345)
19:25:06.867 INFO       rps=1.1 (avg 1.1)  tput_in=174,407/s  tput_out=1,097/s  done=3,745 ok=3,745 err=0 (records_manager.py:1345)
19:25:06.867 INFO       ttft    p50=  535ms  p75=   821ms  p95= 1,836ms  p99= 4,905ms (records_manager.py:1345)
19:25:06.867 INFO       itl     p50=   10ms  p75=    12ms  p95=    19ms  p99=    33ms (records_manager.py:1345)
19:25:06.867 INFO       e2e     p50=4,790ms  p75=12,284ms  p95=42,124ms  p99=87,547ms (records_manager.py:1345)
19:25:06.867 INFO       intvty  p50=    105  p75=     126  p95=     164  p99=     362  (1/tpot tok/s) (records_manager.py:1345)
19:25:06.867 INFO       isl     p50=113,552  p75= 201,583  p90= 303,777  p99= 745,990  (tokens) (records_manager.py:1345)
19:25:06.867 INFO       osl     p50=    392  p75=   1,060  p90=   2,475  p99=   7,605  (tokens) (records_manager.py:1345)
19:25:06.867 INFO       tot     in=584,366,440  out=3,676,740 (records_manager.py:1345)
19:25:06.867 INFO       trace  theoretical_prefix_cache_hit=97.6% (records_manager.py:1345)
19:25:06.867 INFO       srv    prefix_cache_hit=93.9% unique_in_srv=35,623,764 ext_cache_hit=54.1% kv_usage=49.1% queue=17r/0w tput_in_srv=175,559/s tput_out_srv=1,108/s (records_manager.py:1345)
19:25:13.042 INFO     Per-trace idle cap advanced replay root 72e41fb8-8474-4a1d-8d2c-1251bf5a9577 by 164.924s (replay_dependencies.py:324)
19:25:41.284 INFO     [realtime 56:29 profiling] (records_manager.py:1345)
19:25:41.284 INFO       rps=1.0 (avg 1.1)  tput_in=175,007/s  tput_out=1,099/s  done=3,779 ok=3,779 err=0 (records_manager.py:1345)
19:25:41.284 INFO       ttft    p50=  537ms  p75=   822ms  p95= 1,836ms  p99= 4,897ms (records_manager.py:1345)
19:25:41.284 INFO       itl     p50=   10ms  p75=    12ms  p95=    19ms  p99=    33ms (records_manager.py:1345)
19:25:41.284 INFO       e2e     p50=4,810ms  p75=12,284ms  p95=42,185ms  p99=88,222ms (records_manager.py:1345)
19:25:41.284 INFO       intvty  p50=    105  p75=     126  p95=     164  p99=     472  (1/tpot tok/s) (records_manager.py:1345)
19:25:41.284 INFO       isl     p50=114,090  p75= 203,046  p90= 305,073  p99= 745,878  (tokens) (records_manager.py:1345)
19:25:41.284 INFO       osl     p50=    394  p75=   1,062  p90=   2,476  p99=   7,576  (tokens) (records_manager.py:1345)
19:25:41.284 INFO       tot     in=592,411,585  out=3,719,310 (records_manager.py:1345)
19:25:41.284 INFO       trace  theoretical_prefix_cache_hit=97.6% (records_manager.py:1345)
19:25:41.284 INFO       srv    prefix_cache_hit=94.0% unique_in_srv=35,882,244 ext_cache_hit=54.2% kv_usage=30.4% queue=11r/0w tput_in_srv=175,727/s tput_out_srv=1,111/s (records_manager.py:1345)
19:26:15.328 INFO     [realtime 57:03 profiling] (records_manager.py:1345)
19:26:15.329 INFO       rps=0.7 (avg 1.1)  tput_in=174,650/s  tput_out=1,102/s  done=3,802 ok=3,802 err=0 (records_manager.py:1345)
19:26:15.329 INFO       ttft    p50=  538ms  p75=   825ms  p95= 1,839ms  p99= 4,892ms (records_manager.py:1345)
19:26:15.329 INFO       itl     p50=   10ms  p75=    12ms  p95=    19ms  p99=    33ms (records_manager.py:1345)
19:26:15.329 INFO       e2e     p50=4,816ms  p75=12,322ms  p95=42,512ms  p99=91,465ms (records_manager.py:1345)
19:26:15.329 INFO       intvty  p50=    105  p75=     126  p95=     164  p99=     467  (1/tpot tok/s) (records_manager.py:1345)
19:26:15.329 INFO       isl     p50=114,411  p75= 203,270  p90= 306,026  p99= 745,803  (tokens) (records_manager.py:1345)
19:26:15.329 INFO       osl     p50=    396  p75=   1,064  p90=   2,483  p99=   7,822  (tokens) (records_manager.py:1345)
19:26:15.329 INFO       tot     in=597,018,501  out=3,768,633 (records_manager.py:1345)
19:26:15.329 INFO       trace  theoretical_prefix_cache_hit=97.6% (records_manager.py:1345)
19:26:15.329 INFO       srv    prefix_cache_hit=94.0% unique_in_srv=36,269,212 ext_cache_hit=54.2% kv_usage=31.0% queue=10r/0w tput_in_srv=175,317/s tput_out_srv=1,112/s (records_manager.py:1345)
19:26:20.415 INFO     Per-trace idle cap advanced replay root 0c7eb767-c753-46a7-b13e-f72d245426ee by 8.343s (replay_dependencies.py:324)
19:26:49.699 INFO     [realtime 57:38 profiling] (records_manager.py:1345)
19:26:49.699 INFO       rps=0.9 (avg 1.1)  tput_in=174,724/s  tput_out=1,103/s  done=3,832 ok=3,832 err=0 (records_manager.py:1345)
19:26:49.699 INFO       ttft    p50=  539ms  p75=   825ms  p95= 1,838ms  p99= 4,887ms (records_manager.py:1345)
19:26:49.699 INFO       itl     p50=   10ms  p75=    12ms  p95=    18ms  p99=    33ms (records_manager.py:1345)
19:26:49.699 INFO       e2e     p50=4,821ms  p75=12,331ms  p95=42,576ms  p99=91,043ms (records_manager.py:1345)
19:26:49.699 INFO       intvty  p50=    105  p75=     126  p95=     164  p99=     460  (1/tpot tok/s) (records_manager.py:1345)
19:26:49.699 INFO       isl     p50=114,650  p75= 203,762  p90= 307,800  p99= 745,747  (tokens) (records_manager.py:1345)
19:26:49.699 INFO       osl     p50=    398  p75=   1,066  p90=   2,486  p99=   7,956  (tokens) (records_manager.py:1345)
19:26:49.699 INFO       tot     in=603,447,900  out=3,809,156 (records_manager.py:1345)
19:26:49.699 INFO       trace  theoretical_prefix_cache_hit=97.6% (records_manager.py:1345)
19:26:49.699 INFO       srv    prefix_cache_hit=94.0% unique_in_srv=36,644,843 ext_cache_hit=54.5% kv_usage=33.5% queue=11r/0w tput_in_srv=175,482/s tput_out_srv=1,113/s (records_manager.py:1345)
19:26:50.644 INFO     Per-trace idle cap advanced replay root db3987a7-aa88-4e3d-8fc2-7e41539f4204 by 1335.797s (replay_dependencies.py:324)
19:27:23.789 INFO     [realtime 58:12 profiling] (records_manager.py:1345)
19:27:23.789 INFO       rps=0.6 (avg 1.1)  tput_in=174,592/s  tput_out=1,103/s  done=3,854 ok=3,854 err=0 (records_manager.py:1345)
19:27:23.789 INFO       ttft    p50=  539ms  p75=   827ms  p95= 1,838ms  p99= 4,883ms (records_manager.py:1345)
19:27:23.789 INFO       itl     p50=   10ms  p75=    12ms  p95=    19ms  p99=    33ms (records_manager.py:1345)
19:27:23.789 INFO       e2e     p50=4,816ms  p75=12,338ms  p95=42,782ms  p99=92,518ms (records_manager.py:1345)
19:27:23.789 INFO       intvty  p50=    105  p75=     126  p95=     164  p99=     455  (1/tpot tok/s) (records_manager.py:1345)
19:27:23.789 INFO       isl     p50=114,926  p75= 204,042  p90= 308,130  p99= 745,705  (tokens) (records_manager.py:1345)
19:27:23.789 INFO       osl     p50=    397  p75=   1,064  p90=   2,487  p99=   8,132  (tokens) (records_manager.py:1345)
19:27:23.789 INFO       tot     in=608,435,813  out=3,843,611 (records_manager.py:1345)
19:27:23.789 INFO       trace  theoretical_prefix_cache_hit=97.6% (records_manager.py:1345)
19:27:23.789 INFO       srv    prefix_cache_hit=93.9% unique_in_srv=37,461,814 ext_cache_hit=55.3% kv_usage=35.3% queue=11r/0w tput_in_srv=175,254/s tput_out_srv=1,112/s (records_manager.py:1345)
19:27:58.114 INFO     [realtime 58:46 profiling] (records_manager.py:1345)
19:27:58.114 INFO       rps=0.9 (avg 1.1)  tput_in=174,124/s  tput_out=1,106/s  done=3,885 ok=3,885 err=0 (records_manager.py:1345)
19:27:58.114 INFO       ttft    p50=  539ms  p75=   825ms  p95= 1,836ms  p99= 4,878ms (records_manager.py:1345)
19:27:58.114 INFO       itl     p50=   10ms  p75=    12ms  p95=    18ms  p99=    32ms (records_manager.py:1345)
19:27:58.114 INFO       e2e     p50=4,843ms  p75=12,328ms  p95=43,106ms  p99=93,916ms (records_manager.py:1345)
19:27:58.114 INFO       intvty  p50=    105  p75=     126  p95=     163  p99=     449  (1/tpot tok/s) (records_manager.py:1345)
19:27:58.114 INFO       isl     p50=115,163  p75= 204,508  p90= 308,714  p99= 745,647  (tokens) (records_manager.py:1345)
19:27:58.114 INFO       osl     p50=    400  p75=   1,065  p90=   2,521  p99=   8,264  (tokens) (records_manager.py:1345)
19:27:58.114 INFO       tot     in=613,212,374  out=3,895,183 (records_manager.py:1345)
19:27:58.114 INFO       trace  theoretical_prefix_cache_hit=97.6% (records_manager.py:1345)
19:27:58.114 INFO       srv    prefix_cache_hit=93.9% unique_in_srv=37,813,337 ext_cache_hit=55.5% kv_usage=23.0% queue=7r/0w tput_in_srv=174,635/s tput_out_srv=1,113/s (records_manager.py:1345)
19:27:59.484 INFO     Per-trace idle cap advanced replay root fff4dd29-7fd0-4d24-834d-2f1cadc05915 by 1157.164s (replay_dependencies.py:324)
19:28:05.047 INFO     Per-trace idle cap advanced replay root d5c54c8f-bbd1-4d59-bf8d-006dde5b6ad8 by 301.367s (replay_dependencies.py:324)
19:28:24.084 INFO     Per-trace idle cap advanced replay root 9ebb6b31-d8db-45e2-b407-c86b9584c5de by 253.238s (replay_dependencies.py:324)
19:28:32.377 INFO     [realtime 59:20 profiling] (records_manager.py:1345)
19:28:32.377 INFO       rps=0.9 (avg 1.1)  tput_in=174,012/s  tput_out=1,106/s  done=3,916 ok=3,916 err=0 (records_manager.py:1345)
19:28:32.377 INFO       ttft    p50=  539ms  p75=   825ms  p95= 1,837ms  p99= 4,873ms (records_manager.py:1345)
19:28:32.377 INFO       itl     p50=   10ms  p75=    12ms  p95=    18ms  p99=    32ms (records_manager.py:1345)
19:28:32.377 INFO       e2e     p50=4,842ms  p75=12,288ms  p95=42,997ms  p99=94,892ms (records_manager.py:1345)
19:28:32.377 INFO       intvty  p50=    105  p75=     126  p95=     163  p99=     435  (1/tpot tok/s) (records_manager.py:1345)
19:28:32.377 INFO       isl     p50=115,502  p75= 205,174  p90= 309,722  p99= 745,777  (tokens) (records_manager.py:1345)
19:28:32.377 INFO       osl     p50=    400  p75=   1,062  p90=   2,520  p99=   8,275  (tokens) (records_manager.py:1345)
19:28:32.377 INFO       tot     in=618,589,415  out=3,931,028 (records_manager.py:1345)
19:28:32.377 INFO       trace  theoretical_prefix_cache_hit=97.6% (records_manager.py:1345)
19:28:32.377 INFO       srv    prefix_cache_hit=93.8% unique_in_srv=38,410,965 ext_cache_hit=56.0% kv_usage=39.3% queue=13r/0w tput_in_srv=174,740/s tput_out_srv=1,112/s (records_manager.py:1345)
19:29:06.910 INFO     [realtime 59:55 profiling] (records_manager.py:1345)
19:29:06.910 INFO       rps=0.8 (avg 1.1)  tput_in=173,942/s  tput_out=1,104/s  done=3,945 ok=3,945 err=0 (records_manager.py:1345)
19:29:06.910 INFO       ttft    p50=  539ms  p75=   827ms  p95= 1,839ms  p99= 4,885ms (records_manager.py:1345)
19:29:06.910 INFO       itl     p50=   10ms  p75=    12ms  p95=    18ms  p99=    32ms (records_manager.py:1345)
19:29:06.910 INFO       e2e     p50=4,856ms  p75=12,284ms  p95=42,921ms  p99=95,165ms (records_manager.py:1345)
19:29:06.910 INFO       intvty  p50=    105  p75=     126  p95=     163  p99=     414  (1/tpot tok/s) (records_manager.py:1345)
19:29:06.910 INFO       isl     p50=115,794  p75= 205,362  p90= 310,074  p99= 746,710  (tokens) (records_manager.py:1345)
19:29:06.910 INFO       osl     p50=    402  p75=   1,063  p90=   2,521  p99=   8,345  (tokens) (records_manager.py:1345)
19:29:06.910 INFO       tot     in=624,253,761  out=3,963,524 (records_manager.py:1345)
19:29:06.910 INFO       trace  theoretical_prefix_cache_hit=97.6% (records_manager.py:1345)
19:29:06.910 INFO       srv    prefix_cache_hit=93.8% unique_in_srv=39,031,426 ext_cache_hit=56.5% kv_usage=40.8% queue=11r/0w tput_in_srv=174,773/s tput_out_srv=1,111/s (records_manager.py:1345)
19:29:11.509 INFO     Timeout of 3599.997089177s elapsed for event 'profiling phase sending' (runner.py:1208)
19:29:11.510 NOTICE   Phase profiling (profiling) sending complete | sent=3,961, completed=3,950, in_flight=11 | sessions: sent=57, completed=33 | timeout_triggered=True (runner.py:1039)
19:29:11.510 INFO     Waiting for event 'profiling phase credits returned' with timeout of 29.99850381899978s (runner.py:1220)
19:29:11.511 INFO     Sent 3,961 requests. Waiting for all to complete... (records_manager.py:1014)
19:29:41.359 INFO     [realtime 1:00:29 profiling] (records_manager.py:1345)
19:29:41.359 INFO       rps=0.5 (avg 1.1)  tput_in=173,625/s  tput_out=1,109/s  done=3,961 ok=3,961 err=0 (records_manager.py:1345)
19:29:41.359 INFO       ttft    p50=  539ms  p75=   827ms  p95= 1,840ms  p99= 4,882ms (records_manager.py:1345)
19:29:41.359 INFO       itl     p50=   10ms  p75=    12ms  p95=    18ms  p99=    32ms (records_manager.py:1345)
19:29:41.359 INFO       e2e     p50=4,876ms  p75=12,352ms  p95=43,199ms  p99=95,669ms (records_manager.py:1345)
19:29:41.359 INFO       intvty  p50=    105  p75=     126  p95=     163  p99=     402  (1/tpot tok/s) (records_manager.py:1345)
19:29:41.359 INFO       isl     p50=116,350  p75= 205,731  p90= 311,648  p99= 747,294  (tokens) (records_manager.py:1345)
19:29:41.359 INFO       osl     p50=    403  p75=   1,076  p90=   2,555  p99=   8,423  (tokens) (records_manager.py:1345)
19:29:41.359 INFO       tot     in=628,562,011  out=4,014,606 (records_manager.py:1345)
19:29:41.359 INFO       trace  theoretical_prefix_cache_hit=97.6% (records_manager.py:1345)
19:29:41.359 INFO       srv    prefix_cache_hit=93.8% unique_in_srv=39,042,651 ext_cache_hit=56.5% kv_usage=0.1% queue=0r/0w tput_in_srv=173,393/s tput_out_srv=1,107/s (records_manager.py:1345)
19:29:41.510 INFO     Timeout of 29.99850381899978s elapsed for event 'profiling phase credits returned' (runner.py:1208)
19:29:41.510 WARNING  Phase profiling timed out, cancelling all credits. Stats: sent=3961, completed=3961, cancelled=0, in_flight=0 (runner.py:1103)
19:29:41.510 INFO     Waiting for all cancelled credits to be returned for phase profiling. Need 0 more credits. (runner.py:1117)
19:29:41.510 INFO     All credits already returned after cancel for phase profiling. Skipping drain wait. (runner.py:1124)
19:29:41.510 INFO     All cancelled credits returned for phase profiling (runner.py:1136)
19:29:41.510 NOTICE   Phase profiling (profiling) complete | completed=3,961, cancelled=0, errors=0 | sessions: completed=33, cancelled=0 | elapsed=3630.00s | grace_period_timeout=True (runner.py:1162)
19:29:41.511 INFO     Global system-idle cap summary: limit=10s, jumps=0, skipped=0.000s (agentic_replay.py:956)
19:29:41.511 INFO     BranchOrchestrator stats: spawned=220 completed=188 errored=0 suspended=52 resumed=49 parents_failed_due_to_child_error=0 joins_suppressed=2 delayed=140 (branch_orchestrator.py:1782)
19:29:41.511 WARNING  BranchOrchestrator leaked state at cleanup: 1 active_joins, 0 future_joins, 27 tracked children, 10 parents with descendants (branch_orchestrator.py:1799)
19:29:41.511 WARNING  Abandoned pending join for parent 282c2f9c-8502-4e81-9409-3ae34ed7cc2a (outstanding=3, gated_turn_index=37, age_ms=140832) (branch_orchestrator.py:1811)
19:29:41.511 INFO     Session-tree slots for phase profiling: peak_open=32 (target concurrency 32); released 32 still-open at teardown; late_events=0 (runner.py:551)
19:29:41.511 NOTICE   All credits completed (phase_orchestrator.py:245)
19:29:41.511 INFO     Received CREDIT_PHASE_COMPLETE message, Phase complete: PhaseRecordsStats(phase=CreditPhase.PROFILING, phase_index=0, profiling_index=0, phase_name='profiling', phase_kind='profiling', start_ns=1787700551509374257, sent_end_ns=1787704151510098983, requests_end_ns=1787704181510584726, baseline_start_ns=1787700551509350468, baseline_end_ns=1787704181510592426, total_expected_requests=None, expected_duration_sec=None, expected_num_sessions=None, expected_grace_period_sec=None, final_requests_sent=None, final_requests_completed=3961, final_requests_cancelled=0, final_request_errors=0, final_sent_sessions=None, final_completed_sessions=None, final_cancelled_sessions=None, timeout_triggered=True, grace_period_timeout_triggered=True, was_cancelled=False, records_end_ns=None, success_records=3961, error_records=0) (records_manager.py:1040)
19:29:41.511 NOTICE   All requests have completed, please wait for the results to be processed (currently 3,961 of 3,961 records processed)... (records_manager.py:1051)
19:29:41.512 INFO     Processed 3961 valid requests and 0 errors (3961 total). (records_manager.py:913)
19:29:41.511 INFO     Received credits complete from 'timing_manager' (system_controller.py:448)
19:29:41.512 INFO     Received all records, processing now... (records_manager.py:919)
19:29:41.512 INFO     All credits complete, please wait for the results to be processed... (records_manager.py:1077)
19:29:41.512 INFO     Server Metrics: Profiling complete, capturing final metrics... (manager.py:355)
19:29:41.513 INFO     Waiting 2.0s for server metrics flush period... (records_manager.py:973)
19:29:43.510 INFO     Processing records results... (records_manager.py:2083)
19:29:47.815 INFO     Profiling metric coverage passed for 'profiling': TTFT=100.0%, inter-token latency=100.0% (required=95.0%). (records_manager.py:1814)
19:29:48.307 WARNING  Detected 1 counter reset(s) in counter metric with labels {'generation': '0'}. This typically indicates server restart(s) during profiling. Statistics may be inaccurate. Raw delta: 166853.00 (export_stats.py:348)
19:29:48.732 WARNING  Detected 1 counter reset(s) in counter metric with labels {'generation': '0'}. This typically indicates server restart(s) during profiling. Statistics may be inaccurate. Raw delta: 2714.00 (export_stats.py:348)
19:29:49.257 INFO     Waiting for result domains: server_metrics (system_controller.py:869)
19:29:54.817 INFO     _finalize_and_process_results completed (records_manager.py:980)
19:29:56.597 INFO     All results received, initiating shutdown (system_controller.py:864)
19:29:57.458 WARNING  Service worker process (pid: 1532835) still alive after bus shutdown grace; killing (SIGKILL / TerminateProcess — children ignore SIGTERM) (multiprocess_service_manager.py:277)
19:29:57.630 INFO     Exporting all records (exporter_manager.py:69)
19:30:02.513 INFO     Exporting console data (exporter_manager.py:326)


                                                   NVIDIA AIPerf | LLM Metrics: Effective                                                   
┏━━━━━━━━━━━━━━━━━━━━━━━━━━━━━━━━━━━━━━━┳━━━━━━━━━━━━━━┳━━━━━━━━┳━━━━━━━━━━━━━━┳━━━━━━━━━━━━━━┳━━━━━━━━━━━━━━┳━━━━━━━━━━━━━━┳━━━━━━━━━━━━━━┓
┃                                Metric ┃          avg ┃    min ┃          max ┃          p99 ┃          p90 ┃          p50 ┃          std ┃
┡━━━━━━━━━━━━━━━━━━━━━━━━━━━━━━━━━━━━━━━╇━━━━━━━━━━━━━━╇━━━━━━━━╇━━━━━━━━━━━━━━╇━━━━━━━━━━━━━━╇━━━━━━━━━━━━━━╇━━━━━━━━━━━━━━╇━━━━━━━━━━━━━━┩
│      Effective Concurrency (requests) │        12.38 │   0.00 │        38.00 │        31.00 │        19.00 │        11.00 │         5.66 │
│           Effective Decode Throughput │     1,104.86 │   0.00 │   410,598.41 │     2,497.72 │     1,796.96 │     1,120.41 │       723.73 │
│                          (tokens/sec) │              │        │              │              │              │              │              │
│          Effective Prefill Throughput │   173,157.52 │   0.00 │ 1,353,837.77 │   864,539.33 │   482,096.71 │         0.00 │   225,003.40 │
│                          (tokens/sec) │              │        │              │              │              │              │              │
│          Effective Decode Concurrency │        11.52 │   0.00 │        38.00 │        30.00 │        18.00 │        11.00 │         5.44 │
│                            (requests) │              │        │              │              │              │              │              │
│         Effective Prefill Concurrency │         0.86 │   0.00 │        19.00 │         6.00 │         2.00 │         0.00 │         1.34 │
│                            (requests) │              │        │              │              │              │              │              │
│            Effective Total Throughput │   174,262.38 │   0.00 │ 1,354,482.03 │   865,358.94 │   482,906.71 │     2,071.96 │   224,966.73 │
│                          (tokens/sec) │              │        │              │              │              │              │              │
│  Effective Decode Throughput Per User │       104.87 │   0.00 │    91,248.64 │       216.01 │       161.84 │       114.41 │        77.59 │
│                     (tokens/sec/user) │              │        │              │              │              │              │              │
│ Effective Prefill Throughput Per User │   119,513.62 │   0.00 │   513,683.33 │   471,792.17 │   363,900.96 │         0.00 │   150,213.48 │
│                     (tokens/sec/user) │              │        │              │              │              │              │              │
│             Tokens In Flight (tokens) │ 2,632,327.09 │   0.00 │ 5,781,771.37 │ 5,223,471.05 │ 4,176,112.06 │ 2,684,540.94 │ 1,173,873.82 │
│     Effective Latency (CO-aware) (ms) │    11,343.56 │ 243.52 │   240,477.15 │    95,671.43 │    26,885.47 │     4,878.47 │    18,622.70 │
└───────────────────────────────────────┴──────────────┴────────┴──────────────┴──────────────┴──────────────┴──────────────┴──────────────┘
                                                 NVIDIA AIPerf | LLM Metrics: Active                                                 
┏━━━━━━━━━━━━━━━━━━━━━━━━━━━━━━━━━━━━━━━━┳━━━━━━━━━━━━┳━━━━━━━━━━┳━━━━━━━━━━━━━━┳━━━━━━━━━━━━┳━━━━━━━━━━━━┳━━━━━━━━━━━━┳━━━━━━━━━━━━┓
┃                                 Metric ┃        avg ┃      min ┃          max ┃        p99 ┃        p90 ┃        p50 ┃        std ┃
┡━━━━━━━━━━━━━━━━━━━━━━━━━━━━━━━━━━━━━━━━╇━━━━━━━━━━━━╇━━━━━━━━━━╇━━━━━━━━━━━━━━╇━━━━━━━━━━━━╇━━━━━━━━━━━━╇━━━━━━━━━━━━╇━━━━━━━━━━━━┩
│  Active Decode Throughput (tokens/sec) │   1,108.13 │     0.00 │   410,598.41 │   2,498.70 │   1,798.29 │   1,122.96 │     722.30 │
│ Active Prefill Throughput (tokens/sec) │ 347,290.48 │ 1,070.57 │ 1,353,837.77 │ 928,564.18 │ 624,150.50 │ 340,894.32 │ 202,641.39 │
│      Active Decode Throughput Per User │     105.18 │     0.00 │    91,248.64 │     216.19 │     161.89 │     114.57 │      77.50 │
│                      (tokens/sec/user) │            │          │              │            │            │            │            │
│     Active Prefill Throughput Per User │ 239,700.49 │ 1,070.57 │   513,683.33 │ 490,069.68 │ 412,534.27 │ 243,138.33 │ 128,243.67 │
│                      (tokens/sec/user) │            │          │              │            │            │            │            │
│   Active Total Throughput (tokens/sec) │ 174,748.33 │    85.09 │ 1,354,482.03 │ 865,358.94 │ 483,757.10 │   2,324.30 │ 225,091.63 │
└────────────────────────────────────────┴────────────┴──────────┴──────────────┴────────────┴────────────┴────────────┴────────────┘
                                                  NVIDIA AIPerf | LLM Metrics: Usage                                                  
┏━━━━━━━━━━━━━━━━━━━━━━━━━━━━━━━━━━━━━━━━━┳━━━━━━━━━━━━━━━━┳━━━━━━━━┳━━━━━━━━━━━━┳━━━━━━━━━━━━┳━━━━━━━━━━━━┳━━━━━━━━━━━━┳━━━━━━━━━━━━┓
┃                                  Metric ┃            avg ┃    min ┃        max ┃        p99 ┃        p90 ┃        p50 ┃        std ┃
┡━━━━━━━━━━━━━━━━━━━━━━━━━━━━━━━━━━━━━━━━━╇━━━━━━━━━━━━━━━━╇━━━━━━━━╇━━━━━━━━━━━━╇━━━━━━━━━━━━╇━━━━━━━━━━━━╇━━━━━━━━━━━━╇━━━━━━━━━━━━┩
│            Usage Prompt Tokens (tokens) │     158,687.71 │ 311.00 │ 801,207.00 │ 747,294.00 │ 311,648.00 │ 116,350.00 │ 140,227.70 │
│ Usage Prompt Cache Read Tokens (tokens) │     154,398.99 │   0.00 │ 800,512.00 │ 745,753.60 │ 307,840.00 │ 112,768.00 │ 141,206.08 │
│        Usage Completion Tokens (tokens) │       1,013.53 │   1.00 │  25,200.00 │   8,423.00 │   2,555.00 │     403.00 │   1,730.12 │
│             Usage Total Tokens (tokens) │     159,701.24 │ 418.00 │ 801,222.00 │ 747,964.20 │ 313,640.00 │ 117,074.00 │ 140,608.60 │
│      Total Usage Prompt Tokens (tokens) │ 628,562,011.00 │    N/A │        N/A │        N/A │        N/A │        N/A │        N/A │
│    Total Usage Prompt Cache Read Tokens │ 611,574,400.00 │    N/A │        N/A │        N/A │        N/A │        N/A │        N/A │
│                                (tokens) │                │        │            │            │            │            │            │
│       Overall Usage Prompt Cache Read % │          97.30 │    N/A │        N/A │        N/A │        N/A │        N/A │        N/A │
│                                     (%) │                │        │            │            │            │            │            │
│  Total Usage Completion Tokens (tokens) │   4,014,606.00 │    N/A │        N/A │        N/A │        N/A │        N/A │        N/A │
│       Total Usage Total Tokens (tokens) │ 632,576,617.00 │    N/A │        N/A │        N/A │        N/A │        N/A │        N/A │
└─────────────────────────────────────────┴────────────────┴────────┴────────────┴────────────┴────────────┴────────────┴────────────┘
                                                       NVIDIA AIPerf | LLM Metrics                                                       
┏━━━━━━━━━━━━━━━━━━━━━━━━━━━━━━━━━━━━━━━━━━━━━━━━┳━━━━━━━━━━━━┳━━━━━━━━┳━━━━━━━━━━━━┳━━━━━━━━━━━━┳━━━━━━━━━━━━┳━━━━━━━━━━━━┳━━━━━━━━━━━━┓
┃                                         Metric ┃        avg ┃    min ┃        max ┃        p99 ┃        p90 ┃        p50 ┃        std ┃
┡━━━━━━━━━━━━━━━━━━━━━━━━━━━━━━━━━━━━━━━━━━━━━━━━╇━━━━━━━━━━━━╇━━━━━━━━╇━━━━━━━━━━━━╇━━━━━━━━━━━━╇━━━━━━━━━━━━╇━━━━━━━━━━━━╇━━━━━━━━━━━━┩
│                       Time to First Token (ms) │     784.81 │  93.19 │  14,340.36 │   4,882.12 │   1,391.43 │     539.07 │     999.56 │
│                      Time to Second Token (ms) │     190.32 │   0.29 │   5,984.97 │   1,153.74 │     379.94 │     124.63 │     270.96 │
│                Time to First Output Token (ms) │   5,354.55 │ 371.00 │  29,795.20 │  26,700.80 │  13,507.26 │   3,438.44 │   5,994.08 │
│                           Request Latency (ms) │  11,340.94 │ 242.42 │ 240,475.29 │  95,668.96 │  26,883.64 │   4,875.82 │  18,622.27 │
│                           Decode Duration (ms) │  10,556.14 │   0.00 │ 239,632.33 │  94,173.74 │  25,800.64 │   4,185.15 │  18,427.96 │
│                      Full Decode Duration (ms) │  10,556.20 │   0.09 │ 239,632.38 │  94,173.80 │  25,800.72 │   4,185.23 │  18,427.96 │
│                       Inter Token Latency (ms) │      10.78 │   0.22 │     142.71 │      32.36 │      15.59 │       9.51 │       6.05 │
│              Full-Response Inter Token Latency │      10.78 │   0.22 │     142.71 │      32.37 │      15.59 │       9.51 │       6.05 │
│                                           (ms) │            │        │            │            │            │            │            │
│               Output Token Throughput Per User │     118.19 │   7.01 │   4,613.51 │     401.90 │     148.48 │     105.11 │     166.35 │
│                              (tokens/sec/user) │            │        │            │            │            │            │            │
│  E2E Output Token Throughput (tokens/sec/user) │      85.47 │   0.25 │     172.74 │     149.05 │     121.90 │      86.51 │      28.91 │
│ Full-Response Output Token Throughput Per User │     117.95 │   7.01 │   4,533.72 │     393.11 │     148.47 │     105.11 │     163.26 │
│                              (tokens/sec/user) │            │        │            │            │            │            │            │
│                Output Sequence Length (tokens) │   1,013.53 │   1.00 │  25,200.00 │   8,423.00 │   2,555.00 │     403.00 │   1,730.12 │
│                 Input Sequence Length (tokens) │ 158,687.71 │ 311.00 │ 801,207.00 │ 747,294.00 │ 311,648.00 │ 116,350.00 │ 140,227.70 │
│           Output Token Throughput (tokens/sec) │   1,105.95 │    N/A │        N/A │        N/A │        N/A │        N/A │        N/A │
│            Input Token Throughput (tokens/sec) │ 173,157.52 │    N/A │        N/A │        N/A │        N/A │        N/A │        N/A │
│              Request Throughput (requests/sec) │       1.09 │    N/A │        N/A │        N/A │        N/A │        N/A │        N/A │
│                       Request Count (requests) │   3,961.00 │    N/A │        N/A │        N/A │        N/A │        N/A │        N/A │
│               Theoretical Prefix Cache Hit (%) │      97.71 │    N/A │        N/A │        N/A │        N/A │        N/A │        N/A │
└────────────────────────────────────────────────┴────────────┴────────┴────────────┴────────────┴────────────┴────────────┴────────────┘

CLI Command: aiperf profile --scenario 'inferencex-agentx-mvp' --url 'http://localhost:8886' 
--endpoint '/v1/chat/completions' --endpoint-type 'chat' --streaming --model 'amd/MiniMax-M3-MXFP4' 
--tokenizer 'amd/MiniMax-M3-MXFP4' --concurrency 32 --benchmark-duration 3600 --stats-interval 30 
--random-seed 42 --failed-request-threshold 0.1 --trajectory-start-min-ratio 0.25 
--trajectory-start-max-ratio 0.75 --warmup-requests-per-lane 10 --trace-idle-gap-cap-seconds 300 
--warmup-grace-period 1800 --use-server-token-count --no-gpu-telemetry --tokenizer-trust-remote-code
--num-dataset-entries 393 --slice-duration 1.0 --server-metrics 'http://localhost:8886/metrics' 
--output-artifact-dir 
'/shared/data/R7N/andy_luo_3v7/minimaxm3-agentx/results/mtp-k4-aiter-full-indexer-vllm-simple-v19-tp
4-c32-full-indexer-complete-curve-20260825-r1/aiperf_artifacts' --public-dataset 
'semianalysis_cc_traces_weka_062126' --apply-chat-template
Benchmark Duration: 3620.24 sec
CSV Export: 
/shared/data/R7N/andy_luo_3v7/minimaxm3-agentx/results/mtp-k4-aiter-full-indexer-vllm-simple-v19-tp4
-c32-full-indexer-complete-curve-20260825-r1/aiperf_artifacts/profile_export_aiperf.csv
JSON Export: 
/shared/data/R7N/andy_luo_3v7/minimaxm3-agentx/results/mtp-k4-aiter-full-indexer-vllm-simple-v19-tp4
-c32-full-indexer-complete-curve-20260825-r1/aiperf_artifacts/profile_export_aiperf.json
Server Metrics CSV Export: 
/shared/data/R7N/andy_luo_3v7/minimaxm3-agentx/results/mtp-k4-aiter-full-indexer-vllm-simple-v19-tp4
-c32-full-indexer-complete-curve-20260825-r1/aiperf_artifacts/server_metrics_export.csv
Server Metrics JSON Export: 
/shared/data/R7N/andy_luo_3v7/minimaxm3-agentx/results/mtp-k4-aiter-full-indexer-vllm-simple-v19-tp4
-c32-full-indexer-complete-curve-20260825-r1/aiperf_artifacts/server_metrics_export.json
Timeslice CSV Export: 
/shared/data/R7N/andy_luo_3v7/minimaxm3-agentx/results/mtp-k4-aiter-full-indexer-vllm-simple-v19-tp4
-c32-full-indexer-complete-curve-20260825-r1/aiperf_artifacts/profile_export_aiperf_timeslices.csv
Timeslice JSON Export: 
/shared/data/R7N/andy_luo_3v7/minimaxm3-agentx/results/mtp-k4-aiter-full-indexer-vllm-simple-v19-tp4
-c32-full-indexer-complete-curve-20260825-r1/aiperf_artifacts/profile_export_aiperf_timeslices.json
Log File: 
/shared/data/R7N/andy_luo_3v7/minimaxm3-agentx/results/mtp-k4-aiter-full-indexer-vllm-simple-v19-tp4
-c32-full-indexer-complete-curve-20260825-r1/aiperf_artifacts/logs/aiperf.log

+ replay_rc=0
+ set +x
Saved aggregated agentic result to /shared/data/R7N/andy_luo_3v7/minimaxm3-agentx/results/mtp-k4-aiter-full-indexer-vllm-simple-v19-tp4-c32-full-indexer-complete-curve-20260825-r1/mtp-k4-aiter-full-indexer-vllm-simple-v19-tp4-c32-full-indexer-complete-curve-20260825-r1.json
  Requests: 3961 successful / 4315 total (354 warmup, 3 error dropped)
  QPS: mean=1.09 p75=2.00 p95=3.00
  GPU cache hit rate: 93.0%
  CPU/offload cache hit rate: 3.2%
  External cache hit rate: 3.2%
  GPU KV cache usage:  70.6%
  GPU KV cache capacity: 8184960 tokens
  Theoretical cache hit rate: 97.7%
  Throughput per GPU: 43683 tok/s
Saved /shared/data/R7N/andy_luo_3v7/minimaxm3-agentx/results/mtp-k4-aiter-full-indexer-vllm-simple-v19-tp4-c32-full-indexer-complete-curve-20260825-r1/metrics_plots.png
  Records: 4312 | TTFT median 579ms | E2E median 5127ms
Loaded 4,315 records from /shared/data/R7N/andy_luo_3v7/minimaxm3-agentx/results/mtp-k4-aiter-full-indexer-vllm-simple-v19-tp4-c32-full-indexer-complete-curve-20260825-r1/aiperf_artifacts
======================================================================
BENCHMARK WORKLOAD DISTRIBUTION ANALYSIS
======================================================================
Total requests: 4,315

ALL REQUESTS ISL:
  n=4,312  mean=160,842  median=116,082  p75=205,559  p90=317,781  p95=429,582
ALL REQUESTS OSL:
  n=4,312  mean=931  median=349  p75=986  p90=2,339  p95=3,849
======================================================================
Saved plots to /shared/data/R7N/andy_luo_3v7/minimaxm3-agentx/results/mtp-k4-aiter-full-indexer-vllm-simple-v19-tp4-c32-full-indexer-complete-curve-20260825-r1/workload_distribution_plots.png
Validated aiperf request error rate: 0/3961 = 0.000% <= 10.000%
Validated required AIPerf server metrics prefix 'vllm:'
Stopping vLLM server (PID=1520838)...
Stopped vLLM server.
