2026-08-25 18:15:50.959 - aiperf.cli_runner._single_run - INFO - Starting AIPerf System
2026-08-25 18:15:50.969 - aiperf.common.scenario.validator - INFO - Scenario 'inferencex-agentx-mvp': setting profiling-phase timing_mode=agentic_replay.
2026-08-25 18:15:50.969 - aiperf.common.scenario.validator - INFO - Scenario 'inferencex-agentx-mvp': injecting extra_inputs.ignore_eos=true (was absent).
2026-08-25 18:15:50.970 - aiperf.common.scenario.validator - INFO - Scenario 'inferencex-agentx-mvp': auto-set --cache-bust=first_turn_prefix (was at default none).
2026-08-25 18:15:50.970 - aiperf.common.scenario.validator - INFO - Scenario 'inferencex-agentx-mvp': auto-set --system-idle-gap-cap-seconds=10.0 (was unset).
2026-08-25 18:15:51.185 - system_controller - INFO - GPU telemetry disabled via --no-gpu-telemetry
2026-08-25 18:15:51.196 - system_controller - INFO - Registered Worker Manager (id: 'worker_manager')
2026-08-25 18:15:51.226 - server_metrics_manager - INFO - Server Metrics: Discovered 1 endpoints: ['http://localhost:8886/metrics']
2026-08-25 18:15:51.258 - OTelMetricsResultsProcessor_5109cc61 - INFO - Telemetry streaming is disabled (set --otel-url and/or --mlflow-tracking-uri to enable)
2026-08-25 18:15:51.260 - RecordExportJSONLWriter_73aac724 - INFO - Record metrics export enabled: /shared/data/R7N/andy_luo_3v7/minimaxm3-agentx/results/mtp-k4-aiter-full-indexer-vllm-simple-v19-tp4-c30-full-indexer-complete-curve-20260825-r1/aiperf_artifacts/profile_export.jsonl
2026-08-25 18:15:51.294 - system_controller - INFO - Registered Record Processor (id: 'record_processor_c5eab5cb')
2026-08-25 18:15:51.297 - system_controller - INFO - Registered Records Manager (id: 'records_manager')
2026-08-25 18:15:51.306 - system_controller - INFO - Registered Record Processor (id: 'record_processor_65f1611a')
2026-08-25 18:15:51.306 - system_controller - INFO - Registered Record Processor (id: 'record_processor_feb366ac')
2026-08-25 18:15:51.310 - system_controller - INFO - Registered Record Processor (id: 'record_processor_0fb1c5f0')
2026-08-25 18:15:51.350 - system_controller - INFO - Registered Server Metrics Manager (id: 'server_metrics_manager')
2026-08-25 18:15:51.350 - system_controller - INFO - Registered Dataset Manager (id: 'dataset_manager')
2026-08-25 18:15:51.368 - system_controller - INFO - Registered Timing Manager (id: 'timing_manager')
2026-08-25 18:15:51.373 - system_controller - INFO - Registered Worker (id: 'worker_6b6cde31')
2026-08-25 18:15:51.380 - system_controller - INFO - Registered Worker (id: 'worker_746b0565')
2026-08-25 18:15:51.387 - system_controller - INFO - Registered Worker (id: 'worker_3ae3712f')
2026-08-25 18:15:51.395 - system_controller - INFO - Registered Record Processor (id: 'record_processor_5cddfc37')
2026-08-25 18:15:51.396 - system_controller - INFO - Registered Record Processor (id: 'record_processor_b6e83a3e')
2026-08-25 18:15:51.396 - system_controller - INFO - Registered Record Processor (id: 'record_processor_b3b49a07')
2026-08-25 18:15:51.400 - system_controller - INFO - Registered Worker (id: 'worker_5a801d84')
2026-08-25 18:15:51.401 - system_controller - INFO - Registered Worker (id: 'worker_cd8a3b7b')
2026-08-25 18:15:51.401 - system_controller - INFO - Registered Worker (id: 'worker_3c231b2e')
2026-08-25 18:15:51.409 - system_controller - INFO - Registered Worker (id: 'worker_1eb4f4f6')
2026-08-25 18:15:51.420 - system_controller - INFO - Registered Worker (id: 'worker_74ebcd9d')
2026-08-25 18:15:51.420 - system_controller - INFO - Registered Worker (id: 'worker_8574f0d4')
2026-08-25 18:15:51.427 - system_controller - INFO - Registered Worker (id: 'worker_8ca713d3')
2026-08-25 18:15:51.427 - system_controller - INFO - Registered Worker (id: 'worker_1622dfcb')
2026-08-25 18:15:51.431 - system_controller - INFO - Registered Worker (id: 'worker_269fb097')
2026-08-25 18:15:51.432 - system_controller - INFO - Registered Worker (id: 'worker_4ae446ce')
2026-08-25 18:15:51.434 - system_controller - INFO - Registered Worker (id: 'worker_07a92af1')
2026-08-25 18:15:51.435 - system_controller - INFO - Registered Worker (id: 'worker_4d11ca1f')
2026-08-25 18:15:51.438 - system_controller - INFO - Registered Worker (id: 'worker_6d16ff32')
2026-08-25 18:15:51.440 - system_controller - INFO - Registered Worker (id: 'worker_363ab3cb')
2026-08-25 18:15:51.440 - system_controller - INFO - Registered Worker (id: 'worker_531c9194')
2026-08-25 18:15:51.440 - system_controller - INFO - Registered Worker (id: 'worker_369e462e')
2026-08-25 18:15:51.469 - system_controller - INFO - Registered Worker (id: 'worker_55f56253')
2026-08-25 18:15:51.479 - system_controller - INFO - Registered Worker (id: 'worker_4206e2e8')
2026-08-25 18:15:51.494 - system_controller - INFO - Registered Worker (id: 'worker_48009063')
2026-08-25 18:15:51.509 - system_controller - INFO - Registered Worker (id: 'worker_4c359749')
2026-08-25 18:15:51.515 - system_controller - INFO - Registered Worker (id: 'worker_974bdde9')
2026-08-25 18:15:51.516 - system_controller - INFO - Registered Worker (id: 'worker_cb6be425')
2026-08-25 18:15:51.548 - system_controller - INFO - Registered Worker (id: 'worker_225be658')
2026-08-25 18:15:51.551 - system_controller - INFO - Registered Worker (id: 'worker_a0401e60')
2026-08-25 18:15:51.551 - system_controller - INFO - Registered Worker (id: 'worker_b7de4f20')
2026-08-25 18:15:51.559 - system_controller - INFO - Registered Worker (id: 'worker_d0126ec9')
2026-08-25 18:15:51.559 - system_controller - INFO - Registered Worker (id: 'worker_ff68ee71')
2026-08-25 18:15:51.687 - system_controller - INFO - AIPerf System is CONFIGURING
2026-08-25 18:15:51.687 - system_controller - INFO - Configuring all services to start profiling
2026-08-25 18:15:51.687 - timing_manager - INFO - Waiting for dataset to be configured before configuring timing
2026-08-25 18:15:51.687 - InferenceResultParser_df6a9356 - INFO - Tokenization is disabled for this endpoint, skipping tokenizer configuration
2026-08-25 18:15:51.687 - InferenceResultParser_89790432 - INFO - Tokenization is disabled for this endpoint, skipping tokenizer configuration
2026-08-25 18:15:51.687 - InferenceResultParser_1693656d - INFO - Tokenization is disabled for this endpoint, skipping tokenizer configuration
2026-08-25 18:15:51.687 - InferenceResultParser_dda6a7d8 - INFO - Tokenization is disabled for this endpoint, skipping tokenizer configuration
2026-08-25 18:15:51.688 - InferenceResultParser_9537a6ee - INFO - Tokenization is disabled for this endpoint, skipping tokenizer configuration
2026-08-25 18:15:51.688 - InferenceResultParser_c2dc13e5 - INFO - Tokenization is disabled for this endpoint, skipping tokenizer configuration
2026-08-25 18:15:51.688 - InferenceResultParser_319dbca5 - INFO - Tokenization is disabled for this endpoint, skipping tokenizer configuration
2026-08-25 18:15:51.690 - dataset_manager - INFO - Configuring tokenizer(s) for dataset manager
2026-08-25 18:15:51.699 - server_metrics_manager - INFO - Server Metrics: Capturing baseline metrics...
2026-08-25 18:15:51.722 - http://localhost:8886/metrics - INFO - Skipping unsupported summary metric: http_request_size_bytes
2026-08-25 18:15:51.722 - http://localhost:8886/metrics - INFO - Skipping unsupported summary metric: http_response_size_bytes
2026-08-25 18:15:51.722 - system_controller - INFO - Server metrics enabled - 1/1 endpoint(s) reachable.
2026-08-25 18:15:51.723 - system_controller - INFO - Waiting for result domains: profile, server_metrics
2026-08-25 18:15:52.469 - httpx - INFO - HTTP Request: HEAD https://huggingface.co/amd/MiniMax-M3-MXFP4/resolve/main/config.json "HTTP/1.1 307 Temporary Redirect"
2026-08-25 18:15:52.476 - httpx - INFO - HTTP Request: HEAD https://huggingface.co/api/resolve-cache/models/amd/MiniMax-M3-MXFP4/b83d14e3d64bf373a207f3c2a7e9f0b0f1e7fc3a/config.json "HTTP/1.1 200 OK"
2026-08-25 18:15:52.539 - httpx - INFO - HTTP Request: HEAD https://huggingface.co/amd/MiniMax-M3-MXFP4/resolve/main/configuration_minimax_m3_vl.py "HTTP/1.1 307 Temporary Redirect"
2026-08-25 18:15:52.548 - httpx - INFO - HTTP Request: HEAD https://huggingface.co/api/resolve-cache/models/amd/MiniMax-M3-MXFP4/b83d14e3d64bf373a207f3c2a7e9f0b0f1e7fc3a/configuration_minimax_m3_vl.py "HTTP/1.1 200 OK"
2026-08-25 18:15:52.595 - httpx - INFO - HTTP Request: HEAD https://huggingface.co/amd/MiniMax-M3-MXFP4/resolve/main/config.json "HTTP/1.1 307 Temporary Redirect"
2026-08-25 18:15:52.595 - huggingface_hub.utils._http - WARNING - Warning: You are sending unauthenticated requests to the HF Hub. Please set a HF_TOKEN to enable higher rate limits and faster downloads.
2026-08-25 18:15:52.603 - httpx - INFO - HTTP Request: HEAD https://huggingface.co/api/resolve-cache/models/amd/MiniMax-M3-MXFP4/b83d14e3d64bf373a207f3c2a7e9f0b0f1e7fc3a/config.json "HTTP/1.1 200 OK"
2026-08-25 18:15:52.644 - httpx - INFO - HTTP Request: HEAD https://huggingface.co/amd/MiniMax-M3-MXFP4/resolve/main/tokenizer_config.json "HTTP/1.1 307 Temporary Redirect"
2026-08-25 18:15:52.651 - httpx - INFO - HTTP Request: HEAD https://huggingface.co/api/resolve-cache/models/amd/MiniMax-M3-MXFP4/b83d14e3d64bf373a207f3c2a7e9f0b0f1e7fc3a/tokenizer_config.json "HTTP/1.1 200 OK"
2026-08-25 18:15:52.700 - httpx - INFO - HTTP Request: GET https://huggingface.co/api/models/amd/MiniMax-M3-MXFP4/tree/main/additional_chat_templates?recursive=false&expand=false "HTTP/1.1 404 Not Found"
2026-08-25 18:15:52.740 - httpx - INFO - HTTP Request: GET https://huggingface.co/api/models/amd/MiniMax-M3-MXFP4/tree/main?recursive=true&expand=false "HTTP/1.1 200 OK"
2026-08-25 18:15:53.334 - httpx - INFO - HTTP Request: GET https://huggingface.co/api/models/amd/MiniMax-M3-MXFP4 "HTTP/1.1 200 OK"
2026-08-25 18:15:53.357 - dataset_manager - INFO - Tokenizer(s) configured in 1.67 seconds
2026-08-25 18:15:53.357 - dataset_manager - INFO - Configuring dataset for dataset_manager
2026-08-25 18:15:54.067 - SemiAnalysisCCTracesWekaLoader - INFO - Loading HuggingFace dataset 'semianalysisai/cc-traces-weka-062126' (split=train)
2026-08-25 18:15:54.930 - httpx - INFO - HTTP Request: HEAD https://huggingface.co/datasets/semianalysisai/cc-traces-weka-062126/resolve/main/README.md "HTTP/1.1 307 Temporary Redirect"
2026-08-25 18:15:54.938 - httpx - INFO - HTTP Request: HEAD https://huggingface.co/api/resolve-cache/datasets/semianalysisai/cc-traces-weka-062126/23f152f6f0f9399a85901b89a6458def0ef16729/README.md "HTTP/1.1 200 OK"
2026-08-25 18:15:54.980 - httpx - INFO - HTTP Request: HEAD https://huggingface.co/datasets/semianalysisai/cc-traces-weka-062126/resolve/23f152f6f0f9399a85901b89a6458def0ef16729/cc-traces-weka-062126.py "HTTP/1.1 404 Not Found"
2026-08-25 18:15:55.076 - httpx - INFO - HTTP Request: HEAD https://s3.amazonaws.com/datasets.huggingface.co/datasets/datasets/semianalysisai/cc-traces-weka-062126/semianalysisai/cc-traces-weka-062126.py "HTTP/1.1 404 Not Found"
2026-08-25 18:15:55.117 - httpx - INFO - HTTP Request: GET https://huggingface.co/api/datasets/semianalysisai/cc-traces-weka-062126/revision/23f152f6f0f9399a85901b89a6458def0ef16729 "HTTP/1.1 200 OK"
2026-08-25 18:15:55.162 - httpx - INFO - HTTP Request: HEAD https://huggingface.co/datasets/semianalysisai/cc-traces-weka-062126/resolve/23f152f6f0f9399a85901b89a6458def0ef16729/.huggingface.yaml "HTTP/1.1 404 Not Found"
2026-08-25 18:15:55.494 - httpx - INFO - HTTP Request: GET https://datasets-server.huggingface.co/info?dataset=semianalysisai/cc-traces-weka-062126 "HTTP/1.1 200 OK"
2026-08-25 18:15:55.554 - httpx - INFO - HTTP Request: GET https://huggingface.co/api/datasets/semianalysisai/cc-traces-weka-062126/tree/23f152f6f0f9399a85901b89a6458def0ef16729?recursive=false&expand=false "HTTP/1.1 200 OK"
2026-08-25 18:15:55.597 - httpx - INFO - HTTP Request: HEAD https://huggingface.co/datasets/semianalysisai/cc-traces-weka-062126/resolve/23f152f6f0f9399a85901b89a6458def0ef16729/dataset_infos.json "HTTP/1.1 404 Not Found"
2026-08-25 18:16:16.459 - aiperf.dataset.loader.selection - INFO - weka trace selection [semianalysisai/cc-traces-weka-062126]: scanned 393, rejected_by_maxctx 0 (--max-context-length=None), eligible 393, loaded 393 (--num-dataset-entries=393), largest_observed_peak_context 996,579
2026-08-25 18:16:16.461 - SemiAnalysisCCTracesWekaLoader - INFO - Loaded 393/393 eligible traces (filter-then-cap; --num-dataset-entries=393, --max-context-length=None)
2026-08-25 18:16:41.023 - aiperf.dataset.loader.weka_trace - INFO - WekaTraceLoader: spawning 16 worker process(es) for parallel reconstruction of 393 trace(s)
2026-08-25 18:16:49.428 - aiperf.dataset.loader.weka_parallel_convert - INFO - WekaTraceLoader: reconstructed 39/393 (10%) in 6.3s (6.2 traces/s)
2026-08-25 18:16:49.428 - aiperf.dataset.loader.weka_parallel_convert - INFO - WekaTraceLoader: reconstructed 78/393 (20%) in 6.3s (12.4 traces/s)
2026-08-25 18:16:49.428 - aiperf.dataset.loader.weka_parallel_convert - INFO - WekaTraceLoader: reconstructed 117/393 (30%) in 6.3s (18.6 traces/s)
2026-08-25 18:17:05.262 - aiperf.dataset.loader.weka_parallel_convert - INFO - WekaTraceLoader: reconstructed 156/393 (40%) in 22.1s (7.0 traces/s)
2026-08-25 18:17:05.263 - aiperf.dataset.loader.weka_parallel_convert - INFO - WekaTraceLoader: reconstructed 195/393 (50%) in 22.1s (8.8 traces/s)
2026-08-25 18:17:05.263 - aiperf.dataset.loader.weka_parallel_convert - INFO - WekaTraceLoader: reconstructed 234/393 (60%) in 22.1s (10.6 traces/s)
2026-08-25 18:17:05.263 - aiperf.dataset.loader.weka_parallel_convert - INFO - WekaTraceLoader: reconstructed 273/393 (69%) in 22.1s (12.3 traces/s)
2026-08-25 18:17:05.263 - aiperf.dataset.loader.weka_parallel_convert - INFO - WekaTraceLoader: reconstructed 312/393 (79%) in 22.1s (14.1 traces/s)
2026-08-25 18:17:05.263 - aiperf.dataset.loader.weka_parallel_convert - INFO - WekaTraceLoader: reconstructed 351/393 (89%) in 22.1s (15.9 traces/s)
2026-08-25 18:17:05.263 - aiperf.dataset.loader.weka_parallel_convert - INFO - WekaTraceLoader: reconstructed 390/393 (99%) in 22.1s (17.6 traces/s)
2026-08-25 18:17:05.263 - aiperf.dataset.loader.weka_parallel_convert - INFO - WekaTraceLoader: reconstructed 393/393 (100%) in 22.1s (17.8 traces/s)
2026-08-25 18:17:05.320 - aiperf.dataset.loader.weka_trace - INFO - WekaTraceLoader: workers finished in 29.7s; assembling Conversation objects
2026-08-25 18:17:16.862 - aiperf.dataset.loader.weka_trace - INFO - WekaTraceLoader: flattened-agent detection split 289 trace(s) into 1422 extra agent chain(s) (819 aux sidecars [114 reductions], 3 worker-group members, 2977 seams merged, 0 empty-hash requests kept on main)
2026-08-25 18:17:16.862 - aiperf.dataset.loader.weka_trace - INFO - WekaTraceLoader: reconstructed 9843 conversation(s) in 41.2s (total load+synth+reconstruct: 41.2s)
2026-08-25 18:17:18.585 - MemoryMapDatasetBackingStore_237dbc9e - INFO - Memory-mapped backing store initialized (streaming to /tmp/inferencex-minimaxm3-1409/tmp/aiperf_mmap_8802b4e74fc7/dataset.dat)
2026-08-25 18:17:30.768 - MemoryMapDatasetBackingStore_237dbc9e - INFO - Data file finalized: 9843 conversations, 6,345.21 MB
2026-08-25 18:17:30.770 - MemoryMapDatasetBackingStore_237dbc9e - INFO - Index file created: /tmp/inferencex-minimaxm3-1409/tmp/aiperf_mmap_8802b4e74fc7/index.dat
2026-08-25 18:17:30.770 - dataset_manager - INFO - Backing store finalized: client_type=DatasetClientStoreType.MEMORY_MAP format=MemoryMapFormat.CONVERSATION data_file_path=PosixPath('/tmp/inferencex-minimaxm3-1409/tmp/aiperf_mmap_8802b4e74fc7/dataset.dat') index_file_path=PosixPath('/tmp/inferencex-minimaxm3-1409/tmp/aiperf_mmap_8802b4e74fc7/index.dat') conversation_count=9843 total_size_bytes=6653432650 compressed=False compressed_data_file_path=None compressed_index_file_path=None compressed_size_bytes=0
2026-08-25 18:17:32.260 - dataset_manager - INFO - sampling strategy: sequential, unique conversations: 9843, unique turn count: 98827
2026-08-25 18:17:32.455 - dataset_manager - INFO - Skipping inputs.json generation
2026-08-25 18:17:32.957 - aiperf.timing.trajectory_source - INFO - TrajectorySource: built 30 trajectories from 393 traces
2026-08-25 18:17:32.957 - aiperf.timing.trajectory_source - INFO -   range cfg=[0.25, 0.75]  observed sample pct: min= 34% median= 56% max= 75%
2026-08-25 18:17:32.957 - aiperf.timing.trajectory_source - INFO -     lane=00  sample_time= 53%  root_next= 84/130 ( 65% turns)  live=1 ready=1  trace_id=002001296e8a8c38ad9d7cc436d691afc602
2026-08-25 18:17:32.957 - aiperf.timing.trajectory_source - INFO -     lane=01  sample_time= 49%  root_next=  5/33  ( 15% turns)  live=1 ready=1  trace_id=006c98de37d819e95b0840e25426bb7ca99d
2026-08-25 18:17:32.957 - aiperf.timing.trajectory_source - INFO -     lane=02  sample_time= 67%  root_next= 24/29  ( 83% turns)  live=1 ready=1  trace_id=00ca01c4aaeccee751ae6285beb54dea262f
2026-08-25 18:17:32.957 - aiperf.timing.trajectory_source - INFO -     lane=03  sample_time= 56%  root_next= 82/191 ( 43% turns)  live=1 ready=1  trace_id=0196085d85d2075a50b74cd8795ffbdcea9a
2026-08-25 18:17:32.957 - aiperf.timing.trajectory_source - INFO -     lane=04  sample_time= 47%  root_next=  0/13  (  0% turns)  live=1 ready=1  trace_id=02bc0afb13f7a2d9efa86c28511261d85c0e
2026-08-25 18:17:32.957 - aiperf.timing.trajectory_source - INFO -     lane=05  sample_time= 47%  root_next= 19/40  ( 48% turns)  live=1 ready=1  trace_id=03e110ac6921c2fe9ac7772a9654314a2beb
2026-08-25 18:17:32.957 - aiperf.timing.trajectory_source - INFO -     lane=06  sample_time= 74%  root_next=  0/54  (  0% turns)  live=13 ready=13  trace_id=0470d446a4514dfe0c6ad0be92853bd13287
2026-08-25 18:17:32.957 - aiperf.timing.trajectory_source - INFO -     lane=07  sample_time= 35%  root_next=  3/7   ( 43% turns)  live=1 ready=1  trace_id=04dba6fe621301a1d01fd63b8d02c9645c48
2026-08-25 18:17:32.957 - aiperf.timing.trajectory_source - INFO -     lane=08  sample_time= 75%  root_next= 32/34  ( 94% turns)  live=1 ready=1  trace_id=05c249572509162371b7b82339674db64b5d
2026-08-25 18:17:32.957 - aiperf.timing.trajectory_source - INFO -     lane=09  sample_time= 42%  root_next= 49/52  ( 94% turns)  live=1 ready=1  trace_id=05f72f78a037cfa5cd4e4541960a574701d9
2026-08-25 18:17:32.957 - aiperf.timing.trajectory_source - INFO -     lane=10  sample_time= 66%  root_next=  0/1   (  0% turns)  live=1 ready=1  trace_id=063179eb93f4337a662e859c5a2c5638e03f
2026-08-25 18:17:32.957 - aiperf.timing.trajectory_source - INFO -     lane=11  sample_time= 49%  root_next=210/219 ( 96% turns)  live=1 ready=1  trace_id=069d7bf5f1efb4e76e3c84510367e6af78a5
2026-08-25 18:17:32.957 - aiperf.timing.trajectory_source - INFO -     lane=12  sample_time= 43%  root_next= 25/34  ( 74% turns)  live=1 ready=1  trace_id=077ea9e6554f45bbad9c24a8462bae9a8512
2026-08-25 18:17:32.957 - aiperf.timing.trajectory_source - INFO -     lane=13  sample_time= 68%  root_next=  8/9   ( 89% turns)  live=3 ready=2  trace_id=07dd40536557a1d6440a923557c3129dc929
2026-08-25 18:17:32.957 - aiperf.timing.trajectory_source - INFO -     lane=14  sample_time= 62%  root_next=  6/19  ( 32% turns)  live=2 ready=2  trace_id=085411a4cc4b15108dd9b50007261a2efb65
2026-08-25 18:17:32.957 - aiperf.timing.trajectory_source - INFO -     lane=15  sample_time= 59%  root_next=349/352 ( 99% turns)  live=1 ready=1  trace_id=085aacf44ac5428ad3c6b4f6cd431e083832
2026-08-25 18:17:32.957 - aiperf.timing.trajectory_source - INFO -     lane=16  sample_time= 34%  root_next= 20/33  ( 61% turns)  live=1 ready=1  trace_id=0a279af1bec84c6ab033bb03f5d8bfd6b08d
2026-08-25 18:17:32.957 - aiperf.timing.trajectory_source - INFO -     lane=17  sample_time= 68%  root_next= 21/31  ( 68% turns)  live=1 ready=1  trace_id=0a688303b1ae62a97607af8021f2130c2caf
2026-08-25 18:17:32.957 - aiperf.timing.trajectory_source - INFO -     lane=18  sample_time= 69%  root_next=  0/138 (  0% turns)  live=1 ready=1  trace_id=0b7f3ca692f15ae2651a310d9411d70794aa
2026-08-25 18:17:32.957 - aiperf.timing.trajectory_source - INFO -     lane=19  sample_time= 42%  root_next=  7/16  ( 44% turns)  live=1 ready=1  trace_id=0bc9c4f798d321286bf39f2543c0c4e4c059
2026-08-25 18:17:32.957 - aiperf.timing.trajectory_source - INFO -     lane=20  sample_time= 50%  root_next= 19/24  ( 79% turns)  live=1 ready=1  trace_id=0bcd99353218b9a386b1c4aec13d77abecdb
2026-08-25 18:17:32.957 - aiperf.timing.trajectory_source - INFO -     lane=21  sample_time= 67%  root_next= 25/46  ( 54% turns)  live=1 ready=1  trace_id=0bed163ac9566086e14ffd85c7481096d49d
2026-08-25 18:17:32.957 - aiperf.timing.trajectory_source - INFO -     lane=22  sample_time= 70%  root_next=  6/32  ( 19% turns)  live=1 ready=1  trace_id=0d41be2aa98333f3662682210647e5971c7b
2026-08-25 18:17:32.957 - aiperf.timing.trajectory_source - INFO -     lane=23  sample_time= 48%  root_next= 16/28  ( 57% turns)  live=1 ready=1  trace_id=0d8a816e4819b765d81ff748da94d463f3b2
2026-08-25 18:17:32.957 - aiperf.timing.trajectory_source - INFO -     lane=24  sample_time= 67%  root_next=  4/53  (  8% turns)  live=1 ready=1  trace_id=0db32e2f852a2ea24ed616b31975a84da5e4
2026-08-25 18:17:32.957 - aiperf.timing.trajectory_source - INFO -     lane=25  sample_time= 72%  root_next= 42/43  ( 98% turns)  live=1 ready=1  trace_id=0dedb07b5e4362b028db9d8ab90fff7fd4ad
2026-08-25 18:17:32.957 - aiperf.timing.trajectory_source - INFO -     lane=26  sample_time= 34%  root_next=  9/26  ( 35% turns)  live=1 ready=1  trace_id=0e4206535a79f980e2b1091181202ea987fe
2026-08-25 18:17:32.957 - aiperf.timing.trajectory_source - INFO -     lane=27  sample_time= 56%  root_next=  4/19  ( 21% turns)  live=1 ready=1  trace_id=0ede42538334da8586bc60008762abfc0ab7
2026-08-25 18:17:32.957 - aiperf.timing.trajectory_source - INFO -     lane=28  sample_time= 62%  root_next=  0/2   (  0% turns)  live=1 ready=1  trace_id=0f909e7d63c0d5e1f060d727ada25d910d89
2026-08-25 18:17:32.957 - aiperf.timing.trajectory_source - INFO -     lane=29  sample_time= 37%  root_next= 66/84  ( 79% turns)  live=1 ready=1  trace_id=1007f04d2c64580308858bb42f292992929d
2026-08-25 18:17:32.957 - PhaseOrchestrator_33c6d9ea - INFO - Initialized 2 phase(s): ['Warmup', 'Profiling']
2026-08-25 18:17:33.592 - dataset_manager - INFO - Dataset client initialized and freed 9843 conversations from memory
2026-08-25 18:17:35.401 - aiperf.dataset.mmap_cache - INFO - Populated mmap cache entry /tmp/inferencex-minimaxm3-1409/traces/d39618aaf52a41de9ccbb156453af2c3
2026-08-25 18:17:35.401 - dataset_manager - INFO - Dataset configured in 102.04 seconds
2026-08-25 18:17:35.402 - system_controller - INFO - All services configured in 103.71 seconds
2026-08-25 18:17:35.402 - system_controller - INFO - AIPerf System is CONFIGURED
2026-08-25 18:17:35.403 - server_metrics_manager - INFO - Server Metrics: Started 1 collector(s) successfully
2026-08-25 18:17:35.403 - system_controller - INFO - All services started profiling successfully
2026-08-25 18:17:35.403 - system_controller - INFO - AIPerf System is PROFILING
2026-08-25 18:17:35.504 - PhaseRunner - NOTICE - Phase warmup (warmup) started | target: 331 requests
2026-08-25 18:17:35.505 - AgenticReplayTiming - INFO - WARMUP execute: dispatching 31 trajectory credits
2026-08-25 18:17:35.505 - records_manager - INFO - Credit phase start: warmup
2026-08-25 18:17:35.506 - AgenticReplayTiming - INFO - WARMUP count budget: 10 additional requests per lane after 31 mandatory snapshot primers
2026-08-25 18:17:35.506 - AgenticReplayTiming - INFO - WARMUP spread: 8.8s ramp aligning 31 request(s) on t* (earliest fires at 0, last at 8.8s)
2026-08-25 18:18:05.508 - PhaseRunner - INFO - Phase warmup progress | returned=9/331 | sent=31 | in_flight=22 | errors=0 | elapsed=30.0s
2026-08-25 18:18:37.507 - PhaseRunner - INFO - Phase warmup progress | returned=20/331 | sent=31 | in_flight=11 | errors=0 | elapsed=62.0s
2026-08-25 18:19:07.509 - PhaseRunner - INFO - Phase warmup progress | returned=25/331 | sent=31 | in_flight=6 | errors=0 | elapsed=92.0s
2026-08-25 18:19:37.512 - PhaseRunner - INFO - Phase warmup progress | returned=27/331 | sent=31 | in_flight=4 | errors=0 | elapsed=122.0s
2026-08-25 18:19:59.394 - aiperf.timing.replay_dependencies - INFO - Replay interval barriers active: 98827 requests, 61136 gated turns, join-widths={1: 51527, 2: 6771, 3: 1804, 4: 492, 5: 149, 6: 80, 7: 62, 8: 89, 9: 74, 10: 52, 11: 21, 12: 11, 13: 2, 14: 2}
2026-08-25 18:19:59.395 - AgenticReplayTiming - INFO - WARMUP cache pressure: replaying live trajectories until each lane reaches 10 additional requests with zero idle delay and max_tokens=1
2026-08-25 18:20:07.518 - PhaseRunner - INFO - Phase warmup progress | returned=72/331 | sent=108 | in_flight=36 | errors=0 | elapsed=152.0s
2026-08-25 18:20:37.521 - PhaseRunner - INFO - Phase warmup progress | returned=74/331 | sent=109 | in_flight=35 | errors=0 | elapsed=182.0s
2026-08-25 18:21:07.523 - PhaseRunner - INFO - Phase warmup progress | returned=232/331 | sent=259 | in_flight=27 | errors=0 | elapsed=212.0s
2026-08-25 18:21:37.529 - PhaseRunner - INFO - Phase warmup progress | returned=265/331 | sent=291 | in_flight=26 | errors=0 | elapsed=242.0s
2026-08-25 18:21:47.399 - AgenticReplayTiming - INFO - WARMUP cache pressure request budget reached: 10 additional requests on each of 30 lanes; draining requests
2026-08-25 18:21:47.399 - PhaseRunner - NOTICE - Phase warmup (warmup) sending complete | sent=331, completed=324, in_flight=7 | sessions: sent=33, completed=10
2026-08-25 18:21:49.700 - PhaseRunner - INFO - All accelerated-warmup wire requests returned; preserving paused DAG work for profiling handoff.
2026-08-25 18:21:49.701 - PhaseRunner - NOTICE - Phase warmup (warmup) complete | completed=331, cancelled=0, errors=0 | sessions: completed=11, cancelled=0 | elapsed=254.20s
2026-08-25 18:21:49.701 - AgenticReplayTiming - INFO - Global system-idle cap summary: limit=10s, jumps=0, skipped=0.000s
2026-08-25 18:21:49.701 - server_metrics_manager - INFO - Server Metrics: Warmup complete, capturing final warmup metrics...
2026-08-25 18:21:49.703 - AgenticReplayTiming - INFO - WARMUP cache pressure handoff: persisted 60 live streams
2026-08-25 18:21:49.703 - aiperf.timing.branch_orchestrator - INFO - BranchOrchestrator stats: spawned=47 completed=11 errored=0 suspended=11 resumed=4 parents_failed_due_to_child_error=0 joins_suppressed=0 delayed=0
2026-08-25 18:21:49.703 - PhaseRunner - INFO - Session-tree slots for phase warmup: peak_open=30 (target concurrency 30); released 26 still-open at teardown; late_events=0
2026-08-25 18:21:49.809 - aiperf.timing.replay_dependencies - INFO - Replay interval barriers active: 98827 requests, 61136 gated turns, join-widths={1: 51527, 2: 6771, 3: 1804, 4: 492, 5: 149, 6: 80, 7: 62, 8: 89, 9: 74, 10: 52, 11: 21, 12: 11, 13: 2, 14: 2}
2026-08-25 18:21:49.809 - AgenticReplayTiming - INFO - PROFILING setup: 30 trajectory lanes; recycle draws roots from the dataset sampler
2026-08-25 18:21:49.809 - AgenticReplayTiming - INFO - PROFILING: 4 rootless + 7 gated-parent lanes of 30 dispatch no root credit at start and hold a lane credit instead (so they still count toward concurrency); rootless lanes recycle into a fresh root once their background subagents drain
2026-08-25 18:21:49.809 - PhaseRunner - NOTICE - Phase profiling (profiling) started | phase_index=0 | profiling_index=0 | target: 3600.0s duration
2026-08-25 18:21:49.810 - records_manager - INFO - Credit phase start: profiling
2026-08-25 18:21:49.812 - PhaseRunner - INFO - Waiting for event 'profiling phase sending' with timeout of 3599.99722669s
2026-08-25 18:21:49.812 - AgenticReplayTiming - INFO - PROFILING execute: resuming 30 trajectory sessions (spread; first-request spread 69244.3s)
2026-08-25 18:22:21.361 - records_manager - INFO - [realtime 00:31 profiling]
2026-08-25 18:22:21.361 - records_manager - INFO -   rps=1.4 (avg 1.4)  tput_in=45,720/s  tput_out=421/s  done=44 ok=44 err=0
2026-08-25 18:22:21.361 - records_manager - INFO -   ttft    p50=  220ms  p75=1,007ms  p95=2,347ms  p99= 3,120ms
2026-08-25 18:22:21.361 - records_manager - INFO -   itl     p50=    7ms  p75=    8ms  p95=   43ms  p99=   118ms
2026-08-25 18:22:21.361 - records_manager - INFO -   e2e     p50=1,363ms  p75=3,968ms  p95=9,551ms  p99=16,751ms
2026-08-25 18:22:21.361 - records_manager - INFO -   intvty  p50=    145  p75=    159  p95=    183  p99=     194  (1/tpot tok/s)
2026-08-25 18:22:21.361 - records_manager - INFO -   isl     p50= 30,322  p75= 44,309  p90= 54,298  p99=  85,871  (tokens)
2026-08-25 18:22:21.361 - records_manager - INFO -   osl     p50=    135  p75=    361  p90=    691  p99=   1,651  (tokens)
2026-08-25 18:22:21.361 - records_manager - INFO -   tot     in=1,434,278  out=13,215
2026-08-25 18:22:21.361 - records_manager - INFO -   trace  theoretical_prefix_cache_hit=96.0%
2026-08-25 18:22:21.361 - records_manager - INFO -   srv    prefix_cache_hit=75.2% unique_in_srv=369,790 ext_cache_hit=0.0% kv_usage=1.9% queue=3r/0w tput_in_srv=47,691/s tput_out_srv=438/s
2026-08-25 18:22:51.427 - records_manager - INFO - [realtime 01:01 profiling]
2026-08-25 18:22:51.427 - records_manager - INFO -   rps=1.2 (avg 1.3)  tput_in=63,198/s  tput_out=372/s  done=79 ok=79 err=0
2026-08-25 18:22:51.427 - records_manager - INFO -   ttft    p50=  224ms  p75=  341ms  p95=2,236ms  p99= 3,080ms
2026-08-25 18:22:51.427 - records_manager - INFO -   itl     p50=    6ms  p75=    7ms  p95=   18ms  p99=   111ms
2026-08-25 18:22:51.427 - records_manager - INFO -   e2e     p50=1,152ms  p75=3,075ms  p95=9,149ms  p99=13,351ms
2026-08-25 18:22:51.427 - records_manager - INFO -   intvty  p50=    165  p75=    186  p95=    225  p99=     331  (1/tpot tok/s)
2026-08-25 18:22:51.427 - records_manager - INFO -   isl     p50= 46,154  p75= 59,728  p90= 96,004  p99= 108,910  (tokens)
2026-08-25 18:22:51.427 - records_manager - INFO -   osl     p50=    134  p75=    325  p90=    635  p99=   1,820  (tokens)
2026-08-25 18:22:51.427 - records_manager - INFO -   tot     in=3,756,140  out=22,125
2026-08-25 18:22:51.427 - records_manager - INFO -   trace  theoretical_prefix_cache_hit=96.1%
2026-08-25 18:22:51.428 - records_manager - INFO -   srv    prefix_cache_hit=87.4% unique_in_srv=501,070 ext_cache_hit=15.3% kv_usage=3.1% queue=3r/0w tput_in_srv=65,155/s tput_out_srv=388/s
2026-08-25 18:23:21.521 - records_manager - INFO - [realtime 01:31 profiling]
2026-08-25 18:23:21.521 - records_manager - INFO -   rps=0.8 (avg 1.1)  tput_in=62,240/s  tput_out=403/s  done=104 ok=104 err=0
2026-08-25 18:23:21.521 - records_manager - INFO -   ttft    p50=  229ms  p75=  284ms  p95=1,989ms  p99= 3,035ms
2026-08-25 18:23:21.521 - records_manager - INFO -   itl     p50=    6ms  p75=    7ms  p95=   13ms  p99=   104ms
2026-08-25 18:23:21.521 - records_manager - INFO -   e2e     p50=1,332ms  p75=3,132ms  p95=9,416ms  p99=14,839ms
2026-08-25 18:23:21.521 - records_manager - INFO -   intvty  p50=    172  p75=    197  p95=    231  p99=     246  (1/tpot tok/s)
2026-08-25 18:23:21.521 - records_manager - INFO -   isl     p50= 50,802  p75= 68,922  p90=107,502  p99= 112,002  (tokens)
2026-08-25 18:23:21.521 - records_manager - INFO -   osl     p50=    143  p75=    396  p90=    740  p99=   2,001  (tokens)
2026-08-25 18:23:21.521 - records_manager - INFO -   tot     in=5,667,808  out=36,663
2026-08-25 18:23:21.521 - records_manager - INFO -   trace  theoretical_prefix_cache_hit=96.2%
2026-08-25 18:23:21.521 - records_manager - INFO -   srv    prefix_cache_hit=90.8% unique_in_srv=535,292 ext_cache_hit=14.3% kv_usage=2.0% queue=2r/0w tput_in_srv=63,001/s tput_out_srv=402/s
2026-08-25 18:23:51.657 - records_manager - INFO - [realtime 02:01 profiling]
2026-08-25 18:23:51.657 - records_manager - INFO -   rps=0.9 (avg 1.1)  tput_in=60,255/s  tput_out=393/s  done=130 ok=130 err=0
2026-08-25 18:23:51.657 - records_manager - INFO -   ttft    p50=  227ms  p75=  269ms  p95=1,801ms  p99= 2,851ms
2026-08-25 18:23:51.657 - records_manager - INFO -   itl     p50=    5ms  p75=    6ms  p95=    9ms  p99=    88ms
2026-08-25 18:23:51.657 - records_manager - INFO -   e2e     p50=1,247ms  p75=3,132ms  p95=9,303ms  p99=14,640ms
2026-08-25 18:23:51.657 - records_manager - INFO -   intvty  p50=    183  p75=    208  p95=    248  p99=     805  (1/tpot tok/s)
2026-08-25 18:23:51.657 - records_manager - INFO -   isl     p50= 51,790  p75= 74,648  p90=105,708  p99= 111,916  (tokens)
2026-08-25 18:23:51.657 - records_manager - INFO -   osl     p50=    146  p75=    452  p90=    757  p99=   2,508  (tokens)
2026-08-25 18:23:51.657 - records_manager - INFO -   tot     in=7,319,575  out=47,763
2026-08-25 18:23:51.657 - records_manager - INFO -   trace  theoretical_prefix_cache_hit=96.2%
2026-08-25 18:23:51.657 - records_manager - INFO -   srv    prefix_cache_hit=92.2% unique_in_srv=578,064 ext_cache_hit=13.2% kv_usage=0.9% queue=2r/0w tput_in_srv=60,784/s tput_out_srv=395/s
2026-08-25 18:24:21.819 - records_manager - INFO - [realtime 02:32 profiling]
2026-08-25 18:24:21.819 - records_manager - INFO -   rps=1.9 (avg 1.2)  tput_in=67,598/s  tput_out=411/s  done=187 ok=187 err=0
2026-08-25 18:24:21.819 - records_manager - INFO -   ttft    p50=  222ms  p75=  272ms  p95=1,420ms  p99= 2,447ms
2026-08-25 18:24:21.819 - records_manager - INFO -   itl     p50=    6ms  p75=    7ms  p95=    8ms  p99=    53ms
2026-08-25 18:24:21.819 - records_manager - INFO -   e2e     p50=1,223ms  p75=3,035ms  p95=8,006ms  p99=14,013ms
2026-08-25 18:24:21.819 - records_manager - INFO -   intvty  p50=    174  p75=    201  p95=    245  p99=     669  (1/tpot tok/s)
2026-08-25 18:24:21.819 - records_manager - INFO -   isl     p50= 49,729  p75= 69,704  p90=102,641  p99= 111,727  (tokens)
2026-08-25 18:24:21.819 - records_manager - INFO -   osl     p50=    142  p75=    395  p90=    705  p99=   2,106  (tokens)
2026-08-25 18:24:21.819 - records_manager - INFO -   tot     in=10,210,538  out=62,049
2026-08-25 18:24:21.819 - records_manager - INFO -   trace  theoretical_prefix_cache_hit=96.1%
2026-08-25 18:24:21.819 - records_manager - INFO -   srv    prefix_cache_hit=92.6% unique_in_srv=767,764 ext_cache_hit=10.0% kv_usage=2.4% queue=3r/0w tput_in_srv=68,636/s tput_out_srv=445/s
2026-08-25 18:24:52.011 - records_manager - INFO - [realtime 03:02 profiling]
2026-08-25 18:24:52.011 - records_manager - INFO -   rps=1.4 (avg 1.3)  tput_in=75,757/s  tput_out=466/s  done=229 ok=229 err=0
2026-08-25 18:24:52.011 - records_manager - INFO -   ttft    p50=  230ms  p75=  297ms  p95=1,419ms  p99= 2,346ms
2026-08-25 18:24:52.011 - records_manager - INFO -   itl     p50=    6ms  p75=    7ms  p95=   11ms  p99=    42ms
2026-08-25 18:24:52.011 - records_manager - INFO -   e2e     p50=1,298ms  p75=3,280ms  p95=9,322ms  p99=18,461ms
2026-08-25 18:24:52.011 - records_manager - INFO -   intvty  p50=    171  p75=    197  p95=    242  p99=     808  (1/tpot tok/s)
2026-08-25 18:24:52.011 - records_manager - INFO -   isl     p50= 54,153  p75= 74,970  p90=105,861  p99= 176,515  (tokens)
2026-08-25 18:24:52.011 - records_manager - INFO -   osl     p50=    148  p75=    425  p90=    827  p99=   2,665  (tokens)
2026-08-25 18:24:52.011 - records_manager - INFO -   tot     in=13,650,768  out=83,901
2026-08-25 18:24:52.011 - records_manager - INFO -   trace  theoretical_prefix_cache_hit=96.0%
2026-08-25 18:24:52.011 - records_manager - INFO -   srv    prefix_cache_hit=92.4% unique_in_srv=1,071,605 ext_cache_hit=12.9% kv_usage=4.8% queue=4r/0w tput_in_srv=77,306/s tput_out_srv=477/s
2026-08-25 18:25:22.220 - records_manager - INFO - [realtime 03:32 profiling]
2026-08-25 18:25:22.221 - records_manager - INFO -   rps=0.4 (avg 1.1)  tput_in=69,369/s  tput_out=440/s  done=241 ok=241 err=0
2026-08-25 18:25:22.221 - records_manager - INFO -   ttft    p50=  234ms  p75=  303ms  p95=1,410ms  p99= 2,345ms
2026-08-25 18:25:22.221 - records_manager - INFO -   itl     p50=    6ms  p75=    7ms  p95=   10ms  p99=    42ms
2026-08-25 18:25:22.221 - records_manager - INFO -   e2e     p50=1,319ms  p75=3,336ms  p95=9,631ms  p99=18,704ms
2026-08-25 18:25:22.221 - records_manager - INFO -   intvty  p50=    172  p75=    197  p95=    238  p99=     779  (1/tpot tok/s)
2026-08-25 18:25:22.221 - records_manager - INFO -   isl     p50= 54,387  p75= 76,318  p90=107,148  p99= 176,866  (tokens)
2026-08-25 18:25:22.221 - records_manager - INFO -   osl     p50=    154  p75=    484  p90=    905  p99=   2,751  (tokens)
2026-08-25 18:25:22.221 - records_manager - INFO -   tot     in=14,709,135  out=93,404
2026-08-25 18:25:22.221 - records_manager - INFO -   trace  theoretical_prefix_cache_hit=96.0%
2026-08-25 18:25:22.221 - records_manager - INFO -   srv    prefix_cache_hit=92.6% unique_in_srv=1,124,414 ext_cache_hit=12.3% kv_usage=6.6% queue=6r/0w tput_in_srv=71,833/s tput_out_srv=525/s
2026-08-25 18:25:52.556 - records_manager - INFO - [realtime 04:02 profiling]
2026-08-25 18:25:52.556 - records_manager - INFO -   rps=0.6 (avg 1.1)  tput_in=68,095/s  tput_out=542/s  done=260 ok=260 err=0
2026-08-25 18:25:52.556 - records_manager - INFO -   ttft    p50=  238ms  p75=  317ms  p95= 1,263ms  p99= 2,344ms
2026-08-25 18:25:52.556 - records_manager - INFO -   itl     p50=    6ms  p75=    7ms  p95=    10ms  p99=    40ms
2026-08-25 18:25:52.556 - records_manager - INFO -   e2e     p50=1,376ms  p75=3,518ms  p95=11,006ms  p99=26,313ms
2026-08-25 18:25:52.556 - records_manager - INFO -   intvty  p50=    170  p75=    196  p95=     238  p99=     733  (1/tpot tok/s)
2026-08-25 18:25:52.556 - records_manager - INFO -   isl     p50= 55,720  p75= 78,336  p90= 107,915  p99= 176,979  (tokens)
2026-08-25 18:25:52.556 - records_manager - INFO -   osl     p50=    164  p75=    529  p90=   1,043  p99=   4,156  (tokens)
2026-08-25 18:25:52.556 - records_manager - INFO -   tot     in=16,360,749  out=130,187
2026-08-25 18:25:52.556 - records_manager - INFO -   trace  theoretical_prefix_cache_hit=95.9%
2026-08-25 18:25:52.556 - records_manager - INFO -   srv    prefix_cache_hit=92.4% unique_in_srv=1,287,342 ext_cache_hit=10.7% kv_usage=5.8% queue=5r/0w tput_in_srv=69,501/s tput_out_srv=552/s
2026-08-25 18:26:22.806 - records_manager - INFO - [realtime 04:32 profiling]
2026-08-25 18:26:22.806 - records_manager - INFO -   rps=0.6 (avg 1.0)  tput_in=65,210/s  tput_out=553/s  done=277 ok=277 err=0
2026-08-25 18:26:22.806 - records_manager - INFO -   ttft    p50=  241ms  p75=  320ms  p95= 1,224ms  p99= 2,343ms
2026-08-25 18:26:22.806 - records_manager - INFO -   itl     p50=    6ms  p75=    7ms  p95=     9ms  p99=    39ms
2026-08-25 18:26:22.806 - records_manager - INFO -   e2e     p50=1,481ms  p75=3,840ms  p95=13,487ms  p99=28,541ms
2026-08-25 18:26:22.806 - records_manager - INFO -   intvty  p50=    170  p75=    193  p95=     238  p99=     693  (1/tpot tok/s)
2026-08-25 18:26:22.806 - records_manager - INFO -   isl     p50= 57,305  p75= 80,668  p90= 109,005  p99= 176,955  (tokens)
2026-08-25 18:26:22.806 - records_manager - INFO -   osl     p50=    180  p75=    547  p90=   1,166  p99=   4,558  (tokens)
2026-08-25 18:26:22.806 - records_manager - INFO -   tot     in=17,773,787  out=150,791
2026-08-25 18:26:22.806 - records_manager - INFO -   trace  theoretical_prefix_cache_hit=95.8%
2026-08-25 18:26:22.806 - records_manager - INFO -   srv    prefix_cache_hit=92.2% unique_in_srv=1,406,973 ext_cache_hit=9.8% kv_usage=5.0% queue=3r/0w tput_in_srv=66,376/s tput_out_srv=582/s
2026-08-25 18:26:49.813 - aiperf.timing.replay_dependencies - INFO - Per-trace idle cap advanced replay root 3b321771-27c5-4617-a4e8-ee108464e0ec by 68944.259s
2026-08-25 18:26:49.813 - aiperf.timing.replay_dependencies - INFO - Per-trace idle cap advanced replay root 59677515-af08-4143-a102-2436695f6a4c by 1366.817s
2026-08-25 18:26:49.813 - aiperf.timing.replay_dependencies - INFO - Per-trace idle cap advanced replay root 9ff14eab-e2fc-4d9e-9495-9e0274466190 by 365.075s
2026-08-25 18:26:49.813 - aiperf.timing.replay_dependencies - INFO - Per-trace idle cap advanced replay root 7d621c2f-0ace-43a6-a13f-28644c6eb892 by 480.913s
2026-08-25 18:26:49.813 - aiperf.timing.replay_dependencies - INFO - Per-trace idle cap advanced replay root 41b966bf-20af-4306-a66e-fbd670b8dcfa by 4828.102s
2026-08-25 18:26:49.813 - aiperf.timing.replay_dependencies - INFO - Per-trace idle cap advanced replay root 22dfa0b7-fd93-4846-9fa9-88baf52ce857 by 904.388s
2026-08-25 18:26:49.813 - aiperf.timing.replay_dependencies - INFO - Per-trace idle cap advanced replay root cdb9bafe-0463-4a27-b74b-036d04607317 by 1484.146s
2026-08-25 18:26:49.813 - aiperf.timing.replay_dependencies - INFO - Per-trace idle cap advanced replay root 1a644d88-68a2-487c-ac48-80138d8cd0f2 by 2232.918s
2026-08-25 18:26:49.813 - aiperf.timing.replay_dependencies - INFO - Per-trace idle cap advanced replay root b4fd99da-3498-4232-9595-60114c796f19 by 1432.586s
2026-08-25 18:26:49.813 - aiperf.timing.replay_dependencies - INFO - Per-trace idle cap advanced replay root 2aa574c5-408d-4a8e-a1cf-5e529c9d54b9 by 260.857s
2026-08-25 18:26:49.813 - aiperf.timing.replay_dependencies - INFO - Per-trace idle cap advanced replay root 4905b2a6-3629-478b-8462-0528b4ee7315 by 22615.905s
2026-08-25 18:26:49.813 - aiperf.timing.replay_dependencies - INFO - Per-trace idle cap advanced replay root 9bf56afa-9517-43b3-acc3-693ef1d4b068 by 3993.794s
2026-08-25 18:26:49.813 - aiperf.timing.replay_dependencies - INFO - Per-trace idle cap advanced replay root e32e2030-b3df-4fe6-8d69-a27d9c96228d by 660.793s
2026-08-25 18:26:49.813 - aiperf.timing.replay_dependencies - INFO - Per-trace idle cap advanced replay root e08bb0f2-bb13-4978-8b88-4f263e4e20d9 by 230.650s
2026-08-25 18:26:49.813 - aiperf.timing.replay_dependencies - INFO - Per-trace idle cap advanced replay root b3a69b23-4779-430b-a7fe-ffcdae9cc43a by 1563.827s
2026-08-25 18:26:49.813 - aiperf.timing.replay_dependencies - INFO - Per-trace idle cap advanced replay root 0c96a4e9-c69c-4645-a0ea-9bcec5e7d4bf by 1364.598s
2026-08-25 18:26:53.159 - records_manager - INFO - [realtime 05:03 profiling]
2026-08-25 18:26:53.160 - records_manager - INFO -   rps=0.7 (avg 1.0)  tput_in=67,029/s  tput_out=575/s  done=298 ok=298 err=0
2026-08-25 18:26:53.160 - records_manager - INFO -   ttft    p50=  250ms  p75=  364ms  p95= 1,412ms  p99= 2,369ms
2026-08-25 18:26:53.160 - records_manager - INFO -   itl     p50=    6ms  p75=    7ms  p95=    11ms  p99=    37ms
2026-08-25 18:26:53.160 - records_manager - INFO -   e2e     p50=1,584ms  p75=4,025ms  p95=13,562ms  p99=31,340ms
2026-08-25 18:26:53.160 - records_manager - INFO -   intvty  p50=    168  p75=    188  p95=     238  p99=     643  (1/tpot tok/s)
2026-08-25 18:26:53.160 - records_manager - INFO -   isl     p50= 59,904  p75= 85,528  p90= 112,073  p99= 176,926  (tokens)
2026-08-25 18:26:53.160 - records_manager - INFO -   osl     p50=    201  p75=    560  p90=   1,172  p99=   5,035  (tokens)
2026-08-25 18:26:53.160 - records_manager - INFO -   tot     in=20,079,721  out=172,160
2026-08-25 18:26:53.160 - records_manager - INFO -   trace  theoretical_prefix_cache_hit=95.5%
2026-08-25 18:26:53.160 - records_manager - INFO -   srv    prefix_cache_hit=87.6% unique_in_srv=2,834,599 ext_cache_hit=43.0% kv_usage=33.9% queue=11r/8w tput_in_srv=69,483/s tput_out_srv=589/s
2026-08-25 18:27:18.759 - aiperf.timing.replay_dependencies - INFO - Per-trace idle cap advanced replay root 69cfabae-c3e1-4735-a77a-7fbd0a0251d1 by 41.069s
2026-08-25 18:27:23.462 - records_manager - INFO - [realtime 05:33 profiling]
2026-08-25 18:27:23.462 - records_manager - INFO -   rps=1.2 (avg 1.0)  tput_in=73,866/s  tput_out=569/s  done=333 ok=333 err=0
2026-08-25 18:27:23.462 - records_manager - INFO -   ttft    p50=  258ms  p75=  421ms  p95= 2,344ms  p99= 9,995ms
2026-08-25 18:27:23.462 - records_manager - INFO -   itl     p50=    6ms  p75=    7ms  p95=    21ms  p99=    49ms
2026-08-25 18:27:23.462 - records_manager - INFO -   e2e     p50=2,113ms  p75=5,380ms  p95=19,932ms  p99=30,473ms
2026-08-25 18:27:23.462 - records_manager - INFO -   intvty  p50=    165  p75=    184  p95=     232  p99=     534  (1/tpot tok/s)
2026-08-25 18:27:23.462 - records_manager - INFO -   isl     p50= 63,060  p75= 90,806  p90= 125,374  p99= 186,855  (tokens)
2026-08-25 18:27:23.462 - records_manager - INFO -   osl     p50=    216  p75=    581  p90=   1,160  p99=   4,784  (tokens)
2026-08-25 18:27:23.462 - records_manager - INFO -   tot     in=24,610,411  out=189,545
2026-08-25 18:27:23.462 - records_manager - INFO -   trace  theoretical_prefix_cache_hit=95.6%
2026-08-25 18:27:23.462 - records_manager - INFO -   srv    prefix_cache_hit=88.1% unique_in_srv=3,336,459 ext_cache_hit=41.3% kv_usage=43.8% queue=24r/0w tput_in_srv=83,525/s tput_out_srv=629/s
2026-08-25 18:27:53.801 - records_manager - INFO - [realtime 06:03 profiling]
2026-08-25 18:27:53.801 - records_manager - INFO -   rps=1.8 (avg 1.1)  tput_in=83,740/s  tput_out=621/s  done=389 ok=389 err=0
2026-08-25 18:27:53.801 - records_manager - INFO -   ttft    p50=  277ms  p75=  523ms  p95= 2,142ms  p99=10,472ms
2026-08-25 18:27:53.801 - records_manager - INFO -   itl     p50=    6ms  p75=   11ms  p95=    20ms  p99=    47ms
2026-08-25 18:27:53.801 - records_manager - INFO -   e2e     p50=2,935ms  p75=6,416ms  p95=22,114ms  p99=39,509ms
2026-08-25 18:27:53.801 - records_manager - INFO -   intvty  p50=    158  p75=    179  p95=     223  p99=     357  (1/tpot tok/s)
2026-08-25 18:27:53.801 - records_manager - INFO -   isl     p50= 66,105  p75=105,539  p90= 135,069  p99= 285,256  (tokens)
2026-08-25 18:27:53.801 - records_manager - INFO -   osl     p50=    268  p75=    597  p90=   1,192  p99=   4,496  (tokens)
2026-08-25 18:27:53.801 - records_manager - INFO -   tot     in=30,360,735  out=225,106
2026-08-25 18:27:53.801 - records_manager - INFO -   trace  theoretical_prefix_cache_hit=95.4%
2026-08-25 18:27:53.801 - records_manager - INFO -   srv    prefix_cache_hit=89.1% unique_in_srv=3,701,280 ext_cache_hit=37.2% kv_usage=41.7% queue=23r/0w tput_in_srv=92,498/s tput_out_srv=700/s
2026-08-25 18:28:24.281 - records_manager - INFO - [realtime 06:34 profiling]
2026-08-25 18:28:24.281 - records_manager - INFO -   rps=1.3 (avg 1.1)  tput_in=87,899/s  tput_out=641/s  done=428 ok=428 err=0
2026-08-25 18:28:24.281 - records_manager - INFO -   ttft    p50=  298ms  p75=  550ms  p95= 2,346ms  p99=10,173ms
2026-08-25 18:28:24.281 - records_manager - INFO -   itl     p50=    7ms  p75=   13ms  p95=    28ms  p99=    51ms
2026-08-25 18:28:24.281 - records_manager - INFO -   e2e     p50=3,241ms  p75=7,510ms  p95=25,764ms  p99=48,338ms
2026-08-25 18:28:24.281 - records_manager - INFO -   intvty  p50=    152  p75=    176  p95=     221  p99=     302  (1/tpot tok/s)
2026-08-25 18:28:24.281 - records_manager - INFO -   isl     p50= 68,046  p75=108,172  p90= 139,271  p99= 285,614  (tokens)
2026-08-25 18:28:24.281 - records_manager - INFO -   osl     p50=    288  p75=    601  p90=   1,262  p99=   4,307  (tokens)
2026-08-25 18:28:24.281 - records_manager - INFO -   tot     in=34,554,573  out=251,892
2026-08-25 18:28:24.281 - records_manager - INFO -   trace  theoretical_prefix_cache_hit=95.1%
2026-08-25 18:28:24.281 - records_manager - INFO -   srv    prefix_cache_hit=88.5% unique_in_srv=4,315,388 ext_cache_hit=32.4% kv_usage=36.8% queue=18r/0w tput_in_srv=95,061/s tput_out_srv=731/s
2026-08-25 18:28:54.694 - records_manager - INFO - [realtime 07:04 profiling]
2026-08-25 18:28:54.694 - records_manager - INFO -   rps=1.9 (avg 1.2)  tput_in=95,626/s  tput_out=704/s  done=487 ok=487 err=0
2026-08-25 18:28:54.694 - records_manager - INFO -   ttft    p50=  318ms  p75=  590ms  p95= 2,328ms  p99=10,482ms
2026-08-25 18:28:54.694 - records_manager - INFO -   itl     p50=    7ms  p75=   14ms  p95=    24ms  p99=    51ms
2026-08-25 18:28:54.694 - records_manager - INFO -   e2e     p50=3,370ms  p75=7,778ms  p95=27,600ms  p99=65,269ms
2026-08-25 18:28:54.694 - records_manager - INFO -   intvty  p50=    140  p75=    174  p95=     219  p99=     264  (1/tpot tok/s)
2026-08-25 18:28:54.694 - records_manager - INFO -   isl     p50= 71,107  p75=111,055  p90= 140,856  p99= 285,827  (tokens)
2026-08-25 18:28:54.694 - records_manager - INFO -   osl     p50=    287  p75=    608  p90=   1,281  p99=   5,097  (tokens)
2026-08-25 18:28:54.694 - records_manager - INFO -   tot     in=40,375,950  out=297,278
2026-08-25 18:28:54.694 - records_manager - INFO -   trace  theoretical_prefix_cache_hit=95.2%
2026-08-25 18:28:54.694 - records_manager - INFO -   srv    prefix_cache_hit=89.8% unique_in_srv=4,599,345 ext_cache_hit=30.4% kv_usage=55.1% queue=27r/0w tput_in_srv=105,943/s tput_out_srv=782/s
2026-08-25 18:29:25.268 - records_manager - INFO - [realtime 07:35 profiling]
2026-08-25 18:29:25.268 - records_manager - INFO -   rps=2.0 (avg 1.2)  tput_in=101,581/s  tput_out=741/s  done=547 ok=547 err=0
2026-08-25 18:29:25.268 - records_manager - INFO -   ttft    p50=  330ms  p75=  613ms  p95= 2,018ms  p99=10,005ms
2026-08-25 18:29:25.268 - records_manager - INFO -   itl     p50=    8ms  p75=   15ms  p95=    23ms  p99=    49ms
2026-08-25 18:29:25.268 - records_manager - INFO -   e2e     p50=3,511ms  p75=7,924ms  p95=30,074ms  p99=76,651ms
2026-08-25 18:29:25.268 - records_manager - INFO -   intvty  p50=    120  p75=    171  p95=     215  p99=     254  (1/tpot tok/s)
2026-08-25 18:29:25.268 - records_manager - INFO -   isl     p50= 71,478  p75=111,942  p90= 147,652  p99= 294,840  (tokens)
2026-08-25 18:29:25.268 - records_manager - INFO -   osl     p50=    280  p75=    600  p90=   1,323  p99=   5,279  (tokens)
2026-08-25 18:29:25.268 - records_manager - INFO -   tot     in=46,171,317  out=336,772
2026-08-25 18:29:25.268 - records_manager - INFO -   trace  theoretical_prefix_cache_hit=95.2%
2026-08-25 18:29:25.268 - records_manager - INFO -   srv    prefix_cache_hit=90.2% unique_in_srv=4,903,402 ext_cache_hit=28.5% kv_usage=46.9% queue=22r/0w tput_in_srv=110,072/s tput_out_srv=840/s
2026-08-25 18:29:55.895 - records_manager - INFO - [realtime 08:06 profiling]
2026-08-25 18:29:55.895 - records_manager - INFO -   rps=2.5 (avg 1.3)  tput_in=113,219/s  tput_out=803/s  done=623 ok=623 err=0
2026-08-25 18:29:55.895 - records_manager - INFO -   ttft    p50=  352ms  p75=  599ms  p95= 1,997ms  p99= 9,439ms
2026-08-25 18:29:55.895 - records_manager - INFO -   itl     p50=   11ms  p75=   15ms  p95=    22ms  p99=    46ms
2026-08-25 18:29:55.895 - records_manager - INFO -   e2e     p50=3,443ms  p75=7,837ms  p95=31,816ms  p99=88,849ms
2026-08-25 18:29:55.895 - records_manager - INFO -   intvty  p50=     91  p75=    167  p95=     210  p99=     253  (1/tpot tok/s)
2026-08-25 18:29:55.895 - records_manager - INFO -   isl     p50= 71,744  p75=113,514  p90= 157,169  p99= 328,824  (tokens)
2026-08-25 18:29:55.895 - records_manager - INFO -   osl     p50=    265  p75=    586  p90=   1,340  p99=   5,879  (tokens)
2026-08-25 18:29:55.895 - records_manager - INFO -   tot     in=54,878,175  out=389,353
2026-08-25 18:29:55.895 - records_manager - INFO -   trace  theoretical_prefix_cache_hit=95.3%
2026-08-25 18:29:55.895 - records_manager - INFO -   srv    prefix_cache_hit=91.2% unique_in_srv=5,111,577 ext_cache_hit=27.4% kv_usage=36.9% queue=21r/0w tput_in_srv=119,219/s tput_out_srv=898/s
2026-08-25 18:30:26.535 - records_manager - INFO - [realtime 08:36 profiling]
2026-08-25 18:30:26.535 - records_manager - INFO -   rps=2.0 (avg 1.3)  tput_in=118,902/s  tput_out=884/s  done=683 ok=683 err=0
2026-08-25 18:30:26.535 - records_manager - INFO -   ttft    p50=  365ms  p75=  605ms  p95= 1,828ms  p99= 9,189ms
2026-08-25 18:30:26.535 - records_manager - INFO -   itl     p50=   12ms  p75=   15ms  p95=    22ms  p99=    45ms
2026-08-25 18:30:26.535 - records_manager - INFO -   e2e     p50=3,507ms  p75=8,182ms  p95=35,139ms  p99=94,417ms
2026-08-25 18:30:26.535 - records_manager - INFO -   intvty  p50=     84  p75=    164  p95=     209  p99=     253  (1/tpot tok/s)
2026-08-25 18:30:26.535 - records_manager - INFO -   isl     p50= 72,643  p75=114,778  p90= 160,881  p99= 313,461  (tokens)
2026-08-25 18:30:26.535 - records_manager - INFO -   osl     p50=    268  p75=    603  p90=   1,514  p99=   6,334  (tokens)
2026-08-25 18:30:26.535 - records_manager - INFO -   tot     in=61,362,464  out=456,012
2026-08-25 18:30:26.535 - records_manager - INFO -   trace  theoretical_prefix_cache_hit=95.4%
2026-08-25 18:30:26.535 - records_manager - INFO -   srv    prefix_cache_hit=91.9% unique_in_srv=5,301,779 ext_cache_hit=26.4% kv_usage=50.1% queue=22r/0w tput_in_srv=126,743/s tput_out_srv=943/s
2026-08-25 18:30:57.208 - records_manager - INFO - [realtime 09:07 profiling]
2026-08-25 18:30:57.208 - records_manager - INFO -   rps=1.9 (avg 1.4)  tput_in=126,397/s  tput_out=918/s  done=742 ok=742 err=0
2026-08-25 18:30:57.208 - records_manager - INFO -   ttft    p50=  370ms  p75=  600ms  p95= 1,783ms  p99= 8,929ms
2026-08-25 18:30:57.208 - records_manager - INFO -   itl     p50=   12ms  p75=   15ms  p95=    21ms  p99=    44ms
2026-08-25 18:30:57.208 - records_manager - INFO -   e2e     p50=3,633ms  p75=8,365ms  p95=35,452ms  p99=95,000ms
2026-08-25 18:30:57.208 - records_manager - INFO -   intvty  p50=     84  p75=    161  p95=     208  p99=     251  (1/tpot tok/s)
2026-08-25 18:30:57.208 - records_manager - INFO -   isl     p50= 76,196  p75=118,131  p90= 168,713  p99= 326,911  (tokens)
2026-08-25 18:30:57.208 - records_manager - INFO -   osl     p50=    272  p75=    620  p90=   1,507  p99=   6,388  (tokens)
2026-08-25 18:30:57.208 - records_manager - INFO -   tot     in=68,975,900  out=500,943
2026-08-25 18:30:57.208 - records_manager - INFO -   trace  theoretical_prefix_cache_hit=95.6%
2026-08-25 18:30:57.208 - records_manager - INFO -   srv    prefix_cache_hit=92.3% unique_in_srv=5,487,210 ext_cache_hit=25.9% kv_usage=31.6% queue=18r/0w tput_in_srv=131,038/s tput_out_srv=986/s
2026-08-25 18:31:28.017 - records_manager - INFO - [realtime 09:38 profiling]
2026-08-25 18:31:28.017 - records_manager - INFO -   rps=1.7 (avg 1.4)  tput_in=129,682/s  tput_out=948/s  done=794 ok=794 err=0
2026-08-25 18:31:28.017 - records_manager - INFO -   ttft    p50=  379ms  p75=  597ms  p95= 1,588ms  p99= 8,694ms
2026-08-25 18:31:28.017 - records_manager - INFO -   itl     p50=   12ms  p75=   15ms  p95=    21ms  p99=    44ms
2026-08-25 18:31:28.017 - records_manager - INFO -   e2e     p50=3,687ms  p75=8,513ms  p95=40,724ms  p99=94,260ms
2026-08-25 18:31:28.017 - records_manager - INFO -   intvty  p50=     84  p75=    158  p95=     208  p99=     249  (1/tpot tok/s)
2026-08-25 18:31:28.017 - records_manager - INFO -   isl     p50= 78,323  p75=121,900  p90= 173,668  p99= 318,365  (tokens)
2026-08-25 18:31:28.017 - records_manager - INFO -   osl     p50=    272  p75=    641  p90=   1,612  p99=   6,319  (tokens)
2026-08-25 18:31:28.017 - records_manager - INFO -   tot     in=74,808,891  out=547,142
2026-08-25 18:31:28.017 - records_manager - INFO -   trace  theoretical_prefix_cache_hit=95.7%
2026-08-25 18:31:28.017 - records_manager - INFO -   srv    prefix_cache_hit=92.5% unique_in_srv=5,766,184 ext_cache_hit=25.8% kv_usage=30.4% queue=16r/0w tput_in_srv=133,940/s tput_out_srv=1,020/s
2026-08-25 18:31:41.350 - aiperf.timing.replay_dependencies - INFO - Per-trace idle cap advanced replay root d2e3d033-4a8d-49b2-9f10-a337446e4627 by 914.897s
2026-08-25 18:31:58.785 - records_manager - INFO - [realtime 10:08 profiling]
2026-08-25 18:31:58.786 - records_manager - INFO -   rps=1.4 (avg 1.4)  tput_in=132,487/s  tput_out=975/s  done=838 ok=838 err=0
2026-08-25 18:31:58.786 - records_manager - INFO -   ttft    p50=  387ms  p75=  610ms  p95= 1,633ms  p99= 8,663ms
2026-08-25 18:31:58.786 - records_manager - INFO -   itl     p50=   12ms  p75=   15ms  p95=    21ms  p99=    44ms
2026-08-25 18:31:58.786 - records_manager - INFO -   e2e     p50=3,755ms  p75=8,798ms  p95=43,224ms  p99=95,057ms
2026-08-25 18:31:58.786 - records_manager - INFO -   intvty  p50=     83  p75=    154  p95=     207  p99=     248  (1/tpot tok/s)
2026-08-25 18:31:58.786 - records_manager - INFO -   isl     p50= 79,002  p75=123,245  p90= 176,043  p99= 330,593  (tokens)
2026-08-25 18:31:58.786 - records_manager - INFO -   osl     p50=    275  p75=    646  p90=   1,616  p99=   6,394  (tokens)
2026-08-25 18:31:58.786 - records_manager - INFO -   tot     in=80,462,252  out=591,864
2026-08-25 18:31:58.786 - records_manager - INFO -   trace  theoretical_prefix_cache_hit=95.7%
2026-08-25 18:31:58.786 - records_manager - INFO -   srv    prefix_cache_hit=92.7% unique_in_srv=6,103,509 ext_cache_hit=25.8% kv_usage=32.1% queue=17r/0w tput_in_srv=136,371/s tput_out_srv=1,040/s
2026-08-25 18:32:29.576 - records_manager - INFO - [realtime 10:39 profiling]
2026-08-25 18:32:29.576 - records_manager - INFO -   rps=1.5 (avg 1.4)  tput_in=136,016/s  tput_out=1,008/s  done=883 ok=883 err=0
2026-08-25 18:32:29.576 - records_manager - INFO -   ttft    p50=  393ms  p75=  618ms  p95= 1,472ms  p99= 8,663ms
2026-08-25 18:32:29.576 - records_manager - INFO -   itl     p50=   12ms  p75=   15ms  p95=    20ms  p99=    44ms
2026-08-25 18:32:29.576 - records_manager - INFO -   e2e     p50=3,840ms  p75=8,886ms  p95=44,220ms  p99=95,827ms
2026-08-25 18:32:29.576 - records_manager - INFO -   intvty  p50=     84  p75=    151  p95=     207  p99=     250  (1/tpot tok/s)
2026-08-25 18:32:29.576 - records_manager - INFO -   isl     p50= 81,669  p75=124,764  p90= 178,249  p99= 335,596  (tokens)
2026-08-25 18:32:29.576 - records_manager - INFO -   osl     p50=    285  p75=    654  p90=   1,649  p99=   7,068  (tokens)
2026-08-25 18:32:29.576 - records_manager - INFO -   tot     in=86,740,672  out=642,835
2026-08-25 18:32:29.576 - records_manager - INFO -   trace  theoretical_prefix_cache_hit=95.8%
2026-08-25 18:32:29.576 - records_manager - INFO -   srv    prefix_cache_hit=93.0% unique_in_srv=6,264,870 ext_cache_hit=25.2% kv_usage=35.6% queue=17r/0w tput_in_srv=140,299/s tput_out_srv=1,062/s
2026-08-25 18:33:00.519 - records_manager - INFO - [realtime 11:10 profiling]
2026-08-25 18:33:00.519 - records_manager - INFO -   rps=1.1 (avg 1.4)  tput_in=136,417/s  tput_out=1,005/s  done=917 ok=917 err=0
2026-08-25 18:33:00.519 - records_manager - INFO -   ttft    p50=  396ms  p75=  618ms  p95= 1,431ms  p99= 8,585ms
2026-08-25 18:33:00.519 - records_manager - INFO -   itl     p50=   12ms  p75=   14ms  p95=    20ms  p99=    43ms
2026-08-25 18:33:00.519 - records_manager - INFO -   e2e     p50=3,851ms  p75=9,062ms  p95=44,100ms  p99=96,717ms
2026-08-25 18:33:00.519 - records_manager - INFO -   intvty  p50=     86  p75=    146  p95=     206  p99=     249  (1/tpot tok/s)
2026-08-25 18:33:00.519 - records_manager - INFO -   isl     p50= 82,546  p75=125,724  p90= 181,399  p99= 336,658  (tokens)
2026-08-25 18:33:00.519 - records_manager - INFO -   osl     p50=    287  p75=    673  p90=   1,657  p99=   7,174  (tokens)
2026-08-25 18:33:00.519 - records_manager - INFO -   tot     in=91,345,228  out=673,001
2026-08-25 18:33:00.519 - records_manager - INFO -   trace  theoretical_prefix_cache_hit=95.8%
2026-08-25 18:33:00.519 - records_manager - INFO -   srv    prefix_cache_hit=93.2% unique_in_srv=6,394,681 ext_cache_hit=24.6% kv_usage=42.4% queue=19r/0w tput_in_srv=141,387/s tput_out_srv=1,079/s
2026-08-25 18:33:31.392 - records_manager - INFO - [realtime 11:41 profiling]
2026-08-25 18:33:31.393 - records_manager - INFO -   rps=1.5 (avg 1.4)  tput_in=141,734/s  tput_out=1,070/s  done=964 ok=964 err=0
2026-08-25 18:33:31.393 - records_manager - INFO -   ttft    p50=  400ms  p75=  618ms  p95= 1,424ms  p99=  8,356ms
2026-08-25 18:33:31.393 - records_manager - INFO -   itl     p50=   11ms  p75=   14ms  p95=    20ms  p99=     43ms
2026-08-25 18:33:31.393 - records_manager - INFO -   e2e     p50=4,007ms  p75=9,240ms  p95=45,818ms  p99=104,186ms
2026-08-25 18:33:31.393 - records_manager - INFO -   intvty  p50=     87  p75=    143  p95=     204  p99=      248  (1/tpot tok/s)
2026-08-25 18:33:31.393 - records_manager - INFO -   isl     p50= 83,836  p75=127,656  p90= 185,223  p99=  385,788  (tokens)
2026-08-25 18:33:31.393 - records_manager - INFO -   osl     p50=    300  p75=    698  p90=   1,773  p99=    8,182  (tokens)
2026-08-25 18:33:31.393 - records_manager - INFO -   tot     in=99,089,577  out=748,001
2026-08-25 18:33:31.393 - records_manager - INFO -   trace  theoretical_prefix_cache_hit=95.9%
2026-08-25 18:33:31.393 - records_manager - INFO -   srv    prefix_cache_hit=93.6% unique_in_srv=6,565,298 ext_cache_hit=24.0% kv_usage=34.8% queue=20r/0w tput_in_srv=145,506/s tput_out_srv=1,101/s
2026-08-25 18:34:02.415 - records_manager - INFO - [realtime 12:12 profiling]
2026-08-25 18:34:02.415 - records_manager - INFO -   rps=1.3 (avg 1.4)  tput_in=142,426/s  tput_out=1,066/s  done=1,003 ok=1,003 err=0
2026-08-25 18:34:02.415 - records_manager - INFO -   ttft    p50=  401ms  p75=  618ms  p95= 1,455ms  p99=  8,164ms
2026-08-25 18:34:02.415 - records_manager - INFO -   itl     p50=   11ms  p75=   14ms  p95=    20ms  p99=     42ms
2026-08-25 18:34:02.415 - records_manager - INFO -   e2e     p50=4,009ms  p75=9,314ms  p95=44,793ms  p99=103,343ms
2026-08-25 18:34:02.415 - records_manager - INFO -   intvty  p50=     88  p75=    139  p95=     203  p99=      247  (1/tpot tok/s)
2026-08-25 18:34:02.415 - records_manager - INFO -   isl     p50= 84,108  p75=129,986  p90= 187,644  p99=  467,251  (tokens)
2026-08-25 18:34:02.415 - records_manager - INFO -   osl     p50=    300  p75=    716  p90=   1,785  p99=    7,813  (tokens)
2026-08-25 18:34:02.415 - records_manager - INFO -   tot     in=104,082,656  out=778,748
2026-08-25 18:34:02.415 - records_manager - INFO -   trace  theoretical_prefix_cache_hit=96.0%
2026-08-25 18:34:02.415 - records_manager - INFO -   srv    prefix_cache_hit=93.6% unique_in_srv=6,787,825 ext_cache_hit=23.2% kv_usage=26.5% queue=14r/0w tput_in_srv=145,277/s tput_out_srv=1,120/s
2026-08-25 18:34:33.111 - aiperf.timing.replay_dependencies - INFO - Per-trace idle cap advanced replay root 3b321771-27c5-4617-a4e8-ee108464e0ec by 4.302s
2026-08-25 18:34:33.358 - records_manager - INFO - [realtime 12:43 profiling]
2026-08-25 18:34:33.358 - records_manager - INFO -   rps=1.0 (avg 1.4)  tput_in=143,559/s  tput_out=1,081/s  done=1,034 ok=1,034 err=0
2026-08-25 18:34:33.358 - records_manager - INFO -   ttft    p50=  404ms  p75=  629ms  p95= 1,582ms  p99=  7,980ms
2026-08-25 18:34:33.358 - records_manager - INFO -   itl     p50=   11ms  p75=   14ms  p95=    20ms  p99=     42ms
2026-08-25 18:34:33.358 - records_manager - INFO -   e2e     p50=4,026ms  p75=9,446ms  p95=45,871ms  p99=104,801ms
2026-08-25 18:34:33.358 - records_manager - INFO -   intvty  p50=     88  p75=    134  p95=     203  p99=      246  (1/tpot tok/s)
2026-08-25 18:34:33.358 - records_manager - INFO -   isl     p50= 85,410  p75=131,950  p90= 191,704  p99=  471,234  (tokens)
2026-08-25 18:34:33.358 - records_manager - INFO -   osl     p50=    302  p75=    726  p90=   1,823  p99=    8,473  (tokens)
2026-08-25 18:34:33.358 - records_manager - INFO -   tot     in=109,420,979  out=823,585
2026-08-25 18:34:33.358 - records_manager - INFO -   trace  theoretical_prefix_cache_hit=95.9%
2026-08-25 18:34:33.358 - records_manager - INFO -   srv    prefix_cache_hit=93.7% unique_in_srv=7,082,975 ext_cache_hit=22.2% kv_usage=32.8% queue=16r/0w tput_in_srv=147,053/s tput_out_srv=1,132/s
2026-08-25 18:35:04.435 - records_manager - INFO - [realtime 13:14 profiling]
2026-08-25 18:35:04.435 - records_manager - INFO -   rps=1.4 (avg 1.4)  tput_in=146,091/s  tput_out=1,078/s  done=1,077 ok=1,077 err=0
2026-08-25 18:35:04.435 - records_manager - INFO -   ttft    p50=  404ms  p75=  619ms  p95= 1,464ms  p99=  7,724ms
2026-08-25 18:35:04.435 - records_manager - INFO -   itl     p50=   11ms  p75=   14ms  p95=    20ms  p99=     41ms
2026-08-25 18:35:04.435 - records_manager - INFO -   e2e     p50=3,934ms  p75=9,312ms  p95=45,990ms  p99=103,920ms
2026-08-25 18:35:04.435 - records_manager - INFO -   intvty  p50=     89  p75=    130  p95=     203  p99=      250  (1/tpot tok/s)
2026-08-25 18:35:04.435 - records_manager - INFO -   isl     p50= 86,059  p75=135,665  p90= 193,296  p99=  472,567  (tokens)
2026-08-25 18:35:04.435 - records_manager - INFO -   osl     p50=    291  p75=    718  p90=   1,791  p99=    8,056  (tokens)
2026-08-25 18:35:04.435 - records_manager - INFO -   tot     in=115,885,138  out=855,120
2026-08-25 18:35:04.435 - records_manager - INFO -   trace  theoretical_prefix_cache_hit=96.0%
2026-08-25 18:35:04.435 - records_manager - INFO -   srv    prefix_cache_hit=93.8% unique_in_srv=7,363,786 ext_cache_hit=22.7% kv_usage=33.7% queue=18r/0w tput_in_srv=149,569/s tput_out_srv=1,144/s
2026-08-25 18:35:20.142 - aiperf.timing.replay_dependencies - INFO - Per-trace idle cap advanced replay root a68674f8-20e5-4dd0-a123-f5cc4b14f6a3 by 1077.567s
2026-08-25 18:35:35.589 - records_manager - INFO - [realtime 13:45 profiling]
2026-08-25 18:35:35.589 - records_manager - INFO -   rps=1.3 (avg 1.4)  tput_in=145,466/s  tput_out=1,112/s  done=1,117 ok=1,117 err=0
2026-08-25 18:35:35.589 - records_manager - INFO -   ttft    p50=  404ms  p75=  611ms  p95= 1,464ms  p99=  7,555ms
2026-08-25 18:35:35.589 - records_manager - INFO -   itl     p50=   11ms  p75=   14ms  p95=    19ms  p99=     41ms
2026-08-25 18:35:35.589 - records_manager - INFO -   e2e     p50=3,907ms  p75=9,365ms  p95=46,443ms  p99=105,149ms
2026-08-25 18:35:35.589 - records_manager - INFO -   intvty  p50=     89  p75=    125  p95=     201  p99=      249  (1/tpot tok/s)
2026-08-25 18:35:35.589 - records_manager - INFO -   isl     p50= 85,628  p75=135,561  p90= 193,258  p99=  471,682  (tokens)
2026-08-25 18:35:35.589 - records_manager - INFO -   osl     p50=    291  p75=    735  p90=   1,888  p99=    8,729  (tokens)
2026-08-25 18:35:35.589 - records_manager - INFO -   tot     in=119,340,173  out=912,330
2026-08-25 18:35:35.589 - records_manager - INFO -   trace  theoretical_prefix_cache_hit=96.0%
2026-08-25 18:35:35.589 - records_manager - INFO -   srv    prefix_cache_hit=93.5% unique_in_srv=7,917,994 ext_cache_hit=23.5% kv_usage=28.4% queue=15r/6w tput_in_srv=147,305/s tput_out_srv=1,148/s
2026-08-25 18:36:06.655 - records_manager - INFO - [realtime 14:16 profiling]
2026-08-25 18:36:06.655 - records_manager - INFO -   rps=1.9 (avg 1.4)  tput_in=146,691/s  tput_out=1,123/s  done=1,176 ok=1,176 err=0
2026-08-25 18:36:06.655 - records_manager - INFO -   ttft    p50=  402ms  p75=  609ms  p95= 1,649ms  p99=  7,460ms
2026-08-25 18:36:06.655 - records_manager - INFO -   itl     p50=   11ms  p75=   14ms  p95=    19ms  p99=     40ms
2026-08-25 18:36:06.655 - records_manager - INFO -   e2e     p50=3,949ms  p75=9,536ms  p95=46,313ms  p99=106,303ms
2026-08-25 18:36:06.655 - records_manager - INFO -   intvty  p50=     88  p75=    118  p95=     198  p99=      247  (1/tpot tok/s)
2026-08-25 18:36:06.655 - records_manager - INFO -   isl     p50= 85,896  p75=135,391  p90= 193,300  p99=  470,128  (tokens)
2026-08-25 18:36:06.655 - records_manager - INFO -   osl     p50=    292  p75=    745  p90=   1,861  p99=    8,804  (tokens)
2026-08-25 18:36:06.655 - records_manager - INFO -   tot     in=125,533,313  out=961,243
2026-08-25 18:36:06.655 - records_manager - INFO -   trace  theoretical_prefix_cache_hit=95.9%
2026-08-25 18:36:06.655 - records_manager - INFO -   srv    prefix_cache_hit=93.7% unique_in_srv=8,117,632 ext_cache_hit=23.0% kv_usage=36.8% queue=21r/0w tput_in_srv=150,050/s tput_out_srv=1,163/s
2026-08-25 18:36:37.854 - records_manager - INFO - [realtime 14:48 profiling]
2026-08-25 18:36:37.854 - records_manager - INFO -   rps=2.2 (avg 1.4)  tput_in=150,564/s  tput_out=1,153/s  done=1,245 ok=1,245 err=0
2026-08-25 18:36:37.854 - records_manager - INFO -   ttft    p50=  399ms  p75=  597ms  p95= 1,472ms  p99=  6,418ms
2026-08-25 18:36:37.854 - records_manager - INFO -   itl     p50=   11ms  p75=   14ms  p95=    19ms  p99=     40ms
2026-08-25 18:36:37.854 - records_manager - INFO -   e2e     p50=3,915ms  p75=9,479ms  p95=46,247ms  p99=104,576ms
2026-08-25 18:36:37.854 - records_manager - INFO -   intvty  p50=     90  p75=    114  p95=     198  p99=      248  (1/tpot tok/s)
2026-08-25 18:36:37.854 - records_manager - INFO -   isl     p50= 86,570  p75=135,561  p90= 194,065  p99=  470,944  (tokens)
2026-08-25 18:36:37.854 - records_manager - INFO -   osl     p50=    293  p75=    748  p90=   1,890  p99=    8,619  (tokens)
2026-08-25 18:36:37.854 - records_manager - INFO -   tot     in=133,521,897  out=1,022,082
2026-08-25 18:36:37.854 - records_manager - INFO -   trace  theoretical_prefix_cache_hit=96.0%
2026-08-25 18:36:37.854 - records_manager - INFO -   srv    prefix_cache_hit=93.9% unique_in_srv=8,280,070 ext_cache_hit=22.8% kv_usage=23.5% queue=15r/0w tput_in_srv=152,716/s tput_out_srv=1,182/s
2026-08-25 18:37:09.117 - records_manager - INFO - [realtime 15:19 profiling]
2026-08-25 18:37:09.117 - records_manager - INFO -   rps=1.9 (avg 1.4)  tput_in=153,020/s  tput_out=1,148/s  done=1,303 ok=1,303 err=0
2026-08-25 18:37:09.117 - records_manager - INFO -   ttft    p50=  396ms  p75=  589ms  p95= 1,436ms  p99=  5,141ms
2026-08-25 18:37:09.117 - records_manager - INFO -   itl     p50=   11ms  p75=   14ms  p95=    19ms  p99=     40ms
2026-08-25 18:37:09.117 - records_manager - INFO -   e2e     p50=3,908ms  p75=9,228ms  p95=46,000ms  p99=103,356ms
2026-08-25 18:37:09.117 - records_manager - INFO -   intvty  p50=     91  p75=    113  p95=     197  p99=      247  (1/tpot tok/s)
2026-08-25 18:37:09.117 - records_manager - INFO -   isl     p50= 86,838  p75=136,192  p90= 194,693  p99=  469,426  (tokens)
2026-08-25 18:37:09.117 - records_manager - INFO -   osl     p50=    299  p75=    738  p90=   1,796  p99=    8,397  (tokens)
2026-08-25 18:37:09.118 - records_manager - INFO -   tot     in=140,400,122  out=1,053,617
2026-08-25 18:37:09.118 - records_manager - INFO -   trace  theoretical_prefix_cache_hit=96.1%
2026-08-25 18:37:09.118 - records_manager - INFO -   srv    prefix_cache_hit=94.1% unique_in_srv=8,451,447 ext_cache_hit=22.3% kv_usage=29.7% queue=16r/0w tput_in_srv=155,550/s tput_out_srv=1,193/s
2026-08-25 18:37:40.425 - records_manager - INFO - [realtime 15:50 profiling]
2026-08-25 18:37:40.425 - records_manager - INFO -   rps=1.5 (avg 1.4)  tput_in=154,118/s  tput_out=1,151/s  done=1,349 ok=1,349 err=0
2026-08-25 18:37:40.425 - records_manager - INFO -   ttft    p50=  393ms  p75=  584ms  p95= 1,419ms  p99=  5,122ms
2026-08-25 18:37:40.425 - records_manager - INFO -   itl     p50=   11ms  p75=   14ms  p95=    19ms  p99=     39ms
2026-08-25 18:37:40.425 - records_manager - INFO -   e2e     p50=3,907ms  p75=9,234ms  p95=45,572ms  p99=101,699ms
2026-08-25 18:37:40.425 - records_manager - INFO -   intvty  p50=     92  p75=    114  p95=     197  p99=      251  (1/tpot tok/s)
2026-08-25 18:37:40.425 - records_manager - INFO -   isl     p50= 87,296  p75=135,804  p90= 194,950  p99=  470,839  (tokens)
2026-08-25 18:37:40.425 - records_manager - INFO -   osl     p50=    301  p75=    746  p90=   1,808  p99=    8,340  (tokens)
2026-08-25 18:37:40.425 - records_manager - INFO -   tot     in=146,147,209  out=1,091,222
2026-08-25 18:37:40.425 - records_manager - INFO -   trace  theoretical_prefix_cache_hit=96.1%
2026-08-25 18:37:40.425 - records_manager - INFO -   srv    prefix_cache_hit=94.2% unique_in_srv=8,518,465 ext_cache_hit=22.1% kv_usage=23.9% queue=13r/0w tput_in_srv=156,001/s tput_out_srv=1,210/s
2026-08-25 18:38:11.772 - records_manager - INFO - [realtime 16:21 profiling]
2026-08-25 18:38:11.772 - records_manager - INFO -   rps=1.3 (avg 1.4)  tput_in=155,107/s  tput_out=1,165/s  done=1,391 ok=1,391 err=0
2026-08-25 18:38:11.772 - records_manager - INFO -   ttft    p50=  390ms  p75=  576ms  p95= 1,402ms  p99=  5,104ms
2026-08-25 18:38:11.772 - records_manager - INFO -   itl     p50=   11ms  p75=   13ms  p95=    19ms  p99=     39ms
2026-08-25 18:38:11.772 - records_manager - INFO -   e2e     p50=3,908ms  p75=9,237ms  p95=45,386ms  p99=103,633ms
2026-08-25 18:38:11.772 - records_manager - INFO -   intvty  p50=     93  p75=    116  p95=     196  p99=      249  (1/tpot tok/s)
2026-08-25 18:38:11.772 - records_manager - INFO -   isl     p50= 89,204  p75=136,448  p90= 194,811  p99=  472,296  (tokens)
2026-08-25 18:38:11.772 - records_manager - INFO -   osl     p50=    307  p75=    756  p90=   1,838  p99=    8,438  (tokens)
2026-08-25 18:38:11.772 - records_manager - INFO -   tot     in=151,864,932  out=1,140,763
2026-08-25 18:38:11.772 - records_manager - INFO -   trace  theoretical_prefix_cache_hit=96.2%
2026-08-25 18:38:11.772 - records_manager - INFO -   srv    prefix_cache_hit=94.4% unique_in_srv=8,591,646 ext_cache_hit=22.0% kv_usage=29.6% queue=14r/0w tput_in_srv=157,205/s tput_out_srv=1,220/s
2026-08-25 18:38:43.164 - records_manager - INFO - [realtime 16:53 profiling]
2026-08-25 18:38:43.164 - records_manager - INFO -   rps=0.9 (avg 1.4)  tput_in=154,052/s  tput_out=1,162/s  done=1,420 ok=1,420 err=0
2026-08-25 18:38:43.164 - records_manager - INFO -   ttft    p50=  389ms  p75=  568ms  p95= 1,374ms  p99=  5,065ms
2026-08-25 18:38:43.164 - records_manager - INFO -   itl     p50=   11ms  p75=   13ms  p95=    19ms  p99=     39ms
2026-08-25 18:38:43.164 - records_manager - INFO -   e2e     p50=3,959ms  p75=9,253ms  p95=45,234ms  p99=102,744ms
2026-08-25 18:38:43.164 - records_manager - INFO -   intvty  p50=     94  p75=    117  p95=     196  p99=      249  (1/tpot tok/s)
2026-08-25 18:38:43.164 - records_manager - INFO -   isl     p50= 89,830  p75=137,051  p90= 194,823  p99=  471,603  (tokens)
2026-08-25 18:38:43.164 - records_manager - INFO -   osl     p50=    313  p75=    762  p90=   1,856  p99=    8,376  (tokens)
2026-08-25 18:38:43.164 - records_manager - INFO -   tot     in=155,552,781  out=1,173,426
2026-08-25 18:38:43.164 - records_manager - INFO -   trace  theoretical_prefix_cache_hit=96.2%
2026-08-25 18:38:43.164 - records_manager - INFO -   srv    prefix_cache_hit=94.5% unique_in_srv=8,657,946 ext_cache_hit=21.8% kv_usage=33.8% queue=15r/0w tput_in_srv=156,423/s tput_out_srv=1,230/s
2026-08-25 18:39:14.619 - records_manager - INFO - [realtime 17:24 profiling]
2026-08-25 18:39:14.619 - records_manager - INFO -   rps=1.1 (avg 1.4)  tput_in=154,709/s  tput_out=1,188/s  done=1,455 ok=1,455 err=0
2026-08-25 18:39:14.619 - records_manager - INFO -   ttft    p50=  391ms  p75=  565ms  p95= 1,364ms  p99=  5,000ms
2026-08-25 18:39:14.619 - records_manager - INFO -   itl     p50=   11ms  p75=   13ms  p95=    19ms  p99=     39ms
2026-08-25 18:39:14.619 - records_manager - INFO -   e2e     p50=3,994ms  p75=9,476ms  p95=45,318ms  p99=104,371ms
2026-08-25 18:39:14.619 - records_manager - INFO -   intvty  p50=     95  p75=    118  p95=     196  p99=      248  (1/tpot tok/s)
2026-08-25 18:39:14.619 - records_manager - INFO -   isl     p50= 91,620  p75=139,086  p90= 196,238  p99=  472,992  (tokens)
2026-08-25 18:39:14.619 - records_manager - INFO -   osl     p50=    318  p75=    780  p90=   1,911  p99=    8,580  (tokens)
2026-08-25 18:39:14.619 - records_manager - INFO -   tot     in=161,235,367  out=1,238,427
2026-08-25 18:39:14.619 - records_manager - INFO -   trace  theoretical_prefix_cache_hit=96.3%
2026-08-25 18:39:14.619 - records_manager - INFO -   srv    prefix_cache_hit=94.6% unique_in_srv=8,794,458 ext_cache_hit=21.5% kv_usage=25.0% queue=11r/0w tput_in_srv=156,314/s tput_out_srv=1,234/s
2026-08-25 18:39:44.495 - aiperf.timing.replay_dependencies - INFO - Per-trace idle cap advanced replay root bf55af06-b8c0-4412-bfe1-69fc1f3c469b by 2231.107s
2026-08-25 18:39:45.948 - records_manager - INFO - [realtime 17:56 profiling]
2026-08-25 18:39:45.949 - records_manager - INFO -   rps=1.1 (avg 1.4)  tput_in=155,430/s  tput_out=1,225/s  done=1,488 ok=1,488 err=0
2026-08-25 18:39:45.949 - records_manager - INFO -   ttft    p50=  395ms  p75=  563ms  p95= 1,359ms  p99=  4,939ms
2026-08-25 18:39:45.949 - records_manager - INFO -   itl     p50=   10ms  p75=   13ms  p95=    18ms  p99=     38ms
2026-08-25 18:39:45.949 - records_manager - INFO -   e2e     p50=3,994ms  p75=9,663ms  p95=45,720ms  p99=108,783ms
2026-08-25 18:39:45.949 - records_manager - INFO -   intvty  p50=     96  p75=    119  p95=     195  p99=      247  (1/tpot tok/s)
2026-08-25 18:39:45.949 - records_manager - INFO -   isl     p50= 92,906  p75=142,534  p90= 196,898  p99=  474,394  (tokens)
2026-08-25 18:39:45.949 - records_manager - INFO -   osl     p50=    320  p75=    789  p90=   1,935  p99=    8,868  (tokens)
2026-08-25 18:39:45.949 - records_manager - INFO -   tot     in=166,854,140  out=1,314,971
2026-08-25 18:39:45.949 - records_manager - INFO -   trace  theoretical_prefix_cache_hit=96.3%
2026-08-25 18:39:45.949 - records_manager - INFO -   srv    prefix_cache_hit=94.7% unique_in_srv=8,901,695 ext_cache_hit=21.2% kv_usage=12.7% queue=6r/0w tput_in_srv=156,115/s tput_out_srv=1,233/s
2026-08-25 18:40:02.328 - aiperf.timing.replay_dependencies - INFO - Per-trace idle cap advanced replay root 59677515-af08-4143-a102-2436695f6a4c by 421.824s
2026-08-25 18:40:17.419 - records_manager - INFO - [realtime 18:27 profiling]
2026-08-25 18:40:17.419 - records_manager - INFO -   rps=0.7 (avg 1.4)  tput_in=154,055/s  tput_out=1,208/s  done=1,509 ok=1,509 err=0
2026-08-25 18:40:17.419 - records_manager - INFO -   ttft    p50=  396ms  p75=  564ms  p95= 1,346ms  p99=  4,913ms
2026-08-25 18:40:17.419 - records_manager - INFO -   itl     p50=   10ms  p75=   13ms  p95=    18ms  p99=     38ms
2026-08-25 18:40:17.419 - records_manager - INFO -   e2e     p50=3,994ms  p75=9,661ms  p95=45,419ms  p99=108,517ms
2026-08-25 18:40:17.419 - records_manager - INFO -   intvty  p50=     96  p75=    121  p95=     195  p99=      247  (1/tpot tok/s)
2026-08-25 18:40:17.419 - records_manager - INFO -   isl     p50= 93,614  p75=143,834  p90= 199,452  p99=  473,880  (tokens)
2026-08-25 18:40:17.419 - records_manager - INFO -   osl     p50=    320  p75=    801  p90=   1,949  p99=    8,834  (tokens)
2026-08-25 18:40:17.419 - records_manager - INFO -   tot     in=170,072,022  out=1,333,856
2026-08-25 18:40:17.419 - records_manager - INFO -   trace  theoretical_prefix_cache_hit=96.3%
2026-08-25 18:40:17.419 - records_manager - INFO -   srv    prefix_cache_hit=94.8% unique_in_srv=9,013,263 ext_cache_hit=20.9% kv_usage=20.9% queue=10r/0w tput_in_srv=155,290/s tput_out_srv=1,231/s
2026-08-25 18:40:48.936 - records_manager - INFO - [realtime 18:59 profiling]
2026-08-25 18:40:48.936 - records_manager - INFO -   rps=1.0 (avg 1.4)  tput_in=154,062/s  tput_out=1,212/s  done=1,539 ok=1,539 err=0
2026-08-25 18:40:48.936 - records_manager - INFO -   ttft    p50=  398ms  p75=  568ms  p95= 1,342ms  p99=  4,904ms
2026-08-25 18:40:48.936 - records_manager - INFO -   itl     p50=   10ms  p75=   13ms  p95=    18ms  p99=     38ms
2026-08-25 18:40:48.936 - records_manager - INFO -   e2e     p50=4,009ms  p75=9,700ms  p95=45,580ms  p99=107,526ms
2026-08-25 18:40:48.936 - records_manager - INFO -   intvty  p50=     97  p75=    121  p95=     194  p99=      246  (1/tpot tok/s)
2026-08-25 18:40:48.936 - records_manager - INFO -   isl     p50= 94,207  p75=145,853  p90= 203,864  p99=  473,301  (tokens)
2026-08-25 18:40:48.936 - records_manager - INFO -   osl     p50=    326  p75=    810  p90=   1,972  p99=    8,981  (tokens)
2026-08-25 18:40:48.936 - records_manager - INFO -   tot     in=174,925,575  out=1,376,249
2026-08-25 18:40:48.936 - records_manager - INFO -   trace  theoretical_prefix_cache_hit=96.4%
2026-08-25 18:40:48.936 - records_manager - INFO -   srv    prefix_cache_hit=94.7% unique_in_srv=9,414,726 ext_cache_hit=23.3% kv_usage=26.0% queue=10r/0w tput_in_srv=155,651/s tput_out_srv=1,229/s
2026-08-25 18:41:20.455 - records_manager - INFO - [realtime 19:30 profiling]
2026-08-25 18:41:20.455 - records_manager - INFO -   rps=1.0 (avg 1.3)  tput_in=154,005/s  tput_out=1,212/s  done=1,569 ok=1,569 err=0
2026-08-25 18:41:20.455 - records_manager - INFO -   ttft    p50=  400ms  p75=  570ms  p95= 1,332ms  p99=  4,896ms
2026-08-25 18:41:20.455 - records_manager - INFO -   itl     p50=   10ms  p75=   13ms  p95=    18ms  p99=     38ms
2026-08-25 18:41:20.455 - records_manager - INFO -   e2e     p50=4,033ms  p75=9,668ms  p95=45,419ms  p99=106,534ms
2026-08-25 18:41:20.455 - records_manager - INFO -   intvty  p50=     97  p75=    124  p95=     192  p99=      246  (1/tpot tok/s)
2026-08-25 18:41:20.455 - records_manager - INFO -   isl     p50= 94,914  p75=146,732  p90= 205,763  p99=  474,918  (tokens)
2026-08-25 18:41:20.455 - records_manager - INFO -   osl     p50=    331  p75=    819  p90=   1,991  p99=    9,112  (tokens)
2026-08-25 18:41:20.455 - records_manager - INFO -   tot     in=179,934,636  out=1,415,647
2026-08-25 18:41:20.455 - records_manager - INFO -   trace  theoretical_prefix_cache_hit=96.4%
2026-08-25 18:41:20.455 - records_manager - INFO -   srv    prefix_cache_hit=94.8% unique_in_srv=9,491,538 ext_cache_hit=23.1% kv_usage=14.0% queue=6r/0w tput_in_srv=154,886/s tput_out_srv=1,225/s
2026-08-25 18:41:52.140 - records_manager - INFO - [realtime 20:02 profiling]
2026-08-25 18:41:52.141 - records_manager - INFO -   rps=0.9 (avg 1.3)  tput_in=154,359/s  tput_out=1,212/s  done=1,598 ok=1,598 err=0
2026-08-25 18:41:52.141 - records_manager - INFO -   ttft    p50=  402ms  p75=  579ms  p95= 1,331ms  p99=  4,887ms
2026-08-25 18:41:52.141 - records_manager - INFO -   itl     p50=   10ms  p75=   13ms  p95=    18ms  p99=     37ms
2026-08-25 18:41:52.141 - records_manager - INFO -   e2e     p50=4,060ms  p75=9,737ms  p95=45,267ms  p99=105,576ms
2026-08-25 18:41:52.141 - records_manager - INFO -   intvty  p50=     97  p75=    127  p95=     192  p99=      247  (1/tpot tok/s)
2026-08-25 18:41:52.141 - records_manager - INFO -   isl     p50= 95,694  p75=150,004  p90= 209,199  p99=  476,893  (tokens)
2026-08-25 18:41:52.141 - records_manager - INFO -   osl     p50=    334  p75=    836  p90=   1,999  p99=    9,217  (tokens)
2026-08-25 18:41:52.141 - records_manager - INFO -   tot     in=185,306,857  out=1,454,737
2026-08-25 18:41:52.141 - records_manager - INFO -   trace  theoretical_prefix_cache_hit=96.4%
2026-08-25 18:41:52.141 - records_manager - INFO -   srv    prefix_cache_hit=94.8% unique_in_srv=9,630,136 ext_cache_hit=22.8% kv_usage=17.4% queue=7r/0w tput_in_srv=155,140/s tput_out_srv=1,218/s
2026-08-25 18:42:23.765 - records_manager - INFO - [realtime 20:33 profiling]
2026-08-25 18:42:23.765 - records_manager - INFO -   rps=0.5 (avg 1.3)  tput_in=153,258/s  tput_out=1,199/s  done=1,613 ok=1,613 err=0
2026-08-25 18:42:23.765 - records_manager - INFO -   ttft    p50=  404ms  p75=  583ms  p95= 1,326ms  p99=  4,816ms
2026-08-25 18:42:23.765 - records_manager - INFO -   itl     p50=   10ms  p75=   13ms  p95=    18ms  p99=     37ms
2026-08-25 18:42:23.765 - records_manager - INFO -   e2e     p50=4,080ms  p75=9,713ms  p95=45,217ms  p99=105,231ms
2026-08-25 18:42:23.765 - records_manager - INFO -   intvty  p50=     98  p75=    128  p95=     192  p99=      246  (1/tpot tok/s)
2026-08-25 18:42:23.765 - records_manager - INFO -   isl     p50= 96,232  p75=150,992  p90= 211,229  p99=  476,462  (tokens)
2026-08-25 18:42:23.765 - records_manager - INFO -   osl     p50=    336  p75=    856  p90=   2,005  p99=    9,189  (tokens)
2026-08-25 18:42:23.765 - records_manager - INFO -   tot     in=188,437,056  out=1,474,821
2026-08-25 18:42:23.765 - records_manager - INFO -   trace  theoretical_prefix_cache_hit=96.5%
2026-08-25 18:42:23.765 - records_manager - INFO -   srv    prefix_cache_hit=94.9% unique_in_srv=9,707,922 ext_cache_hit=22.6% kv_usage=12.4% queue=6r/0w tput_in_srv=153,754/s tput_out_srv=1,209/s
2026-08-25 18:42:29.813 - aiperf.timing.replay_dependencies - INFO - Per-trace idle cap advanced replay root fb11585e-027b-4123-8cc6-5a647cd7c845 by 643.011s
2026-08-25 18:42:53.338 - aiperf.timing.replay_dependencies - INFO - Per-trace idle cap advanced replay root 1a644d88-68a2-487c-ac48-80138d8cd0f2 by 4122.174s
2026-08-25 18:42:55.413 - records_manager - INFO - [realtime 21:05 profiling]
2026-08-25 18:42:55.413 - records_manager - INFO -   rps=0.6 (avg 1.3)  tput_in=151,564/s  tput_out=1,189/s  done=1,633 ok=1,633 err=0
2026-08-25 18:42:55.413 - records_manager - INFO -   ttft    p50=  404ms  p75=  583ms  p95= 1,321ms  p99=  4,698ms
2026-08-25 18:42:55.413 - records_manager - INFO -   itl     p50=   10ms  p75=   13ms  p95=    18ms  p99=     37ms
2026-08-25 18:42:55.413 - records_manager - INFO -   e2e     p50=4,088ms  p75=9,740ms  p95=45,095ms  p99=104,822ms
2026-08-25 18:42:55.413 - records_manager - INFO -   intvty  p50=     98  p75=    129  p95=     191  p99=      246  (1/tpot tok/s)
2026-08-25 18:42:55.413 - records_manager - INFO -   isl     p50= 96,630  p75=151,983  p90= 213,388  p99=  479,061  (tokens)
2026-08-25 18:42:55.413 - records_manager - INFO -   osl     p50=    341  p75=    878  p90=   2,032  p99=    9,161  (tokens)
2026-08-25 18:42:55.413 - records_manager - INFO -   tot     in=191,519,425  out=1,502,392
2026-08-25 18:42:55.413 - records_manager - INFO -   trace  theoretical_prefix_cache_hit=96.5%
2026-08-25 18:42:55.413 - records_manager - INFO -   srv    prefix_cache_hit=94.9% unique_in_srv=9,794,416 ext_cache_hit=22.7% kv_usage=10.2% queue=6r/0w tput_in_srv=152,195/s tput_out_srv=1,206/s
2026-08-25 18:43:08.910 - aiperf.timing.replay_dependencies - INFO - Per-trace idle cap advanced replay root 8180c2cf-3484-4947-a753-372101407b68 by 241505.221s
2026-08-25 18:43:27.076 - records_manager - INFO - [realtime 21:37 profiling]
2026-08-25 18:43:27.076 - records_manager - INFO -   rps=1.5 (avg 1.3)  tput_in=151,047/s  tput_out=1,184/s  done=1,682 ok=1,682 err=0
2026-08-25 18:43:27.076 - records_manager - INFO -   ttft    p50=  402ms  p75=  581ms  p95= 1,319ms  p99=  4,410ms
2026-08-25 18:43:27.076 - records_manager - INFO -   itl     p50=   10ms  p75=   13ms  p95=    18ms  p99=     37ms
2026-08-25 18:43:27.076 - records_manager - INFO -   e2e     p50=4,008ms  p75=9,546ms  p95=44,917ms  p99=103,817ms
2026-08-25 18:43:27.076 - records_manager - INFO -   intvty  p50=     99  p75=    129  p95=     188  p99=      246  (1/tpot tok/s)
2026-08-25 18:43:27.076 - records_manager - INFO -   isl     p50= 95,490  p75=150,596  p90= 214,823  p99=  477,427  (tokens)
2026-08-25 18:43:27.076 - records_manager - INFO -   osl     p50=    333  p75=    854  p90=   2,009  p99=    9,278  (tokens)
2026-08-25 18:43:27.076 - records_manager - INFO -   tot     in=195,567,183  out=1,533,019
2026-08-25 18:43:27.076 - records_manager - INFO -   trace  theoretical_prefix_cache_hit=96.5%
2026-08-25 18:43:27.076 - records_manager - INFO -   srv    prefix_cache_hit=95.0% unique_in_srv=9,929,657 ext_cache_hit=22.4% kv_usage=27.7% queue=14r/0w tput_in_srv=152,686/s tput_out_srv=1,201/s
2026-08-25 18:43:58.733 - records_manager - INFO - [realtime 22:08 profiling]
2026-08-25 18:43:58.733 - records_manager - INFO -   rps=1.8 (avg 1.3)  tput_in=151,824/s  tput_out=1,191/s  done=1,738 ok=1,738 err=0
2026-08-25 18:43:58.733 - records_manager - INFO -   ttft    p50=  404ms  p75=  579ms  p95= 1,288ms  p99=  4,278ms
2026-08-25 18:43:58.733 - records_manager - INFO -   itl     p50=   10ms  p75=   13ms  p95=    18ms  p99=     36ms
2026-08-25 18:43:58.734 - records_manager - INFO -   e2e     p50=3,988ms  p75=9,498ms  p95=44,884ms  p99=102,095ms
2026-08-25 18:43:58.734 - records_manager - INFO -   intvty  p50=    100  p75=    128  p95=     186  p99=      245  (1/tpot tok/s)
2026-08-25 18:43:58.734 - records_manager - INFO -   isl     p50= 94,317  p75=150,364  p90= 215,536  p99=  475,773  (tokens)
2026-08-25 18:43:58.734 - records_manager - INFO -   osl     p50=    331  p75=    849  p90=   2,013  p99=    9,154  (tokens)
2026-08-25 18:43:58.734 - records_manager - INFO -   tot     in=201,134,675  out=1,577,984
2026-08-25 18:43:58.734 - records_manager - INFO -   trace  theoretical_prefix_cache_hit=96.5%
2026-08-25 18:43:58.734 - records_manager - INFO -   srv    prefix_cache_hit=95.1% unique_in_srv=10,059,650 ext_cache_hit=22.1% kv_usage=36.7% queue=12r/0w tput_in_srv=153,642/s tput_out_srv=1,201/s
2026-08-25 18:44:30.479 - records_manager - INFO - [realtime 22:40 profiling]
2026-08-25 18:44:30.479 - records_manager - INFO -   rps=1.4 (avg 1.3)  tput_in=153,140/s  tput_out=1,192/s  done=1,782 ok=1,782 err=0
2026-08-25 18:44:30.479 - records_manager - INFO -   ttft    p50=  406ms  p75=  584ms  p95= 1,310ms  p99=  4,255ms
2026-08-25 18:44:30.479 - records_manager - INFO -   itl     p50=   10ms  p75=   12ms  p95=    18ms  p99=     34ms
2026-08-25 18:44:30.479 - records_manager - INFO -   e2e     p50=3,966ms  p75=9,613ms  p95=44,918ms  p99=100,510ms
2026-08-25 18:44:30.480 - records_manager - INFO -   intvty  p50=    100  p75=    128  p95=     185  p99=      245  (1/tpot tok/s)
2026-08-25 18:44:30.480 - records_manager - INFO -   isl     p50= 94,447  p75=151,619  p90= 220,674  p99=  480,605  (tokens)
2026-08-25 18:44:30.480 - records_manager - INFO -   osl     p50=    331  p75=    858  p90=   2,034  p99=    9,094  (tokens)
2026-08-25 18:44:30.480 - records_manager - INFO -   tot     in=208,097,229  out=1,619,615
2026-08-25 18:44:30.480 - records_manager - INFO -   trace  theoretical_prefix_cache_hit=96.5%
2026-08-25 18:44:30.480 - records_manager - INFO -   srv    prefix_cache_hit=95.1% unique_in_srv=10,302,656 ext_cache_hit=21.6% kv_usage=14.6% queue=7r/0w tput_in_srv=154,031/s tput_out_srv=1,197/s
2026-08-25 18:44:36.692 - aiperf.timing.replay_dependencies - INFO - Per-trace idle cap advanced replay root 017182d4-9b68-474e-b683-1cdd139b6377 by 16.542s
2026-08-25 18:44:50.499 - aiperf.timing.replay_dependencies - INFO - Per-trace idle cap advanced replay root bf55af06-b8c0-4412-bfe1-69fc1f3c469b by 207.518s
2026-08-25 18:44:59.888 - aiperf.timing.replay_dependencies - INFO - Per-trace idle cap advanced replay root d2e3d033-4a8d-49b2-9f10-a337446e4627 by 3102.299s
2026-08-25 18:45:02.339 - records_manager - INFO - [realtime 23:12 profiling]
2026-08-25 18:45:02.339 - records_manager - INFO -   rps=1.3 (avg 1.3)  tput_in=154,241/s  tput_out=1,182/s  done=1,824 ok=1,824 err=0
2026-08-25 18:45:02.339 - records_manager - INFO -   ttft    p50=  408ms  p75=  588ms  p95= 1,318ms  p99= 4,227ms
2026-08-25 18:45:02.339 - records_manager - INFO -   itl     p50=   10ms  p75=   12ms  p95=    18ms  p99=    33ms
2026-08-25 18:45:02.339 - records_manager - INFO -   e2e     p50=3,944ms  p75=9,475ms  p95=44,762ms  p99=99,676ms
2026-08-25 18:45:02.339 - records_manager - INFO -   intvty  p50=    100  p75=    129  p95=     184  p99=     245  (1/tpot tok/s)
2026-08-25 18:45:02.339 - records_manager - INFO -   isl     p50= 94,984  p75=153,315  p90= 224,010  p99= 479,362  (tokens)
2026-08-25 18:45:02.339 - records_manager - INFO -   osl     p50=    326  p75=    851  p90=   2,008  p99=   9,015  (tokens)
2026-08-25 18:45:02.339 - records_manager - INFO -   tot     in=214,331,369  out=1,642,078
2026-08-25 18:45:02.339 - records_manager - INFO -   trace  theoretical_prefix_cache_hit=96.5%
2026-08-25 18:45:02.339 - records_manager - INFO -   srv    prefix_cache_hit=95.1% unique_in_srv=10,571,875 ext_cache_hit=21.1% kv_usage=7.3% queue=3r/0w tput_in_srv=154,577/s tput_out_srv=1,187/s
2026-08-25 18:45:34.291 - records_manager - INFO - [realtime 23:44 profiling]
2026-08-25 18:45:34.291 - records_manager - INFO -   rps=1.3 (avg 1.3)  tput_in=154,982/s  tput_out=1,176/s  done=1,865 ok=1,865 err=0
2026-08-25 18:45:34.291 - records_manager - INFO -   ttft    p50=  409ms  p75=  589ms  p95= 1,289ms  p99= 4,193ms
2026-08-25 18:45:34.291 - records_manager - INFO -   itl     p50=   10ms  p75=   12ms  p95=    18ms  p99=    32ms
2026-08-25 18:45:34.291 - records_manager - INFO -   e2e     p50=3,904ms  p75=9,365ms  p95=44,203ms  p99=99,409ms
2026-08-25 18:45:34.291 - records_manager - INFO -   intvty  p50=    101  p75=    129  p95=     184  p99=     245  (1/tpot tok/s)
2026-08-25 18:45:34.291 - records_manager - INFO -   isl     p50= 95,359  p75=154,790  p90= 227,389  p99= 477,994  (tokens)
2026-08-25 18:45:34.291 - records_manager - INFO -   osl     p50=    321  p75=    845  p90=   2,029  p99=   8,921  (tokens)
2026-08-25 18:45:34.291 - records_manager - INFO -   tot     in=220,423,583  out=1,673,247
2026-08-25 18:45:34.291 - records_manager - INFO -   trace  theoretical_prefix_cache_hit=96.6%
2026-08-25 18:45:34.291 - records_manager - INFO -   srv    prefix_cache_hit=95.2% unique_in_srv=10,682,596 ext_cache_hit=20.8% kv_usage=20.1% queue=8r/0w tput_in_srv=156,118/s tput_out_srv=1,184/s
2026-08-25 18:46:06.152 - records_manager - INFO - [realtime 24:16 profiling]
2026-08-25 18:46:06.152 - records_manager - INFO -   rps=0.6 (avg 1.3)  tput_in=153,404/s  tput_out=1,173/s  done=1,883 ok=1,883 err=0
2026-08-25 18:46:06.152 - records_manager - INFO -   ttft    p50=  409ms  p75=  589ms  p95= 1,287ms  p99= 4,179ms
2026-08-25 18:46:06.152 - records_manager - INFO -   itl     p50=   10ms  p75=   12ms  p95=    18ms  p99=    32ms
2026-08-25 18:46:06.152 - records_manager - INFO -   e2e     p50=3,908ms  p75=9,476ms  p95=44,220ms  p99=99,292ms
2026-08-25 18:46:06.152 - records_manager - INFO -   intvty  p50=    102  p75=    130  p95=     184  p99=     246  (1/tpot tok/s)
2026-08-25 18:46:06.152 - records_manager - INFO -   isl     p50= 95,384  p75=154,986  p90= 227,419  p99= 480,580  (tokens)
2026-08-25 18:46:06.152 - records_manager - INFO -   osl     p50=    327  p75=    858  p90=   2,085  p99=   8,879  (tokens)
2026-08-25 18:46:06.152 - records_manager - INFO -   tot     in=222,994,460  out=1,704,943
2026-08-25 18:46:06.152 - records_manager - INFO -   trace  theoretical_prefix_cache_hit=96.6%
2026-08-25 18:46:06.152 - records_manager - INFO -   srv    prefix_cache_hit=95.2% unique_in_srv=10,753,076 ext_cache_hit=20.7% kv_usage=15.7% queue=9r/0w tput_in_srv=154,197/s tput_out_srv=1,185/s
2026-08-25 18:46:38.180 - records_manager - INFO - [realtime 24:48 profiling]
2026-08-25 18:46:38.181 - records_manager - INFO -   rps=1.3 (avg 1.3)  tput_in=152,822/s  tput_out=1,174/s  done=1,924 ok=1,924 err=0
2026-08-25 18:46:38.181 - records_manager - INFO -   ttft    p50=  408ms  p75=  585ms  p95= 1,282ms  p99= 4,148ms
2026-08-25 18:46:38.181 - records_manager - INFO -   itl     p50=   10ms  p75=   12ms  p95=    18ms  p99=    32ms
2026-08-25 18:46:38.181 - records_manager - INFO -   e2e     p50=3,907ms  p75=9,497ms  p95=43,434ms  p99=98,659ms
2026-08-25 18:46:38.181 - records_manager - INFO -   intvty  p50=    102  p75=    131  p95=     184  p99=     246  (1/tpot tok/s)
2026-08-25 18:46:38.181 - records_manager - INFO -   isl     p50= 95,280  p75=154,919  p90= 225,576  p99= 479,362  (tokens)
2026-08-25 18:46:38.181 - records_manager - INFO -   osl     p50=    327  p75=    878  p90=   2,126  p99=   8,827  (tokens)
2026-08-25 18:46:38.181 - records_manager - INFO -   tot     in=226,903,971  out=1,743,760
2026-08-25 18:46:38.181 - records_manager - INFO -   trace  theoretical_prefix_cache_hit=96.6%
2026-08-25 18:46:38.181 - records_manager - INFO -   srv    prefix_cache_hit=95.2% unique_in_srv=10,863,680 ext_cache_hit=20.5% kv_usage=12.7% queue=6r/0w tput_in_srv=153,377/s tput_out_srv=1,183/s
2026-08-25 18:46:56.965 - aiperf.timing.replay_dependencies - INFO - Per-trace idle cap advanced replay root a68674f8-20e5-4dd0-a123-f5cc4b14f6a3 by 897.730s
2026-08-25 18:47:10.113 - records_manager - INFO - [realtime 25:20 profiling]
2026-08-25 18:47:10.113 - records_manager - INFO -   rps=1.0 (avg 1.3)  tput_in=152,181/s  tput_out=1,167/s  done=1,957 ok=1,957 err=0
2026-08-25 18:47:10.113 - records_manager - INFO -   ttft    p50=  408ms  p75=  585ms  p95= 1,288ms  p99= 4,124ms
2026-08-25 18:47:10.113 - records_manager - INFO -   itl     p50=   10ms  p75=   12ms  p95=    18ms  p99=    32ms
2026-08-25 18:47:10.113 - records_manager - INFO -   e2e     p50=3,893ms  p75=9,473ms  p95=43,366ms  p99=98,903ms
2026-08-25 18:47:10.113 - records_manager - INFO -   intvty  p50=    103  p75=    131  p95=     183  p99=     245  (1/tpot tok/s)
2026-08-25 18:47:10.113 - records_manager - INFO -   isl     p50= 95,560  p75=155,992  p90= 226,818  p99= 478,261  (tokens)
2026-08-25 18:47:10.113 - records_manager - INFO -   osl     p50=    323  p75=    878  p90=   2,099  p99=   8,939  (tokens)
2026-08-25 18:47:10.113 - records_manager - INFO -   tot     in=231,062,290  out=1,771,222
2026-08-25 18:47:10.113 - records_manager - INFO -   trace  theoretical_prefix_cache_hit=96.6%
2026-08-25 18:47:10.113 - records_manager - INFO -   srv    prefix_cache_hit=95.3% unique_in_srv=11,035,271 ext_cache_hit=20.2% kv_usage=26.9% queue=11r/0w tput_in_srv=153,470/s tput_out_srv=1,182/s
2026-08-25 18:47:42.211 - records_manager - INFO - [realtime 25:52 profiling]
2026-08-25 18:47:42.212 - records_manager - INFO -   rps=1.5 (avg 1.3)  tput_in=153,268/s  tput_out=1,176/s  done=2,005 ok=2,005 err=0
2026-08-25 18:47:42.212 - records_manager - INFO -   ttft    p50=  409ms  p75=  585ms  p95= 1,286ms  p99= 4,091ms
2026-08-25 18:47:42.212 - records_manager - INFO -   itl     p50=   10ms  p75=   12ms  p95=    18ms  p99=    31ms
2026-08-25 18:47:42.212 - records_manager - INFO -   e2e     p50=3,858ms  p75=9,473ms  p95=43,886ms  p99=98,620ms
2026-08-25 18:47:42.212 - records_manager - INFO -   intvty  p50=    104  p75=    131  p95=     182  p99=     245  (1/tpot tok/s)
2026-08-25 18:47:42.212 - records_manager - INFO -   isl     p50= 95,616  p75=157,197  p90= 226,936  p99= 479,996  (tokens)
2026-08-25 18:47:42.212 - records_manager - INFO -   osl     p50=    321  p75=    879  p90=   2,139  p99=   8,836  (tokens)
2026-08-25 18:47:42.212 - records_manager - INFO -   tot     in=237,605,105  out=1,823,665
2026-08-25 18:47:42.212 - records_manager - INFO -   trace  theoretical_prefix_cache_hit=96.6%
2026-08-25 18:47:42.212 - records_manager - INFO -   srv    prefix_cache_hit=95.3% unique_in_srv=11,188,017 ext_cache_hit=19.9% kv_usage=18.9% queue=10r/0w tput_in_srv=154,228/s tput_out_srv=1,183/s
2026-08-25 18:48:14.199 - records_manager - INFO - [realtime 26:24 profiling]
2026-08-25 18:48:14.199 - records_manager - INFO -   rps=1.1 (avg 1.3)  tput_in=153,226/s  tput_out=1,171/s  done=2,039 ok=2,039 err=0
2026-08-25 18:48:14.199 - records_manager - INFO -   ttft    p50=  409ms  p75=  587ms  p95= 1,292ms  p99= 4,137ms
2026-08-25 18:48:14.199 - records_manager - INFO -   itl     p50=   10ms  p75=   12ms  p95=    18ms  p99=    36ms
2026-08-25 18:48:14.199 - records_manager - INFO -   e2e     p50=3,858ms  p75=9,500ms  p95=43,504ms  p99=98,022ms
2026-08-25 18:48:14.199 - records_manager - INFO -   intvty  p50=    105  p75=    131  p95=     182  p99=     245  (1/tpot tok/s)
2026-08-25 18:48:14.199 - records_manager - INFO -   isl     p50= 95,644  p75=157,253  p90= 227,330  p99= 481,681  (tokens)
2026-08-25 18:48:14.199 - records_manager - INFO -   osl     p50=    321  p75=    880  p90=   2,139  p99=   8,821  (tokens)
2026-08-25 18:48:14.199 - records_manager - INFO -   tot     in=242,189,396  out=1,851,094
2026-08-25 18:48:14.199 - records_manager - INFO -   trace  theoretical_prefix_cache_hit=96.6%
2026-08-25 18:48:14.199 - records_manager - INFO -   srv    prefix_cache_hit=95.2% unique_in_srv=11,642,782 ext_cache_hit=19.1% kv_usage=22.3% queue=10r/0w tput_in_srv=154,249/s tput_out_srv=1,179/s
2026-08-25 18:48:42.317 - aiperf.timing.replay_dependencies - INFO - Per-trace idle cap advanced replay root 8180c2cf-3484-4947-a753-372101407b68 by 109209.566s
2026-08-25 18:48:46.301 - records_manager - INFO - [realtime 26:56 profiling]
2026-08-25 18:48:46.301 - records_manager - INFO -   rps=0.9 (avg 1.3)  tput_in=153,077/s  tput_out=1,169/s  done=2,068 ok=2,068 err=0
2026-08-25 18:48:46.301 - records_manager - INFO -   ttft    p50=  410ms  p75=  587ms  p95= 1,316ms  p99= 4,245ms
2026-08-25 18:48:46.301 - records_manager - INFO -   itl     p50=   10ms  p75=   12ms  p95=    18ms  p99=    35ms
2026-08-25 18:48:46.301 - records_manager - INFO -   e2e     p50=3,853ms  p75=9,567ms  p95=43,413ms  p99=97,513ms
2026-08-25 18:48:46.301 - records_manager - INFO -   intvty  p50=    105  p75=    131  p95=     182  p99=     244  (1/tpot tok/s)
2026-08-25 18:48:46.301 - records_manager - INFO -   isl     p50= 96,868  p75=158,487  p90= 228,052  p99= 480,955  (tokens)
2026-08-25 18:48:46.301 - records_manager - INFO -   osl     p50=    321  p75=    888  p90=   2,152  p99=   8,807  (tokens)
2026-08-25 18:48:46.301 - records_manager - INFO -   tot     in=246,860,739  out=1,885,455
2026-08-25 18:48:46.301 - records_manager - INFO -   trace  theoretical_prefix_cache_hit=96.7%
2026-08-25 18:48:46.301 - records_manager - INFO -   srv    prefix_cache_hit=95.3% unique_in_srv=11,843,748 ext_cache_hit=19.6% kv_usage=30.8% queue=12r/0w tput_in_srv=154,353/s tput_out_srv=1,179/s
2026-08-25 18:49:10.141 - aiperf.timing.replay_dependencies - INFO - Per-trace idle cap advanced replay root 1a644d88-68a2-487c-ac48-80138d8cd0f2 by 641.949s
2026-08-25 18:49:18.510 - records_manager - INFO - [realtime 27:28 profiling]
2026-08-25 18:49:18.510 - records_manager - INFO -   rps=0.7 (avg 1.3)  tput_in=152,528/s  tput_out=1,168/s  done=2,090 ok=2,090 err=0
2026-08-25 18:49:18.510 - records_manager - INFO -   ttft    p50=  411ms  p75=  588ms  p95= 1,332ms  p99= 4,245ms
2026-08-25 18:49:18.510 - records_manager - INFO -   itl     p50=    9ms  p75=   12ms  p95=    18ms  p99=    34ms
2026-08-25 18:49:18.510 - records_manager - INFO -   e2e     p50=3,874ms  p75=9,727ms  p95=43,403ms  p99=97,126ms
2026-08-25 18:49:18.510 - records_manager - INFO -   intvty  p50=    105  p75=    131  p95=     181  p99=     244  (1/tpot tok/s)
2026-08-25 18:49:18.510 - records_manager - INFO -   isl     p50= 98,335  p75=159,174  p90= 229,112  p99= 482,993  (tokens)
2026-08-25 18:49:18.510 - records_manager - INFO -   osl     p50=    324  p75=    896  p90=   2,181  p99=   8,797  (tokens)
2026-08-25 18:49:18.510 - records_manager - INFO -   tot     in=250,947,609  out=1,920,996
2026-08-25 18:49:18.510 - records_manager - INFO -   trace  theoretical_prefix_cache_hit=96.7%
2026-08-25 18:49:18.510 - records_manager - INFO -   srv    prefix_cache_hit=95.3% unique_in_srv=11,986,891 ext_cache_hit=19.3% kv_usage=34.0% queue=11r/0w tput_in_srv=154,098/s tput_out_srv=1,175/s
2026-08-25 18:49:38.003 - aiperf.timing.replay_dependencies - INFO - Per-trace idle cap advanced replay root 017182d4-9b68-474e-b683-1cdd139b6377 by 748.587s
2026-08-25 18:49:40.770 - aiperf.timing.replay_dependencies - INFO - Per-trace idle cap advanced replay root a09eaca9-48a8-4613-a7d7-6befcf472e48 by 178.781s
2026-08-25 18:49:50.584 - records_manager - INFO - [realtime 28:00 profiling]
2026-08-25 18:49:50.584 - records_manager - INFO -   rps=1.0 (avg 1.3)  tput_in=152,643/s  tput_out=1,165/s  done=2,121 ok=2,121 err=0
2026-08-25 18:49:50.584 - records_manager - INFO -   ttft    p50=  413ms  p75=  595ms  p95= 1,339ms  p99= 4,229ms
2026-08-25 18:49:50.584 - records_manager - INFO -   itl     p50=    9ms  p75=   12ms  p95=    18ms  p99=    33ms
2026-08-25 18:49:50.584 - records_manager - INFO -   e2e     p50=3,876ms  p75=9,791ms  p95=43,076ms  p99=96,680ms
2026-08-25 18:49:50.584 - records_manager - INFO -   intvty  p50=    106  p75=    131  p95=     181  p99=     243  (1/tpot tok/s)
2026-08-25 18:49:50.584 - records_manager - INFO -   isl     p50= 99,649  p75=160,799  p90= 229,695  p99= 482,132  (tokens)
2026-08-25 18:49:50.584 - records_manager - INFO -   osl     p50=    326  p75=    899  p90=   2,199  p99=   8,713  (tokens)
2026-08-25 18:49:50.584 - records_manager - INFO -   tot     in=256,222,798  out=1,956,196
2026-08-25 18:49:50.584 - records_manager - INFO -   trace  theoretical_prefix_cache_hit=96.7%
2026-08-25 18:49:50.584 - records_manager - INFO -   srv    prefix_cache_hit=95.3% unique_in_srv=12,092,606 ext_cache_hit=19.2% kv_usage=23.8% queue=8r/0w tput_in_srv=153,734/s tput_out_srv=1,173/s
2026-08-25 18:50:17.760 - aiperf.timing.replay_dependencies - INFO - Per-trace idle cap advanced replay root 6d558d11-f930-41cd-8d26-48d4204e2eaf by 451.590s
2026-08-25 18:50:22.755 - records_manager - INFO - [realtime 28:32 profiling]
2026-08-25 18:50:22.755 - records_manager - INFO -   rps=0.6 (avg 1.3)  tput_in=151,674/s  tput_out=1,154/s  done=2,139 ok=2,139 err=0
2026-08-25 18:50:22.755 - records_manager - INFO -   ttft    p50=  414ms  p75=  595ms  p95= 1,336ms  p99= 4,214ms
2026-08-25 18:50:22.756 - records_manager - INFO -   itl     p50=    9ms  p75=   12ms  p95=    17ms  p99=    33ms
2026-08-25 18:50:22.756 - records_manager - INFO -   e2e     p50=3,876ms  p75=9,847ms  p95=42,078ms  p99=96,452ms
2026-08-25 18:50:22.756 - records_manager - INFO -   intvty  p50=    107  p75=    131  p95=     181  p99=     242  (1/tpot tok/s)
2026-08-25 18:50:22.756 - records_manager - INFO -   isl     p50=100,180  p75=161,414  p90= 229,765  p99= 484,665  (tokens)
2026-08-25 18:50:22.756 - records_manager - INFO -   osl     p50=    327  p75=    902  p90=   2,202  p99=   8,643  (tokens)
2026-08-25 18:50:22.756 - records_manager - INFO -   tot     in=259,440,050  out=1,974,329
2026-08-25 18:50:22.756 - records_manager - INFO -   trace  theoretical_prefix_cache_hit=96.7%
2026-08-25 18:50:22.756 - records_manager - INFO -   srv    prefix_cache_hit=95.4% unique_in_srv=12,130,166 ext_cache_hit=19.1% kv_usage=26.7% queue=10r/0w tput_in_srv=152,915/s tput_out_srv=1,172/s
2026-08-25 18:50:54.952 - records_manager - INFO - [realtime 29:05 profiling]
2026-08-25 18:50:54.953 - records_manager - INFO -   rps=1.0 (avg 1.2)  tput_in=151,019/s  tput_out=1,167/s  done=2,170 ok=2,170 err=0
2026-08-25 18:50:54.953 - records_manager - INFO -   ttft    p50=  413ms  p75=  595ms  p95= 1,335ms  p99= 4,189ms
2026-08-25 18:50:54.953 - records_manager - INFO -   itl     p50=    9ms  p75=   12ms  p95=    17ms  p99=    32ms
2026-08-25 18:50:54.953 - records_manager - INFO -   e2e     p50=3,880ms  p75=9,941ms  p95=43,224ms  p99=97,478ms
2026-08-25 18:50:54.953 - records_manager - INFO -   intvty  p50=    107  p75=    131  p95=     181  p99=     240  (1/tpot tok/s)
2026-08-25 18:50:54.953 - records_manager - INFO -   isl     p50=100,346  p75=161,252  p90= 229,821  p99= 486,866  (tokens)
2026-08-25 18:50:54.953 - records_manager - INFO -   osl     p50=    331  p75=    911  p90=   2,238  p99=   8,909  (tokens)
2026-08-25 18:50:54.953 - records_manager - INFO -   tot     in=263,008,969  out=2,033,030
2026-08-25 18:50:54.953 - records_manager - INFO -   trace  theoretical_prefix_cache_hit=96.7%
2026-08-25 18:50:54.953 - records_manager - INFO -   srv    prefix_cache_hit=95.4% unique_in_srv=12,252,622 ext_cache_hit=18.9% kv_usage=27.1% queue=11r/0w tput_in_srv=152,181/s tput_out_srv=1,174/s
2026-08-25 18:51:27.370 - records_manager - INFO - [realtime 29:37 profiling]
2026-08-25 18:51:27.370 - records_manager - INFO -   rps=1.1 (avg 1.2)  tput_in=151,319/s  tput_out=1,166/s  done=2,207 ok=2,207 err=0
2026-08-25 18:51:27.370 - records_manager - INFO -   ttft    p50=  414ms  p75=   597ms  p95= 1,328ms  p99= 4,162ms
2026-08-25 18:51:27.370 - records_manager - INFO -   itl     p50=    9ms  p75=    12ms  p95=    17ms  p99=    33ms
2026-08-25 18:51:27.370 - records_manager - INFO -   e2e     p50=3,884ms  p75=10,000ms  p95=41,936ms  p99=96,857ms
2026-08-25 18:51:27.370 - records_manager - INFO -   intvty  p50=    108  p75=     131  p95=     181  p99=     245  (1/tpot tok/s)
2026-08-25 18:51:27.370 - records_manager - INFO -   isl     p50=100,512  p75= 162,417  p90= 231,290  p99= 488,809  (tokens)
2026-08-25 18:51:27.370 - records_manager - INFO -   osl     p50=    333  p75=     925  p90=   2,264  p99=   8,835  (tokens)
2026-08-25 18:51:27.370 - records_manager - INFO -   tot     in=268,102,761  out=2,066,027
2026-08-25 18:51:27.370 - records_manager - INFO -   trace  theoretical_prefix_cache_hit=96.7%
2026-08-25 18:51:27.370 - records_manager - INFO -   srv    prefix_cache_hit=95.4% unique_in_srv=12,523,021 ext_cache_hit=18.5% kv_usage=27.5% queue=15r/0w tput_in_srv=152,271/s tput_out_srv=1,178/s
2026-08-25 18:51:59.632 - records_manager - INFO - [realtime 30:09 profiling]
2026-08-25 18:51:59.632 - records_manager - INFO -   rps=1.1 (avg 1.2)  tput_in=150,494/s  tput_out=1,172/s  done=2,242 ok=2,242 err=0
2026-08-25 18:51:59.632 - records_manager - INFO -   ttft    p50=  413ms  p75=   598ms  p95= 1,322ms  p99= 4,152ms
2026-08-25 18:51:59.632 - records_manager - INFO -   itl     p50=    9ms  p75=    12ms  p95=    17ms  p99=    33ms
2026-08-25 18:51:59.632 - records_manager - INFO -   e2e     p50=3,905ms  p75=10,066ms  p95=41,962ms  p99=96,415ms
2026-08-25 18:51:59.632 - records_manager - INFO -   intvty  p50=    108  p75=     131  p95=     181  p99=     246  (1/tpot tok/s)
2026-08-25 18:51:59.632 - records_manager - INFO -   isl     p50= 99,716  p75= 162,150  p90= 231,755  p99= 487,730  (tokens)
2026-08-25 18:51:59.632 - records_manager - INFO -   osl     p50=    334  p75=     945  p90=   2,304  p99=   8,862  (tokens)
2026-08-25 18:51:59.632 - records_manager - INFO -   tot     in=272,025,877  out=2,118,086
2026-08-25 18:51:59.632 - records_manager - INFO -   trace  theoretical_prefix_cache_hit=96.7%
2026-08-25 18:51:59.632 - records_manager - INFO -   srv    prefix_cache_hit=95.4% unique_in_srv=12,576,734 ext_cache_hit=18.4% kv_usage=17.1% queue=7r/0w tput_in_srv=151,271/s tput_out_srv=1,179/s
2026-08-25 18:52:32.250 - records_manager - INFO - [realtime 30:42 profiling]
2026-08-25 18:52:32.251 - records_manager - INFO -   rps=1.1 (avg 1.2)  tput_in=150,403/s  tput_out=1,174/s  done=2,277 ok=2,277 err=0
2026-08-25 18:52:32.251 - records_manager - INFO -   ttft    p50=  414ms  p75=   598ms  p95= 1,313ms  p99= 4,142ms
2026-08-25 18:52:32.251 - records_manager - INFO -   itl     p50=    9ms  p75=    12ms  p95=    17ms  p99=    32ms
2026-08-25 18:52:32.251 - records_manager - INFO -   e2e     p50=3,934ms  p75=10,070ms  p95=42,189ms  p99=95,972ms
2026-08-25 18:52:32.251 - records_manager - INFO -   intvty  p50=    109  p75=     132  p95=     181  p99=     246  (1/tpot tok/s)
2026-08-25 18:52:32.251 - records_manager - INFO -   isl     p50= 99,510  p75= 162,650  p90= 232,927  p99= 489,319  (tokens)
2026-08-25 18:52:32.251 - records_manager - INFO -   osl     p50=    338  p75=     947  p90=   2,319  p99=   8,848  (tokens)
2026-08-25 18:52:32.251 - records_manager - INFO -   tot     in=276,604,134  out=2,158,513
2026-08-25 18:52:32.251 - records_manager - INFO -   trace  theoretical_prefix_cache_hit=96.7%
2026-08-25 18:52:32.251 - records_manager - INFO -   srv    prefix_cache_hit=95.4% unique_in_srv=12,697,460 ext_cache_hit=18.3% kv_usage=9.7% queue=5r/0w tput_in_srv=150,805/s tput_out_srv=1,177/s
2026-08-25 18:52:38.231 - aiperf.timing.replay_dependencies - INFO - Per-trace idle cap advanced replay root c5b84077-a731-4666-a5f1-148d0d8ddc21 by 130.031s
2026-08-25 18:52:58.961 - aiperf.timing.replay_dependencies - INFO - Per-trace idle cap advanced replay root 5f4fbf39-0fc9-4168-aab5-0735c28cfcd6 by 9226.497s
2026-08-25 18:53:00.786 - aiperf.timing.replay_dependencies - INFO - Per-trace idle cap advanced replay root cfc0a0e6-e622-423e-a9e4-044edef404ec by 7802.186s
2026-08-25 18:53:04.799 - records_manager - INFO - [realtime 31:14 profiling]
2026-08-25 18:53:04.799 - records_manager - INFO -   rps=1.0 (avg 1.2)  tput_in=150,737/s  tput_out=1,170/s  done=2,311 ok=2,311 err=0
2026-08-25 18:53:04.799 - records_manager - INFO -   ttft    p50=  415ms  p75=   599ms  p95= 1,289ms  p99= 4,131ms
2026-08-25 18:53:04.799 - records_manager - INFO -   itl     p50=    9ms  p75=    12ms  p95=    17ms  p99=    32ms
2026-08-25 18:53:04.799 - records_manager - INFO -   e2e     p50=3,948ms  p75=10,053ms  p95=41,493ms  p99=95,660ms
2026-08-25 18:53:04.799 - records_manager - INFO -   intvty  p50=    110  p75=     132  p95=     180  p99=     246  (1/tpot tok/s)
2026-08-25 18:53:04.799 - records_manager - INFO -   isl     p50= 99,649  p75= 163,778  p90= 234,280  p99= 490,214  (tokens)
2026-08-25 18:53:04.799 - records_manager - INFO -   osl     p50=    344  p75=     952  p90=   2,316  p99=   8,833  (tokens)
2026-08-25 18:53:04.799 - records_manager - INFO -   tot     in=282,197,759  out=2,189,749
2026-08-25 18:53:04.799 - records_manager - INFO -   trace  theoretical_prefix_cache_hit=96.7%
2026-08-25 18:53:04.799 - records_manager - INFO -   srv    prefix_cache_hit=95.5% unique_in_srv=12,850,213 ext_cache_hit=18.0% kv_usage=16.3% queue=8r/0w tput_in_srv=151,299/s tput_out_srv=1,175/s
2026-08-25 18:53:09.828 - aiperf.timing.replay_dependencies - INFO - Per-trace idle cap advanced replay root 3b321771-27c5-4617-a4e8-ee108464e0ec by 10235.476s
2026-08-25 18:53:37.195 - records_manager - INFO - [realtime 31:47 profiling]
2026-08-25 18:53:37.195 - records_manager - INFO -   rps=1.1 (avg 1.2)  tput_in=150,617/s  tput_out=1,169/s  done=2,347 ok=2,347 err=0
2026-08-25 18:53:37.195 - records_manager - INFO -   ttft    p50=  416ms  p75=   599ms  p95= 1,287ms  p99= 4,116ms
2026-08-25 18:53:37.195 - records_manager - INFO -   itl     p50=    9ms  p75=    12ms  p95=    17ms  p99=    32ms
2026-08-25 18:53:37.195 - records_manager - INFO -   e2e     p50=3,957ms  p75=10,063ms  p95=41,018ms  p99=95,629ms
2026-08-25 18:53:37.195 - records_manager - INFO -   intvty  p50=    110  p75=     132  p95=     181  p99=     251  (1/tpot tok/s)
2026-08-25 18:53:37.195 - records_manager - INFO -   isl     p50= 99,649  p75= 164,516  p90= 233,887  p99= 489,726  (tokens)
2026-08-25 18:53:37.196 - records_manager - INFO -   osl     p50=    346  p75=     956  p90=   2,326  p99=   8,817  (tokens)
2026-08-25 18:53:37.196 - records_manager - INFO -   tot     in=286,918,976  out=2,226,748
2026-08-25 18:53:37.196 - records_manager - INFO -   trace  theoretical_prefix_cache_hit=96.8%
2026-08-25 18:53:37.196 - records_manager - INFO -   srv    prefix_cache_hit=95.5% unique_in_srv=12,946,546 ext_cache_hit=17.9% kv_usage=21.7% queue=9r/0w tput_in_srv=151,346/s tput_out_srv=1,175/s
2026-08-25 18:53:40.696 - aiperf.timing.replay_dependencies - INFO - Per-trace idle cap advanced replay root c75c8417-40d3-4b44-b6f6-50dd067858b1 by 2426.229s
2026-08-25 18:54:09.966 - records_manager - INFO - [realtime 32:20 profiling]
2026-08-25 18:54:09.966 - records_manager - INFO -   rps=1.5 (avg 1.2)  tput_in=151,665/s  tput_out=1,169/s  done=2,397 ok=2,397 err=0
2026-08-25 18:54:09.966 - records_manager - INFO -   ttft    p50=  417ms  p75=   601ms  p95= 1,288ms  p99= 4,095ms
2026-08-25 18:54:09.966 - records_manager - INFO -   itl     p50=    9ms  p75=    12ms  p95=    17ms  p99=    32ms
2026-08-25 18:54:09.966 - records_manager - INFO -   e2e     p50=3,915ms  p75=10,026ms  p95=40,951ms  p99=95,587ms
2026-08-25 18:54:09.966 - records_manager - INFO -   intvty  p50=    111  p75=     132  p95=     180  p99=     252  (1/tpot tok/s)
2026-08-25 18:54:09.966 - records_manager - INFO -   isl     p50= 99,147  p75= 165,299  p90= 235,695  p99= 490,416  (tokens)
2026-08-25 18:54:09.966 - records_manager - INFO -   osl     p50=    344  p75=     954  p90=   2,309  p99=   8,794  (tokens)
2026-08-25 18:54:09.966 - records_manager - INFO -   tot     in=293,638,385  out=2,262,684
2026-08-25 18:54:09.966 - records_manager - INFO -   trace  theoretical_prefix_cache_hit=96.8%
2026-08-25 18:54:09.966 - records_manager - INFO -   srv    prefix_cache_hit=95.5% unique_in_srv=13,285,199 ext_cache_hit=18.1% kv_usage=26.9% queue=17r/0w tput_in_srv=152,746/s tput_out_srv=1,174/s
2026-08-25 18:54:42.469 - records_manager - INFO - [realtime 32:52 profiling]
2026-08-25 18:54:42.470 - records_manager - INFO -   rps=1.6 (avg 1.2)  tput_in=152,563/s  tput_out=1,169/s  done=2,449 ok=2,449 err=0
2026-08-25 18:54:42.470 - records_manager - INFO -   ttft    p50=  418ms  p75=   606ms  p95= 1,289ms  p99= 4,062ms
2026-08-25 18:54:42.470 - records_manager - INFO -   itl     p50=    9ms  p75=    12ms  p95=    17ms  p99=    31ms
2026-08-25 18:54:42.470 - records_manager - INFO -   e2e     p50=3,948ms  p75=10,026ms  p95=40,424ms  p99=94,901ms
2026-08-25 18:54:42.470 - records_manager - INFO -   intvty  p50=    111  p75=     132  p95=     179  p99=     251  (1/tpot tok/s)
2026-08-25 18:54:42.470 - records_manager - INFO -   isl     p50= 99,105  p75= 165,484  p90= 236,139  p99= 491,218  (tokens)
2026-08-25 18:54:42.470 - records_manager - INFO -   osl     p50=    346  p75=     950  p90=   2,307  p99=   8,603  (tokens)
2026-08-25 18:54:42.470 - records_manager - INFO -   tot     in=300,540,862  out=2,303,757
2026-08-25 18:54:42.470 - records_manager - INFO -   trace  theoretical_prefix_cache_hit=96.8%
2026-08-25 18:54:42.470 - records_manager - INFO -   srv    prefix_cache_hit=95.5% unique_in_srv=13,492,876 ext_cache_hit=17.8% kv_usage=17.5% queue=11r/0w tput_in_srv=153,325/s tput_out_srv=1,179/s
2026-08-25 18:55:15.233 - records_manager - INFO - [realtime 33:25 profiling]
2026-08-25 18:55:15.233 - records_manager - INFO -   rps=1.2 (avg 1.2)  tput_in=153,305/s  tput_out=1,178/s  done=2,489 ok=2,489 err=0
2026-08-25 18:55:15.233 - records_manager - INFO -   ttft    p50=  419ms  p75=   609ms  p95= 1,285ms  p99= 4,035ms
2026-08-25 18:55:15.233 - records_manager - INFO -   itl     p50=    9ms  p75=    12ms  p95=    17ms  p99=    31ms
2026-08-25 18:55:15.233 - records_manager - INFO -   e2e     p50=3,971ms  p75=10,148ms  p95=40,424ms  p99=94,332ms
2026-08-25 18:55:15.233 - records_manager - INFO -   intvty  p50=    111  p75=     132  p95=     179  p99=     250  (1/tpot tok/s)
2026-08-25 18:55:15.233 - records_manager - INFO -   isl     p50= 99,649  p75= 167,787  p90= 237,531  p99= 490,550  (tokens)
2026-08-25 18:55:15.233 - records_manager - INFO -   osl     p50=    349  p75=     958  p90=   2,330  p99=   8,446  (tokens)
2026-08-25 18:55:15.233 - records_manager - INFO -   tot     in=306,901,297  out=2,358,000
2026-08-25 18:55:15.233 - records_manager - INFO -   trace  theoretical_prefix_cache_hit=96.8%
2026-08-25 18:55:15.233 - records_manager - INFO -   srv    prefix_cache_hit=95.6% unique_in_srv=13,580,666 ext_cache_hit=17.7% kv_usage=7.2% queue=8r/0w tput_in_srv=153,610/s tput_out_srv=1,180/s
2026-08-25 18:55:20.330 - aiperf.timing.replay_dependencies - INFO - Per-trace idle cap advanced replay root 6d558d11-f930-41cd-8d26-48d4204e2eaf by 1341.357s
2026-08-25 18:55:38.742 - aiperf.timing.replay_dependencies - INFO - Per-trace idle cap advanced replay root 1a644d88-68a2-487c-ac48-80138d8cd0f2 by 21.576s
2026-08-25 18:55:47.741 - records_manager - INFO - [realtime 33:57 profiling]
2026-08-25 18:55:47.741 - records_manager - INFO -   rps=1.1 (avg 1.2)  tput_in=153,307/s  tput_out=1,175/s  done=2,524 ok=2,524 err=0
2026-08-25 18:55:47.741 - records_manager - INFO -   ttft    p50=  419ms  p75=   610ms  p95= 1,286ms  p99= 4,008ms
2026-08-25 18:55:47.741 - records_manager - INFO -   itl     p50=    9ms  p75=    11ms  p95=    17ms  p99=    31ms
2026-08-25 18:55:47.741 - records_manager - INFO -   e2e     p50=3,981ms  p75=10,149ms  p95=40,168ms  p99=94,003ms
2026-08-25 18:55:47.741 - records_manager - INFO -   intvty  p50=    112  p75=     133  p95=     178  p99=     249  (1/tpot tok/s)
2026-08-25 18:55:47.741 - records_manager - INFO -   isl     p50= 99,460  p75= 168,073  p90= 238,541  p99= 491,636  (tokens)
2026-08-25 18:55:47.741 - records_manager - INFO -   osl     p50=    350  p75=     965  p90=   2,330  p99=   8,371  (tokens)
2026-08-25 18:55:47.741 - records_manager - INFO -   tot     in=311,859,885  out=2,390,846
2026-08-25 18:55:47.741 - records_manager - INFO -   trace  theoretical_prefix_cache_hit=96.8%
2026-08-25 18:55:47.741 - records_manager - INFO -   srv    prefix_cache_hit=95.7% unique_in_srv=13,643,771 ext_cache_hit=17.6% kv_usage=24.3% queue=9r/0w tput_in_srv=154,226/s tput_out_srv=1,179/s
2026-08-25 18:56:20.507 - records_manager - INFO - [realtime 34:30 profiling]
2026-08-25 18:56:20.507 - records_manager - INFO -   rps=0.7 (avg 1.2)  tput_in=153,055/s  tput_out=1,170/s  done=2,547 ok=2,547 err=0
2026-08-25 18:56:20.507 - records_manager - INFO -   ttft    p50=  419ms  p75=   611ms  p95= 1,282ms  p99= 3,990ms
2026-08-25 18:56:20.507 - records_manager - INFO -   itl     p50=    9ms  p75=    11ms  p95=    17ms  p99=    31ms
2026-08-25 18:56:20.507 - records_manager - INFO -   e2e     p50=3,987ms  p75=10,109ms  p95=40,147ms  p99=93,845ms
2026-08-25 18:56:20.507 - records_manager - INFO -   intvty  p50=    112  p75=     133  p95=     179  p99=     252  (1/tpot tok/s)
2026-08-25 18:56:20.507 - records_manager - INFO -   isl     p50= 99,530  p75= 168,647  p90= 241,158  p99= 491,252  (tokens)
2026-08-25 18:56:20.508 - records_manager - INFO -   osl     p50=    351  p75=     966  p90=   2,330  p99=   8,343  (tokens)
2026-08-25 18:56:20.508 - records_manager - INFO -   tot     in=315,585,927  out=2,413,043
2026-08-25 18:56:20.508 - records_manager - INFO -   trace  theoretical_prefix_cache_hit=96.8%
2026-08-25 18:56:20.508 - records_manager - INFO -   srv    prefix_cache_hit=95.7% unique_in_srv=13,697,208 ext_cache_hit=17.6% kv_usage=29.7% queue=9r/0w tput_in_srv=153,801/s tput_out_srv=1,174/s
2026-08-25 18:56:46.201 - aiperf.timing.replay_dependencies - INFO - Per-trace idle cap advanced replay root d8a09e57-219d-4974-9639-3f4b83187bf9 by 62.539s
2026-08-25 18:56:53.179 - records_manager - INFO - [realtime 35:03 profiling]
2026-08-25 18:56:53.179 - records_manager - INFO -   rps=0.6 (avg 1.2)  tput_in=151,827/s  tput_out=1,159/s  done=2,567 ok=2,567 err=0
2026-08-25 18:56:53.179 - records_manager - INFO -   ttft    p50=  421ms  p75=   612ms  p95= 1,286ms  p99= 3,974ms
2026-08-25 18:56:53.179 - records_manager - INFO -   itl     p50=    9ms  p75=    11ms  p95=    17ms  p99=    31ms
2026-08-25 18:56:53.179 - records_manager - INFO -   e2e     p50=4,005ms  p75=10,109ms  p95=39,949ms  p99=93,708ms
2026-08-25 18:56:53.179 - records_manager - INFO -   intvty  p50=    113  p75=     133  p95=     179  p99=     254  (1/tpot tok/s)
2026-08-25 18:56:53.179 - records_manager - INFO -   isl     p50=100,573  p75= 169,874  p90= 241,465  p99= 490,917  (tokens)
2026-08-25 18:56:53.179 - records_manager - INFO -   osl     p50=    354  p75=     966  p90=   2,342  p99=   8,318  (tokens)
2026-08-25 18:56:53.179 - records_manager - INFO -   tot     in=318,931,450  out=2,434,664
2026-08-25 18:56:53.179 - records_manager - INFO -   trace  theoretical_prefix_cache_hit=96.9%
2026-08-25 18:56:53.179 - records_manager - INFO -   srv    prefix_cache_hit=95.7% unique_in_srv=13,830,861 ext_cache_hit=17.4% kv_usage=38.6% queue=15r/0w tput_in_srv=153,282/s tput_out_srv=1,172/s
2026-08-25 18:57:26.055 - records_manager - INFO - [realtime 35:36 profiling]
2026-08-25 18:57:26.055 - records_manager - INFO -   rps=0.8 (avg 1.2)  tput_in=151,130/s  tput_out=1,158/s  done=2,592 ok=2,592 err=0
2026-08-25 18:57:26.055 - records_manager - INFO -   ttft    p50=  422ms  p75=   615ms  p95= 1,290ms  p99= 3,953ms
2026-08-25 18:57:26.055 - records_manager - INFO -   itl     p50=    9ms  p75=    11ms  p95=    17ms  p99=    31ms
2026-08-25 18:57:26.055 - records_manager - INFO -   e2e     p50=4,033ms  p75=10,286ms  p95=39,869ms  p99=93,536ms
2026-08-25 18:57:26.055 - records_manager - INFO -   intvty  p50=    113  p75=     133  p95=     179  p99=     253  (1/tpot tok/s)
2026-08-25 18:57:26.055 - records_manager - INFO -   isl     p50=100,710  p75= 169,998  p90= 241,496  p99= 490,499  (tokens)
2026-08-25 18:57:26.055 - records_manager - INFO -   osl     p50=    361  p75=     973  p90=   2,371  p99=   8,288  (tokens)
2026-08-25 18:57:26.055 - records_manager - INFO -   tot     in=322,328,846  out=2,470,224
2026-08-25 18:57:26.055 - records_manager - INFO -   trace  theoretical_prefix_cache_hit=96.9%
2026-08-25 18:57:26.055 - records_manager - INFO -   srv    prefix_cache_hit=95.7% unique_in_srv=13,957,655 ext_cache_hit=17.3% kv_usage=26.0% queue=8r/0w tput_in_srv=152,089/s tput_out_srv=1,171/s
2026-08-25 18:57:40.479 - aiperf.timing.replay_dependencies - INFO - Per-trace idle cap advanced replay root d2e3d033-4a8d-49b2-9f10-a337446e4627 by 34968.466s
2026-08-25 18:57:55.292 - aiperf.timing.replay_dependencies - INFO - Per-trace idle cap advanced replay root 69cfabae-c3e1-4735-a77a-7fbd0a0251d1 by 14130.399s
2026-08-25 18:57:58.837 - records_manager - INFO - [realtime 36:09 profiling]
2026-08-25 18:57:58.838 - records_manager - INFO -   rps=0.5 (avg 1.2)  tput_in=149,892/s  tput_out=1,155/s  done=2,607 ok=2,607 err=0
2026-08-25 18:57:58.838 - records_manager - INFO -   ttft    p50=  421ms  p75=   614ms  p95= 1,291ms  p99= 3,936ms
2026-08-25 18:57:58.838 - records_manager - INFO -   itl     p50=    9ms  p75=    11ms  p95=    17ms  p99=    31ms
2026-08-25 18:57:58.838 - records_manager - INFO -   e2e     p50=4,041ms  p75=10,289ms  p95=39,949ms  p99=94,120ms
2026-08-25 18:57:58.838 - records_manager - INFO -   intvty  p50=    113  p75=     133  p95=     179  p99=     253  (1/tpot tok/s)
2026-08-25 18:57:58.838 - records_manager - INFO -   isl     p50=100,573  p75= 168,702  p90= 241,465  p99= 491,921  (tokens)
2026-08-25 18:57:58.838 - records_manager - INFO -   osl     p50=    361  p75=     980  p90=   2,392  p99=   8,392  (tokens)
2026-08-25 18:57:58.838 - records_manager - INFO -   tot     in=324,175,339  out=2,498,812
2026-08-25 18:57:58.838 - records_manager - INFO -   trace  theoretical_prefix_cache_hit=96.9%
2026-08-25 18:57:58.838 - records_manager - INFO -   srv    prefix_cache_hit=95.7% unique_in_srv=14,177,018 ext_cache_hit=17.5% kv_usage=36.9% queue=11r/0w tput_in_srv=151,031/s tput_out_srv=1,167/s
2026-08-25 18:58:00.696 - aiperf.timing.replay_dependencies - INFO - Per-trace idle cap advanced replay root 5f4fbf39-0fc9-4168-aab5-0735c28cfcd6 by 3717.769s
2026-08-25 18:58:31.649 - records_manager - INFO - [realtime 36:41 profiling]
2026-08-25 18:58:31.649 - records_manager - INFO -   rps=1.2 (avg 1.2)  tput_in=150,184/s  tput_out=1,152/s  done=2,645 ok=2,645 err=0
2026-08-25 18:58:31.649 - records_manager - INFO -   ttft    p50=  422ms  p75=   614ms  p95= 1,310ms  p99= 3,874ms
2026-08-25 18:58:31.649 - records_manager - INFO -   itl     p50=    9ms  p75=    11ms  p95=    17ms  p99=    31ms
2026-08-25 18:58:31.649 - records_manager - INFO -   e2e     p50=4,076ms  p75=10,287ms  p95=39,530ms  p99=93,859ms
2026-08-25 18:58:31.649 - records_manager - INFO -   intvty  p50=    113  p75=     133  p95=     179  p99=     253  (1/tpot tok/s)
2026-08-25 18:58:31.649 - records_manager - INFO -   isl     p50=100,616  p75= 170,033  p90= 241,615  p99= 495,781  (tokens)
2026-08-25 18:58:31.649 - records_manager - INFO -   osl     p50=    365  p75=     982  p90=   2,399  p99=   8,345  (tokens)
2026-08-25 18:58:31.649 - records_manager - INFO -   tot     in=330,239,580  out=2,533,690
2026-08-25 18:58:31.649 - records_manager - INFO -   trace  theoretical_prefix_cache_hit=96.9%
2026-08-25 18:58:31.649 - records_manager - INFO -   srv    prefix_cache_hit=95.7% unique_in_srv=14,280,047 ext_cache_hit=17.6% kv_usage=34.7% queue=10r/0w tput_in_srv=151,160/s tput_out_srv=1,166/s
2026-08-25 18:58:34.767 - aiperf.timing.replay_dependencies - INFO - Per-trace idle cap advanced replay root 4174f4d8-78f3-45e3-abff-de4aa9e99b16 by 2991.288s
2026-08-25 18:58:56.834 - aiperf.timing.replay_dependencies - INFO - Per-trace idle cap advanced replay root 3b321771-27c5-4617-a4e8-ee108464e0ec by 5490.365s
2026-08-25 18:59:04.469 - records_manager - INFO - [realtime 37:14 profiling]
2026-08-25 18:59:04.469 - records_manager - INFO -   rps=1.3 (avg 1.2)  tput_in=151,797/s  tput_out=1,159/s  done=2,689 ok=2,689 err=0
2026-08-25 18:59:04.469 - records_manager - INFO -   ttft    p50=  424ms  p75=   618ms  p95= 1,332ms  p99= 3,803ms
2026-08-25 18:59:04.469 - records_manager - INFO -   itl     p50=    9ms  p75=    11ms  p95=    17ms  p99=    30ms
2026-08-25 18:59:04.469 - records_manager - INFO -   e2e     p50=4,088ms  p75=10,287ms  p95=39,335ms  p99=95,594ms
2026-08-25 18:59:04.469 - records_manager - INFO -   intvty  p50=    113  p75=     133  p95=     179  p99=     270  (1/tpot tok/s)
2026-08-25 18:59:04.469 - records_manager - INFO -   isl     p50=101,755  p75= 171,314  p90= 242,643  p99= 502,000  (tokens)
2026-08-25 18:59:04.469 - records_manager - INFO -   osl     p50=    365  p75=     981  p90=   2,376  p99=   8,798  (tokens)
2026-08-25 18:59:04.469 - records_manager - INFO -   tot     in=338,669,738  out=2,586,198
2026-08-25 18:59:04.469 - records_manager - INFO -   trace  theoretical_prefix_cache_hit=96.9%
2026-08-25 18:59:04.469 - records_manager - INFO -   srv    prefix_cache_hit=95.7% unique_in_srv=14,524,574 ext_cache_hit=17.3% kv_usage=31.4% queue=12r/0w tput_in_srv=152,892/s tput_out_srv=1,165/s
2026-08-25 18:59:37.492 - records_manager - INFO - [realtime 37:47 profiling]
2026-08-25 18:59:37.492 - records_manager - INFO -   rps=1.2 (avg 1.2)  tput_in=153,045/s  tput_out=1,159/s  done=2,729 ok=2,729 err=0
2026-08-25 18:59:37.492 - records_manager - INFO -   ttft    p50=  426ms  p75=   628ms  p95= 1,377ms  p99= 3,763ms
2026-08-25 18:59:37.492 - records_manager - INFO -   itl     p50=    9ms  p75=    11ms  p95=    17ms  p99=    30ms
2026-08-25 18:59:37.492 - records_manager - INFO -   e2e     p50=4,108ms  p75=10,361ms  p95=38,665ms  p99=95,185ms
2026-08-25 18:59:37.492 - records_manager - INFO -   intvty  p50=    113  p75=     133  p95=     178  p99=     264  (1/tpot tok/s)
2026-08-25 18:59:37.492 - records_manager - INFO -   isl     p50=102,737  p75= 172,373  p90= 245,057  p99= 503,697  (tokens)
2026-08-25 18:59:37.492 - records_manager - INFO -   osl     p50=    367  p75=     986  p90=   2,376  p99=   8,682  (tokens)
2026-08-25 18:59:37.492 - records_manager - INFO -   tot     in=346,523,564  out=2,623,338
2026-08-25 18:59:37.492 - records_manager - INFO -   trace  theoretical_prefix_cache_hit=97.0%
2026-08-25 18:59:37.492 - records_manager - INFO -   srv    prefix_cache_hit=95.8% unique_in_srv=14,615,245 ext_cache_hit=17.2% kv_usage=20.8% queue=6r/0w tput_in_srv=153,770/s tput_out_srv=1,166/s
2026-08-25 18:59:37.969 - aiperf.timing.replay_dependencies - INFO - Per-trace idle cap advanced replay root 1d44eb89-d164-4273-a33d-d4dbac5fb027 by 303.304s
2026-08-25 19:00:10.444 - records_manager - INFO - [realtime 38:20 profiling]
2026-08-25 19:00:10.444 - records_manager - INFO -   rps=0.8 (avg 1.2)  tput_in=152,511/s  tput_out=1,156/s  done=2,754 ok=2,754 err=0
2026-08-25 19:00:10.444 - records_manager - INFO -   ttft    p50=  426ms  p75=   628ms  p95= 1,381ms  p99= 3,746ms
2026-08-25 19:00:10.444 - records_manager - INFO -   itl     p50=    9ms  p75=    11ms  p95=    17ms  p99=    31ms
2026-08-25 19:00:10.444 - records_manager - INFO -   e2e     p50=4,117ms  p75=10,382ms  p95=38,612ms  p99=94,830ms
2026-08-25 19:00:10.444 - records_manager - INFO -   intvty  p50=    113  p75=     133  p95=     178  p99=     261  (1/tpot tok/s)
2026-08-25 19:00:10.444 - records_manager - INFO -   isl     p50=103,094  p75= 172,889  p90= 245,575  p99= 502,990  (tokens)
2026-08-25 19:00:10.444 - records_manager - INFO -   osl     p50=    369  p75=     997  p90=   2,394  p99=   8,584  (tokens)
2026-08-25 19:00:10.444 - records_manager - INFO -   tot     in=350,399,587  out=2,656,294
2026-08-25 19:00:10.444 - records_manager - INFO -   trace  theoretical_prefix_cache_hit=97.0%
2026-08-25 19:00:10.444 - records_manager - INFO -   srv    prefix_cache_hit=95.8% unique_in_srv=14,979,989 ext_cache_hit=18.1% kv_usage=34.4% queue=12r/0w tput_in_srv=153,667/s tput_out_srv=1,165/s
2026-08-25 19:00:19.837 - aiperf.timing.replay_dependencies - INFO - Per-trace idle cap advanced replay root 890b205a-0d03-41d7-bfb6-b116fce493c4 by 103.731s
2026-08-25 19:00:43.660 - records_manager - INFO - [realtime 38:53 profiling]
2026-08-25 19:00:43.660 - records_manager - INFO -   rps=1.2 (avg 1.2)  tput_in=153,169/s  tput_out=1,158/s  done=2,795 ok=2,795 err=0
2026-08-25 19:00:43.660 - records_manager - INFO -   ttft    p50=  429ms  p75=   631ms  p95= 1,397ms  p99= 3,716ms
2026-08-25 19:00:43.660 - records_manager - INFO -   itl     p50=    9ms  p75=    11ms  p95=    17ms  p99=    30ms
2026-08-25 19:00:43.660 - records_manager - INFO -   e2e     p50=4,132ms  p75=10,423ms  p95=38,492ms  p99=94,246ms
2026-08-25 19:00:43.660 - records_manager - INFO -   intvty  p50=    112  p75=     132  p95=     178  p99=     256  (1/tpot tok/s)
2026-08-25 19:00:43.660 - records_manager - INFO -   isl     p50=103,389  p75= 173,843  p90= 246,329  p99= 504,605  (tokens)
2026-08-25 19:00:43.660 - records_manager - INFO -   osl     p50=    370  p75=   1,000  p90=   2,399  p99=   8,423  (tokens)
2026-08-25 19:00:43.660 - records_manager - INFO -   tot     in=356,977,110  out=2,697,976
2026-08-25 19:00:43.660 - records_manager - INFO -   trace  theoretical_prefix_cache_hit=97.0%
2026-08-25 19:00:43.660 - records_manager - INFO -   srv    prefix_cache_hit=95.8% unique_in_srv=15,158,854 ext_cache_hit=17.9% kv_usage=43.4% queue=15r/0w tput_in_srv=154,693/s tput_out_srv=1,166/s
2026-08-25 19:01:05.549 - aiperf.timing.replay_dependencies - INFO - Per-trace idle cap advanced replay root bf55af06-b8c0-4412-bfe1-69fc1f3c469b by 7133.037s
2026-08-25 19:01:16.755 - records_manager - INFO - [realtime 39:26 profiling]
2026-08-25 19:01:16.756 - records_manager - INFO -   rps=1.8 (avg 1.2)  tput_in=154,711/s  tput_out=1,160/s  done=2,854 ok=2,854 err=0
2026-08-25 19:01:16.756 - records_manager - INFO -   ttft    p50=  431ms  p75=   633ms  p95= 1,397ms  p99= 3,652ms
2026-08-25 19:01:16.756 - records_manager - INFO -   itl     p50=    9ms  p75=    11ms  p95=    17ms  p99=    30ms
2026-08-25 19:01:16.756 - records_manager - INFO -   e2e     p50=4,103ms  p75=10,382ms  p95=38,436ms  p99=93,797ms
2026-08-25 19:01:16.756 - records_manager - INFO -   intvty  p50=    112  p75=     132  p95=     177  p99=     261  (1/tpot tok/s)
2026-08-25 19:01:16.756 - records_manager - INFO -   isl     p50=102,902  p75= 173,238  p90= 246,999  p99= 514,621  (tokens)
2026-08-25 19:01:16.756 - records_manager - INFO -   osl     p50=    367  p75=     995  p90=   2,407  p99=   8,334  (tokens)
2026-08-25 19:01:16.756 - records_manager - INFO -   tot     in=365,598,524  out=2,741,557
2026-08-25 19:01:16.756 - records_manager - INFO -   trace  theoretical_prefix_cache_hit=97.0%
2026-08-25 19:01:16.756 - records_manager - INFO -   srv    prefix_cache_hit=95.8% unique_in_srv=15,323,978 ext_cache_hit=18.0% kv_usage=24.8% queue=11r/0w tput_in_srv=155,536/s tput_out_srv=1,166/s
2026-08-25 19:01:18.141 - aiperf.timing.replay_dependencies - INFO - Per-trace idle cap advanced replay root fb11585e-027b-4123-8cc6-5a647cd7c845 by 268.062s
2026-08-25 19:01:18.868 - aiperf.timing.replay_dependencies - INFO - Per-trace idle cap advanced replay root 6d558d11-f930-41cd-8d26-48d4204e2eaf by 478.872s
2026-08-25 19:01:49.886 - records_manager - INFO - [realtime 40:00 profiling]
2026-08-25 19:01:49.886 - records_manager - INFO -   rps=1.7 (avg 1.2)  tput_in=155,785/s  tput_out=1,157/s  done=2,910 ok=2,910 err=0
2026-08-25 19:01:49.886 - records_manager - INFO -   ttft    p50=  431ms  p75=   633ms  p95= 1,393ms  p99= 3,598ms
2026-08-25 19:01:49.886 - records_manager - INFO -   itl     p50=    9ms  p75=    11ms  p95=    17ms  p99=    30ms
2026-08-25 19:01:49.886 - records_manager - INFO -   e2e     p50=4,040ms  p75=10,357ms  p95=38,244ms  p99=93,263ms
2026-08-25 19:01:49.886 - records_manager - INFO -   intvty  p50=    112  p75=     132  p95=     177  p99=     255  (1/tpot tok/s)
2026-08-25 19:01:49.886 - records_manager - INFO -   isl     p50=102,603  p75= 172,889  p90= 247,076  p99= 517,410  (tokens)
2026-08-25 19:01:49.886 - records_manager - INFO -   osl     p50=    361  p75=     986  p90=   2,391  p99=   8,254  (tokens)
2026-08-25 19:01:49.886 - records_manager - INFO -   tot     in=373,398,161  out=2,773,709
2026-08-25 19:01:49.886 - records_manager - INFO -   trace  theoretical_prefix_cache_hit=97.0%
2026-08-25 19:01:49.886 - records_manager - INFO -   srv    prefix_cache_hit=95.8% unique_in_srv=15,689,301 ext_cache_hit=18.9% kv_usage=39.7% queue=13r/0w tput_in_srv=157,043/s tput_out_srv=1,165/s
2026-08-25 19:01:57.854 - aiperf.timing.replay_dependencies - INFO - Per-trace idle cap advanced replay root a7cc8edc-7aa5-45da-beec-53630b675a5d by 22048.634s
2026-08-25 19:02:23.242 - records_manager - INFO - [realtime 40:33 profiling]
2026-08-25 19:02:23.242 - records_manager - INFO -   rps=1.0 (avg 1.2)  tput_in=157,283/s  tput_out=1,161/s  done=2,944 ok=2,944 err=0
2026-08-25 19:02:23.242 - records_manager - INFO -   ttft    p50=  434ms  p75=   636ms  p95= 1,409ms  p99= 3,593ms
2026-08-25 19:02:23.242 - records_manager - INFO -   itl     p50=    9ms  p75=    11ms  p95=    17ms  p99=    30ms
2026-08-25 19:02:23.242 - records_manager - INFO -   e2e     p50=4,079ms  p75=10,379ms  p95=38,275ms  p99=92,467ms
2026-08-25 19:02:23.242 - records_manager - INFO -   intvty  p50=    112  p75=     132  p95=     176  p99=     262  (1/tpot tok/s)
2026-08-25 19:02:23.242 - records_manager - INFO -   isl     p50=103,288  p75= 174,989  p90= 248,331  p99= 523,816  (tokens)
2026-08-25 19:02:23.242 - records_manager - INFO -   osl     p50=    364  p75=     996  p90=   2,416  p99=   8,165  (tokens)
2026-08-25 19:02:23.242 - records_manager - INFO -   tot     in=381,839,776  out=2,818,452
2026-08-25 19:02:23.242 - records_manager - INFO -   trace  theoretical_prefix_cache_hit=97.1%
2026-08-25 19:02:23.242 - records_manager - INFO -   srv    prefix_cache_hit=95.9% unique_in_srv=15,820,893 ext_cache_hit=19.1% kv_usage=21.1% queue=10r/0w tput_in_srv=157,888/s tput_out_srv=1,168/s
2026-08-25 19:02:56.484 - records_manager - INFO - [realtime 41:06 profiling]
2026-08-25 19:02:56.484 - records_manager - INFO -   rps=0.8 (avg 1.2)  tput_in=157,828/s  tput_out=1,162/s  done=2,970 ok=2,970 err=0
2026-08-25 19:02:56.484 - records_manager - INFO -   ttft    p50=  435ms  p75=   643ms  p95= 1,410ms  p99= 3,590ms
2026-08-25 19:02:56.484 - records_manager - INFO -   itl     p50=    9ms  p75=    11ms  p95=    17ms  p99=    30ms
2026-08-25 19:02:56.484 - records_manager - INFO -   e2e     p50=4,085ms  p75=10,430ms  p95=38,447ms  p99=91,859ms
2026-08-25 19:02:56.484 - records_manager - INFO -   intvty  p50=    112  p75=     132  p95=     176  p99=     259  (1/tpot tok/s)
2026-08-25 19:02:56.484 - records_manager - INFO -   isl     p50=104,040  p75= 176,286  p90= 250,563  p99= 527,653  (tokens)
2026-08-25 19:02:56.484 - records_manager - INFO -   osl     p50=    365  p75=   1,006  p90=   2,451  p99=   8,097  (tokens)
2026-08-25 19:02:56.484 - records_manager - INFO -   tot     in=388,621,492  out=2,860,969
2026-08-25 19:02:56.484 - records_manager - INFO -   trace  theoretical_prefix_cache_hit=97.1%
2026-08-25 19:02:56.484 - records_manager - INFO -   srv    prefix_cache_hit=96.0% unique_in_srv=15,863,326 ext_cache_hit=19.0% kv_usage=37.6% queue=9r/0w tput_in_srv=159,018/s tput_out_srv=1,167/s
2026-08-25 19:03:29.673 - aiperf.timing.replay_dependencies - INFO - Per-trace idle cap advanced replay root c75c8417-40d3-4b44-b6f6-50dd067858b1 by 352.290s
2026-08-25 19:03:29.700 - records_manager - INFO - [realtime 41:39 profiling]
2026-08-25 19:03:29.700 - records_manager - INFO -   rps=1.0 (avg 1.2)  tput_in=159,342/s  tput_out=1,160/s  done=3,003 ok=3,003 err=0
2026-08-25 19:03:29.700 - records_manager - INFO -   ttft    p50=  438ms  p75=   646ms  p95= 1,419ms  p99= 3,583ms
2026-08-25 19:03:29.700 - records_manager - INFO -   itl     p50=    9ms  p75=    11ms  p95=    16ms  p99=    29ms
2026-08-25 19:03:29.700 - records_manager - INFO -   e2e     p50=4,111ms  p75=10,423ms  p95=38,467ms  p99=91,110ms
2026-08-25 19:03:29.700 - records_manager - INFO -   intvty  p50=    112  p75=     132  p95=     176  p99=     267  (1/tpot tok/s)
2026-08-25 19:03:29.700 - records_manager - INFO -   isl     p50=105,287  p75= 178,249  p90= 254,659  p99= 664,474  (tokens)
2026-08-25 19:03:29.700 - records_manager - INFO -   osl     p50=    368  p75=   1,007  p90=   2,444  p99=   8,012  (tokens)
2026-08-25 19:03:29.700 - records_manager - INFO -   tot     in=397,758,155  out=2,895,711
2026-08-25 19:03:29.700 - records_manager - INFO -   trace  theoretical_prefix_cache_hit=97.1%
2026-08-25 19:03:29.700 - records_manager - INFO -   srv    prefix_cache_hit=96.0% unique_in_srv=15,982,668 ext_cache_hit=19.0% kv_usage=7.2% queue=3r/0w tput_in_srv=159,560/s tput_out_srv=1,163/s
2026-08-25 19:04:03.089 - records_manager - INFO - [realtime 42:13 profiling]
2026-08-25 19:04:03.090 - records_manager - INFO -   rps=0.7 (avg 1.2)  tput_in=159,566/s  tput_out=1,156/s  done=3,025 ok=3,025 err=0
2026-08-25 19:04:03.090 - records_manager - INFO -   ttft    p50=  439ms  p75=   648ms  p95= 1,423ms  p99= 3,550ms
2026-08-25 19:04:03.090 - records_manager - INFO -   itl     p50=    9ms  p75=    11ms  p95=    16ms  p99=    29ms
2026-08-25 19:04:03.090 - records_manager - INFO -   e2e     p50=4,121ms  p75=10,446ms  p95=38,461ms  p99=90,857ms
2026-08-25 19:04:03.090 - records_manager - INFO -   intvty  p50=    113  p75=     132  p95=     176  p99=     265  (1/tpot tok/s)
2026-08-25 19:04:03.090 - records_manager - INFO -   isl     p50=105,703  p75= 179,839  p90= 258,036  p99= 669,141  (tokens)
2026-08-25 19:04:03.090 - records_manager - INFO -   osl     p50=    370  p75=   1,013  p90=   2,441  p99=   7,970  (tokens)
2026-08-25 19:04:03.090 - records_manager - INFO -   tot     in=403,273,134  out=2,922,169
2026-08-25 19:04:03.090 - records_manager - INFO -   trace  theoretical_prefix_cache_hit=97.2%
2026-08-25 19:04:03.090 - records_manager - INFO -   srv    prefix_cache_hit=96.0% unique_in_srv=16,191,716 ext_cache_hit=19.3% kv_usage=30.6% queue=7r/0w tput_in_srv=160,396/s tput_out_srv=1,157/s
2026-08-25 19:04:17.631 - aiperf.timing.replay_dependencies - INFO - Per-trace idle cap advanced replay root 41b966bf-20af-4306-a66e-fbd670b8dcfa by 289.120s
2026-08-25 19:04:36.584 - records_manager - INFO - [realtime 42:46 profiling]
2026-08-25 19:04:36.584 - records_manager - INFO -   rps=0.6 (avg 1.2)  tput_in=159,630/s  tput_out=1,150/s  done=3,045 ok=3,045 err=0
2026-08-25 19:04:36.584 - records_manager - INFO -   ttft    p50=  441ms  p75=   649ms  p95= 1,437ms  p99= 3,521ms
2026-08-25 19:04:36.584 - records_manager - INFO -   itl     p50=    9ms  p75=    11ms  p95=    16ms  p99=    29ms
2026-08-25 19:04:36.584 - records_manager - INFO -   e2e     p50=4,120ms  p75=10,502ms  p95=38,392ms  p99=90,627ms
2026-08-25 19:04:36.584 - records_manager - INFO -   intvty  p50=    113  p75=     132  p95=     176  p99=     262  (1/tpot tok/s)
2026-08-25 19:04:36.584 - records_manager - INFO -   isl     p50=106,470  p75= 181,315  p90= 259,964  p99= 674,755  (tokens)
2026-08-25 19:04:36.584 - records_manager - INFO -   osl     p50=    370  p75=   1,020  p90=   2,458  p99=   7,932  (tokens)
2026-08-25 19:04:36.584 - records_manager - INFO -   tot     in=409,154,673  out=2,947,171
2026-08-25 19:04:36.584 - records_manager - INFO -   trace  theoretical_prefix_cache_hit=97.2%
2026-08-25 19:04:36.584 - records_manager - INFO -   srv    prefix_cache_hit=96.0% unique_in_srv=16,253,620 ext_cache_hit=19.2% kv_usage=21.6% queue=7r/0w tput_in_srv=160,313/s tput_out_srv=1,154/s
2026-08-25 19:05:09.872 - records_manager - INFO - [realtime 43:20 profiling]
2026-08-25 19:05:09.872 - records_manager - INFO -   rps=0.9 (avg 1.2)  tput_in=160,165/s  tput_out=1,148/s  done=3,074 ok=3,074 err=0
2026-08-25 19:05:09.872 - records_manager - INFO -   ttft    p50=  441ms  p75=   650ms  p95= 1,436ms  p99= 3,478ms
2026-08-25 19:05:09.872 - records_manager - INFO -   itl     p50=    9ms  p75=    11ms  p95=    16ms  p99=    29ms
2026-08-25 19:05:09.872 - records_manager - INFO -   e2e     p50=4,119ms  p75=10,451ms  p95=38,436ms  p99=90,294ms
2026-08-25 19:05:09.872 - records_manager - INFO -   intvty  p50=    113  p75=     133  p95=     178  p99=     273  (1/tpot tok/s)
2026-08-25 19:05:09.872 - records_manager - INFO -   isl     p50=107,129  p75= 181,877  p90= 262,656  p99= 676,668  (tokens)
2026-08-25 19:05:09.872 - records_manager - INFO -   osl     p50=    370  p75=   1,020  p90=   2,459  p99=   7,876  (tokens)
2026-08-25 19:05:09.872 - records_manager - INFO -   tot     in=415,577,546  out=2,978,819
2026-08-25 19:05:09.872 - records_manager - INFO -   trace  theoretical_prefix_cache_hit=97.2%
2026-08-25 19:05:09.872 - records_manager - INFO -   srv    prefix_cache_hit=96.0% unique_in_srv=16,540,808 ext_cache_hit=20.4% kv_usage=16.4% queue=5r/1w tput_in_srv=160,476/s tput_out_srv=1,148/s
2026-08-25 19:05:10.825 - aiperf.timing.replay_dependencies - INFO - Per-trace idle cap advanced replay root 4174f4d8-78f3-45e3-abff-de4aa9e99b16 by 1834.037s
2026-08-25 19:05:43.406 - records_manager - INFO - [realtime 43:53 profiling]
2026-08-25 19:05:43.406 - records_manager - INFO -   rps=0.7 (avg 1.2)  tput_in=159,859/s  tput_out=1,141/s  done=3,096 ok=3,096 err=0
2026-08-25 19:05:43.406 - records_manager - INFO -   ttft    p50=  443ms  p75=   651ms  p95= 1,440ms  p99= 3,445ms
2026-08-25 19:05:43.406 - records_manager - INFO -   itl     p50=    9ms  p75=    11ms  p95=    16ms  p99=    29ms
2026-08-25 19:05:43.406 - records_manager - INFO -   e2e     p50=4,126ms  p75=10,465ms  p95=38,322ms  p99=90,042ms
2026-08-25 19:05:43.406 - records_manager - INFO -   intvty  p50=    113  p75=     133  p95=     178  p99=     268  (1/tpot tok/s)
2026-08-25 19:05:43.406 - records_manager - INFO -   isl     p50=107,608  p75= 182,807  p90= 263,636  p99= 678,219  (tokens)
2026-08-25 19:05:43.406 - records_manager - INFO -   osl     p50=    370  p75=   1,028  p90=   2,458  p99=   7,834  (tokens)
2026-08-25 19:05:43.406 - records_manager - INFO -   tot     in=420,355,950  out=3,000,591
2026-08-25 19:05:43.406 - records_manager - INFO -   trace  theoretical_prefix_cache_hit=97.2%
2026-08-25 19:05:43.406 - records_manager - INFO -   srv    prefix_cache_hit=96.1% unique_in_srv=16,586,599 ext_cache_hit=20.3% kv_usage=13.9% queue=4r/0w tput_in_srv=160,271/s tput_out_srv=1,144/s
2026-08-25 19:05:56.582 - aiperf.timing.replay_dependencies - INFO - Per-trace idle cap advanced replay root 890b205a-0d03-41d7-bfb6-b116fce493c4 by 247.095s
2026-08-25 19:06:08.587 - aiperf.timing.replay_dependencies - INFO - Per-trace idle cap advanced replay root bf55af06-b8c0-4412-bfe1-69fc1f3c469b by 106.228s
2026-08-25 19:06:16.828 - records_manager - INFO - [realtime 44:27 profiling]
2026-08-25 19:06:16.828 - records_manager - INFO -   rps=0.7 (avg 1.2)  tput_in=160,270/s  tput_out=1,136/s  done=3,120 ok=3,120 err=0
2026-08-25 19:06:16.828 - records_manager - INFO -   ttft    p50=  444ms  p75=   653ms  p95= 1,457ms  p99= 3,425ms
2026-08-25 19:06:16.828 - records_manager - INFO -   itl     p50=    9ms  p75=    11ms  p95=    16ms  p99=    29ms
2026-08-25 19:06:16.828 - records_manager - INFO -   e2e     p50=4,137ms  p75=10,448ms  p95=38,297ms  p99=89,823ms
2026-08-25 19:06:16.828 - records_manager - INFO -   intvty  p50=    114  p75=     134  p95=     178  p99=     265  (1/tpot tok/s)
2026-08-25 19:06:16.828 - records_manager - INFO -   isl     p50=108,054  p75= 183,786  p90= 266,006  p99= 680,601  (tokens)
2026-08-25 19:06:16.828 - records_manager - INFO -   osl     p50=    373  p75=   1,031  p90=   2,455  p99=   7,771  (tokens)
2026-08-25 19:06:16.828 - records_manager - INFO -   tot     in=426,791,015  out=3,025,397
2026-08-25 19:06:16.828 - records_manager - INFO -   trace  theoretical_prefix_cache_hit=97.3%
2026-08-25 19:06:16.828 - records_manager - INFO -   srv    prefix_cache_hit=96.1% unique_in_srv=16,636,863 ext_cache_hit=20.2% kv_usage=13.6% queue=5r/0w tput_in_srv=160,650/s tput_out_srv=1,140/s
2026-08-25 19:06:46.694 - aiperf.timing.replay_dependencies - INFO - Per-trace idle cap advanced replay root d2e3d033-4a8d-49b2-9f10-a337446e4627 by 39579.660s
2026-08-25 19:06:50.237 - records_manager - INFO - [realtime 45:00 profiling]
2026-08-25 19:06:50.237 - records_manager - INFO -   rps=0.9 (avg 1.2)  tput_in=161,049/s  tput_out=1,135/s  done=3,149 ok=3,149 err=0
2026-08-25 19:06:50.237 - records_manager - INFO -   ttft    p50=  446ms  p75=   656ms  p95= 1,462ms  p99= 3,406ms
2026-08-25 19:06:50.237 - records_manager - INFO -   itl     p50=    9ms  p75=    11ms  p95=    16ms  p99=    28ms
2026-08-25 19:06:50.237 - records_manager - INFO -   e2e     p50=4,121ms  p75=10,446ms  p95=38,366ms  p99=89,578ms
2026-08-25 19:06:50.237 - records_manager - INFO -   intvty  p50=    114  p75=     134  p95=     179  p99=     278  (1/tpot tok/s)
2026-08-25 19:06:50.237 - records_manager - INFO -   isl     p50=108,737  p75= 185,447  p90= 268,154  p99= 682,145  (tokens)
2026-08-25 19:06:50.237 - records_manager - INFO -   osl     p50=    373  p75=   1,032  p90=   2,455  p99=   7,924  (tokens)
2026-08-25 19:06:50.237 - records_manager - INFO -   tot     in=433,889,958  out=3,058,499
2026-08-25 19:06:50.237 - records_manager - INFO -   trace  theoretical_prefix_cache_hit=97.3%
2026-08-25 19:06:50.237 - records_manager - INFO -   srv    prefix_cache_hit=96.1% unique_in_srv=16,765,713 ext_cache_hit=20.1% kv_usage=11.3% queue=5r/0w tput_in_srv=161,159/s tput_out_srv=1,135/s
2026-08-25 19:07:23.769 - records_manager - INFO - [realtime 45:33 profiling]
2026-08-25 19:07:23.769 - records_manager - INFO -   rps=1.2 (avg 1.2)  tput_in=161,099/s  tput_out=1,130/s  done=3,188 ok=3,188 err=0
2026-08-25 19:07:23.769 - records_manager - INFO -   ttft    p50=  447ms  p75=   657ms  p95= 1,458ms  p99= 3,380ms
2026-08-25 19:07:23.769 - records_manager - INFO -   itl     p50=    9ms  p75=    11ms  p95=    16ms  p99=    27ms
2026-08-25 19:07:23.769 - records_manager - INFO -   e2e     p50=4,137ms  p75=10,421ms  p95=38,076ms  p99=89,248ms
2026-08-25 19:07:23.769 - records_manager - INFO -   intvty  p50=    114  p75=     134  p95=     179  p99=     287  (1/tpot tok/s)
2026-08-25 19:07:23.769 - records_manager - INFO -   isl     p50=108,651  p75= 186,221  p90= 268,663  p99= 683,348  (tokens)
2026-08-25 19:07:23.769 - records_manager - INFO -   osl     p50=    375  p75=   1,030  p90=   2,436  p99=   7,849  (tokens)
2026-08-25 19:07:23.769 - records_manager - INFO -   tot     in=439,806,008  out=3,083,780
2026-08-25 19:07:23.769 - records_manager - INFO -   trace  theoretical_prefix_cache_hit=97.3%
2026-08-25 19:07:23.769 - records_manager - INFO -   srv    prefix_cache_hit=96.2% unique_in_srv=16,978,538 ext_cache_hit=19.8% kv_usage=29.1% queue=11r/0w tput_in_srv=161,997/s tput_out_srv=1,133/s
2026-08-25 19:07:38.948 - aiperf.timing.replay_dependencies - INFO - Per-trace idle cap advanced replay root 3b321771-27c5-4617-a4e8-ee108464e0ec by 532.313s
2026-08-25 19:07:57.372 - records_manager - INFO - [realtime 46:07 profiling]
2026-08-25 19:07:57.372 - records_manager - INFO -   rps=1.3 (avg 1.2)  tput_in=161,440/s  tput_out=1,129/s  done=3,232 ok=3,232 err=0
2026-08-25 19:07:57.372 - records_manager - INFO -   ttft    p50=  447ms  p75=   657ms  p95= 1,456ms  p99= 3,369ms
2026-08-25 19:07:57.372 - records_manager - INFO -   itl     p50=    9ms  p75=    11ms  p95=    16ms  p99=    26ms
2026-08-25 19:07:57.372 - records_manager - INFO -   e2e     p50=4,140ms  p75=10,383ms  p95=37,724ms  p99=88,970ms
2026-08-25 19:07:57.372 - records_manager - INFO -   intvty  p50=    114  p75=     134  p95=     179  p99=     281  (1/tpot tok/s)
2026-08-25 19:07:57.372 - records_manager - INFO -   isl     p50=108,076  p75= 186,442  p90= 269,828  p99= 683,748  (tokens)
2026-08-25 19:07:57.372 - records_manager - INFO -   osl     p50=    376  p75=   1,028  p90=   2,417  p99=   7,738  (tokens)
2026-08-25 19:07:57.372 - records_manager - INFO -   tot     in=446,057,080  out=3,118,782
2026-08-25 19:07:57.373 - records_manager - INFO -   trace  theoretical_prefix_cache_hit=97.3%
2026-08-25 19:07:57.373 - records_manager - INFO -   srv    prefix_cache_hit=96.2% unique_in_srv=17,084,852 ext_cache_hit=19.7% kv_usage=12.7% queue=9r/0w tput_in_srv=161,827/s tput_out_srv=1,135/s
2026-08-25 19:08:14.401 - aiperf.timing.replay_dependencies - INFO - Per-trace idle cap advanced replay root d21f1586-f1d0-4b76-a0a6-14f1e281635e by 4.236s
2026-08-25 19:08:31.139 - records_manager - INFO - [realtime 46:41 profiling]
2026-08-25 19:08:31.139 - records_manager - INFO -   rps=1.2 (avg 1.2)  tput_in=162,026/s  tput_out=1,131/s  done=3,274 ok=3,274 err=0
2026-08-25 19:08:31.139 - records_manager - INFO -   ttft    p50=  448ms  p75=   660ms  p95= 1,457ms  p99= 3,365ms
2026-08-25 19:08:31.139 - records_manager - INFO -   itl     p50=    9ms  p75=    11ms  p95=    16ms  p99=    26ms
2026-08-25 19:08:31.139 - records_manager - INFO -   e2e     p50=4,168ms  p75=10,382ms  p95=37,611ms  p99=88,744ms
2026-08-25 19:08:31.139 - records_manager - INFO -   intvty  p50=    114  p75=     134  p95=     178  p99=     273  (1/tpot tok/s)
2026-08-25 19:08:31.139 - records_manager - INFO -   isl     p50=107,894  p75= 186,965  p90= 270,594  p99= 684,621  (tokens)
2026-08-25 19:08:31.139 - records_manager - INFO -   osl     p50=    378  p75=   1,030  p90=   2,422  p99=   7,691  (tokens)
2026-08-25 19:08:31.139 - records_manager - INFO -   tot     in=452,853,835  out=3,162,271
2026-08-25 19:08:31.139 - records_manager - INFO -   trace  theoretical_prefix_cache_hit=97.3%
2026-08-25 19:08:31.139 - records_manager - INFO -   srv    prefix_cache_hit=96.2% unique_in_srv=17,165,929 ext_cache_hit=19.6% kv_usage=30.7% queue=10r/0w tput_in_srv=162,729/s tput_out_srv=1,135/s
2026-08-25 19:09:04.681 - records_manager - INFO - [realtime 47:14 profiling]
2026-08-25 19:09:04.681 - records_manager - INFO -   rps=0.8 (avg 1.2)  tput_in=162,890/s  tput_out=1,130/s  done=3,301 ok=3,301 err=0
2026-08-25 19:09:04.681 - records_manager - INFO -   ttft    p50=  450ms  p75=   663ms  p95= 1,458ms  p99= 3,363ms
2026-08-25 19:09:04.681 - records_manager - INFO -   itl     p50=    9ms  p75=    11ms  p95=    16ms  p99=    26ms
2026-08-25 19:09:04.681 - records_manager - INFO -   e2e     p50=4,170ms  p75=10,419ms  p95=37,618ms  p99=88,598ms
2026-08-25 19:09:04.681 - records_manager - INFO -   intvty  p50=    114  p75=     134  p95=     178  p99=     268  (1/tpot tok/s)
2026-08-25 19:09:04.681 - records_manager - INFO -   isl     p50=108,669  p75= 188,687  p90= 272,264  p99= 686,410  (tokens)
2026-08-25 19:09:04.681 - records_manager - INFO -   osl     p50=    380  p75=   1,032  p90=   2,451  p99=   7,642  (tokens)
2026-08-25 19:09:04.681 - records_manager - INFO -   tot     in=460,818,838  out=3,197,735
2026-08-25 19:09:04.681 - records_manager - INFO -   trace  theoretical_prefix_cache_hit=97.3%
2026-08-25 19:09:04.681 - records_manager - INFO -   srv    prefix_cache_hit=96.3% unique_in_srv=17,302,643 ext_cache_hit=19.5% kv_usage=12.2% queue=8r/0w tput_in_srv=163,152/s tput_out_srv=1,133/s
2026-08-25 19:09:23.663 - aiperf.timing.replay_dependencies - INFO - Per-trace idle cap advanced replay root 69cfabae-c3e1-4735-a77a-7fbd0a0251d1 by 1666.487s
2026-08-25 19:09:30.077 - aiperf.timing.replay_dependencies - INFO - Per-trace idle cap advanced replay root 41b966bf-20af-4306-a66e-fbd670b8dcfa by 300.778s
2026-08-25 19:09:38.326 - records_manager - INFO - [realtime 47:48 profiling]
2026-08-25 19:09:38.326 - records_manager - INFO -   rps=0.8 (avg 1.2)  tput_in=163,258/s  tput_out=1,128/s  done=3,327 ok=3,327 err=0
2026-08-25 19:09:38.326 - records_manager - INFO -   ttft    p50=  450ms  p75=   666ms  p95= 1,461ms  p99= 3,326ms
2026-08-25 19:09:38.326 - records_manager - INFO -   itl     p50=    9ms  p75=    11ms  p95=    16ms  p99=    26ms
2026-08-25 19:09:38.326 - records_manager - INFO -   e2e     p50=4,170ms  p75=10,423ms  p95=37,615ms  p99=88,351ms
2026-08-25 19:09:38.326 - records_manager - INFO -   intvty  p50=    115  p75=     134  p95=     178  p99=     264  (1/tpot tok/s)
2026-08-25 19:09:38.326 - records_manager - INFO -   isl     p50=108,724  p75= 189,412  p90= 273,434  p99= 696,689  (tokens)
2026-08-25 19:09:38.327 - records_manager - INFO -   osl     p50=    381  p75=   1,036  p90=   2,452  p99=   7,617  (tokens)
2026-08-25 19:09:38.327 - records_manager - INFO -   tot     in=467,214,246  out=3,226,852
2026-08-25 19:09:38.327 - records_manager - INFO -   trace  theoretical_prefix_cache_hit=97.3%
2026-08-25 19:09:38.327 - records_manager - INFO -   srv    prefix_cache_hit=96.3% unique_in_srv=17,359,801 ext_cache_hit=19.4% kv_usage=11.3% queue=4r/0w tput_in_srv=163,406/s tput_out_srv=1,128/s
2026-08-25 19:09:40.942 - aiperf.timing.replay_dependencies - INFO - Per-trace idle cap advanced replay root c7af24f7-82ff-46a0-89b9-cfc57d5693ef by 3308.226s
2026-08-25 19:10:00.585 - aiperf.timing.replay_dependencies - INFO - Per-trace idle cap advanced replay root d8a09e57-219d-4974-9639-3f4b83187bf9 by 521.390s
2026-08-25 19:10:08.648 - aiperf.timing.replay_dependencies - INFO - Per-trace idle cap advanced replay root b6a70937-27b1-42e2-850c-647c80c760f0 by 87.190s
2026-08-25 19:10:12.224 - records_manager - INFO - [realtime 48:22 profiling]
2026-08-25 19:10:12.224 - records_manager - INFO -   rps=0.5 (avg 1.2)  tput_in=163,046/s  tput_out=1,119/s  done=3,344 ok=3,344 err=0
2026-08-25 19:10:12.224 - records_manager - INFO -   ttft    p50=  451ms  p75=   667ms  p95= 1,462ms  p99= 3,302ms
2026-08-25 19:10:12.224 - records_manager - INFO -   itl     p50=    9ms  p75=    11ms  p95=    16ms  p99=    25ms
2026-08-25 19:10:12.224 - records_manager - INFO -   e2e     p50=4,170ms  p75=10,394ms  p95=37,565ms  p99=88,189ms
2026-08-25 19:10:12.224 - records_manager - INFO -   intvty  p50=    115  p75=     134  p95=     179  p99=     287  (1/tpot tok/s)
2026-08-25 19:10:12.224 - records_manager - INFO -   isl     p50=108,978  p75= 190,521  p90= 274,747  p99= 698,970  (tokens)
2026-08-25 19:10:12.224 - records_manager - INFO -   osl     p50=    381  p75=   1,034  p90=   2,453  p99=   7,600  (tokens)
2026-08-25 19:10:12.224 - records_manager - INFO -   tot     in=472,476,064  out=3,241,761
2026-08-25 19:10:12.225 - records_manager - INFO -   trace  theoretical_prefix_cache_hit=97.4%
2026-08-25 19:10:12.225 - records_manager - INFO -   srv    prefix_cache_hit=96.3% unique_in_srv=17,397,784 ext_cache_hit=19.3% kv_usage=13.5% queue=5r/0w tput_in_srv=163,402/s tput_out_srv=1,122/s
2026-08-25 19:10:29.297 - aiperf.timing.replay_dependencies - INFO - Per-trace idle cap advanced replay root 017182d4-9b68-474e-b683-1cdd139b6377 by 5869.852s
2026-08-25 19:10:46.127 - records_manager - INFO - [realtime 48:56 profiling]
2026-08-25 19:10:46.127 - records_manager - INFO -   rps=0.4 (avg 1.1)  tput_in=162,302/s  tput_out=1,111/s  done=3,356 ok=3,356 err=0
2026-08-25 19:10:46.127 - records_manager - INFO -   ttft    p50=  454ms  p75=   669ms  p95= 1,461ms  p99= 3,285ms
2026-08-25 19:10:46.127 - records_manager - INFO -   itl     p50=    9ms  p75=    11ms  p95=    16ms  p99=    25ms
2026-08-25 19:10:46.127 - records_manager - INFO -   e2e     p50=4,170ms  p75=10,394ms  p95=37,396ms  p99=88,075ms
2026-08-25 19:10:46.127 - records_manager - INFO -   intvty  p50=    115  p75=     135  p95=     179  p99=     287  (1/tpot tok/s)
2026-08-25 19:10:46.127 - records_manager - INFO -   isl     p50=109,373  p75= 191,701  p90= 275,499  p99= 698,669  (tokens)
2026-08-25 19:10:46.127 - records_manager - INFO -   osl     p50=    381  p75=   1,036  p90=   2,466  p99=   7,589  (tokens)
2026-08-25 19:10:46.127 - records_manager - INFO -   tot     in=475,753,380  out=3,255,778
2026-08-25 19:10:46.127 - records_manager - INFO -   trace  theoretical_prefix_cache_hit=97.4%
2026-08-25 19:10:46.127 - records_manager - INFO -   srv    prefix_cache_hit=96.3% unique_in_srv=17,613,070 ext_cache_hit=19.1% kv_usage=40.3% queue=12r/0w tput_in_srv=163,381/s tput_out_srv=1,119/s
2026-08-25 19:10:52.033 - aiperf.timing.replay_dependencies - INFO - Per-trace idle cap advanced replay root fb11585e-027b-4123-8cc6-5a647cd7c845 by 46485.224s
2026-08-25 19:11:09.652 - aiperf.timing.replay_dependencies - INFO - Per-trace idle cap advanced replay root 51fe7214-2014-4807-a271-618745cc7689 by 1779.285s
2026-08-25 19:11:19.843 - records_manager - INFO - [realtime 49:30 profiling]
2026-08-25 19:11:19.844 - records_manager - INFO -   rps=1.1 (avg 1.1)  tput_in=163,443/s  tput_out=1,115/s  done=3,393 ok=3,393 err=0
2026-08-25 19:11:19.844 - records_manager - INFO -   ttft    p50=  456ms  p75=   673ms  p95= 1,469ms  p99= 3,376ms
2026-08-25 19:11:19.844 - records_manager - INFO -   itl     p50=    9ms  p75=    11ms  p95=    16ms  p99=    26ms
2026-08-25 19:11:19.844 - records_manager - INFO -   e2e     p50=4,190ms  p75=10,441ms  p95=37,612ms  p99=87,723ms
2026-08-25 19:11:19.844 - records_manager - INFO -   intvty  p50=    115  p75=     134  p95=     179  p99=     287  (1/tpot tok/s)
2026-08-25 19:11:19.844 - records_manager - INFO -   isl     p50=109,854  p75= 193,318  p90= 276,747  p99= 701,769  (tokens)
2026-08-25 19:11:19.844 - records_manager - INFO -   osl     p50=    381  p75=   1,039  p90=   2,475  p99=   7,657  (tokens)
2026-08-25 19:11:19.844 - records_manager - INFO -   tot     in=484,687,456  out=3,307,761
2026-08-25 19:11:19.844 - records_manager - INFO -   trace  theoretical_prefix_cache_hit=97.4%
2026-08-25 19:11:19.844 - records_manager - INFO -   srv    prefix_cache_hit=96.3% unique_in_srv=18,150,013 ext_cache_hit=20.7% kv_usage=27.2% queue=10r/0w tput_in_srv=164,152/s tput_out_srv=1,118/s
2026-08-25 19:11:53.792 - records_manager - INFO - [realtime 50:03 profiling]
2026-08-25 19:11:53.792 - records_manager - INFO -   rps=0.7 (avg 1.1)  tput_in=163,752/s  tput_out=1,110/s  done=3,417 ok=3,417 err=0
2026-08-25 19:11:53.792 - records_manager - INFO -   ttft    p50=  457ms  p75=   677ms  p95= 1,469ms  p99= 3,370ms
2026-08-25 19:11:53.792 - records_manager - INFO -   itl     p50=    9ms  p75=    11ms  p95=    16ms  p99=    26ms
2026-08-25 19:11:53.792 - records_manager - INFO -   e2e     p50=4,191ms  p75=10,427ms  p95=37,381ms  p99=87,576ms
2026-08-25 19:11:53.792 - records_manager - INFO -   intvty  p50=    115  p75=     135  p95=     179  p99=     284  (1/tpot tok/s)
2026-08-25 19:11:53.792 - records_manager - INFO -   isl     p50=110,334  p75= 194,223  p90= 278,549  p99= 702,214  (tokens)
2026-08-25 19:11:53.792 - records_manager - INFO -   osl     p50=    383  p75=   1,038  p90=   2,474  p99=   7,626  (tokens)
2026-08-25 19:11:53.792 - records_manager - INFO -   tot     in=490,883,994  out=3,327,378
2026-08-25 19:11:53.793 - records_manager - INFO -   trace  theoretical_prefix_cache_hit=97.4%
2026-08-25 19:11:53.793 - records_manager - INFO -   srv    prefix_cache_hit=96.3% unique_in_srv=18,240,675 ext_cache_hit=20.6% kv_usage=40.2% queue=11r/0w tput_in_srv=164,723/s tput_out_srv=1,117/s
2026-08-25 19:12:05.918 - aiperf.timing.replay_dependencies - INFO - Per-trace idle cap advanced replay root 4174f4d8-78f3-45e3-abff-de4aa9e99b16 by 2382.315s
2026-08-25 19:12:27.558 - records_manager - INFO - [realtime 50:37 profiling]
2026-08-25 19:12:27.559 - records_manager - INFO -   rps=0.8 (avg 1.1)  tput_in=164,402/s  tput_out=1,110/s  done=3,443 ok=3,443 err=0
2026-08-25 19:12:27.559 - records_manager - INFO -   ttft    p50=  459ms  p75=   680ms  p95= 1,474ms  p99= 3,368ms
2026-08-25 19:12:27.559 - records_manager - INFO -   itl     p50=    9ms  p75=    11ms  p95=    16ms  p99=    26ms
2026-08-25 19:12:27.559 - records_manager - INFO -   e2e     p50=4,195ms  p75=10,444ms  p95=37,617ms  p99=87,462ms
2026-08-25 19:12:27.559 - records_manager - INFO -   intvty  p50=    115  p75=     135  p95=     179  p99=     279  (1/tpot tok/s)
2026-08-25 19:12:27.559 - records_manager - INFO -   isl     p50=110,768  p75= 194,966  p90= 280,542  p99= 706,203  (tokens)
2026-08-25 19:12:27.559 - records_manager - INFO -   osl     p50=    383  p75=   1,041  p90=   2,478  p99=   7,606  (tokens)
2026-08-25 19:12:27.559 - records_manager - INFO -   tot     in=498,463,688  out=3,364,048
2026-08-25 19:12:27.559 - records_manager - INFO -   trace  theoretical_prefix_cache_hit=97.4%
2026-08-25 19:12:27.559 - records_manager - INFO -   srv    prefix_cache_hit=96.3% unique_in_srv=18,513,004 ext_cache_hit=21.5% kv_usage=27.7% queue=8r/0w tput_in_srv=165,038/s tput_out_srv=1,116/s
2026-08-25 19:13:01.472 - records_manager - INFO - [realtime 51:11 profiling]
2026-08-25 19:13:01.472 - records_manager - INFO -   rps=0.7 (avg 1.1)  tput_in=164,901/s  tput_out=1,112/s  done=3,468 ok=3,468 err=0
2026-08-25 19:13:01.472 - records_manager - INFO -   ttft    p50=  461ms  p75=   684ms  p95= 1,477ms  p99= 3,366ms
2026-08-25 19:13:01.472 - records_manager - INFO -   itl     p50=    9ms  p75=    11ms  p95=    16ms  p99=    25ms
2026-08-25 19:13:01.472 - records_manager - INFO -   e2e     p50=4,206ms  p75=10,448ms  p95=38,076ms  p99=87,960ms
2026-08-25 19:13:01.472 - records_manager - INFO -   intvty  p50=    115  p75=     135  p95=     179  p99=     287  (1/tpot tok/s)
2026-08-25 19:13:01.472 - records_manager - INFO -   isl     p50=111,196  p75= 196,089  p90= 282,569  p99= 708,824  (tokens)
2026-08-25 19:13:01.472 - records_manager - INFO -   osl     p50=    384  p75=   1,044  p90=   2,486  p99=   7,702  (tokens)
2026-08-25 19:13:01.472 - records_manager - INFO -   tot     in=505,465,748  out=3,407,249
2026-08-25 19:13:01.472 - records_manager - INFO -   trace  theoretical_prefix_cache_hit=97.5%
2026-08-25 19:13:01.472 - records_manager - INFO -   srv    prefix_cache_hit=96.3% unique_in_srv=18,839,477 ext_cache_hit=22.6% kv_usage=18.8% queue=7r/0w tput_in_srv=165,280/s tput_out_srv=1,112/s
2026-08-25 19:13:15.834 - aiperf.timing.replay_dependencies - INFO - Per-trace idle cap advanced replay root d21f1586-f1d0-4b76-a0a6-14f1e281635e by 2.987s
2026-08-25 19:13:35.581 - records_manager - INFO - [realtime 51:45 profiling]
2026-08-25 19:13:35.581 - records_manager - INFO -   rps=0.8 (avg 1.1)  tput_in=165,016/s  tput_out=1,108/s  done=3,495 ok=3,495 err=0
2026-08-25 19:13:35.581 - records_manager - INFO -   ttft    p50=  462ms  p75=   687ms  p95= 1,476ms  p99= 3,364ms
2026-08-25 19:13:35.581 - records_manager - INFO -   itl     p50=    9ms  p75=    11ms  p95=    16ms  p99=    25ms
2026-08-25 19:13:35.581 - records_manager - INFO -   e2e     p50=4,205ms  p75=10,436ms  p95=37,963ms  p99=87,704ms
2026-08-25 19:13:35.581 - records_manager - INFO -   intvty  p50=    115  p75=     135  p95=     179  p99=     287  (1/tpot tok/s)
2026-08-25 19:13:35.581 - records_manager - INFO -   isl     p50=111,681  p75= 196,846  p90= 284,116  p99= 707,957  (tokens)
2026-08-25 19:13:35.581 - records_manager - INFO -   osl     p50=    384  p75=   1,044  p90=   2,486  p99=   7,653  (tokens)
2026-08-25 19:13:35.581 - records_manager - INFO -   tot     in=511,615,391  out=3,434,273
2026-08-25 19:13:35.581 - records_manager - INFO -   trace  theoretical_prefix_cache_hit=97.5%
2026-08-25 19:13:35.581 - records_manager - INFO -   srv    prefix_cache_hit=96.3% unique_in_srv=19,104,695 ext_cache_hit=23.4% kv_usage=26.4% queue=8r/0w tput_in_srv=165,649/s tput_out_srv=1,109/s
2026-08-25 19:13:55.719 - aiperf.timing.replay_dependencies - INFO - Per-trace idle cap advanced replay root 6d558d11-f930-41cd-8d26-48d4204e2eaf by 2358.358s
2026-08-25 19:14:09.442 - records_manager - INFO - [realtime 52:19 profiling]
2026-08-25 19:14:09.442 - records_manager - INFO -   rps=0.7 (avg 1.1)  tput_in=164,766/s  tput_out=1,102/s  done=3,520 ok=3,520 err=0
2026-08-25 19:14:09.442 - records_manager - INFO -   ttft    p50=  464ms  p75=   689ms  p95= 1,474ms  p99= 3,336ms
2026-08-25 19:14:09.442 - records_manager - INFO -   itl     p50=    9ms  p75=    11ms  p95=    16ms  p99=    29ms
2026-08-25 19:14:09.442 - records_manager - INFO -   e2e     p50=4,207ms  p75=10,443ms  p95=37,630ms  p99=87,563ms
2026-08-25 19:14:09.442 - records_manager - INFO -   intvty  p50=    116  p75=     135  p95=     179  p99=     288  (1/tpot tok/s)
2026-08-25 19:14:09.442 - records_manager - INFO -   isl     p50=111,952  p75= 198,102  p90= 285,039  p99= 707,058  (tokens)
2026-08-25 19:14:09.442 - records_manager - INFO -   osl     p50=    384  p75=   1,045  p90=   2,486  p99=   7,626  (tokens)
2026-08-25 19:14:09.442 - records_manager - INFO -   tot     in=516,614,868  out=3,456,770
2026-08-25 19:14:09.442 - records_manager - INFO -   trace  theoretical_prefix_cache_hit=97.5%
2026-08-25 19:14:09.442 - records_manager - INFO -   srv    prefix_cache_hit=96.2% unique_in_srv=19,618,114 ext_cache_hit=24.0% kv_usage=45.7% queue=13r/0w tput_in_srv=165,941/s tput_out_srv=1,105/s
2026-08-25 19:14:43.628 - records_manager - INFO - [realtime 52:53 profiling]
2026-08-25 19:14:43.628 - records_manager - INFO -   rps=1.2 (avg 1.1)  tput_in=165,614/s  tput_out=1,101/s  done=3,562 ok=3,562 err=0
2026-08-25 19:14:43.628 - records_manager - INFO -   ttft    p50=  466ms  p75=   691ms  p95= 1,491ms  p99= 3,495ms
2026-08-25 19:14:43.628 - records_manager - INFO -   itl     p50=    9ms  p75=    11ms  p95=    16ms  p99=    28ms
2026-08-25 19:14:43.628 - records_manager - INFO -   e2e     p50=4,223ms  p75=10,490ms  p95=37,323ms  p99=87,379ms
2026-08-25 19:14:43.628 - records_manager - INFO -   intvty  p50=    116  p75=     135  p95=     179  p99=     288  (1/tpot tok/s)
2026-08-25 19:14:43.628 - records_manager - INFO -   isl     p50=112,172  p75= 199,108  p90= 286,362  p99= 705,496  (tokens)
2026-08-25 19:14:43.628 - records_manager - INFO -   osl     p50=    386  p75=   1,046  p90=   2,479  p99=   7,590  (tokens)
2026-08-25 19:14:43.628 - records_manager - INFO -   tot     in=524,758,687  out=3,488,496
2026-08-25 19:14:43.628 - records_manager - INFO -   trace  theoretical_prefix_cache_hit=97.5%
2026-08-25 19:14:43.628 - records_manager - INFO -   srv    prefix_cache_hit=96.2% unique_in_srv=19,848,330 ext_cache_hit=24.3% kv_usage=19.6% queue=7r/0w tput_in_srv=166,065/s tput_out_srv=1,105/s
2026-08-25 19:15:17.705 - records_manager - INFO - [realtime 53:27 profiling]
2026-08-25 19:15:17.705 - records_manager - INFO -   rps=0.9 (avg 1.1)  tput_in=165,479/s  tput_out=1,094/s  done=3,593 ok=3,593 err=0
2026-08-25 19:15:17.705 - records_manager - INFO -   ttft    p50=  467ms  p75=   693ms  p95= 1,495ms  p99= 3,587ms
2026-08-25 19:15:17.705 - records_manager - INFO -   itl     p50=    9ms  p75=    11ms  p95=    16ms  p99=    27ms
2026-08-25 19:15:17.705 - records_manager - INFO -   e2e     p50=4,209ms  p75=10,502ms  p95=37,189ms  p99=87,244ms
2026-08-25 19:15:17.705 - records_manager - INFO -   intvty  p50=    116  p75=     135  p95=     179  p99=     295  (1/tpot tok/s)
2026-08-25 19:15:17.705 - records_manager - INFO -   isl     p50=112,215  p75= 199,392  p90= 288,441  p99= 704,344  (tokens)
2026-08-25 19:15:17.705 - records_manager - INFO -   osl     p50=    385  p75=   1,043  p90=   2,473  p99=   7,564  (tokens)
2026-08-25 19:15:17.705 - records_manager - INFO -   tot     in=529,967,011  out=3,505,061
2026-08-25 19:15:17.705 - records_manager - INFO -   trace  theoretical_prefix_cache_hit=97.5%
2026-08-25 19:15:17.705 - records_manager - INFO -   srv    prefix_cache_hit=96.2% unique_in_srv=20,293,415 ext_cache_hit=23.8% kv_usage=31.8% queue=10r/0w tput_in_srv=166,114/s tput_out_srv=1,102/s
2026-08-25 19:15:51.891 - records_manager - INFO - [realtime 54:02 profiling]
2026-08-25 19:15:51.891 - records_manager - INFO -   rps=1.4 (avg 1.1)  tput_in=166,395/s  tput_out=1,099/s  done=3,640 ok=3,640 err=0
2026-08-25 19:15:51.891 - records_manager - INFO -   ttft    p50=  468ms  p75=   695ms  p95= 1,494ms  p99= 3,594ms
2026-08-25 19:15:51.891 - records_manager - INFO -   itl     p50=    9ms  p75=    11ms  p95=    16ms  p99=    26ms
2026-08-25 19:15:51.891 - records_manager - INFO -   e2e     p50=4,204ms  p75=10,443ms  p95=37,289ms  p99=87,476ms
2026-08-25 19:15:51.891 - records_manager - INFO -   intvty  p50=    116  p75=     135  p95=     179  p99=     311  (1/tpot tok/s)
2026-08-25 19:15:51.891 - records_manager - INFO -   isl     p50=112,186  p75= 199,972  p90= 290,298  p99= 703,368  (tokens)
2026-08-25 19:15:51.891 - records_manager - INFO -   osl     p50=    384  p75=   1,038  p90=   2,474  p99=   7,609  (tokens)
2026-08-25 19:15:51.891 - records_manager - INFO -   tot     in=538,192,301  out=3,556,009
2026-08-25 19:15:51.891 - records_manager - INFO -   trace  theoretical_prefix_cache_hit=97.5%
2026-08-25 19:15:51.891 - records_manager - INFO -   srv    prefix_cache_hit=96.2% unique_in_srv=20,372,660 ext_cache_hit=23.7% kv_usage=22.5% queue=8r/0w tput_in_srv=166,808/s tput_out_srv=1,101/s
2026-08-25 19:16:05.445 - aiperf.timing.replay_dependencies - INFO - Per-trace idle cap advanced replay root c75c8417-40d3-4b44-b6f6-50dd067858b1 by 2062.008s
2026-08-25 19:16:12.599 - aiperf.timing.replay_dependencies - INFO - Per-trace idle cap advanced replay root fb11585e-027b-4123-8cc6-5a647cd7c845 by 4324.643s
2026-08-25 19:16:18.122 - aiperf.timing.replay_dependencies - INFO - Per-trace idle cap advanced replay root 017182d4-9b68-474e-b683-1cdd139b6377 by 1050.083s
2026-08-25 19:16:26.096 - records_manager - INFO - [realtime 54:36 profiling]
2026-08-25 19:16:26.096 - records_manager - INFO -   rps=0.7 (avg 1.1)  tput_in=166,000/s  tput_out=1,094/s  done=3,664 ok=3,664 err=0
2026-08-25 19:16:26.096 - records_manager - INFO -   ttft    p50=  469ms  p75=   698ms  p95= 1,494ms  p99= 3,591ms
2026-08-25 19:16:26.096 - records_manager - INFO -   itl     p50=    9ms  p75=    11ms  p95=    16ms  p99=    28ms
2026-08-25 19:16:26.096 - records_manager - INFO -   e2e     p50=4,204ms  p75=10,443ms  p95=37,263ms  p99=87,371ms
2026-08-25 19:16:26.096 - records_manager - INFO -   intvty  p50=    116  p75=     135  p95=     180  p99=     373  (1/tpot tok/s)
2026-08-25 19:16:26.096 - records_manager - INFO -   isl     p50=112,268  p75= 200,560  p90= 291,482  p99= 702,951  (tokens)
2026-08-25 19:16:26.096 - records_manager - INFO -   osl     p50=    385  p75=   1,038  p90=   2,473  p99=   7,651  (tokens)
2026-08-25 19:16:26.096 - records_manager - INFO -   tot     in=542,925,949  out=3,578,769
2026-08-25 19:16:26.096 - records_manager - INFO -   trace  theoretical_prefix_cache_hit=97.5%
2026-08-25 19:16:26.096 - records_manager - INFO -   srv    prefix_cache_hit=96.1% unique_in_srv=21,235,135 ext_cache_hit=25.2% kv_usage=25.3% queue=9r/0w tput_in_srv=166,566/s tput_out_srv=1,096/s
2026-08-25 19:17:00.433 - records_manager - INFO - [realtime 55:10 profiling]
2026-08-25 19:17:00.433 - records_manager - INFO -   rps=0.9 (avg 1.1)  tput_in=166,614/s  tput_out=1,091/s  done=3,695 ok=3,695 err=0
2026-08-25 19:17:00.433 - records_manager - INFO -   ttft    p50=  470ms  p75=   704ms  p95= 1,507ms  p99= 4,031ms
2026-08-25 19:17:00.433 - records_manager - INFO -   itl     p50=    9ms  p75=    11ms  p95=    16ms  p99=    27ms
2026-08-25 19:17:00.433 - records_manager - INFO -   e2e     p50=4,199ms  p75=10,450ms  p95=37,105ms  p99=87,235ms
2026-08-25 19:17:00.433 - records_manager - INFO -   intvty  p50=    116  p75=     135  p95=     180  p99=     381  (1/tpot tok/s)
2026-08-25 19:17:00.433 - records_manager - INFO -   isl     p50=112,644  p75= 202,066  p90= 293,612  p99= 702,412  (tokens)
2026-08-25 19:17:00.433 - records_manager - INFO -   osl     p50=    387  p75=   1,038  p90=   2,473  p99=   7,643  (tokens)
2026-08-25 19:17:00.433 - records_manager - INFO -   tot     in=550,767,869  out=3,607,825
2026-08-25 19:17:00.433 - records_manager - INFO -   trace  theoretical_prefix_cache_hit=97.5%
2026-08-25 19:17:00.433 - records_manager - INFO -   srv    prefix_cache_hit=96.1% unique_in_srv=21,291,835 ext_cache_hit=25.2% kv_usage=6.6% queue=3r/0w tput_in_srv=166,761/s tput_out_srv=1,093/s
2026-08-25 19:17:03.418 - aiperf.timing.replay_dependencies - INFO - Per-trace idle cap advanced replay root 3b321771-27c5-4617-a4e8-ee108464e0ec by 5236.482s
2026-08-25 19:17:08.019 - aiperf.timing.replay_dependencies - INFO - Per-trace idle cap advanced replay root 777ad1bf-9304-4acb-aab2-1f1fcc8e0991 by 37.674s
2026-08-25 19:17:19.752 - aiperf.timing.replay_dependencies - INFO - Per-trace idle cap advanced replay root 4174f4d8-78f3-45e3-abff-de4aa9e99b16 by 3521.818s
2026-08-25 19:17:24.623 - aiperf.timing.replay_dependencies - INFO - Per-trace idle cap advanced replay root 1a644d88-68a2-487c-ac48-80138d8cd0f2 by 1335.796s
2026-08-25 19:17:34.513 - records_manager - INFO - [realtime 55:44 profiling]
2026-08-25 19:17:34.513 - records_manager - INFO -   rps=0.6 (avg 1.1)  tput_in=166,257/s  tput_out=1,084/s  done=3,715 ok=3,715 err=0
2026-08-25 19:17:34.513 - records_manager - INFO -   ttft    p50=  471ms  p75=   708ms  p95= 1,522ms  p99= 4,234ms
2026-08-25 19:17:34.513 - records_manager - INFO -   itl     p50=    9ms  p75=    11ms  p95=    16ms  p99=    30ms
2026-08-25 19:17:34.513 - records_manager - INFO -   e2e     p50=4,205ms  p75=10,543ms  p95=37,105ms  p99=87,048ms
2026-08-25 19:17:34.513 - records_manager - INFO -   intvty  p50=    116  p75=     136  p95=     181  p99=     516  (1/tpot tok/s)
2026-08-25 19:17:34.513 - records_manager - INFO -   isl     p50=112,970  p75= 203,109  p90= 295,144  p99= 702,226  (tokens)
2026-08-25 19:17:34.513 - records_manager - INFO -   osl     p50=    385  p75=   1,038  p90=   2,473  p99=   7,630  (tokens)
2026-08-25 19:17:34.513 - records_manager - INFO -   tot     in=555,337,911  out=3,622,076
2026-08-25 19:17:34.513 - records_manager - INFO -   trace  theoretical_prefix_cache_hit=97.5%
2026-08-25 19:17:34.513 - records_manager - INFO -   srv    prefix_cache_hit=95.8% unique_in_srv=23,219,699 ext_cache_hit=29.7% kv_usage=40.7% queue=11r/1w tput_in_srv=167,003/s tput_out_srv=1,087/s
2026-08-25 19:18:01.801 - aiperf.timing.replay_dependencies - INFO - Per-trace idle cap advanced replay root 2dc69258-ca14-4090-bd33-0eb02808c95e by 608.892s
2026-08-25 19:18:08.931 - records_manager - INFO - [realtime 56:19 profiling]
2026-08-25 19:18:08.931 - records_manager - INFO -   rps=1.0 (avg 1.1)  tput_in=166,333/s  tput_out=1,080/s  done=3,749 ok=3,749 err=0
2026-08-25 19:18:08.931 - records_manager - INFO -   ttft    p50=  471ms  p75=   711ms  p95= 1,522ms  p99= 4,245ms
2026-08-25 19:18:08.931 - records_manager - INFO -   itl     p50=    9ms  p75=    11ms  p95=    16ms  p99=    30ms
2026-08-25 19:18:08.931 - records_manager - INFO -   e2e     p50=4,205ms  p75=10,502ms  p95=37,122ms  p99=86,660ms
2026-08-25 19:18:08.931 - records_manager - INFO -   intvty  p50=    116  p75=     135  p95=     181  p99=     533  (1/tpot tok/s)
2026-08-25 19:18:08.931 - records_manager - INFO -   isl     p50=112,644  p75= 203,757  p90= 295,942  p99= 702,027  (tokens)
2026-08-25 19:18:08.931 - records_manager - INFO -   osl     p50=    385  p75=   1,034  p90=   2,455  p99=   7,601  (tokens)
2026-08-25 19:18:08.931 - records_manager - INFO -   tot     in=561,132,897  out=3,643,922
2026-08-25 19:18:08.931 - records_manager - INFO -   trace  theoretical_prefix_cache_hit=97.5%
2026-08-25 19:18:08.931 - records_manager - INFO -   srv    prefix_cache_hit=95.9% unique_in_srv=23,387,558 ext_cache_hit=29.9% kv_usage=33.6% queue=10r/0w tput_in_srv=167,091/s tput_out_srv=1,085/s
2026-08-25 19:18:43.326 - records_manager - INFO - [realtime 56:53 profiling]
2026-08-25 19:18:43.327 - records_manager - INFO -   rps=0.8 (avg 1.1)  tput_in=166,002/s  tput_out=1,079/s  done=3,778 ok=3,778 err=0
2026-08-25 19:18:43.327 - records_manager - INFO -   ttft    p50=  472ms  p75=   714ms  p95= 1,522ms  p99= 4,245ms
2026-08-25 19:18:43.327 - records_manager - INFO -   itl     p50=    9ms  p75=    11ms  p95=    16ms  p99=    30ms
2026-08-25 19:18:43.327 - records_manager - INFO -   e2e     p50=4,205ms  p75=10,549ms  p95=37,148ms  p99=86,328ms
2026-08-25 19:18:43.327 - records_manager - INFO -   intvty  p50=    116  p75=     135  p95=     181  p99=     527  (1/tpot tok/s)
2026-08-25 19:18:43.327 - records_manager - INFO -   isl     p50=112,461  p75= 204,190  p90= 296,239  p99= 701,857  (tokens)
2026-08-25 19:18:43.327 - records_manager - INFO -   osl     p50=    385  p75=   1,038  p90=   2,472  p99=   7,577  (tokens)
2026-08-25 19:18:43.327 - records_manager - INFO -   tot     in=565,799,031  out=3,677,410
2026-08-25 19:18:43.327 - records_manager - INFO -   trace  theoretical_prefix_cache_hit=97.5%
2026-08-25 19:18:43.327 - records_manager - INFO -   srv    prefix_cache_hit=95.9% unique_in_srv=23,521,490 ext_cache_hit=29.7% kv_usage=26.3% queue=7r/0w tput_in_srv=166,600/s tput_out_srv=1,084/s
2026-08-25 19:18:43.565 - aiperf.timing.replay_dependencies - INFO - Per-trace idle cap advanced replay root 03532cb4-ea99-40d5-bb01-8c36ad263b00 by 451.771s
2026-08-25 19:19:17.685 - records_manager - INFO - [realtime 57:27 profiling]
2026-08-25 19:19:17.685 - records_manager - INFO -   rps=0.7 (avg 1.1)  tput_in=166,435/s  tput_out=1,080/s  done=3,803 ok=3,803 err=0
2026-08-25 19:19:17.685 - records_manager - INFO -   ttft    p50=  474ms  p75=   718ms  p95= 1,524ms  p99= 4,245ms
2026-08-25 19:19:17.685 - records_manager - INFO -   itl     p50=    9ms  p75=    11ms  p95=    16ms  p99=    30ms
2026-08-25 19:19:17.685 - records_manager - INFO -   e2e     p50=4,225ms  p75=10,589ms  p95=37,271ms  p99=87,186ms
2026-08-25 19:19:17.685 - records_manager - INFO -   intvty  p50=    116  p75=     135  p95=     181  p99=     522  (1/tpot tok/s)
2026-08-25 19:19:17.685 - records_manager - INFO -   isl     p50=112,926  p75= 205,118  p90= 299,505  p99= 704,011  (tokens)
2026-08-25 19:19:17.685 - records_manager - INFO -   osl     p50=    387  p75=   1,043  p90=   2,469  p99=   7,640  (tokens)
2026-08-25 19:19:17.685 - records_manager - INFO -   tot     in=572,788,468  out=3,715,619
2026-08-25 19:19:17.685 - records_manager - INFO -   trace  theoretical_prefix_cache_hit=97.5%
2026-08-25 19:19:17.685 - records_manager - INFO -   srv    prefix_cache_hit=95.9% unique_in_srv=23,659,338 ext_cache_hit=29.8% kv_usage=25.1% queue=8r/0w tput_in_srv=166,942/s tput_out_srv=1,083/s
2026-08-25 19:19:32.925 - aiperf.timing.replay_dependencies - INFO - Per-trace idle cap advanced replay root 41b966bf-20af-4306-a66e-fbd670b8dcfa by 301.368s
2026-08-25 19:19:51.984 - records_manager - INFO - [realtime 58:02 profiling]
2026-08-25 19:19:51.984 - records_manager - INFO -   rps=0.5 (avg 1.1)  tput_in=165,680/s  tput_out=1,077/s  done=3,820 ok=3,820 err=0
2026-08-25 19:19:51.984 - records_manager - INFO -   ttft    p50=  474ms  p75=   720ms  p95= 1,523ms  p99= 4,245ms
2026-08-25 19:19:51.984 - records_manager - INFO -   itl     p50=    9ms  p75=    11ms  p95=    16ms  p99=    30ms
2026-08-25 19:19:51.985 - records_manager - INFO -   e2e     p50=4,244ms  p75=10,626ms  p95=37,339ms  p99=86,991ms
2026-08-25 19:19:51.985 - records_manager - INFO -   intvty  p50=    116  p75=     135  p95=     180  p99=     513  (1/tpot tok/s)
2026-08-25 19:19:51.985 - records_manager - INFO -   isl     p50=113,056  p75= 205,310  p90= 299,751  p99= 703,716  (tokens)
2026-08-25 19:19:51.985 - records_manager - INFO -   osl     p50=    390  p75=   1,044  p90=   2,474  p99=   7,626  (tokens)
2026-08-25 19:19:51.985 - records_manager - INFO -   tot     in=576,089,495  out=3,745,535
2026-08-25 19:19:51.985 - records_manager - INFO -   trace  theoretical_prefix_cache_hit=97.5%
2026-08-25 19:19:51.985 - records_manager - INFO -   srv    prefix_cache_hit=95.9% unique_in_srv=23,862,986 ext_cache_hit=30.1% kv_usage=31.6% queue=7r/0w tput_in_srv=166,394/s tput_out_srv=1,082/s
2026-08-25 19:20:01.521 - aiperf.timing.replay_dependencies - INFO - Per-trace idle cap advanced replay root 51fe7214-2014-4807-a271-618745cc7689 by 164.925s
2026-08-25 19:20:26.520 - records_manager - INFO - [realtime 58:36 profiling]
2026-08-25 19:20:26.520 - records_manager - INFO -   rps=0.6 (avg 1.1)  tput_in=165,942/s  tput_out=1,080/s  done=3,839 ok=3,839 err=0
2026-08-25 19:20:26.521 - records_manager - INFO -   ttft    p50=  475ms  p75=   724ms  p95= 1,524ms  p99= 4,245ms
2026-08-25 19:20:26.521 - records_manager - INFO -   itl     p50=    9ms  p75=    11ms  p95=    16ms  p99=    30ms
2026-08-25 19:20:26.521 - records_manager - INFO -   e2e     p50=4,259ms  p75=10,666ms  p95=37,899ms  p99=86,774ms
2026-08-25 19:20:26.521 - records_manager - INFO -   intvty  p50=    116  p75=     135  p95=     180  p99=     503  (1/tpot tok/s)
2026-08-25 19:20:26.521 - records_manager - INFO -   isl     p50=113,596  p75= 205,960  p90= 301,306  p99= 706,352  (tokens)
2026-08-25 19:20:26.521 - records_manager - INFO -   osl     p50=    392  p75=   1,048  p90=   2,484  p99=   7,610  (tokens)
2026-08-25 19:20:26.521 - records_manager - INFO -   tot     in=581,425,844  out=3,784,696
2026-08-25 19:20:26.521 - records_manager - INFO -   trace  theoretical_prefix_cache_hit=97.5%
2026-08-25 19:20:26.521 - records_manager - INFO -   srv    prefix_cache_hit=95.9% unique_in_srv=24,130,614 ext_cache_hit=30.6% kv_usage=29.0% queue=7r/0w tput_in_srv=166,231/s tput_out_srv=1,080/s
2026-08-25 19:20:58.747 - aiperf.timing.replay_dependencies - INFO - Per-trace idle cap advanced replay root bf55af06-b8c0-4412-bfe1-69fc1f3c469b by 150.678s
2026-08-25 19:21:01.245 - records_manager - INFO - [realtime 59:11 profiling]
2026-08-25 19:21:01.246 - records_manager - INFO -   rps=0.5 (avg 1.1)  tput_in=165,980/s  tput_out=1,074/s  done=3,858 ok=3,858 err=0
2026-08-25 19:21:01.246 - records_manager - INFO -   ttft    p50=  477ms  p75=   726ms  p95= 1,540ms  p99= 4,312ms
2026-08-25 19:21:01.246 - records_manager - INFO -   itl     p50=    9ms  p75=    11ms  p95=    16ms  p99=    30ms
2026-08-25 19:21:01.246 - records_manager - INFO -   e2e     p50=4,284ms  p75=10,678ms  p95=37,915ms  p99=86,557ms
2026-08-25 19:21:01.246 - records_manager - INFO -   intvty  p50=    116  p75=     135  p95=     181  p99=     493  (1/tpot tok/s)
2026-08-25 19:21:01.246 - records_manager - INFO -   isl     p50=114,038  p75= 206,396  p90= 302,565  p99= 712,911  (tokens)
2026-08-25 19:21:01.246 - records_manager - INFO -   osl     p50=    393  p75=   1,050  p90=   2,484  p99=   7,594  (tokens)
2026-08-25 19:21:01.246 - records_manager - INFO -   tot     in=588,255,382  out=3,808,070
2026-08-25 19:21:01.246 - records_manager - INFO -   trace  theoretical_prefix_cache_hit=97.5%
2026-08-25 19:21:01.246 - records_manager - INFO -   srv    prefix_cache_hit=95.8% unique_in_srv=24,514,246 ext_cache_hit=30.8% kv_usage=10.2% queue=4r/0w tput_in_srv=166,097/s tput_out_srv=1,075/s
2026-08-25 19:21:35.814 - records_manager - INFO - [realtime 59:46 profiling]
2026-08-25 19:21:35.814 - records_manager - INFO -   rps=0.4 (avg 1.1)  tput_in=165,201/s  tput_out=1,068/s  done=3,871 ok=3,871 err=0
2026-08-25 19:21:35.814 - records_manager - INFO -   ttft    p50=  477ms  p75=   726ms  p95= 1,542ms  p99= 4,308ms
2026-08-25 19:21:35.814 - records_manager - INFO -   itl     p50=    9ms  p75=    11ms  p95=    16ms  p99=    30ms
2026-08-25 19:21:35.814 - records_manager - INFO -   e2e     p50=4,289ms  p75=10,684ms  p95=37,743ms  p99=86,408ms
2026-08-25 19:21:35.814 - records_manager - INFO -   intvty  p50=    117  p75=     135  p95=     181  p99=     529  (1/tpot tok/s)
2026-08-25 19:21:35.814 - records_manager - INFO -   isl     p50=114,091  p75= 206,586  p90= 303,012  p99= 713,782  (tokens)
2026-08-25 19:21:35.814 - records_manager - INFO -   osl     p50=    393  p75=   1,052  p90=   2,486  p99=   7,583  (tokens)
2026-08-25 19:21:35.814 - records_manager - INFO -   tot     in=591,095,962  out=3,822,346
2026-08-25 19:21:35.814 - records_manager - INFO -   trace  theoretical_prefix_cache_hit=97.5%
2026-08-25 19:21:35.814 - records_manager - INFO -   srv    prefix_cache_hit=95.8% unique_in_srv=24,790,108 ext_cache_hit=31.3% kv_usage=17.4% queue=7r/0w tput_in_srv=165,418/s tput_out_srv=1,072/s
2026-08-25 19:21:49.809 - PhaseRunner - INFO - Timeout of 3599.99722669s elapsed for event 'profiling phase sending'
2026-08-25 19:21:49.810 - PhaseRunner - NOTICE - Phase profiling (profiling) sending complete | sent=3,887, completed=3,882, in_flight=5 | sessions: sent=53, completed=31 | timeout_triggered=True
2026-08-25 19:21:49.810 - PhaseRunner - INFO - Waiting for event 'profiling phase credits returned' with timeout of 29.99928851100003s
2026-08-25 19:21:49.810 - records_manager - INFO - Sent 3,887 requests. Waiting for all to complete...
2026-08-25 19:22:10.408 - records_manager - INFO - [realtime 1:00:20 profiling]
2026-08-25 19:22:10.408 - records_manager - INFO -   rps=0.4 (avg 1.1)  tput_in=164,786/s  tput_out=1,066/s  done=3,885 ok=3,885 err=0
2026-08-25 19:22:10.408 - records_manager - INFO -   ttft    p50=  478ms  p75=   728ms  p95= 1,548ms  p99= 4,303ms
2026-08-25 19:22:10.408 - records_manager - INFO -   itl     p50=    9ms  p75=    11ms  p95=    16ms  p99=    30ms
2026-08-25 19:22:10.408 - records_manager - INFO -   e2e     p50=4,305ms  p75=10,702ms  p95=37,817ms  p99=86,248ms
2026-08-25 19:22:10.408 - records_manager - INFO -   intvty  p50=    117  p75=     136  p95=     181  p99=     549  (1/tpot tok/s)
2026-08-25 19:22:10.408 - records_manager - INFO -   isl     p50=114,232  p75= 207,050  p90= 303,211  p99= 714,067  (tokens)
2026-08-25 19:22:10.408 - records_manager - INFO -   osl     p50=    394  p75=   1,058  p90=   2,486  p99=   7,571  (tokens)
2026-08-25 19:22:10.408 - records_manager - INFO -   tot     in=594,260,068  out=3,842,852
2026-08-25 19:22:10.409 - records_manager - INFO -   trace  theoretical_prefix_cache_hit=97.5%
2026-08-25 19:22:10.409 - records_manager - INFO -   srv    prefix_cache_hit=95.8% unique_in_srv=24,956,541 ext_cache_hit=31.2% kv_usage=7.0% queue=2r/0w tput_in_srv=164,497/s tput_out_srv=1,068/s
2026-08-25 19:22:19.808 - PhaseRunner - INFO - Timeout of 29.99928851100003s elapsed for event 'profiling phase credits returned'
2026-08-25 19:22:19.808 - PhaseRunner - WARNING - Phase profiling timed out, cancelling all credits. Stats: sent=3887, completed=3887, cancelled=0, in_flight=0
2026-08-25 19:22:19.808 - PhaseRunner - INFO - Waiting for all cancelled credits to be returned for phase profiling. Need 0 more credits.
2026-08-25 19:22:19.808 - PhaseRunner - INFO - All credits already returned after cancel for phase profiling. Skipping drain wait.
2026-08-25 19:22:19.808 - PhaseRunner - INFO - All cancelled credits returned for phase profiling
2026-08-25 19:22:19.809 - PhaseRunner - NOTICE - Phase profiling (profiling) complete | completed=3,887, cancelled=0, errors=0 | sessions: completed=31, cancelled=0 | elapsed=3630.00s | grace_period_timeout=True
2026-08-25 19:22:19.809 - AgenticReplayTiming - INFO - Global system-idle cap summary: limit=10s, jumps=0, skipped=0.000s
2026-08-25 19:22:19.809 - aiperf.timing.branch_orchestrator - INFO - BranchOrchestrator stats: spawned=192 completed=162 errored=0 suspended=53 resumed=51 parents_failed_due_to_child_error=0 joins_suppressed=2 delayed=116
2026-08-25 19:22:19.809 - aiperf.timing.branch_orchestrator - WARNING - BranchOrchestrator leaked state at cleanup: 0 active_joins, 0 future_joins, 26 tracked children, 9 parents with descendants
2026-08-25 19:22:19.809 - PhaseRunner - INFO - Session-tree slots for phase profiling: peak_open=30 (target concurrency 30); released 30 still-open at teardown; late_events=0
2026-08-25 19:22:19.809 - PhaseOrchestrator_33c6d9ea - NOTICE - All credits completed
2026-08-25 19:22:19.809 - records_manager - INFO - Received CREDIT_PHASE_COMPLETE message, Phase complete: PhaseRecordsStats(phase=CreditPhase.PROFILING, phase_index=0, profiling_index=0, phase_name='profiling', phase_kind='profiling', start_ns=1787700109809623896, sent_end_ns=1787703709809850074, requests_end_ns=1787703739808971015, baseline_start_ns=1787700109809597817, baseline_end_ns=1787703739808976072, total_expected_requests=None, expected_duration_sec=None, expected_num_sessions=None, expected_grace_period_sec=None, final_requests_sent=None, final_requests_completed=3887, final_requests_cancelled=0, final_request_errors=0, final_sent_sessions=None, final_completed_sessions=None, final_cancelled_sessions=None, timeout_triggered=True, grace_period_timeout_triggered=True, was_cancelled=False, records_end_ns=None, success_records=3887, error_records=0)
2026-08-25 19:22:19.809 - records_manager - NOTICE - All requests have completed, please wait for the results to be processed (currently 3,887 of 3,887 records processed)...
2026-08-25 19:22:19.809 - system_controller - INFO - Received credits complete from 'timing_manager'
2026-08-25 19:22:19.809 - records_manager - INFO - Processed 3887 valid requests and 0 errors (3887 total).
2026-08-25 19:22:19.809 - records_manager - INFO - Received all records, processing now...
2026-08-25 19:22:19.809 - records_manager - INFO - All credits complete, please wait for the results to be processed...
2026-08-25 19:22:19.809 - server_metrics_manager - INFO - Server Metrics: Profiling complete, capturing final metrics...
2026-08-25 19:22:19.811 - records_manager - INFO - Waiting 2.0s for server metrics flush period...
2026-08-25 19:22:21.809 - records_manager - INFO - Processing records results...
2026-08-25 19:22:26.202 - records_manager - INFO - Profiling metric coverage passed for 'profiling': TTFT=99.9%, inter-token latency=100.0% (required=95.0%).
2026-08-25 19:22:27.560 - system_controller - INFO - Waiting for result domains: server_metrics
2026-08-25 19:22:31.755 - aiperf.server_metrics.export_stats - WARNING - Detected 2 counter reset(s) in counter metric. This typically indicates server restart(s) during profiling. Statistics may be inaccurate. Raw delta: 88.65
2026-08-25 19:22:33.364 - records_manager - INFO - _finalize_and_process_results completed
2026-08-25 19:22:35.034 - system_controller - INFO - All results received, initiating shutdown
2026-08-25 19:22:35.971 - ExporterManager - INFO - Exporting all records
2026-08-25 19:22:40.790 - ExporterManager - INFO - Exporting console data
