Precompiling 23 AITER sparse top-k variants
  top-k slots=1 waves=1
[aiter] [pid=3964732 pname=MainProcess] start build [module_aiter_core] under /tmp/inferencex-minimaxm3-1412/home/.aiter/jit/build/module_aiter_core
[aiter] Current hipcc not support: -mllvm -amdgpu-coerce-illegal-types=1, skip it.
[aiter] [pid=3964732 pname=MainProcess] [32mfinish build [module_aiter_core], cost 9.7s [0m
[aiter] import [module_aiter_core] under /tmp/inferencex-minimaxm3-1412/home/.aiter/jit/module_aiter_core.so
[aiter] start build /tmp/inferencex-minimaxm3-1412/home/.aiter/build/pa_sparse_block_topk_f2f457d90816b43a851577b99cdb853f_77acf8df
clang (LLVM option parsing): Unknown command line argument '-amdgpu-coerce-illegal-types=1'.  Try: 'clang (LLVM option parsing) --help'
clang (LLVM option parsing): Did you mean '--amdgpu-mode-register=1'?
failed to execute:/opt/rocm/lib/llvm/bin/clang++  --offload-arch=gfx950 --offload-arch=gfx950 --offload-arch=gfx950 --offload-arch=gfx950 --offload-arch=gfx950 --offload-arch=gfx950 --offload-arch=gfx950 --offload-arch=gfx950 -O3  -mllvm -amdgpu-coerce-illegal-types=1 -x hip -c /dev/null -o "/dev/null"
[aiter] -mllvm -amdgpu-coerce-illegal-types=1 is not supported by hipcc.
[aiter] finish build /tmp/inferencex-minimaxm3-1412/home/.aiter/build/pa_sparse_block_topk_f2f457d90816b43a851577b99cdb853f_77acf8df, cost 31.71640875s
  top-k slots=2 waves=1
[aiter] compile_template_op func_name = 'pa_sparse_block_topk_ca440897978e376b009672cf0202b8ee' with {'src_template': <Template memory:7268a3234ce0>, 'md_name': 'pa_sparse_block_topk', 'includes': ['/shared/data/R7N/andy_luo_3v7/minimaxm3-agentx/overlays/aiter-sparse-indexer-cache-fusion-545d97c-266922c/csrc/cpp_itfs/sparse_attn/pa_sparse_block_select_kernels.cuh', '/shared/data/R7N/andy_luo_3v7/minimaxm3-agentx/overlays/aiter-sparse-indexer-cache-fusion-545d97c-266922c/csrc/include', '/shared/data/R7N/andy_luo_3v7/minimaxm3-agentx/overlays/aiter-sparse-indexer-cache-fusion-545d97c-266922c/csrc/include/ck_tile/'], 'sources': [], 'cxxflags': [], 'func_name': 'pa_sparse_block_topk_ca440897978e376b009672cf0202b8ee', 'folder': 'pa_sparse_block_topk_ca440897978e376b009672cf0202b8ee_77acf8df', 'kwargs': OrderedDict({'block_size': 128, 'topk': 16, 'slots': 2, 'num_waves': 1, 'pages_per_block': 8})}...
[aiter] start build /tmp/inferencex-minimaxm3-1412/home/.aiter/build/pa_sparse_block_topk_ca440897978e376b009672cf0202b8ee_77acf8df
[aiter] finish build /tmp/inferencex-minimaxm3-1412/home/.aiter/build/pa_sparse_block_topk_ca440897978e376b009672cf0202b8ee_77acf8df, cost 2.83628414s
  top-k slots=4 waves=1
[aiter] compile_template_op func_name = 'pa_sparse_block_topk_acf34cd490864273aae6c5bc53b45926' with {'src_template': <Template memory:7268a3234ce0>, 'md_name': 'pa_sparse_block_topk', 'includes': ['/shared/data/R7N/andy_luo_3v7/minimaxm3-agentx/overlays/aiter-sparse-indexer-cache-fusion-545d97c-266922c/csrc/cpp_itfs/sparse_attn/pa_sparse_block_select_kernels.cuh', '/shared/data/R7N/andy_luo_3v7/minimaxm3-agentx/overlays/aiter-sparse-indexer-cache-fusion-545d97c-266922c/csrc/include', '/shared/data/R7N/andy_luo_3v7/minimaxm3-agentx/overlays/aiter-sparse-indexer-cache-fusion-545d97c-266922c/csrc/include/ck_tile/'], 'sources': [], 'cxxflags': [], 'func_name': 'pa_sparse_block_topk_acf34cd490864273aae6c5bc53b45926', 'folder': 'pa_sparse_block_topk_acf34cd490864273aae6c5bc53b45926_77acf8df', 'kwargs': OrderedDict({'block_size': 128, 'topk': 16, 'slots': 4, 'num_waves': 1, 'pages_per_block': 8})}...
[aiter] start build /tmp/inferencex-minimaxm3-1412/home/.aiter/build/pa_sparse_block_topk_acf34cd490864273aae6c5bc53b45926_77acf8df
[aiter] finish build /tmp/inferencex-minimaxm3-1412/home/.aiter/build/pa_sparse_block_topk_acf34cd490864273aae6c5bc53b45926_77acf8df, cost 2.33731542s
  top-k slots=4 waves=2
[aiter] compile_template_op func_name = 'pa_sparse_block_topk_141febda4a23767df17c6d9995c2c18e' with {'src_template': <Template memory:7268a3234ce0>, 'md_name': 'pa_sparse_block_topk', 'includes': ['/shared/data/R7N/andy_luo_3v7/minimaxm3-agentx/overlays/aiter-sparse-indexer-cache-fusion-545d97c-266922c/csrc/cpp_itfs/sparse_attn/pa_sparse_block_select_kernels.cuh', '/shared/data/R7N/andy_luo_3v7/minimaxm3-agentx/overlays/aiter-sparse-indexer-cache-fusion-545d97c-266922c/csrc/include', '/shared/data/R7N/andy_luo_3v7/minimaxm3-agentx/overlays/aiter-sparse-indexer-cache-fusion-545d97c-266922c/csrc/include/ck_tile/'], 'sources': [], 'cxxflags': [], 'func_name': 'pa_sparse_block_topk_141febda4a23767df17c6d9995c2c18e', 'folder': 'pa_sparse_block_topk_141febda4a23767df17c6d9995c2c18e_77acf8df', 'kwargs': OrderedDict({'block_size': 128, 'topk': 16, 'slots': 4, 'num_waves': 2, 'pages_per_block': 8})}...
[aiter] start build /tmp/inferencex-minimaxm3-1412/home/.aiter/build/pa_sparse_block_topk_141febda4a23767df17c6d9995c2c18e_77acf8df
[aiter] finish build /tmp/inferencex-minimaxm3-1412/home/.aiter/build/pa_sparse_block_topk_141febda4a23767df17c6d9995c2c18e_77acf8df, cost 2.37198293s
  top-k slots=8 waves=1
[aiter] compile_template_op func_name = 'pa_sparse_block_topk_7fd3508aef992d549dfc24debbe0c990' with {'src_template': <Template memory:7268a3234ce0>, 'md_name': 'pa_sparse_block_topk', 'includes': ['/shared/data/R7N/andy_luo_3v7/minimaxm3-agentx/overlays/aiter-sparse-indexer-cache-fusion-545d97c-266922c/csrc/cpp_itfs/sparse_attn/pa_sparse_block_select_kernels.cuh', '/shared/data/R7N/andy_luo_3v7/minimaxm3-agentx/overlays/aiter-sparse-indexer-cache-fusion-545d97c-266922c/csrc/include', '/shared/data/R7N/andy_luo_3v7/minimaxm3-agentx/overlays/aiter-sparse-indexer-cache-fusion-545d97c-266922c/csrc/include/ck_tile/'], 'sources': [], 'cxxflags': [], 'func_name': 'pa_sparse_block_topk_7fd3508aef992d549dfc24debbe0c990', 'folder': 'pa_sparse_block_topk_7fd3508aef992d549dfc24debbe0c990_77acf8df', 'kwargs': OrderedDict({'block_size': 128, 'topk': 16, 'slots': 8, 'num_waves': 1, 'pages_per_block': 8})}...
[aiter] start build /tmp/inferencex-minimaxm3-1412/home/.aiter/build/pa_sparse_block_topk_7fd3508aef992d549dfc24debbe0c990_77acf8df
[aiter] finish build /tmp/inferencex-minimaxm3-1412/home/.aiter/build/pa_sparse_block_topk_7fd3508aef992d549dfc24debbe0c990_77acf8df, cost 2.39066693s
  top-k slots=8 waves=2
[aiter] compile_template_op func_name = 'pa_sparse_block_topk_2526ca830bdd2cc1bbd8fd5125b93dc4' with {'src_template': <Template memory:7268a3234ce0>, 'md_name': 'pa_sparse_block_topk', 'includes': ['/shared/data/R7N/andy_luo_3v7/minimaxm3-agentx/overlays/aiter-sparse-indexer-cache-fusion-545d97c-266922c/csrc/cpp_itfs/sparse_attn/pa_sparse_block_select_kernels.cuh', '/shared/data/R7N/andy_luo_3v7/minimaxm3-agentx/overlays/aiter-sparse-indexer-cache-fusion-545d97c-266922c/csrc/include', '/shared/data/R7N/andy_luo_3v7/minimaxm3-agentx/overlays/aiter-sparse-indexer-cache-fusion-545d97c-266922c/csrc/include/ck_tile/'], 'sources': [], 'cxxflags': [], 'func_name': 'pa_sparse_block_topk_2526ca830bdd2cc1bbd8fd5125b93dc4', 'folder': 'pa_sparse_block_topk_2526ca830bdd2cc1bbd8fd5125b93dc4_77acf8df', 'kwargs': OrderedDict({'block_size': 128, 'topk': 16, 'slots': 8, 'num_waves': 2, 'pages_per_block': 8})}...
[aiter] start build /tmp/inferencex-minimaxm3-1412/home/.aiter/build/pa_sparse_block_topk_2526ca830bdd2cc1bbd8fd5125b93dc4_77acf8df
[aiter] finish build /tmp/inferencex-minimaxm3-1412/home/.aiter/build/pa_sparse_block_topk_2526ca830bdd2cc1bbd8fd5125b93dc4_77acf8df, cost 2.37711765s
  top-k slots=8 waves=4
[aiter] compile_template_op func_name = 'pa_sparse_block_topk_40e796de500a8448c6dd66f96f47b805' with {'src_template': <Template memory:7268a3234ce0>, 'md_name': 'pa_sparse_block_topk', 'includes': ['/shared/data/R7N/andy_luo_3v7/minimaxm3-agentx/overlays/aiter-sparse-indexer-cache-fusion-545d97c-266922c/csrc/cpp_itfs/sparse_attn/pa_sparse_block_select_kernels.cuh', '/shared/data/R7N/andy_luo_3v7/minimaxm3-agentx/overlays/aiter-sparse-indexer-cache-fusion-545d97c-266922c/csrc/include', '/shared/data/R7N/andy_luo_3v7/minimaxm3-agentx/overlays/aiter-sparse-indexer-cache-fusion-545d97c-266922c/csrc/include/ck_tile/'], 'sources': [], 'cxxflags': [], 'func_name': 'pa_sparse_block_topk_40e796de500a8448c6dd66f96f47b805', 'folder': 'pa_sparse_block_topk_40e796de500a8448c6dd66f96f47b805_77acf8df', 'kwargs': OrderedDict({'block_size': 128, 'topk': 16, 'slots': 8, 'num_waves': 4, 'pages_per_block': 8})}...
[aiter] start build /tmp/inferencex-minimaxm3-1412/home/.aiter/build/pa_sparse_block_topk_40e796de500a8448c6dd66f96f47b805_77acf8df
[aiter] finish build /tmp/inferencex-minimaxm3-1412/home/.aiter/build/pa_sparse_block_topk_40e796de500a8448c6dd66f96f47b805_77acf8df, cost 2.42209077s
  top-k slots=16 waves=1
[aiter] compile_template_op func_name = 'pa_sparse_block_topk_26c80d61287b4f3ec0e4343ebc62f150' with {'src_template': <Template memory:7268a3234ce0>, 'md_name': 'pa_sparse_block_topk', 'includes': ['/shared/data/R7N/andy_luo_3v7/minimaxm3-agentx/overlays/aiter-sparse-indexer-cache-fusion-545d97c-266922c/csrc/cpp_itfs/sparse_attn/pa_sparse_block_select_kernels.cuh', '/shared/data/R7N/andy_luo_3v7/minimaxm3-agentx/overlays/aiter-sparse-indexer-cache-fusion-545d97c-266922c/csrc/include', '/shared/data/R7N/andy_luo_3v7/minimaxm3-agentx/overlays/aiter-sparse-indexer-cache-fusion-545d97c-266922c/csrc/include/ck_tile/'], 'sources': [], 'cxxflags': [], 'func_name': 'pa_sparse_block_topk_26c80d61287b4f3ec0e4343ebc62f150', 'folder': 'pa_sparse_block_topk_26c80d61287b4f3ec0e4343ebc62f150_77acf8df', 'kwargs': OrderedDict({'block_size': 128, 'topk': 16, 'slots': 16, 'num_waves': 1, 'pages_per_block': 8})}...
[aiter] start build /tmp/inferencex-minimaxm3-1412/home/.aiter/build/pa_sparse_block_topk_26c80d61287b4f3ec0e4343ebc62f150_77acf8df
[aiter] finish build /tmp/inferencex-minimaxm3-1412/home/.aiter/build/pa_sparse_block_topk_26c80d61287b4f3ec0e4343ebc62f150_77acf8df, cost 2.41368623s
  top-k slots=16 waves=2
[aiter] compile_template_op func_name = 'pa_sparse_block_topk_49274e4243cbc0021bb2280dba5ae99c' with {'src_template': <Template memory:7268a3234ce0>, 'md_name': 'pa_sparse_block_topk', 'includes': ['/shared/data/R7N/andy_luo_3v7/minimaxm3-agentx/overlays/aiter-sparse-indexer-cache-fusion-545d97c-266922c/csrc/cpp_itfs/sparse_attn/pa_sparse_block_select_kernels.cuh', '/shared/data/R7N/andy_luo_3v7/minimaxm3-agentx/overlays/aiter-sparse-indexer-cache-fusion-545d97c-266922c/csrc/include', '/shared/data/R7N/andy_luo_3v7/minimaxm3-agentx/overlays/aiter-sparse-indexer-cache-fusion-545d97c-266922c/csrc/include/ck_tile/'], 'sources': [], 'cxxflags': [], 'func_name': 'pa_sparse_block_topk_49274e4243cbc0021bb2280dba5ae99c', 'folder': 'pa_sparse_block_topk_49274e4243cbc0021bb2280dba5ae99c_77acf8df', 'kwargs': OrderedDict({'block_size': 128, 'topk': 16, 'slots': 16, 'num_waves': 2, 'pages_per_block': 8})}...
[aiter] start build /tmp/inferencex-minimaxm3-1412/home/.aiter/build/pa_sparse_block_topk_49274e4243cbc0021bb2280dba5ae99c_77acf8df
[aiter] finish build /tmp/inferencex-minimaxm3-1412/home/.aiter/build/pa_sparse_block_topk_49274e4243cbc0021bb2280dba5ae99c_77acf8df, cost 2.49387917s
  top-k slots=16 waves=4
[aiter] compile_template_op func_name = 'pa_sparse_block_topk_d95381ff6d11c6228c2cbfb2381542e5' with {'src_template': <Template memory:7268a3234ce0>, 'md_name': 'pa_sparse_block_topk', 'includes': ['/shared/data/R7N/andy_luo_3v7/minimaxm3-agentx/overlays/aiter-sparse-indexer-cache-fusion-545d97c-266922c/csrc/cpp_itfs/sparse_attn/pa_sparse_block_select_kernels.cuh', '/shared/data/R7N/andy_luo_3v7/minimaxm3-agentx/overlays/aiter-sparse-indexer-cache-fusion-545d97c-266922c/csrc/include', '/shared/data/R7N/andy_luo_3v7/minimaxm3-agentx/overlays/aiter-sparse-indexer-cache-fusion-545d97c-266922c/csrc/include/ck_tile/'], 'sources': [], 'cxxflags': [], 'func_name': 'pa_sparse_block_topk_d95381ff6d11c6228c2cbfb2381542e5', 'folder': 'pa_sparse_block_topk_d95381ff6d11c6228c2cbfb2381542e5_77acf8df', 'kwargs': OrderedDict({'block_size': 128, 'topk': 16, 'slots': 16, 'num_waves': 4, 'pages_per_block': 8})}...
[aiter] start build /tmp/inferencex-minimaxm3-1412/home/.aiter/build/pa_sparse_block_topk_d95381ff6d11c6228c2cbfb2381542e5_77acf8df
[aiter] finish build /tmp/inferencex-minimaxm3-1412/home/.aiter/build/pa_sparse_block_topk_d95381ff6d11c6228c2cbfb2381542e5_77acf8df, cost 2.37932570s
  top-k slots=16 waves=8
[aiter] compile_template_op func_name = 'pa_sparse_block_topk_4d86fb2115622fb33beae050c761474d' with {'src_template': <Template memory:7268a3234ce0>, 'md_name': 'pa_sparse_block_topk', 'includes': ['/shared/data/R7N/andy_luo_3v7/minimaxm3-agentx/overlays/aiter-sparse-indexer-cache-fusion-545d97c-266922c/csrc/cpp_itfs/sparse_attn/pa_sparse_block_select_kernels.cuh', '/shared/data/R7N/andy_luo_3v7/minimaxm3-agentx/overlays/aiter-sparse-indexer-cache-fusion-545d97c-266922c/csrc/include', '/shared/data/R7N/andy_luo_3v7/minimaxm3-agentx/overlays/aiter-sparse-indexer-cache-fusion-545d97c-266922c/csrc/include/ck_tile/'], 'sources': [], 'cxxflags': [], 'func_name': 'pa_sparse_block_topk_4d86fb2115622fb33beae050c761474d', 'folder': 'pa_sparse_block_topk_4d86fb2115622fb33beae050c761474d_77acf8df', 'kwargs': OrderedDict({'block_size': 128, 'topk': 16, 'slots': 16, 'num_waves': 8, 'pages_per_block': 8})}...
[aiter] start build /tmp/inferencex-minimaxm3-1412/home/.aiter/build/pa_sparse_block_topk_4d86fb2115622fb33beae050c761474d_77acf8df
[aiter] finish build /tmp/inferencex-minimaxm3-1412/home/.aiter/build/pa_sparse_block_topk_4d86fb2115622fb33beae050c761474d_77acf8df, cost 2.41439281s
  top-k slots=32 waves=1
[aiter] compile_template_op func_name = 'pa_sparse_block_topk_a91aaf90fc66c204e0a7b936dcf1f9a4' with {'src_template': <Template memory:7268a3234ce0>, 'md_name': 'pa_sparse_block_topk', 'includes': ['/shared/data/R7N/andy_luo_3v7/minimaxm3-agentx/overlays/aiter-sparse-indexer-cache-fusion-545d97c-266922c/csrc/cpp_itfs/sparse_attn/pa_sparse_block_select_kernels.cuh', '/shared/data/R7N/andy_luo_3v7/minimaxm3-agentx/overlays/aiter-sparse-indexer-cache-fusion-545d97c-266922c/csrc/include', '/shared/data/R7N/andy_luo_3v7/minimaxm3-agentx/overlays/aiter-sparse-indexer-cache-fusion-545d97c-266922c/csrc/include/ck_tile/'], 'sources': [], 'cxxflags': [], 'func_name': 'pa_sparse_block_topk_a91aaf90fc66c204e0a7b936dcf1f9a4', 'folder': 'pa_sparse_block_topk_a91aaf90fc66c204e0a7b936dcf1f9a4_77acf8df', 'kwargs': OrderedDict({'block_size': 128, 'topk': 16, 'slots': 32, 'num_waves': 1, 'pages_per_block': 8})}...
[aiter] start build /tmp/inferencex-minimaxm3-1412/home/.aiter/build/pa_sparse_block_topk_a91aaf90fc66c204e0a7b936dcf1f9a4_77acf8df
[aiter] finish build /tmp/inferencex-minimaxm3-1412/home/.aiter/build/pa_sparse_block_topk_a91aaf90fc66c204e0a7b936dcf1f9a4_77acf8df, cost 2.50442277s
  top-k slots=32 waves=2
[aiter] compile_template_op func_name = 'pa_sparse_block_topk_a47a5abad39a9b15799572289cd2ad94' with {'src_template': <Template memory:7268a3234ce0>, 'md_name': 'pa_sparse_block_topk', 'includes': ['/shared/data/R7N/andy_luo_3v7/minimaxm3-agentx/overlays/aiter-sparse-indexer-cache-fusion-545d97c-266922c/csrc/cpp_itfs/sparse_attn/pa_sparse_block_select_kernels.cuh', '/shared/data/R7N/andy_luo_3v7/minimaxm3-agentx/overlays/aiter-sparse-indexer-cache-fusion-545d97c-266922c/csrc/include', '/shared/data/R7N/andy_luo_3v7/minimaxm3-agentx/overlays/aiter-sparse-indexer-cache-fusion-545d97c-266922c/csrc/include/ck_tile/'], 'sources': [], 'cxxflags': [], 'func_name': 'pa_sparse_block_topk_a47a5abad39a9b15799572289cd2ad94', 'folder': 'pa_sparse_block_topk_a47a5abad39a9b15799572289cd2ad94_77acf8df', 'kwargs': OrderedDict({'block_size': 128, 'topk': 16, 'slots': 32, 'num_waves': 2, 'pages_per_block': 8})}...
[aiter] start build /tmp/inferencex-minimaxm3-1412/home/.aiter/build/pa_sparse_block_topk_a47a5abad39a9b15799572289cd2ad94_77acf8df
[aiter] finish build /tmp/inferencex-minimaxm3-1412/home/.aiter/build/pa_sparse_block_topk_a47a5abad39a9b15799572289cd2ad94_77acf8df, cost 2.42944602s
  top-k slots=32 waves=4
[aiter] compile_template_op func_name = 'pa_sparse_block_topk_aaf045ab52ceceb4330f4f070b33ee4b' with {'src_template': <Template memory:7268a3234ce0>, 'md_name': 'pa_sparse_block_topk', 'includes': ['/shared/data/R7N/andy_luo_3v7/minimaxm3-agentx/overlays/aiter-sparse-indexer-cache-fusion-545d97c-266922c/csrc/cpp_itfs/sparse_attn/pa_sparse_block_select_kernels.cuh', '/shared/data/R7N/andy_luo_3v7/minimaxm3-agentx/overlays/aiter-sparse-indexer-cache-fusion-545d97c-266922c/csrc/include', '/shared/data/R7N/andy_luo_3v7/minimaxm3-agentx/overlays/aiter-sparse-indexer-cache-fusion-545d97c-266922c/csrc/include/ck_tile/'], 'sources': [], 'cxxflags': [], 'func_name': 'pa_sparse_block_topk_aaf045ab52ceceb4330f4f070b33ee4b', 'folder': 'pa_sparse_block_topk_aaf045ab52ceceb4330f4f070b33ee4b_77acf8df', 'kwargs': OrderedDict({'block_size': 128, 'topk': 16, 'slots': 32, 'num_waves': 4, 'pages_per_block': 8})}...
[aiter] start build /tmp/inferencex-minimaxm3-1412/home/.aiter/build/pa_sparse_block_topk_aaf045ab52ceceb4330f4f070b33ee4b_77acf8df
[aiter] finish build /tmp/inferencex-minimaxm3-1412/home/.aiter/build/pa_sparse_block_topk_aaf045ab52ceceb4330f4f070b33ee4b_77acf8df, cost 2.43574390s
  top-k slots=32 waves=8
[aiter] compile_template_op func_name = 'pa_sparse_block_topk_e6fd078e78264080f8f95684382a4260' with {'src_template': <Template memory:7268a3234ce0>, 'md_name': 'pa_sparse_block_topk', 'includes': ['/shared/data/R7N/andy_luo_3v7/minimaxm3-agentx/overlays/aiter-sparse-indexer-cache-fusion-545d97c-266922c/csrc/cpp_itfs/sparse_attn/pa_sparse_block_select_kernels.cuh', '/shared/data/R7N/andy_luo_3v7/minimaxm3-agentx/overlays/aiter-sparse-indexer-cache-fusion-545d97c-266922c/csrc/include', '/shared/data/R7N/andy_luo_3v7/minimaxm3-agentx/overlays/aiter-sparse-indexer-cache-fusion-545d97c-266922c/csrc/include/ck_tile/'], 'sources': [], 'cxxflags': [], 'func_name': 'pa_sparse_block_topk_e6fd078e78264080f8f95684382a4260', 'folder': 'pa_sparse_block_topk_e6fd078e78264080f8f95684382a4260_77acf8df', 'kwargs': OrderedDict({'block_size': 128, 'topk': 16, 'slots': 32, 'num_waves': 8, 'pages_per_block': 8})}...
[aiter] start build /tmp/inferencex-minimaxm3-1412/home/.aiter/build/pa_sparse_block_topk_e6fd078e78264080f8f95684382a4260_77acf8df
[aiter] finish build /tmp/inferencex-minimaxm3-1412/home/.aiter/build/pa_sparse_block_topk_e6fd078e78264080f8f95684382a4260_77acf8df, cost 2.37092019s
  top-k slots=64 waves=1
[aiter] compile_template_op func_name = 'pa_sparse_block_topk_6f0b7dac6a99206b1929ed6551dc3c56' with {'src_template': <Template memory:7268a3234ce0>, 'md_name': 'pa_sparse_block_topk', 'includes': ['/shared/data/R7N/andy_luo_3v7/minimaxm3-agentx/overlays/aiter-sparse-indexer-cache-fusion-545d97c-266922c/csrc/cpp_itfs/sparse_attn/pa_sparse_block_select_kernels.cuh', '/shared/data/R7N/andy_luo_3v7/minimaxm3-agentx/overlays/aiter-sparse-indexer-cache-fusion-545d97c-266922c/csrc/include', '/shared/data/R7N/andy_luo_3v7/minimaxm3-agentx/overlays/aiter-sparse-indexer-cache-fusion-545d97c-266922c/csrc/include/ck_tile/'], 'sources': [], 'cxxflags': [], 'func_name': 'pa_sparse_block_topk_6f0b7dac6a99206b1929ed6551dc3c56', 'folder': 'pa_sparse_block_topk_6f0b7dac6a99206b1929ed6551dc3c56_77acf8df', 'kwargs': OrderedDict({'block_size': 128, 'topk': 16, 'slots': 64, 'num_waves': 1, 'pages_per_block': 8})}...
[aiter] start build /tmp/inferencex-minimaxm3-1412/home/.aiter/build/pa_sparse_block_topk_6f0b7dac6a99206b1929ed6551dc3c56_77acf8df
[aiter] finish build /tmp/inferencex-minimaxm3-1412/home/.aiter/build/pa_sparse_block_topk_6f0b7dac6a99206b1929ed6551dc3c56_77acf8df, cost 2.53276565s
  top-k slots=64 waves=2
[aiter] compile_template_op func_name = 'pa_sparse_block_topk_ea576546bb3099348a83c48d8e21184c' with {'src_template': <Template memory:7268a3234ce0>, 'md_name': 'pa_sparse_block_topk', 'includes': ['/shared/data/R7N/andy_luo_3v7/minimaxm3-agentx/overlays/aiter-sparse-indexer-cache-fusion-545d97c-266922c/csrc/cpp_itfs/sparse_attn/pa_sparse_block_select_kernels.cuh', '/shared/data/R7N/andy_luo_3v7/minimaxm3-agentx/overlays/aiter-sparse-indexer-cache-fusion-545d97c-266922c/csrc/include', '/shared/data/R7N/andy_luo_3v7/minimaxm3-agentx/overlays/aiter-sparse-indexer-cache-fusion-545d97c-266922c/csrc/include/ck_tile/'], 'sources': [], 'cxxflags': [], 'func_name': 'pa_sparse_block_topk_ea576546bb3099348a83c48d8e21184c', 'folder': 'pa_sparse_block_topk_ea576546bb3099348a83c48d8e21184c_77acf8df', 'kwargs': OrderedDict({'block_size': 128, 'topk': 16, 'slots': 64, 'num_waves': 2, 'pages_per_block': 8})}...
[aiter] start build /tmp/inferencex-minimaxm3-1412/home/.aiter/build/pa_sparse_block_topk_ea576546bb3099348a83c48d8e21184c_77acf8df
[aiter] finish build /tmp/inferencex-minimaxm3-1412/home/.aiter/build/pa_sparse_block_topk_ea576546bb3099348a83c48d8e21184c_77acf8df, cost 2.39633155s
  top-k slots=64 waves=4
[aiter] compile_template_op func_name = 'pa_sparse_block_topk_710cb450944328ce4ab904200cf78a47' with {'src_template': <Template memory:7268a3234ce0>, 'md_name': 'pa_sparse_block_topk', 'includes': ['/shared/data/R7N/andy_luo_3v7/minimaxm3-agentx/overlays/aiter-sparse-indexer-cache-fusion-545d97c-266922c/csrc/cpp_itfs/sparse_attn/pa_sparse_block_select_kernels.cuh', '/shared/data/R7N/andy_luo_3v7/minimaxm3-agentx/overlays/aiter-sparse-indexer-cache-fusion-545d97c-266922c/csrc/include', '/shared/data/R7N/andy_luo_3v7/minimaxm3-agentx/overlays/aiter-sparse-indexer-cache-fusion-545d97c-266922c/csrc/include/ck_tile/'], 'sources': [], 'cxxflags': [], 'func_name': 'pa_sparse_block_topk_710cb450944328ce4ab904200cf78a47', 'folder': 'pa_sparse_block_topk_710cb450944328ce4ab904200cf78a47_77acf8df', 'kwargs': OrderedDict({'block_size': 128, 'topk': 16, 'slots': 64, 'num_waves': 4, 'pages_per_block': 8})}...
[aiter] start build /tmp/inferencex-minimaxm3-1412/home/.aiter/build/pa_sparse_block_topk_710cb450944328ce4ab904200cf78a47_77acf8df
[aiter] finish build /tmp/inferencex-minimaxm3-1412/home/.aiter/build/pa_sparse_block_topk_710cb450944328ce4ab904200cf78a47_77acf8df, cost 2.38667102s
  top-k slots=64 waves=8
[aiter] compile_template_op func_name = 'pa_sparse_block_topk_c5ffb2a2d564070d0f8bffbb2d1a5847' with {'src_template': <Template memory:7268a3234ce0>, 'md_name': 'pa_sparse_block_topk', 'includes': ['/shared/data/R7N/andy_luo_3v7/minimaxm3-agentx/overlays/aiter-sparse-indexer-cache-fusion-545d97c-266922c/csrc/cpp_itfs/sparse_attn/pa_sparse_block_select_kernels.cuh', '/shared/data/R7N/andy_luo_3v7/minimaxm3-agentx/overlays/aiter-sparse-indexer-cache-fusion-545d97c-266922c/csrc/include', '/shared/data/R7N/andy_luo_3v7/minimaxm3-agentx/overlays/aiter-sparse-indexer-cache-fusion-545d97c-266922c/csrc/include/ck_tile/'], 'sources': [], 'cxxflags': [], 'func_name': 'pa_sparse_block_topk_c5ffb2a2d564070d0f8bffbb2d1a5847', 'folder': 'pa_sparse_block_topk_c5ffb2a2d564070d0f8bffbb2d1a5847_77acf8df', 'kwargs': OrderedDict({'block_size': 128, 'topk': 16, 'slots': 64, 'num_waves': 8, 'pages_per_block': 8})}...
[aiter] start build /tmp/inferencex-minimaxm3-1412/home/.aiter/build/pa_sparse_block_topk_c5ffb2a2d564070d0f8bffbb2d1a5847_77acf8df
[aiter] finish build /tmp/inferencex-minimaxm3-1412/home/.aiter/build/pa_sparse_block_topk_c5ffb2a2d564070d0f8bffbb2d1a5847_77acf8df, cost 2.40923450s
  top-k slots=128 waves=1
[aiter] compile_template_op func_name = 'pa_sparse_block_topk_ea1b4f600243d2e753b80e357c50b23e' with {'src_template': <Template memory:7268a3234ce0>, 'md_name': 'pa_sparse_block_topk', 'includes': ['/shared/data/R7N/andy_luo_3v7/minimaxm3-agentx/overlays/aiter-sparse-indexer-cache-fusion-545d97c-266922c/csrc/cpp_itfs/sparse_attn/pa_sparse_block_select_kernels.cuh', '/shared/data/R7N/andy_luo_3v7/minimaxm3-agentx/overlays/aiter-sparse-indexer-cache-fusion-545d97c-266922c/csrc/include', '/shared/data/R7N/andy_luo_3v7/minimaxm3-agentx/overlays/aiter-sparse-indexer-cache-fusion-545d97c-266922c/csrc/include/ck_tile/'], 'sources': [], 'cxxflags': [], 'func_name': 'pa_sparse_block_topk_ea1b4f600243d2e753b80e357c50b23e', 'folder': 'pa_sparse_block_topk_ea1b4f600243d2e753b80e357c50b23e_77acf8df', 'kwargs': OrderedDict({'block_size': 128, 'topk': 16, 'slots': 128, 'num_waves': 1, 'pages_per_block': 8})}...
[aiter] start build /tmp/inferencex-minimaxm3-1412/home/.aiter/build/pa_sparse_block_topk_ea1b4f600243d2e753b80e357c50b23e_77acf8df
[aiter] finish build /tmp/inferencex-minimaxm3-1412/home/.aiter/build/pa_sparse_block_topk_ea1b4f600243d2e753b80e357c50b23e_77acf8df, cost 2.73625388s
  top-k slots=128 waves=2
[aiter] compile_template_op func_name = 'pa_sparse_block_topk_7ea18e0e5eef7735323600cc003fe250' with {'src_template': <Template memory:7268a3234ce0>, 'md_name': 'pa_sparse_block_topk', 'includes': ['/shared/data/R7N/andy_luo_3v7/minimaxm3-agentx/overlays/aiter-sparse-indexer-cache-fusion-545d97c-266922c/csrc/cpp_itfs/sparse_attn/pa_sparse_block_select_kernels.cuh', '/shared/data/R7N/andy_luo_3v7/minimaxm3-agentx/overlays/aiter-sparse-indexer-cache-fusion-545d97c-266922c/csrc/include', '/shared/data/R7N/andy_luo_3v7/minimaxm3-agentx/overlays/aiter-sparse-indexer-cache-fusion-545d97c-266922c/csrc/include/ck_tile/'], 'sources': [], 'cxxflags': [], 'func_name': 'pa_sparse_block_topk_7ea18e0e5eef7735323600cc003fe250', 'folder': 'pa_sparse_block_topk_7ea18e0e5eef7735323600cc003fe250_77acf8df', 'kwargs': OrderedDict({'block_size': 128, 'topk': 16, 'slots': 128, 'num_waves': 2, 'pages_per_block': 8})}...
[aiter] start build /tmp/inferencex-minimaxm3-1412/home/.aiter/build/pa_sparse_block_topk_7ea18e0e5eef7735323600cc003fe250_77acf8df
[aiter] finish build /tmp/inferencex-minimaxm3-1412/home/.aiter/build/pa_sparse_block_topk_7ea18e0e5eef7735323600cc003fe250_77acf8df, cost 2.52270699s
  top-k slots=128 waves=4
[aiter] compile_template_op func_name = 'pa_sparse_block_topk_ba29094d64c345dbcf76712283c4c9b9' with {'src_template': <Template memory:7268a3234ce0>, 'md_name': 'pa_sparse_block_topk', 'includes': ['/shared/data/R7N/andy_luo_3v7/minimaxm3-agentx/overlays/aiter-sparse-indexer-cache-fusion-545d97c-266922c/csrc/cpp_itfs/sparse_attn/pa_sparse_block_select_kernels.cuh', '/shared/data/R7N/andy_luo_3v7/minimaxm3-agentx/overlays/aiter-sparse-indexer-cache-fusion-545d97c-266922c/csrc/include', '/shared/data/R7N/andy_luo_3v7/minimaxm3-agentx/overlays/aiter-sparse-indexer-cache-fusion-545d97c-266922c/csrc/include/ck_tile/'], 'sources': [], 'cxxflags': [], 'func_name': 'pa_sparse_block_topk_ba29094d64c345dbcf76712283c4c9b9', 'folder': 'pa_sparse_block_topk_ba29094d64c345dbcf76712283c4c9b9_77acf8df', 'kwargs': OrderedDict({'block_size': 128, 'topk': 16, 'slots': 128, 'num_waves': 4, 'pages_per_block': 8})}...
[aiter] start build /tmp/inferencex-minimaxm3-1412/home/.aiter/build/pa_sparse_block_topk_ba29094d64c345dbcf76712283c4c9b9_77acf8df
[aiter] finish build /tmp/inferencex-minimaxm3-1412/home/.aiter/build/pa_sparse_block_topk_ba29094d64c345dbcf76712283c4c9b9_77acf8df, cost 2.42271973s
  top-k slots=128 waves=8
[aiter] compile_template_op func_name = 'pa_sparse_block_topk_ad22426619f62325b9c054225a90fa49' with {'src_template': <Template memory:7268a3234ce0>, 'md_name': 'pa_sparse_block_topk', 'includes': ['/shared/data/R7N/andy_luo_3v7/minimaxm3-agentx/overlays/aiter-sparse-indexer-cache-fusion-545d97c-266922c/csrc/cpp_itfs/sparse_attn/pa_sparse_block_select_kernels.cuh', '/shared/data/R7N/andy_luo_3v7/minimaxm3-agentx/overlays/aiter-sparse-indexer-cache-fusion-545d97c-266922c/csrc/include', '/shared/data/R7N/andy_luo_3v7/minimaxm3-agentx/overlays/aiter-sparse-indexer-cache-fusion-545d97c-266922c/csrc/include/ck_tile/'], 'sources': [], 'cxxflags': [], 'func_name': 'pa_sparse_block_topk_ad22426619f62325b9c054225a90fa49', 'folder': 'pa_sparse_block_topk_ad22426619f62325b9c054225a90fa49_77acf8df', 'kwargs': OrderedDict({'block_size': 128, 'topk': 16, 'slots': 128, 'num_waves': 8, 'pages_per_block': 8})}...
[aiter] start build /tmp/inferencex-minimaxm3-1412/home/.aiter/build/pa_sparse_block_topk_ad22426619f62325b9c054225a90fa49_77acf8df
[aiter] finish build /tmp/inferencex-minimaxm3-1412/home/.aiter/build/pa_sparse_block_topk_ad22426619f62325b9c054225a90fa49_77acf8df, cost 2.35517157s
  score-decode waves=1 q_tiles=1
[aiter] compile_template_op func_name = 'pa_sparse_block_score_decode_b5e7f76efa629ab3e994fb1821f74bcc' with {'src_template': <Template memory:7268a3274830>, 'md_name': 'pa_sparse_block_score_decode', 'includes': ['/shared/data/R7N/andy_luo_3v7/minimaxm3-agentx/overlays/aiter-sparse-indexer-cache-fusion-545d97c-266922c/csrc/cpp_itfs/sparse_attn/pa_sparse_block_select_kernels.cuh', '/shared/data/R7N/andy_luo_3v7/minimaxm3-agentx/overlays/aiter-sparse-indexer-cache-fusion-545d97c-266922c/csrc/include', '/shared/data/R7N/andy_luo_3v7/minimaxm3-agentx/overlays/aiter-sparse-indexer-cache-fusion-545d97c-266922c/csrc/include/ck_tile/'], 'sources': [], 'cxxflags': ['-mllvm -amdgpu-mfma-vgpr-form=1'], 'func_name': 'pa_sparse_block_score_decode_b5e7f76efa629ab3e994fb1821f74bcc', 'folder': 'pa_sparse_block_score_decode_a3296555132891089f84d2f9be095ed1_77acf8df', 'kwargs': OrderedDict({'block_size': 128, 'head_dim': 128, 'num_idx_heads': 1, 'num_waves': 1, 'q_tiles': 1, 'prefetch': 8, 'non_temporal': 'false'})}...
[aiter] start build /tmp/inferencex-minimaxm3-1412/home/.aiter/build/pa_sparse_block_score_decode_a3296555132891089f84d2f9be095ed1_77acf8df
[aiter] finish build /tmp/inferencex-minimaxm3-1412/home/.aiter/build/pa_sparse_block_score_decode_a3296555132891089f84d2f9be095ed1_77acf8df, cost 2.95163855s
  score-decode waves=2 q_tiles=1
[aiter] compile_template_op func_name = 'pa_sparse_block_score_decode_4aca51e16ad93621cb5aedb58f9ce7d8' with {'src_template': <Template memory:7268a3274830>, 'md_name': 'pa_sparse_block_score_decode', 'includes': ['/shared/data/R7N/andy_luo_3v7/minimaxm3-agentx/overlays/aiter-sparse-indexer-cache-fusion-545d97c-266922c/csrc/cpp_itfs/sparse_attn/pa_sparse_block_select_kernels.cuh', '/shared/data/R7N/andy_luo_3v7/minimaxm3-agentx/overlays/aiter-sparse-indexer-cache-fusion-545d97c-266922c/csrc/include', '/shared/data/R7N/andy_luo_3v7/minimaxm3-agentx/overlays/aiter-sparse-indexer-cache-fusion-545d97c-266922c/csrc/include/ck_tile/'], 'sources': [], 'cxxflags': ['-mllvm -amdgpu-mfma-vgpr-form=1'], 'func_name': 'pa_sparse_block_score_decode_4aca51e16ad93621cb5aedb58f9ce7d8', 'folder': 'pa_sparse_block_score_decode_be7824a80454cac2ed9cc78bfdf61057_77acf8df', 'kwargs': OrderedDict({'block_size': 128, 'head_dim': 128, 'num_idx_heads': 1, 'num_waves': 2, 'q_tiles': 1, 'prefetch': 8, 'non_temporal': 'false'})}...
[aiter] start build /tmp/inferencex-minimaxm3-1412/home/.aiter/build/pa_sparse_block_score_decode_be7824a80454cac2ed9cc78bfdf61057_77acf8df
[aiter] finish build /tmp/inferencex-minimaxm3-1412/home/.aiter/build/pa_sparse_block_score_decode_be7824a80454cac2ed9cc78bfdf61057_77acf8df, cost 2.40118629s
  score-decode waves=4 q_tiles=1
[aiter] compile_template_op func_name = 'pa_sparse_block_score_decode_e77773b9e98a6959a86599d0b1b32b36' with {'src_template': <Template memory:7268a3274830>, 'md_name': 'pa_sparse_block_score_decode', 'includes': ['/shared/data/R7N/andy_luo_3v7/minimaxm3-agentx/overlays/aiter-sparse-indexer-cache-fusion-545d97c-266922c/csrc/cpp_itfs/sparse_attn/pa_sparse_block_select_kernels.cuh', '/shared/data/R7N/andy_luo_3v7/minimaxm3-agentx/overlays/aiter-sparse-indexer-cache-fusion-545d97c-266922c/csrc/include', '/shared/data/R7N/andy_luo_3v7/minimaxm3-agentx/overlays/aiter-sparse-indexer-cache-fusion-545d97c-266922c/csrc/include/ck_tile/'], 'sources': [], 'cxxflags': ['-mllvm -amdgpu-mfma-vgpr-form=1'], 'func_name': 'pa_sparse_block_score_decode_e77773b9e98a6959a86599d0b1b32b36', 'folder': 'pa_sparse_block_score_decode_e931eb22d09937c61fe009f1749a7b94_77acf8df', 'kwargs': OrderedDict({'block_size': 128, 'head_dim': 128, 'num_idx_heads': 1, 'num_waves': 4, 'q_tiles': 1, 'prefetch': 8, 'non_temporal': 'false'})}...
[aiter] start build /tmp/inferencex-minimaxm3-1412/home/.aiter/build/pa_sparse_block_score_decode_e931eb22d09937c61fe009f1749a7b94_77acf8df
[aiter] finish build /tmp/inferencex-minimaxm3-1412/home/.aiter/build/pa_sparse_block_score_decode_e931eb22d09937c61fe009f1749a7b94_77acf8df, cost 2.36672066s
  score-prefill waves=4 q_tiles=1
[aiter] compile_template_op func_name = 'pa_sparse_block_score_prefill_251ea0a341a15b3dc6ede6b9ae4ca663' with {'src_template': <Template memory:7268a3273470>, 'md_name': 'pa_sparse_block_score_prefill', 'includes': ['/shared/data/R7N/andy_luo_3v7/minimaxm3-agentx/overlays/aiter-sparse-indexer-cache-fusion-545d97c-266922c/csrc/cpp_itfs/sparse_attn/pa_sparse_block_select_kernels.cuh', '/shared/data/R7N/andy_luo_3v7/minimaxm3-agentx/overlays/aiter-sparse-indexer-cache-fusion-545d97c-266922c/csrc/include', '/shared/data/R7N/andy_luo_3v7/minimaxm3-agentx/overlays/aiter-sparse-indexer-cache-fusion-545d97c-266922c/csrc/include/ck_tile/'], 'sources': [], 'cxxflags': ['-mllvm -amdgpu-mfma-vgpr-form=1'], 'func_name': 'pa_sparse_block_score_prefill_251ea0a341a15b3dc6ede6b9ae4ca663', 'folder': 'pa_sparse_block_score_prefill_251ea0a341a15b3dc6ede6b9ae4ca663_77acf8df', 'kwargs': OrderedDict({'block_size': 128, 'head_dim': 128, 'num_idx_heads': 1, 'num_waves': 4, 'q_tiles': 1})}...
[aiter] start build /tmp/inferencex-minimaxm3-1412/home/.aiter/build/pa_sparse_block_score_prefill_251ea0a341a15b3dc6ede6b9ae4ca663_77acf8df
[aiter] finish build /tmp/inferencex-minimaxm3-1412/home/.aiter/build/pa_sparse_block_score_prefill_251ea0a341a15b3dc6ede6b9ae4ca663_77acf8df, cost 2.42810019s
  score-prefill waves=4 q_tiles=2
[aiter] compile_template_op func_name = 'pa_sparse_block_score_prefill_e5393df7d9a2212c0f081bfbfa81123a' with {'src_template': <Template memory:7268a3273470>, 'md_name': 'pa_sparse_block_score_prefill', 'includes': ['/shared/data/R7N/andy_luo_3v7/minimaxm3-agentx/overlays/aiter-sparse-indexer-cache-fusion-545d97c-266922c/csrc/cpp_itfs/sparse_attn/pa_sparse_block_select_kernels.cuh', '/shared/data/R7N/andy_luo_3v7/minimaxm3-agentx/overlays/aiter-sparse-indexer-cache-fusion-545d97c-266922c/csrc/include', '/shared/data/R7N/andy_luo_3v7/minimaxm3-agentx/overlays/aiter-sparse-indexer-cache-fusion-545d97c-266922c/csrc/include/ck_tile/'], 'sources': [], 'cxxflags': ['-mllvm -amdgpu-mfma-vgpr-form=1'], 'func_name': 'pa_sparse_block_score_prefill_e5393df7d9a2212c0f081bfbfa81123a', 'folder': 'pa_sparse_block_score_prefill_e5393df7d9a2212c0f081bfbfa81123a_77acf8df', 'kwargs': OrderedDict({'block_size': 128, 'head_dim': 128, 'num_idx_heads': 1, 'num_waves': 4, 'q_tiles': 2})}...
[aiter] start build /tmp/inferencex-minimaxm3-1412/home/.aiter/build/pa_sparse_block_score_prefill_e5393df7d9a2212c0f081bfbfa81123a_77acf8df
[aiter] finish build /tmp/inferencex-minimaxm3-1412/home/.aiter/build/pa_sparse_block_score_prefill_e5393df7d9a2212c0f081bfbfa81123a_77acf8df, cost 2.40985829s
  score-prefill waves=4 q_tiles=4
[aiter] compile_template_op func_name = 'pa_sparse_block_score_prefill_fcf0f2c064778ed65bd4c394b79b219f' with {'src_template': <Template memory:7268a3273470>, 'md_name': 'pa_sparse_block_score_prefill', 'includes': ['/shared/data/R7N/andy_luo_3v7/minimaxm3-agentx/overlays/aiter-sparse-indexer-cache-fusion-545d97c-266922c/csrc/cpp_itfs/sparse_attn/pa_sparse_block_select_kernels.cuh', '/shared/data/R7N/andy_luo_3v7/minimaxm3-agentx/overlays/aiter-sparse-indexer-cache-fusion-545d97c-266922c/csrc/include', '/shared/data/R7N/andy_luo_3v7/minimaxm3-agentx/overlays/aiter-sparse-indexer-cache-fusion-545d97c-266922c/csrc/include/ck_tile/'], 'sources': [], 'cxxflags': ['-mllvm -amdgpu-mfma-vgpr-form=1'], 'func_name': 'pa_sparse_block_score_prefill_fcf0f2c064778ed65bd4c394b79b219f', 'folder': 'pa_sparse_block_score_prefill_fcf0f2c064778ed65bd4c394b79b219f_77acf8df', 'kwargs': OrderedDict({'block_size': 128, 'head_dim': 128, 'num_idx_heads': 1, 'num_waves': 4, 'q_tiles': 4})}...
[aiter] start build /tmp/inferencex-minimaxm3-1412/home/.aiter/build/pa_sparse_block_score_prefill_fcf0f2c064778ed65bd4c394b79b219f_77acf8df
[aiter] finish build /tmp/inferencex-minimaxm3-1412/home/.aiter/build/pa_sparse_block_score_prefill_fcf0f2c064778ed65bd4c394b79b219f_77acf8df, cost 2.41263986s
Precompiling fused EAGLE metadata kernels
WARNING 08-25 19:25:07 [rocm.py:123] Using CUDA_VISIBLE_DEVICES on ROCm is deprecated and support will be removed in vLLM v0.26.0. Please use HIP_VISIBLE_DEVICES instead.
  EAGLE prepare-inputs batch=1
  EAGLE prepare-next-token batch=1
  EAGLE step slot/metadata batch=1
  EAGLE prepare-inputs batch=2
  EAGLE prepare-next-token batch=2
  EAGLE step slot/metadata batch=2
  EAGLE prepare-inputs batch=4
  EAGLE prepare-next-token batch=4
  EAGLE step slot/metadata batch=4
  EAGLE prepare-inputs batch=8
  EAGLE prepare-next-token batch=8
  EAGLE step slot/metadata batch=8
  EAGLE prepare-inputs batch=16
  EAGLE prepare-next-token batch=16
  EAGLE step slot/metadata batch=16
  EAGLE prepare-inputs batch=32
  EAGLE prepare-next-token batch=32
  EAGLE step slot/metadata batch=32
Precompiling EAGLE3 draft BF16 GEMM tail buckets
  draft BF16 GEMM M=513 N=5120 K=2880
  draft BF16 GEMM M=513 N=2880 K=4096
  draft BF16 GEMM M=513 N=128 K=2880
  draft BF16 GEMM M=513 N=640 K=2880
  draft BF16 GEMM M=513 N=2880 K=512
  draft BF16 GEMM M=1024 N=5120 K=2880
  draft BF16 GEMM M=1024 N=2880 K=4096
  draft BF16 GEMM M=1024 N=128 K=2880
  draft BF16 GEMM M=1024 N=640 K=2880
  draft BF16 GEMM M=1024 N=2880 K=512
  draft BF16 GEMM M=1025 N=5120 K=2880
  draft BF16 GEMM M=1025 N=2880 K=4096
  draft BF16 GEMM M=1025 N=128 K=2880
  draft BF16 GEMM M=1025 N=640 K=2880
  draft BF16 GEMM M=1025 N=2880 K=512
  draft BF16 GEMM M=2048 N=5120 K=2880
  draft BF16 GEMM M=2048 N=2880 K=4096
  draft BF16 GEMM M=2048 N=128 K=2880
  draft BF16 GEMM M=2048 N=640 K=2880
  draft BF16 GEMM M=2048 N=2880 K=512
  draft BF16 GEMM M=2049 N=5120 K=2880
  draft BF16 GEMM M=2049 N=2880 K=4096
  draft BF16 GEMM M=2049 N=128 K=2880
  draft BF16 GEMM M=2049 N=640 K=2880
  draft BF16 GEMM M=2049 N=2880 K=512
  draft BF16 GEMM M=4096 N=5120 K=2880
  draft BF16 GEMM M=4096 N=2880 K=4096
  draft BF16 GEMM M=4096 N=128 K=2880
  draft BF16 GEMM M=4096 N=640 K=2880
  draft BF16 GEMM M=4096 N=2880 K=512
  draft BF16 GEMM M=4097 N=5120 K=2880
  draft BF16 GEMM M=4097 N=2880 K=4096
  draft BF16 GEMM M=4097 N=128 K=2880
  draft BF16 GEMM M=4097 N=640 K=2880
  draft BF16 GEMM M=4097 N=2880 K=512
  draft BF16 GEMM M=8192 N=5120 K=2880
  draft BF16 GEMM M=8192 N=2880 K=4096
  draft BF16 GEMM M=8192 N=128 K=2880
  draft BF16 GEMM M=8192 N=640 K=2880
  draft BF16 GEMM M=8192 N=2880 K=512
  draft BF16 GEMM M=8193 N=5120 K=2880
  draft BF16 GEMM M=8193 N=2880 K=4096
  draft BF16 GEMM M=8193 N=128 K=2880
  draft BF16 GEMM M=8193 N=640 K=2880
  draft BF16 GEMM M=8193 N=2880 K=512
  draft BF16 GEMM M=32768 N=5120 K=2880
  draft BF16 GEMM M=32768 N=2880 K=4096
  draft BF16 GEMM M=32768 N=128 K=2880
  draft BF16 GEMM M=32768 N=640 K=2880
  draft BF16 GEMM M=32768 N=2880 K=512
Precompiling native top-k/top-p sampler
  sampler top-p batch=1 vocab=200064
  sampler top-k batch=1 vocab=200064
  sampler top-k+top-p batch=1 vocab=200064
  sampler top-p batch=2 vocab=200064
  sampler top-k batch=2 vocab=200064
  sampler top-k+top-p batch=2 vocab=200064
  sampler top-p batch=4 vocab=200064
  sampler top-k batch=4 vocab=200064
  sampler top-k+top-p batch=4 vocab=200064
  sampler top-p batch=8 vocab=200064
  sampler top-k batch=8 vocab=200064
  sampler top-k+top-p batch=8 vocab=200064
  sampler top-p batch=16 vocab=200064
  sampler top-k batch=16 vocab=200064
  sampler top-k+top-p batch=16 vocab=200064
  sampler top-p batch=32 vocab=200064
  sampler top-k batch=32 vocab=200064
  sampler top-k+top-p batch=32 vocab=200064
MiniMax-M3 AgentX precompile complete
++ dirname /shared/data/R7N/andy_luo_3v7/minimaxm3-agentx/repos/InferenceX/benchmarks/single_node/agentic/minimaxm3_fp4_mi355x_mtp_full_indexer.sh
+ source /shared/data/R7N/andy_luo_3v7/minimaxm3-agentx/repos/InferenceX/benchmarks/single_node/agentic/../../benchmark_lib.sh
++ export PYTHONDONTWRITEBYTECODE=1
++ PYTHONDONTWRITEBYTECODE=1
++ export PYTHONPYCACHEPREFIX=/tmp/inferencex-minimaxm3-1412/tmp/inferencex-pycache
++ PYTHONPYCACHEPREFIX=/tmp/inferencex-minimaxm3-1412/tmp/inferencex-pycache
++ mkdir -p /tmp/inferencex-minimaxm3-1412/tmp/inferencex-pycache
++ export PORT=8886
++ PORT=8886
++ _benchmark_caller=/shared/data/R7N/andy_luo_3v7/minimaxm3-agentx/repos/InferenceX/benchmarks/single_node/agentic/minimaxm3_fp4_mi355x_mtp_full_indexer.sh
++ [[ /shared/data/R7N/andy_luo_3v7/minimaxm3-agentx/repos/InferenceX/benchmarks/single_node/agentic/minimaxm3_fp4_mi355x_mtp_full_indexer.sh == */agentic/* ]]
++ unset MAX_MODEL_LEN
++ [[ -z x ]]
++ [[ -z none ]]
++ case "$KV_OFFLOADING" in
++ [[ -n '' ]]
++ unset _benchmark_caller
++ GPU_MONITOR_PID=
++ GPU_MONITOR_VENDOR=
++ GPU_MONITOR_INTERVAL=1
++ GPU_METRICS_CSV=gpu_metrics.csv
++ NVIDIA_GPU_MONITOR_QUERY=timestamp,index,power.draw,temperature.gpu,clocks.current.sm,clocks.current.memory,utilization.gpu,utilization.memory
++ export GPU_METRICS_CSV
++ INFMAX_CONTAINER_WORKSPACE=/workspace
++ AGENTIC_DIR=/workspace/utils/agentic-benchmark
++ AIPERF_DIR=/workspace/utils/aiperf
++ AIPERF_RUNTIME_DIR=/tmp/inferencex-minimaxm3-1412/runs/mtp-k4-aiter-full-indexer-resident-v19-tp4-c1-full-indexer-complete-curve-20260825-r1
++ AIPERF_VENV=/tmp/inferencex-minimaxm3-1412/runs/mtp-k4-aiter-full-indexer-resident-v19-tp4-c1-full-indexer-complete-curve-20260825-r1/venv
++ AIPERF_UV_INSTALL_DIR=/tmp/inferencex-minimaxm3-1412/uv-bin
++ AIPERF_UV_CACHE_DIR=/tmp/inferencex-minimaxm3-1412/uv-cache
++ AIPERF_PYTHON=/tmp/inferencex-minimaxm3-1412/runs/mtp-k4-aiter-full-indexer-resident-v19-tp4-c1-full-indexer-complete-curve-20260825-r1/venv/bin/python
++ AIPERF_CLI=/tmp/inferencex-minimaxm3-1412/runs/mtp-k4-aiter-full-indexer-resident-v19-tp4-c1-full-indexer-complete-curve-20260825-r1/venv/bin/aiperf
++ AIPERF_HF_CLI=/tmp/inferencex-minimaxm3-1412/runs/mtp-k4-aiter-full-indexer-resident-v19-tp4-c1-full-indexer-complete-curve-20260825-r1/venv/bin/hf
++ AIPERF_DEPS_READY=0
++ AIPERF_FAILED_REQUEST_THRESHOLD=0.10
++ AIPERF_LIVE_FAILED_REQUEST_THRESHOLD=0.10
++ AIPERF_TRACE_IDLE_GAP_CAP_SECONDS=300
+ export EVAL_FRAMEWORK=lm-eval
+ EVAL_FRAMEWORK=lm-eval
+ check_env_vars MODEL TP CONC KV_OFFLOADING TOTAL_CPU_DRAM_GB RESULT_DIR DURATION EP_SIZE DP_ATTENTION
+ missing_vars=()
+ local missing_vars
+ for var_name in "$@"
+ [[ -z amd/MiniMax-M3-MXFP4 ]]
+ for var_name in "$@"
+ [[ -z 4 ]]
+ for var_name in "$@"
+ [[ -z 1 ]]
+ for var_name in "$@"
+ [[ -z none ]]
+ for var_name in "$@"
+ [[ -z 1499 ]]
+ for var_name in "$@"
+ [[ -z /shared/data/R7N/andy_luo_3v7/minimaxm3-agentx/results/mtp-k4-aiter-full-indexer-resident-v19-tp4-c1-full-indexer-complete-curve-20260825-r1 ]]
+ for var_name in "$@"
+ [[ -z 3600 ]]
+ for var_name in "$@"
+ [[ -z 1 ]]
+ for var_name in "$@"
+ [[ -z false ]]
+ [[ 0 -gt 0 ]]
+ echo 'MODEL=amd/MiniMax-M3-MXFP4 TP=4 CONC=1 KV_OFFLOADING=none TOTAL_CPU_DRAM_GB=1499 RESULT_DIR=/shared/data/R7N/andy_luo_3v7/minimaxm3-agentx/results/mtp-k4-aiter-full-indexer-resident-v19-tp4-c1-full-indexer-complete-curve-20260825-r1 DURATION=3600 EP_SIZE=1 DP_ATTENTION=false'
MODEL=amd/MiniMax-M3-MXFP4 TP=4 CONC=1 KV_OFFLOADING=none TOTAL_CPU_DRAM_GB=1499 RESULT_DIR=/shared/data/R7N/andy_luo_3v7/minimaxm3-agentx/results/mtp-k4-aiter-full-indexer-resident-v19-tp4-c1-full-indexer-complete-curve-20260825-r1 DURATION=3600 EP_SIZE=1 DP_ATTENTION=false
+ DRAFT_MODEL=Inferact/MiniMax-M3-EAGLE3-GQA
+ NUM_SPEC_TOKENS=4
+ SYNTHETIC_ACCEPT_LEN=3.02
+ [[ -n x ]]
+ echo 'JOB 1412 running on vultr-mi355x-4'
JOB 1412 running on vultr-mi355x-4
+ [[ -n x ]]
+ export HIP_VISIBLE_DEVICES=0,1,2,3,4,5,6,7
+ HIP_VISIBLE_DEVICES=0,1,2,3,4,5,6,7
+ MODEL_REVISION_ARGS=()
+ [[ -n b83d14e3d64bf373a207f3c2a7e9f0b0f1e7fc3a ]]
+ MODEL_REVISION_ARGS=(--revision "$MODEL_REVISION")
+ [[ -n /shared/data/R7N/andy_luo_3v7/minimaxm3-agentx/storage/models/amd--MiniMax-M3-MXFP4 ]]
+ checkpoint_is_complete /shared/data/R7N/andy_luo_3v7/minimaxm3-agentx/storage/models/amd--MiniMax-M3-MXFP4
+ local dir=/shared/data/R7N/andy_luo_3v7/minimaxm3-agentx/storage/models/amd--MiniMax-M3-MXFP4
+ [[ -d /shared/data/R7N/andy_luo_3v7/minimaxm3-agentx/storage/models/amd--MiniMax-M3-MXFP4 ]]
+ [[ -f /shared/data/R7N/andy_luo_3v7/minimaxm3-agentx/storage/models/amd--MiniMax-M3-MXFP4/config.json ]]
+ CKPT_DIR=/shared/data/R7N/andy_luo_3v7/minimaxm3-agentx/storage/models/amd--MiniMax-M3-MXFP4
+ python3 -
+ checkpoint_is_complete /shared/data/R7N/andy_luo_3v7/minimaxm3-agentx/storage/models/amd--MiniMax-M3-MXFP4
+ local dir=/shared/data/R7N/andy_luo_3v7/minimaxm3-agentx/storage/models/amd--MiniMax-M3-MXFP4
+ [[ -d /shared/data/R7N/andy_luo_3v7/minimaxm3-agentx/storage/models/amd--MiniMax-M3-MXFP4 ]]
+ [[ -f /shared/data/R7N/andy_luo_3v7/minimaxm3-agentx/storage/models/amd--MiniMax-M3-MXFP4/config.json ]]
+ CKPT_DIR=/shared/data/R7N/andy_luo_3v7/minimaxm3-agentx/storage/models/amd--MiniMax-M3-MXFP4
+ python3 -
+ [[ 0 != \1 ]]
+ DRAFT_MODEL_REVISION_ARGS=()
+ [[ -n 96692486b5fd38ebf8fd2a5f6bb53427d30819a8 ]]
+ DRAFT_MODEL_REVISION_ARGS=(--revision "$DRAFT_MODEL_REVISION")
+ DRAFT_MODEL_PATH=/shared/data/R7N/andy_luo_3v7/minimaxm3-agentx/storage/models/Inferact--MiniMax-M3-EAGLE3-GQA
+ [[ /shared/data/R7N/andy_luo_3v7/minimaxm3-agentx/storage/models/Inferact--MiniMax-M3-EAGLE3-GQA == \I\n\f\e\r\a\c\t\/\M\i\n\i\M\a\x\-\M\3\-\E\A\G\L\E\3\-\G\Q\A ]]
+ checkpoint_is_complete /shared/data/R7N/andy_luo_3v7/minimaxm3-agentx/storage/models/Inferact--MiniMax-M3-EAGLE3-GQA
+ local dir=/shared/data/R7N/andy_luo_3v7/minimaxm3-agentx/storage/models/Inferact--MiniMax-M3-EAGLE3-GQA
+ [[ -d /shared/data/R7N/andy_luo_3v7/minimaxm3-agentx/storage/models/Inferact--MiniMax-M3-EAGLE3-GQA ]]
+ [[ -f /shared/data/R7N/andy_luo_3v7/minimaxm3-agentx/storage/models/Inferact--MiniMax-M3-EAGLE3-GQA/config.json ]]
+ CKPT_DIR=/shared/data/R7N/andy_luo_3v7/minimaxm3-agentx/storage/models/Inferact--MiniMax-M3-EAGLE3-GQA
+ python3 -
+ rocm-smi


============================================= ROCm System Management Interface =============================================
======================================================= Concise Info =======================================================
Device  Node  IDs              Temp        Power     Partitions          SCLK    MCLK     Fan  Perf  PwrCap   VRAM%  GPU%  
[3m              (DID,     GUID)  (Junction)  (Socket)  (Mem, Compute, ID)                                                    [0m
============================================================================================================================
0       3     0x75a3,   42583  50.0°C      245.0W    NPS1, SPX, 0        161Mhz  2000Mhz  0%   auto  1400.0W  0%     0%    
1       5     0x75a3,   27226  46.0°C      247.0W    NPS1, SPX, 0        161Mhz  2000Mhz  0%   auto  1400.0W  0%     0%    
2       4     0x75a3,   36479  54.0°C      252.0W    NPS1, SPX, 0        160Mhz  2000Mhz  0%   auto  1400.0W  0%     0%    
3       2     0x75a3,   17010  49.0°C      254.0W    NPS1, SPX, 0        177Mhz  2000Mhz  0%   auto  1400.0W  0%     0%    
4       7     0x75a3,   1590   51.0°C      255.0W    NPS1, SPX, 0        160Mhz  2000Mhz  0%   auto  1400.0W  0%     0%    
5       9     0x75a3,   51771  51.0°C      257.0W    NPS1, SPX, 0        159Mhz  2000Mhz  0%   auto  1400.0W  0%     0%    
6       8     0x75a3,   11806  48.0°C      251.0W    NPS1, SPX, 0        160Mhz  2000Mhz  0%   auto  1400.0W  0%     0%    
7       6     0x75a3,   57875  49.0°C      253.0W    NPS1, SPX, 0        159Mhz  2000Mhz  0%   auto  1400.0W  0%     0%    
============================================================================================================================
=================================================== End of ROCm SMI Log ====================================================
+ amd-smi
+------------------------------------------------------------------------------+
| AMD-SMI 26.2.2+c2d9476115    amdgpu version: 6.14.14  ROCm version: 7.2.3    |
| VBIOS version: 023.040.001.008.000001                                        |
| Platform: Linux Baremetal                                                    |
|-------------------------------------+----------------------------------------|
| BDF                        GPU-Name | Mem-Uti   Temp   UEC       Power-Usage |
| GPU  HIP-ID  OAM-ID  Partition-Mode | GFX-Uti    Fan               Mem-Usage |
|=====================================+========================================|
| 0000:05:00.0 AMD Instinct MI355 OAM | 0 %      50 °C   0          245/1400 W |
|   0       1       6        SPX/NPS1 | 0 %        N/A           283/294896 MB |
|-------------------------------------+----------------------------------------|
| 0000:15:00.0 AMD Instinct MI355 OAM | 0 %      46 °C   0          246/1400 W |
|   1       3       7        SPX/NPS1 | 0 %        N/A           283/294896 MB |
|-------------------------------------+----------------------------------------|
| 0000:65:00.0 AMD Instinct MI355 OAM | 0 %      54 °C   0          252/1400 W |
|   2       2       5        SPX/NPS1 | 0 %        N/A           283/294896 MB |
|-------------------------------------+----------------------------------------|
| 0000:75:00.0 AMD Instinct MI355 OAM | 0 %      49 °C   0          253/1400 W |
|   3       0       4        SPX/NPS1 | 0 %        N/A           283/294896 MB |
|-------------------------------------+----------------------------------------|
| 0000:85:00.0 AMD Instinct MI355 OAM | 0 %      51 °C   0          255/1400 W |
|   4       5       2        SPX/NPS1 | 0 %        N/A           283/294896 MB |
|-------------------------------------+----------------------------------------|
| 0000:95:00.0 AMD Instinct MI355 OAM | 0 %      51 °C   0          257/1400 W |
|   5       7       3        SPX/NPS1 | 0 %        N/A           283/294896 MB |
|-------------------------------------+----------------------------------------|
| 0000:e5:00.0 AMD Instinct MI355 OAM | 0 %      48 °C   0          251/1400 W |
|   6       6       1        SPX/NPS1 | 0 %        N/A           283/294896 MB |
|-------------------------------------+----------------------------------------|
| 0000:f5:00.0 AMD Instinct MI355 OAM | 0 %      49 °C   0          254/1400 W |
|   7       4       0        SPX/NPS1 | 0 %        N/A           283/294896 MB |
+-------------------------------------+----------------------------------------+
+------------------------------------------------------------------------------+
| Processes:                                                                   |
|  GPU        PID  Process Name          GTT_MEM  VRAM_MEM  MEM_USAGE     CU % |
|==============================================================================|
|  No running processes found                                                  |
+------------------------------------------------------------------------------+
+ resolve_trace_source
+ local default_loader
+ case "${MODEL_PREFIX:-}" in
+ default_loader=semianalysis_cc_traces_weka_062126
+ local loader=semianalysis_cc_traces_weka_062126
+ local dataset
+ case "$loader" in
+ dataset=semianalysisai/cc-traces-weka-062126
+ TRACE_SOURCE_FLAG='--public-dataset semianalysis_cc_traces_weka_062126'
+ echo 'Loading traces via aiperf public-dataset: semianalysis_cc_traces_weka_062126 (semianalysisai/cc-traces-weka-062126) [MODEL_PREFIX=minimaxm3]'
Loading traces via aiperf public-dataset: semianalysis_cc_traces_weka_062126 (semianalysisai/cc-traces-weka-062126) [MODEL_PREFIX=minimaxm3]
+ ensure_hf_cli
+ install_agentic_deps
+ '[' 0 = 1 ']'
+ command -v git
+ ensure_agentic_uv
+ command -v uv
++ command -v uv
+ AIPERF_UV_BIN=/usr/local/bin/uv
+ return
+ rm -rf /tmp/inferencex-minimaxm3-1412/runs/mtp-k4-aiter-full-indexer-resident-v19-tp4-c1-full-indexer-complete-curve-20260825-r1/venv
+ mkdir -p /tmp/inferencex-minimaxm3-1412/uv-cache
+ UV_CACHE_DIR=/tmp/inferencex-minimaxm3-1412/uv-cache
+ /usr/local/bin/uv venv --python 3.11 /tmp/inferencex-minimaxm3-1412/runs/mtp-k4-aiter-full-indexer-resident-v19-tp4-c1-full-indexer-complete-curve-20260825-r1/venv
Downloading cpython-3.11.15-linux-x86_64-gnu (download) (29.5MiB)
 Downloaded cpython-3.11.15-linux-x86_64-gnu (download)
Using CPython 3.11.15
Creating virtual environment at: /tmp/inferencex-minimaxm3-1412/runs/mtp-k4-aiter-full-indexer-resident-v19-tp4-c1-full-indexer-complete-curve-20260825-r1/venv
Activate with: source /tmp/inferencex-minimaxm3-1412/runs/mtp-k4-aiter-full-indexer-resident-v19-tp4-c1-full-indexer-complete-curve-20260825-r1/venv/bin/activate
+ UV_CACHE_DIR=/tmp/inferencex-minimaxm3-1412/uv-cache
+ /usr/local/bin/uv pip install --python /tmp/inferencex-minimaxm3-1412/runs/mtp-k4-aiter-full-indexer-resident-v19-tp4-c1-full-indexer-complete-curve-20260825-r1/venv/bin/python -r /workspace/utils/agentic-benchmark/requirements.txt -e /workspace/utils/aiperf 'datasets>=4.7.0' 'huggingface_hub[cli]>=0.25.0' urllib3 requests
Using Python 3.11.15 environment at: /tmp/inferencex-minimaxm3-1412/runs/mtp-k4-aiter-full-indexer-resident-v19-tp4-c1-full-indexer-complete-curve-20260825-r1/venv
Resolved 132 packages in 624ms
   Building aiperf @ file:///workspace/utils/aiperf
Downloading scipy (33.7MiB)
Downloading numpy (16.1MiB)
Downloading pandas (12.2MiB)
Downloading hf-xet (4.3MiB)
Downloading brotli (1.4MiB)
Downloading pyarrow (47.7MiB)
Downloading tiktoken (1.2MiB)
Downloading pydantic-core (2.0MiB)
Downloading pygments (1.2MiB)
Downloading fonttools (4.8MiB)
Downloading sqlalchemy (3.2MiB)
Downloading aiohttp (1.7MiB)
Downloading uvloop (3.6MiB)
Downloading kiwisolver (1.4MiB)
Downloading zstandard (5.3MiB)
Downloading matplotlib (9.6MiB)
Downloading sentencepiece (1.3MiB)
Downloading transformers (11.2MiB)
Downloading plotly (9.4MiB)
Downloading soundfile (1.3MiB)
Downloading dash (7.5MiB)
Downloading pillow (6.8MiB)
Downloading tokenizers (3.1MiB)
Downloading crick (1.7MiB)
 Downloaded tiktoken
 Downloaded soundfile
 Downloaded sentencepiece
 Downloaded brotli
 Downloaded kiwisolver
 Downloaded aiohttp
 Downloaded crick
 Downloaded pydantic-core
 Downloaded pygments
 Downloaded tokenizers
 Downloaded sqlalchemy
 Downloaded uvloop
 Downloaded hf-xet
 Downloaded fonttools
 Downloaded zstandard
 Downloaded pillow
 Downloaded dash
      Built aiperf @ file:///workspace/utils/aiperf
 Downloaded matplotlib
 Downloaded plotly
 Downloaded numpy
 Downloaded scipy
 Downloaded pandas
 Downloaded transformers
 Downloaded pyarrow
Prepared 132 packages in 1.46s
Installed 132 packages in 333ms
 + aiofiles==24.1.0
 + aiohappyeyeballs==2.7.1
 + aiohttp==3.13.5
 + aiosignal==1.4.0
 + aiperf==0.12.0 (from file:///workspace/utils/aiperf)
 + alembic==1.19.1
 + annotated-doc==0.0.5
 + annotated-types==0.8.0
 + anyio==4.14.2
 + attrs==26.1.0
 + blinker==1.9.0
 + brotli==1.2.0
 + certifi==2026.7.22
 + cffi==2.1.1
 + charset-normalizer==3.5.1
 + choreographer==1.3.0
 + click==8.4.2
 + colorlog==6.12.0
 + contourpy==1.3.3
 + crick==0.0.8
 + cycler==0.12.1
 + cyclopts==4.23.2
 + dash==3.1.1
 + dash-bootstrap-components==2.0.4
 + datasets==5.0.1
 + dill==0.4.1
 + docstring-parser==0.18.0
 + fastapi==0.141.1
 + ffmpeg-python==0.2.0
 + filelock==3.32.4
 + flask==3.1.3
 + fonttools==4.63.0
 + frozenlist==1.8.0
 + fsspec==2026.6.0
 + future==1.0.0
 + greenlet==3.5.5
 + h11==0.16.0
 + hf-xet==1.6.0
 + httpcore==1.0.9
 + httptools==0.8.0
 + httpx==0.28.1
 + huggingface-hub==1.28.0
 + idna==3.19
 + importlib-metadata==9.0.0
 + iniconfig==2.3.0
 + itsdangerous==2.2.0
 + jinja2==3.1.6
 + jmespath==1.0.1
 + kaleido==1.2.0
 + kiwisolver==1.5.0
 + linkify-it-py==2.1.1
 + logistro==2.0.1
 + mako==1.4.1
 + markdown-it-py==4.2.0
 + markupsafe==3.0.3
 + matplotlib==3.11.1
 + mdit-py-plugins==0.6.1
 + mdurl==0.1.2
 + msgspec==0.21.1
 + multidict==6.7.1
 + multiprocess==0.70.19
 + narwhals==2.25.0
 + nest-asyncio==1.6.0
 + numpy==2.4.6
 + nvidia-ml-py==13.610.43
 + optuna==4.9.0
 + orjson==3.11.9
 + packaging==26.3
 + pandas==2.3.3
 + pillow==12.2.0
 + platformdirs==4.11.4
 + plotly==6.4.0
 + pluggy==1.6.0
 + prometheus-client==0.23.1
 + propcache==0.5.2
 + protobuf==7.36.0
 + psutil==7.0.0
 + pyarrow==25.0.1
 + pycparser==3.0
 + pydantic==2.13.4
 + pydantic-core==2.46.4
 + pydantic-settings==2.15.0
 + pygments==2.21.0
 + pyparsing==3.3.2
 + pytest==9.1.1
 + pytest-timeout==2.4.0
 + python-dateutil==2.9.0.post0
 + python-dotenv==1.2.3
 + pytz==2026.3.post1
 + pyyaml==6.0.3
 + pyzmq==26.4.0
 + regex==2026.7.19
 + requests==2.34.2
 + retrying==1.4.2
 + rich==14.1.0
 + rich-rst==2.1.0
 + ruamel-yaml==0.18.17
 + ruamel-yaml-clib==0.2.15
 + safetensors==0.8.0
 + scipy==1.17.1
 + seaborn==0.13.2
 + sentencepiece==0.2.2
 + setproctitle==1.3.7
 + setuptools==84.0.0
 + shellingham==1.5.4
 + simplejson==4.1.1
 + six==1.17.0
 + soundfile==0.13.1
 + sqlalchemy==2.0.52
 + starlette==1.6.0
 + starlette-compress==1.8.0
 + textual==5.3.0
 + tiktoken==0.14.0
 + tokenizers==0.22.2
 + tqdm==4.70.0
 + transformers==5.15.1
 + typer==0.27.1
 + typing-extensions==4.16.0
 + typing-inspection==0.4.4
 + tzdata==2026.3
 + uc-micro-py==2.0.0
 + urllib3==2.7.0
 + uvicorn==0.52.4
 + uvloop==0.22.1
 + watchfiles==1.2.0
 + websockets==17.0.1
 + werkzeug==3.1.8
 + xlsxwriter==3.2.9
 + xxhash==4.0.1
 + yarl==1.24.5
 + zipp==4.1.0
 + zstandard==0.25.0
warning: The package `huggingface-hub==1.28.0` does not have an extra named `cli`
+ '[' '!' -x /tmp/inferencex-minimaxm3-1412/runs/mtp-k4-aiter-full-indexer-resident-v19-tp4-c1-full-indexer-complete-curve-20260825-r1/venv/bin/aiperf ']'
+ '[' '!' -x /tmp/inferencex-minimaxm3-1412/runs/mtp-k4-aiter-full-indexer-resident-v19-tp4-c1-full-indexer-complete-curve-20260825-r1/venv/bin/hf ']'
+ AIPERF_DEPS_READY=1
+ /tmp/inferencex-minimaxm3-1412/runs/mtp-k4-aiter-full-indexer-resident-v19-tp4-c1-full-indexer-complete-curve-20260825-r1/venv/bin/hf download --repo-type dataset semianalysisai/cc-traces-weka-062126
Fetching 8 files:   0%|          | 0/8 [00:00<?, ?it/s]Fetching 8 files: 100%|██████████| 8/8 [00:00<00:00, 1236.67it/s]
[32m✓ Downloaded[0m
  path: /shared/data/R7N/andy_luo_3v7/minimaxm3-agentx/storage/hf/hub/datasets--semianalysisai--cc-traces-weka-062126/snapshots/23f152f6f0f9399a85901b89a6458def0ef16729
+ install_agentic_deps
+ '[' 1 = 1 ']'
+ return
+ export AIPERF_SERVER_METRICS_URLS=http://localhost:8886/metrics
+ AIPERF_SERVER_METRICS_URLS=http://localhost:8886/metrics
+ export AIPERF_REQUIRED_SERVER_METRIC_PREFIX=vllm:
+ AIPERF_REQUIRED_SERVER_METRIC_PREFIX=vllm:
+ export VLLM_HTTP_TIMEOUT_KEEP_ALIVE=900
+ VLLM_HTTP_TIMEOUT_KEEP_ALIVE=900
+ export AIPERF_HTTP_TCP_USER_TIMEOUT=900000
+ AIPERF_HTTP_TCP_USER_TIMEOUT=900000
+ SERVER_LOG=/shared/data/R7N/andy_luo_3v7/minimaxm3-agentx/results/mtp-k4-aiter-full-indexer-resident-v19-tp4-c1-full-indexer-complete-curve-20260825-r1/server.log
+ mkdir -p /shared/data/R7N/andy_luo_3v7/minimaxm3-agentx/results/mtp-k4-aiter-full-indexer-resident-v19-tp4-c1-full-indexer-complete-curve-20260825-r1
+ SERVER_PID=
+ trap cleanup_agentic_services EXIT
+ trap 'exit 130' INT
+ trap 'exit 143' TERM
+ OFFLOAD_ARGS=()
+ case "${KV_OFFLOAD_BACKEND:-}" in
+ require_agentic_kv_offload_none
+ agentic_kv_offload_enabled
+ [[ -z x ]]
+ [[ -z none ]]
+ [[ none != \n\o\n\e ]]
+ [[ -n '' ]]
+ PARALLEL_ARGS=(--tensor-parallel-size "$TP")
+ '[' 1 -gt 1 ']'
+ SPECULATIVE_ARGS=()
+ [[ 0 != \1 ]]
+ [[ -z ROCM_AITER_UNIFIED_ATTN ]]
+ DRAFT_MAX_MODEL_LEN_FIELD=
+ [[ -n '' ]]
+ DRAFT_ATTENTION_WINDOW_FIELD=
+ [[ -n 32768 ]]
+ [[ ! 32768 =~ ^[1-9][0-9]*$ ]]
+ DRAFT_ATTENTION_WINDOW_FIELD=', "draft_attention_window": 32768'
+ case "${DRAFT_USE_LOCAL_ARGMAX_REDUCTION:-0}" in
+ DRAFT_LOCAL_ARGMAX_FIELD=
+ '[' false = true ']'
+ SPEC_CONFIG='{"method": "eagle3", "model": "/shared/data/R7N/andy_luo_3v7/minimaxm3-agentx/storage/models/Inferact--MiniMax-M3-EAGLE3-GQA", "num_speculative_tokens": 4, "attention_backend": "ROCM_AITER_UNIFIED_ATTN", "draft_attention_window": 32768, "rejection_sample_method": "synthetic", "synthetic_acceptance_length": 3.02}'
+ SPECULATIVE_ARGS=(--speculative-config "$SPEC_CONFIG")
+ echo 'Starting vllm server...'
Starting vllm server...
+ export PYTHONNOUSERSITE=1
+ PYTHONNOUSERSITE=1
+ export VLLM_ENGINE_READY_TIMEOUT_S=3600
+ VLLM_ENGINE_READY_TIMEOUT_S=3600
+ export VLLM_EXECUTE_MODEL_TIMEOUT_SECONDS=1800
+ VLLM_EXECUTE_MODEL_TIMEOUT_SECONDS=1800
+ export VLLM_USE_BREAKABLE_CUDAGRAPH=0
+ VLLM_USE_BREAKABLE_CUDAGRAPH=0
+ export VLLM_ROCM_USE_AITER=1
+ VLLM_ROCM_USE_AITER=1
+ export VLLM_ROCM_USE_AITER_MOE=1
+ VLLM_ROCM_USE_AITER_MOE=1
+ export VLLM_ROCM_USE_AITER_FUSION_SHARED_EXPERTS=1
+ VLLM_ROCM_USE_AITER_FUSION_SHARED_EXPERTS=1
+ '[' 4 -eq 4 ']'
+ export VLLM_ROCM_SHUFFLE_KV_CACHE_LAYOUT=1
+ VLLM_ROCM_SHUFFLE_KV_CACHE_LAYOUT=1
+ export VLLM_ROCM_QUICK_REDUCE_QUANTIZATION=INT4
+ VLLM_ROCM_QUICK_REDUCE_QUANTIZATION=INT4
+ export VLLM_ROCM_QUICK_REDUCE_CAST_BF16_TO_FP16=0
+ VLLM_ROCM_QUICK_REDUCE_CAST_BF16_TO_FP16=0
+ export VLLM_ROCM_QUICK_REDUCE_QUANTIZATION_MIN_SIZE_KB=256
+ VLLM_ROCM_QUICK_REDUCE_QUANTIZATION_MIN_SIZE_KB=256
+ GPU_MEMORY_UTILIZATION=0.85
+ MAX_NUM_BATCHED_TOKENS=32768
+ MAX_NUM_SEQS=256
+ KV_CACHE_DTYPE=fp8
+ MAX_CUDAGRAPH_ARGS=()
+ [[ -n 512 ]]
+ MAX_CUDAGRAPH_ARGS=(--max-cudagraph-capture-size "$MAX_CUDAGRAPH_CAPTURE_SIZE")
+ JIT_MONITOR_ARGS=()
+ case "${JIT_MONITOR_VERBOSE:-1}" in
+ JIT_MONITOR_ARGS=(--jit-monitor-verbose)
+ ATTENTION_CONFIG_ARGS=()
+ TARGET_ATTENTION_BACKEND=ROCM_AITER_UNIFIED_ATTN
+ [[ -n fp8 ]]
+ case "$INDEXER_KV_DTYPE" in
+ ATTENTION_CONFIG_ARGS=(--attention-config "{\"indexer_kv_dtype\":\"$INDEXER_KV_DTYPE\"}")
+ VLLM_CMD=(vllm serve "$MODEL_PATH" --served-model-name "$MODEL" --host 0.0.0.0 --port "$PORT" "${PARALLEL_ARGS[@]}" --trust-remote-code --block-size 128 --gpu-memory-utilization "$GPU_MEMORY_UTILIZATION" --enable-chunked-prefill --max-num-batched-tokens "$MAX_NUM_BATCHED_TOKENS" --language-model-only --enable-prefix-caching --enable-prompt-tokens-details --attention-backend "$TARGET_ATTENTION_BACKEND" "${ATTENTION_CONFIG_ARGS[@]}" --moe-backend aiter --kv-cache-dtype "$KV_CACHE_DTYPE" --tool-call-parser minimax_m3 --reasoning-parser minimax_m3 --enable-auto-tool-choice --default-chat-template-kwargs '{"thinking_mode":"enabled"}' --max-num-seqs "$MAX_NUM_SEQS" "${MAX_CUDAGRAPH_ARGS[@]}" "${JIT_MONITOR_ARGS[@]}" --stream-interval 20 "${SPECULATIVE_ARGS[@]}" "${OFFLOAD_ARGS[@]}")
+ printf '%q ' vllm serve /shared/data/R7N/andy_luo_3v7/minimaxm3-agentx/storage/models/amd--MiniMax-M3-MXFP4 --served-model-name amd/MiniMax-M3-MXFP4 --host 0.0.0.0 --port 8886 --tensor-parallel-size 4 --trust-remote-code --block-size 128 --gpu-memory-utilization 0.85 --enable-chunked-prefill --max-num-batched-tokens 32768 --language-model-only --enable-prefix-caching --enable-prompt-tokens-details --attention-backend ROCM_AITER_UNIFIED_ATTN --attention-config '{"indexer_kv_dtype":"fp8"}' --moe-backend aiter --kv-cache-dtype fp8 --tool-call-parser minimax_m3 --reasoning-parser minimax_m3 --enable-auto-tool-choice --default-chat-template-kwargs '{"thinking_mode":"enabled"}' --max-num-seqs 256 --max-cudagraph-capture-size 512 --jit-monitor-verbose --stream-interval 20 --speculative-config '{"method": "eagle3", "model": "/shared/data/R7N/andy_luo_3v7/minimaxm3-agentx/storage/models/Inferact--MiniMax-M3-EAGLE3-GQA", "num_speculative_tokens": 4, "attention_backend": "ROCM_AITER_UNIFIED_ATTN", "draft_attention_window": 32768, "rejection_sample_method": "synthetic", "synthetic_acceptance_length": 3.02}'
+ tee /shared/data/R7N/andy_luo_3v7/minimaxm3-agentx/results/mtp-k4-aiter-full-indexer-resident-v19-tp4-c1-full-indexer-complete-curve-20260825-r1/vllm_command.txt
vllm serve /shared/data/R7N/andy_luo_3v7/minimaxm3-agentx/storage/models/amd--MiniMax-M3-MXFP4 --served-model-name amd/MiniMax-M3-MXFP4 --host 0.0.0.0 --port 8886 --tensor-parallel-size 4 --trust-remote-code --block-size 128 --gpu-memory-utilization 0.85 --enable-chunked-prefill --max-num-batched-tokens 32768 --language-model-only --enable-prefix-caching --enable-prompt-tokens-details --attention-backend ROCM_AITER_UNIFIED_ATTN --attention-config \{\"indexer_kv_dtype\":\"fp8\"\} --moe-backend aiter --kv-cache-dtype fp8 --tool-call-parser minimax_m3 --reasoning-parser minimax_m3 --enable-auto-tool-choice --default-chat-template-kwargs \{\"thinking_mode\":\"enabled\"\} --max-num-seqs 256 --max-cudagraph-capture-size 512 --jit-monitor-verbose --stream-interval 20 --speculative-config \{\"method\":\ \"eagle3\"\,\ \"model\":\ \"/shared/data/R7N/andy_luo_3v7/minimaxm3-agentx/storage/models/Inferact--MiniMax-M3-EAGLE3-GQA\"\,\ \"num_speculative_tokens\":\ 4\,\ \"attention_backend\":\ \"ROCM_AITER_UNIFIED_ATTN\"\,\ \"draft_attention_window\":\ 32768\,\ \"rejection_sample_method\":\ \"synthetic\"\,\ \"synthetic_acceptance_length\":\ 3.02\} + printf '\n'
+ tee -a /shared/data/R7N/andy_luo_3v7/minimaxm3-agentx/results/mtp-k4-aiter-full-indexer-resident-v19-tp4-c1-full-indexer-complete-curve-20260825-r1/vllm_command.txt

+ SERVER_PID=3968344
+ echo 'Server PID: 3968344'
Server PID: 3968344
+ wait_for_server_ready --port 8886 --server-log /shared/data/R7N/andy_luo_3v7/minimaxm3-agentx/results/mtp-k4-aiter-full-indexer-resident-v19-tp4-c1-full-indexer-complete-curve-20260825-r1/server.log --server-pid 3968344
+ local port=
+ local server_log=
+ local server_pid=
+ local sleep_interval=5
+ [[ 6 -gt 0 ]]
+ case $1 in
+ port=8886
+ shift 2
+ [[ 4 -gt 0 ]]
+ case $1 in
+ server_log=/shared/data/R7N/andy_luo_3v7/minimaxm3-agentx/results/mtp-k4-aiter-full-indexer-resident-v19-tp4-c1-full-indexer-complete-curve-20260825-r1/server.log
+ shift 2
+ [[ 2 -gt 0 ]]
+ case $1 in
+ server_pid=3968344
+ shift 2
+ [[ 0 -gt 0 ]]
+ [[ -z 8886 ]]
+ [[ -z /shared/data/R7N/andy_luo_3v7/minimaxm3-agentx/results/mtp-k4-aiter-full-indexer-resident-v19-tp4-c1-full-indexer-complete-curve-20260825-r1/server.log ]]
+ [[ -z 3968344 ]]
+ wait_for_ready --endpoint http://0.0.0.0:8886/health --log /shared/data/R7N/andy_luo_3v7/minimaxm3-agentx/results/mtp-k4-aiter-full-indexer-resident-v19-tp4-c1-full-indexer-complete-curve-20260825-r1/server.log --pid 3968344 --sleep-interval 5
+ set +x
+ vllm serve /shared/data/R7N/andy_luo_3v7/minimaxm3-agentx/storage/models/amd--MiniMax-M3-MXFP4 --served-model-name amd/MiniMax-M3-MXFP4 --host 0.0.0.0 --port 8886 --tensor-parallel-size 4 --trust-remote-code --block-size 128 --gpu-memory-utilization 0.85 --enable-chunked-prefill --max-num-batched-tokens 32768 --language-model-only --enable-prefix-caching --enable-prompt-tokens-details --attention-backend ROCM_AITER_UNIFIED_ATTN --attention-config '{"indexer_kv_dtype":"fp8"}' --moe-backend aiter --kv-cache-dtype fp8 --tool-call-parser minimax_m3 --reasoning-parser minimax_m3 --enable-auto-tool-choice --default-chat-template-kwargs '{"thinking_mode":"enabled"}' --max-num-seqs 256 --max-cudagraph-capture-size 512 --jit-monitor-verbose --stream-interval 20 --speculative-config '{"method": "eagle3", "model": "/shared/data/R7N/andy_luo_3v7/minimaxm3-agentx/storage/models/Inferact--MiniMax-M3-EAGLE3-GQA", "num_speculative_tokens": 4, "attention_backend": "ROCM_AITER_UNIFIED_ATTN", "draft_attention_window": 32768, "rejection_sample_method": "synthetic", "synthetic_acceptance_length": 3.02}'
WARNING 08-25 19:25:34 [rocm.py:123] Using CUDA_VISIBLE_DEVICES on ROCm is deprecated and support will be removed in vLLM v0.26.0. Please use HIP_VISIBLE_DEVICES instead.
(APIServer pid=3968344) INFO 08-25 19:25:55 [api_utils.py:345] 
(APIServer pid=3968344) INFO 08-25 19:25:55 [api_utils.py:345]        █     █     █▄   ▄█
(APIServer pid=3968344) INFO 08-25 19:25:55 [api_utils.py:345]  ▄▄ ▄█ █     █     █ ▀▄▀ █  version 0.27.1
(APIServer pid=3968344) INFO 08-25 19:25:55 [api_utils.py:345]   █▄█▀ █     █     █     █  model   /shared/data/R7N/andy_luo_3v7/minimaxm3-agentx/storage/models/amd--MiniMax-M3-MXFP4
(APIServer pid=3968344) INFO 08-25 19:25:55 [api_utils.py:345]    ▀▀  ▀▀▀▀▀ ▀▀▀▀▀ ▀     ▀
(APIServer pid=3968344) INFO 08-25 19:25:55 [api_utils.py:345] 
(APIServer pid=3968344) INFO 08-25 19:25:55 [api_utils.py:273] non-default args: {'model_tag': '/shared/data/R7N/andy_luo_3v7/minimaxm3-agentx/storage/models/amd--MiniMax-M3-MXFP4', 'default_chat_template_kwargs': {'thinking_mode': 'enabled'}, 'enable_auto_tool_choice': True, 'tool_call_parser': 'minimax_m3', 'enable_prompt_tokens_details': True, 'host': '0.0.0.0', 'port': 8886, 'model': '/shared/data/R7N/andy_luo_3v7/minimaxm3-agentx/storage/models/amd--MiniMax-M3-MXFP4', 'trust_remote_code': True, 'served_model_name': ['amd/MiniMax-M3-MXFP4'], 'attention_backend': 'ROCM_AITER_UNIFIED_ATTN', 'reasoning_parser': 'minimax_m3', 'tensor_parallel_size': 4, 'block_size': 128, 'gpu_memory_utilization': 0.85, 'kv_cache_dtype': 'fp8', 'enable_prefix_caching': True, 'language_model_only': True, 'jit_monitor_verbose': True, 'max_num_batched_tokens': 32768, 'max_num_seqs': 256, 'enable_chunked_prefill': True, 'stream_interval': 20, 'max_cudagraph_capture_size': 512, 'moe_backend': 'aiter', 'speculative_config': {'method': 'eagle3', 'model': '/shared/data/R7N/andy_luo_3v7/minimaxm3-agentx/storage/models/Inferact--MiniMax-M3-EAGLE3-GQA', 'num_speculative_tokens': 4, 'attention_backend': 'ROCM_AITER_UNIFIED_ATTN', 'draft_attention_window': 32768, 'rejection_sample_method': 'synthetic', 'synthetic_acceptance_length': 3.02}, 'attention_config': AttentionConfig(backend=None, minimax_m3_msa_decode_backend='triton', backend_per_kind={}, flash_attn_version=None, use_prefill_decode_attention=False, flash_attn_max_num_splits_for_cuda_graph=32, tq_max_kv_splits_for_cuda_graph=32, use_trtllm_attention=None, disable_flashinfer_q_quantization=False, mla_prefill_backend=None, use_prefill_query_quantization=False, use_fp4_indexer_cache=False, indexer_kv_dtype='fp8', use_non_causal=False, sparse_mla_force_mqa=False, flex_attn_block_m=None, flex_attn_block_n=None, flex_attn_q_block_size=None, flex_attn_kv_block_size=None)}
(APIServer pid=3968344) WARNING 08-25 19:25:55 [envs.py:2128] Unknown vLLM environment variable detected: VLLM_ROCM_AITER_UNIFIED_ATTN_KERNEL
(APIServer pid=3968344) WARNING 08-25 19:25:55 [envs.py:2128] Unknown vLLM environment variable detected: VLLM_MINIMAX_M3_ASM_SPARSE_ATTN
(APIServer pid=3968344) WARNING 08-25 19:25:55 [envs.py:2128] Unknown vLLM environment variable detected: VLLM_ROCM_AITER_UNIFIED_ATTN_QUANT_OUTPUT
(APIServer pid=3968344) WARNING 08-25 19:25:55 [envs.py:2128] Unknown vLLM environment variable detected: VLLM_MINIMAX_M3_ROCM_FP32_ROUTER_GEMM
(APIServer pid=3968344) WARNING 08-25 19:25:55 [envs.py:2128] Unknown vLLM environment variable detected: VLLM_AITER_UNIFIED_ATTN_OVERLAY
(APIServer pid=3968344) WARNING 08-25 19:25:55 [envs.py:2128] Unknown vLLM environment variable detected: VLLM_MINIMAX_M3_WARMUP_OVERLAY
(APIServer pid=3968344) WARNING 08-25 19:25:55 [envs.py:2128] Unknown vLLM environment variable detected: VLLM_ROCM_AITER_UNIFIED_ATTN_QUANT_QUERY
(APIServer pid=3968344) WARNING 08-25 19:25:55 [envs.py:2128] Unknown vLLM environment variable detected: VLLM_ROCM_AITER_UNIFIED_ATTN_CACHE_WRITER
(APIServer pid=3968344) WARNING 08-25 19:25:55 [envs.py:2128] Unknown vLLM environment variable detected: VLLM_MINIMAX_M3_FUSED_CACHE_INSERT
(APIServer pid=3968344) WARNING 08-25 19:25:55 [envs.py:2128] Unknown vLLM environment variable detected: VLLM_MINIMAX_M3_AITER_FUSED_AR_GEMMA
(APIServer pid=3968344) WARNING 08-25 19:25:55 [envs.py:2128] Unknown vLLM environment variable detected: VLLM_MINIMAX_M3_AGENTX_JIT_WARMUP
(APIServer pid=3968344) INFO 08-25 19:26:06 [model.py:645] Resolved architecture: MiniMaxM3SparseForConditionalGeneration
(APIServer pid=3968344) INFO 08-25 19:26:06 [model.py:1883] Using max model len 1048576
(APIServer pid=3968344) INFO 08-25 19:26:07 [registry.py:134] All limits of multimodal modalities supported by the model are set to 0, running in text-only mode.
(APIServer pid=3968344) INFO 08-25 19:26:07 [model.py:842] Disabled mm_prefix attention mode because multimodal inputs are configuration-disabled. Attention backends without mm_prefix support may now be selected.
(APIServer pid=3968344) INFO 08-25 19:26:08 [cache.py:296] Using fp8 data type to store kv cache. It reduces the GPU memory footprint and boosts the performance. Meanwhile, it may cause accuracy drop without a proper scaling factor
(APIServer pid=3968344) INFO 08-25 19:26:19 [model.py:645] Resolved architecture: LlamaForCausalLMEagle3
(APIServer pid=3968344) INFO 08-25 19:26:19 [model.py:1883] Using max model len 1048576
(APIServer pid=3968344) INFO 08-25 19:26:19 [scheduler.py:242] Chunked prefill is enabled with max_num_batched_tokens=32768.
(APIServer pid=3968344) INFO 08-25 19:26:19 [kernel.py:306] Final IR op priority after setting platform defaults: IrOpPriorityConfig(rms_norm=['aiter', 'native'], fused_add_rms_norm=['aiter', 'native'])
(APIServer pid=3968344) INFO 08-25 19:26:19 [compilation.py:329] Enabled custom fusions: norm_quant, act_quant, allreduce_rms, mla_dual_rms_norm
WARNING 08-25 19:26:22 [rocm.py:123] Using CUDA_VISIBLE_DEVICES on ROCm is deprecated and support will be removed in vLLM v0.26.0. Please use HIP_VISIBLE_DEVICES instead.
(EngineCore pid=3969676) INFO 08-25 19:26:31 [core.py:121] Initializing a V1 LLM engine (v0.27.1) with config: model='/shared/data/R7N/andy_luo_3v7/minimaxm3-agentx/storage/models/amd--MiniMax-M3-MXFP4', speculative_config=SpeculativeConfig(method='eagle3', model='/shared/data/R7N/andy_luo_3v7/minimaxm3-agentx/storage/models/Inferact--MiniMax-M3-EAGLE3-GQA', num_spec_tokens=4), tokenizer='/shared/data/R7N/andy_luo_3v7/minimaxm3-agentx/storage/models/amd--MiniMax-M3-MXFP4', skip_tokenizer_init=False, tokenizer_mode=auto, revision=None, tokenizer_revision=None, trust_remote_code=True, dtype=torch.bfloat16, max_seq_len=1048576, download_dir=None, load_format=auto, tensor_parallel_size=4, pipeline_parallel_size=1, data_parallel_size=1, decode_context_parallel_size=1, dcp_comm_backend=ag_rs, disable_custom_all_reduce=False, quantization=quark, quantization_config=None, enforce_eager=False, enable_return_routed_experts=False, kv_cache_dtype=fp8, device_config=cuda, structured_outputs_config=StructuredOutputsConfig(backend='auto', disable_any_whitespace=False, disable_additional_properties=False, reasoning_parser='minimax_m3', reasoning_parser_plugin='', enable_in_reasoning=False), observability_config=ObservabilityConfig(show_hidden_metrics_for_version=None, otlp_traces_endpoint=None, collect_detailed_traces=None, kv_cache_metrics=False, kv_cache_metrics_sample=0.01, cudagraph_metrics=False, enable_layerwise_nvtx_tracing=False, enable_mfu_metrics=False, enable_mm_processor_stats=False, enable_logging_iteration_details=False, jit_monitor_mode='warn', jit_monitor_verbose=True), seed=0, served_model_name=amd/MiniMax-M3-MXFP4, enable_prefix_caching=True, enable_chunked_prefill=True, pooler_config=None, compilation_config={'mode': <CompilationMode.VLLM_COMPILE: 3>, 'debug_dump_path': None, 'cache_dir': '', 'compile_cache_save_format': 'binary', 'backend': 'inductor', 'custom_ops': ['+quant_fp8', '+grouped_topk', '+sparse_attn_indexer', 'none'], 'ir_enable_torch_wrap': True, 'splitting_ops': ['vllm::unified_attention_with_output', 'vllm::unified_mla_attention_with_output', 'vllm::mamba_mixer2', 'vllm::mamba_mixer', 'vllm::short_conv', 'vllm::linear_attention', 'vllm::qwen_gdn_attention_core', 'vllm::gdn_attention_core_xpu', 'vllm::olmo_hybrid_gdn_full_forward', 'vllm::sparse_attn_indexer', 'vllm::rocm_aiter_sparse_attn_indexer', 'vllm::deepseek_v4_attention', 'vllm::hpc_rope_norm_forward', 'vllm::unified_kv_cache_update', 'vllm::unified_mla_kv_cache_update'], 'compile_mm_encoder': False, 'cudagraph_mm_encoder': False, 'encoder_cudagraph_token_budgets': [], 'encoder_cudagraph_max_vision_items_per_batch': 0, 'encoder_cudagraph_max_frames_per_batch': None, 'compile_sizes': [], 'compile_ranges_endpoints': [5461, 32768], 'inductor_compile_config': {'enable_auto_functionalized_v2': False, 'size_asserts': False, 'alignment_asserts': False, 'scalar_asserts': False, 'combo_kernels': True, 'benchmark_combo_kernel': True}, 'inductor_passes': {}, 'cudagraph_mode': <CUDAGraphMode.FULL_AND_PIECEWISE: (2, 1)>, 'cudagraph_num_of_warmups': 1, 'cudagraph_capture_sizes': [1, 2, 4, 8, 16, 24, 32, 40, 48, 56, 64, 72, 80, 88, 96, 104, 112, 120, 128, 136, 144, 152, 160, 168, 176, 184, 192, 200, 208, 216, 224, 232, 240, 248, 256, 272, 288, 304, 320, 336, 352, 368, 384, 400, 416, 432, 448, 464, 480, 496, 512], 'cudagraph_copy_inputs': False, 'cudagraph_specialize_lora': True, 'use_inductor_graph_partition': False, 'pass_config': {'fuse_norm_quant': True, 'fuse_act_quant': True, 'fuse_attn_quant': False, 'enable_sp': False, 'fuse_gemm_comms': False, 'fuse_allreduce_rms': True, 'enable_qk_norm_rope_fusion': False, 'fuse_rope_kvcache_cat_mla': False, 'fuse_act_padding': False, 'fuse_mla_dual_rms_norm': True, 'fuse_rope_kvcache': False, 'fuse_qk_norm_rope_kvcache': False}, 'max_cudagraph_capture_size': 512, 'dynamic_shapes_config': {'type': <DynamicShapesType.BACKED: 'backed'>, 'evaluate_guards': False, 'assume_32_bit_indexing': False}, 'local_cache_dir': None, 'fast_moe_cold_start': False, 'static_all_moe_layers': []}, kernel_config=KernelConfig(ir_op_priority=IrOpPriorityConfig(rms_norm=['aiter', 'native'], fused_add_rms_norm=['aiter', 'native']), enable_flashinfer_autotune=True, enable_cutedsl_warmup=True, enable_jit_warmup=True, enable_bf16x3_router_gemm=False, moe_backend='aiter', linear_backend='auto')
(EngineCore pid=3969676) WARNING 08-25 19:26:31 [multiproc_executor.py:1081] Reducing Torch parallelism from 128 threads to 1 to avoid unnecessary CPU contention. Set OMP_NUM_THREADS in the external environment to tune this value as needed.
(EngineCore pid=3969676) INFO 08-25 19:26:31 [multiproc_executor.py:140] DP group leader: node_rank=0, node_rank_within_dp=0, master_addr=127.0.0.1, mq_connect_ip=45.76.225.195 (local), world_size=4, local_world_size=4
WARNING 08-25 19:26:32 [rocm.py:123] Using CUDA_VISIBLE_DEVICES on ROCm is deprecated and support will be removed in vLLM v0.26.0. Please use HIP_VISIBLE_DEVICES instead.
WARNING 08-25 19:26:33 [rocm.py:123] Using CUDA_VISIBLE_DEVICES on ROCm is deprecated and support will be removed in vLLM v0.26.0. Please use HIP_VISIBLE_DEVICES instead.
WARNING 08-25 19:26:33 [rocm.py:123] Using CUDA_VISIBLE_DEVICES on ROCm is deprecated and support will be removed in vLLM v0.26.0. Please use HIP_VISIBLE_DEVICES instead.
WARNING 08-25 19:26:33 [rocm.py:123] Using CUDA_VISIBLE_DEVICES on ROCm is deprecated and support will be removed in vLLM v0.26.0. Please use HIP_VISIBLE_DEVICES instead.
INFO 08-25 19:26:42 [registry.py:134] All limits of multimodal modalities supported by the model are set to 0, running in text-only mode.
INFO 08-25 19:26:42 [registry.py:134] All limits of multimodal modalities supported by the model are set to 0, running in text-only mode.
(Worker pid=3969955) INFO 08-25 19:26:42 [parallel_state.py:1640] world_size=4 rank=2 local_rank=2 distributed_init_method=tcp://127.0.0.1:40873 backend=nccl
INFO 08-25 19:26:42 [registry.py:134] All limits of multimodal modalities supported by the model are set to 0, running in text-only mode.
(Worker pid=3969954) INFO 08-25 19:26:42 [parallel_state.py:1640] world_size=4 rank=1 local_rank=1 distributed_init_method=tcp://127.0.0.1:40873 backend=nccl
INFO 08-25 19:26:42 [registry.py:134] All limits of multimodal modalities supported by the model are set to 0, running in text-only mode.
(Worker pid=3969956) INFO 08-25 19:26:42 [parallel_state.py:1640] world_size=4 rank=3 local_rank=3 distributed_init_method=tcp://127.0.0.1:40873 backend=nccl
(Worker pid=3969953) INFO 08-25 19:26:42 [parallel_state.py:1640] world_size=4 rank=0 local_rank=0 distributed_init_method=tcp://127.0.0.1:40873 backend=nccl
(Worker pid=3969953) INFO 08-25 19:26:43 [pynccl.py:113] vLLM is using nccl==2.27.7
(Worker pid=3969954) [aiter] import [module_aiter_core] under /tmp/inferencex-minimaxm3-1412/home/.aiter/jit/module_aiter_core.so
(Worker pid=3969953) [aiter] import [module_aiter_core] under /tmp/inferencex-minimaxm3-1412/home/.aiter/jit/module_aiter_core.so
(Worker pid=3969956) [aiter] import [module_aiter_core] under /tmp/inferencex-minimaxm3-1412/home/.aiter/jit/module_aiter_core.so
(Worker pid=3969955) [aiter] import [module_aiter_core] under /tmp/inferencex-minimaxm3-1412/home/.aiter/jit/module_aiter_core.so
(Worker pid=3969954) [aiter] [pid=3969954 pname=VllmWorker-1] start build [module_custom_all_reduce] under /tmp/inferencex-minimaxm3-1412/home/.aiter/jit/build/module_custom_all_reduce
(Worker pid=3969953) [aiter] [pid=3969953 pname=VllmWorker-0] waiting for baton release at /tmp/inferencex-minimaxm3-1412/home/.aiter/jit/build/lock_module_custom_all_reduce
(Worker pid=3969956) [aiter] [pid=3969956 pname=VllmWorker-3] waiting for baton release at /tmp/inferencex-minimaxm3-1412/home/.aiter/jit/build/lock_module_custom_all_reduce
(Worker pid=3969955) [aiter] [pid=3969955 pname=VllmWorker-2] waiting for baton release at /tmp/inferencex-minimaxm3-1412/home/.aiter/jit/build/lock_module_custom_all_reduce
(Worker pid=3969954) [aiter] Current hipcc not support: -mllvm -amdgpu-coerce-illegal-types=1, skip it.
(Worker pid=3969954) [aiter] [pid=3969954 pname=VllmWorker-1] [32mfinish build [module_custom_all_reduce], cost 13.9s [0m
(Worker pid=3969954) [aiter] import [module_custom_all_reduce] under /tmp/inferencex-minimaxm3-1412/home/.aiter/jit/module_custom_all_reduce.so
(Worker pid=3969955) [aiter] import [module_custom_all_reduce] under /tmp/inferencex-minimaxm3-1412/home/.aiter/jit/module_custom_all_reduce.so
(Worker pid=3969953) [aiter] import [module_custom_all_reduce] under /tmp/inferencex-minimaxm3-1412/home/.aiter/jit/module_custom_all_reduce.so
(Worker pid=3969956) [aiter] import [module_custom_all_reduce] under /tmp/inferencex-minimaxm3-1412/home/.aiter/jit/module_custom_all_reduce.so
(Worker pid=3969955) INFO 08-25 19:27:05 [quick_all_reduce.py:254] Custom quick allreduce: quantization codec threshold = 256 KB
(Worker pid=3969956) INFO 08-25 19:27:05 [quick_all_reduce.py:254] Custom quick allreduce: quantization codec threshold = 256 KB
(Worker pid=3969954) INFO 08-25 19:27:05 [quick_all_reduce.py:254] Custom quick allreduce: quantization codec threshold = 256 KB
(Worker pid=3969953) INFO 08-25 19:27:05 [quick_all_reduce.py:254] Custom quick allreduce: quantization codec threshold = 256 KB
(Worker pid=3969953) INFO 08-25 19:27:05 [cuda_communicator.py:266] Using ['QUICK_REDUCE', 'AITER_CUSTOM', 'PYNCCL'] all-reduce backends (in dispatch order) for group 'tp:0' out of potential backends: ['NCCL_SYMM_MEM', 'QUICK_REDUCE', 'FLASHINFER', 'AITER_CUSTOM', 'CUSTOM', 'SYMM_MEM', 'PYNCCL'].
(Worker pid=3969953) INFO 08-25 19:27:06 [cuda_communicator.py:266] Using ['PYNCCL'] all-reduce backends (in dispatch order) for group 'ep:0' out of potential backends: ['NCCL_SYMM_MEM', 'QUICK_REDUCE', 'FLASHINFER', 'AITER_CUSTOM', 'CUSTOM', 'SYMM_MEM', 'PYNCCL'].
(Worker pid=3969953) INFO 08-25 19:27:06 [parallel_state.py:1977] rank 0 in world size 4 is assigned as DP rank 0, PP rank 0, PCP rank 0, TP rank 0, EP rank 0, EPLB rank N/A
(Worker pid=3969953) INFO 08-25 19:27:07 [topk_topp_sampler.py:124] Using aiter sampler on ROCm (lazy import, sampling-only).
(Worker pid=3969956) WARNING 08-25 19:27:07 [__init__.py:205] min_p and logit_bias parameters won't work with speculative decoding.
(Worker pid=3969954) WARNING 08-25 19:27:07 [__init__.py:205] min_p and logit_bias parameters won't work with speculative decoding.
(Worker pid=3969953) WARNING 08-25 19:27:07 [__init__.py:205] min_p and logit_bias parameters won't work with speculative decoding.
(Worker pid=3969955) WARNING 08-25 19:27:07 [__init__.py:205] min_p and logit_bias parameters won't work with speculative decoding.
(Worker_TP0 pid=3969953) INFO 08-25 19:27:07 [gpu_model_runner.py:5308] Starting to load model /shared/data/R7N/andy_luo_3v7/minimaxm3-agentx/storage/models/amd--MiniMax-M3-MXFP4...
(Worker_TP3 pid=3969956) INFO 08-25 19:27:08 [kernel.py:306] Final IR op priority after setting platform defaults: IrOpPriorityConfig(rms_norm=['aiter', 'native'], fused_add_rms_norm=['aiter', 'native'])
(Worker_TP1 pid=3969954) INFO 08-25 19:27:08 [kernel.py:306] Final IR op priority after setting platform defaults: IrOpPriorityConfig(rms_norm=['aiter', 'native'], fused_add_rms_norm=['aiter', 'native'])
(Worker_TP0 pid=3969953) INFO 08-25 19:27:08 [rocm.py:697] Using AITER Flash Attention backend for ViT model.
(Worker_TP0 pid=3969953) INFO 08-25 19:27:08 [mm_encoder_attention.py:375] Using AttentionBackendEnum.ROCM_AITER_FA for MMEncoderAttention.
(Worker_TP0 pid=3969953) INFO 08-25 19:27:08 [kernel.py:306] Final IR op priority after setting platform defaults: IrOpPriorityConfig(rms_norm=['aiter', 'native'], fused_add_rms_norm=['aiter', 'native'])
(Worker_TP0 pid=3969953) INFO 08-25 19:27:08 [compilation.py:329] Enabled custom fusions: norm_quant, act_quant, allreduce_rms, mla_dual_rms_norm
(Worker_TP3 pid=3969956) WARNING 08-25 19:27:08 [vllm.py:2415] `torch.compile` is turned on, but the model /shared/data/R7N/andy_luo_3v7/minimaxm3-agentx/storage/models/amd--MiniMax-M3-MXFP4 does not support it. Please open an issue on GitHub if you want it to be supported.
(Worker_TP1 pid=3969954) WARNING 08-25 19:27:08 [vllm.py:2415] `torch.compile` is turned on, but the model /shared/data/R7N/andy_luo_3v7/minimaxm3-agentx/storage/models/amd--MiniMax-M3-MXFP4 does not support it. Please open an issue on GitHub if you want it to be supported.
(Worker_TP3 pid=3969956) WARNING 08-25 19:27:08 [vllm.py:2415] `torch.compile` is turned on, but the model /shared/data/R7N/andy_luo_3v7/minimaxm3-agentx/storage/models/amd--MiniMax-M3-MXFP4 does not support it. Please open an issue on GitHub if you want it to be supported.
(Worker_TP1 pid=3969954) WARNING 08-25 19:27:08 [vllm.py:2415] `torch.compile` is turned on, but the model /shared/data/R7N/andy_luo_3v7/minimaxm3-agentx/storage/models/amd--MiniMax-M3-MXFP4 does not support it. Please open an issue on GitHub if you want it to be supported.
(Worker_TP2 pid=3969955) INFO 08-25 19:27:08 [kernel.py:306] Final IR op priority after setting platform defaults: IrOpPriorityConfig(rms_norm=['aiter', 'native'], fused_add_rms_norm=['aiter', 'native'])
(Worker_TP3 pid=3969956) INFO 08-25 19:27:08 [weight_utils.py:829] Prefetching checkpoint files into page cache started (in background, num_threads=8, block_size=16777216 bytes)
(Worker_TP1 pid=3969954) INFO 08-25 19:27:08 [weight_utils.py:829] Prefetching checkpoint files into page cache started (in background, num_threads=8, block_size=16777216 bytes)
(Worker_TP0 pid=3969953) INFO 08-25 19:27:08 [rocm.py:606] Using ROCM_AITER_UNIFIED_ATTN backend (selected via --attention-backend).
(Worker_TP0 pid=3969953) INFO 08-25 19:27:08 [rocm_aiter_unified_attn.py:175] Using aiter unified attention for RocmAiterUnifiedAttentionImpl
(Worker_TP0 pid=3969953) INFO 08-25 19:27:08 [rocm_aiter_unified_attn.py:217] AITER unified-attention kernel is aiter; quantized query input is enabled; quantized output is enabled; cache writer is aiter.
(Worker_TP0 pid=3969953) INFO 08-25 19:27:08 [sparse_attention.py:483] MiniMax M3 sparse attention selected AITER_SPARSE_PA (kv_cache_dtype=fp8, topk_blocks=16)
(Worker_TP0 pid=3969953) INFO 08-25 19:27:08 [indexer.py:570] MiniMax M3 indexer: selected AITER (fp8 MFMA score + top-k) [topk_blocks=16, indexer_kv_dtype=fp8]
(Worker_TP0 pid=3969953) INFO 08-25 19:27:08 [mxfp4.py:425] Using 'AITER_MXFP4_MXFP4' Mxfp4 MoE backend.
(Worker_TP0 pid=3969953) INFO 08-25 19:27:08 [quark_moe.py:1139] Using AITER_MXFP4_MXFP4 backend for OCP_MX_Scheme.w_mxfp4_a_mxfp4
(Worker_TP0 pid=3969953) WARNING 08-25 19:27:08 [compilation.py:1347] Op 'grouped_topk' not present in model, enabling with '+grouped_topk' has no effect
(Worker_TP0 pid=3969953) WARNING 08-25 19:27:08 [compilation.py:1347] Op 'sparse_attn_indexer' not present in model, enabling with '+sparse_attn_indexer' has no effect
(Worker_TP0 pid=3969953) WARNING 08-25 19:27:08 [vllm.py:2415] `torch.compile` is turned on, but the model /shared/data/R7N/andy_luo_3v7/minimaxm3-agentx/storage/models/amd--MiniMax-M3-MXFP4 does not support it. Please open an issue on GitHub if you want it to be supported.
(Worker_TP0 pid=3969953) WARNING 08-25 19:27:08 [vllm.py:2415] `torch.compile` is turned on, but the model /shared/data/R7N/andy_luo_3v7/minimaxm3-agentx/storage/models/amd--MiniMax-M3-MXFP4 does not support it. Please open an issue on GitHub if you want it to be supported.
(Worker_TP0 pid=3969953) INFO 08-25 19:27:08 [weight_utils.py:867] Filesystem type for checkpoints: NFS. Checkpoint size: 226.00 GiB. Available RAM: 2947.78 GiB.
(Worker_TP0 pid=3969953) INFO 08-25 19:27:08 [weight_utils.py:829] Prefetching checkpoint files into page cache started (in background, num_threads=8, block_size=16777216 bytes)
(Worker_TP0 pid=3969953) Loading safetensors checkpoint shards:   0% Completed | 0/59 [00:00<?, ?it/s]
(Worker_TP2 pid=3969955) WARNING 08-25 19:27:08 [vllm.py:2415] `torch.compile` is turned on, but the model /shared/data/R7N/andy_luo_3v7/minimaxm3-agentx/storage/models/amd--MiniMax-M3-MXFP4 does not support it. Please open an issue on GitHub if you want it to be supported.
(Worker_TP2 pid=3969955) WARNING 08-25 19:27:09 [vllm.py:2415] `torch.compile` is turned on, but the model /shared/data/R7N/andy_luo_3v7/minimaxm3-agentx/storage/models/amd--MiniMax-M3-MXFP4 does not support it. Please open an issue on GitHub if you want it to be supported.
(Worker_TP2 pid=3969955) INFO 08-25 19:27:09 [weight_utils.py:829] Prefetching checkpoint files into page cache started (in background, num_threads=8, block_size=16777216 bytes)
(Worker_TP1 pid=3969954) INFO 08-25 19:27:13 [weight_utils.py:801] Prefetching checkpoint files: 10% (2/15)
(Worker_TP1 pid=3969954) INFO 08-25 19:27:13 [weight_utils.py:801] Prefetching checkpoint files: 20% (3/15)
(Worker_TP2 pid=3969955) INFO 08-25 19:27:14 [weight_utils.py:801] Prefetching checkpoint files: 10% (2/15)
(Worker_TP1 pid=3969954) INFO 08-25 19:27:14 [weight_utils.py:801] Prefetching checkpoint files: 30% (5/15)
(Worker_TP1 pid=3969954) INFO 08-25 19:27:14 [weight_utils.py:801] Prefetching checkpoint files: 40% (6/15)
(Worker_TP3 pid=3969956) INFO 08-25 19:27:14 [weight_utils.py:801] Prefetching checkpoint files: 10% (2/14)
(Worker_TP0 pid=3969953) Loading safetensors checkpoint shards:   2% Completed | 1/59 [00:06<05:52,  6.07s/it]
(Worker_TP0 pid=3969953) INFO 08-25 19:27:15 [weight_utils.py:801] Prefetching checkpoint files: 10% (2/15)
(Worker_TP3 pid=3969956) INFO 08-25 19:27:15 [weight_utils.py:801] Prefetching checkpoint files: 20% (3/14)
(Worker_TP0 pid=3969953) Loading safetensors checkpoint shards:   3% Completed | 2/59 [00:06<02:32,  2.67s/it]
(Worker_TP2 pid=3969955) INFO 08-25 19:27:15 [weight_utils.py:801] Prefetching checkpoint files: 20% (3/15)
(Worker_TP0 pid=3969953) Loading safetensors checkpoint shards:   5% Completed | 3/59 [00:06<01:30,  1.62s/it]
(Worker_TP0 pid=3969953) INFO 08-25 19:27:15 [weight_utils.py:801] Prefetching checkpoint files: 20% (3/15)
(Worker_TP2 pid=3969955) INFO 08-25 19:27:15 [weight_utils.py:801] Prefetching checkpoint files: 30% (5/15)
(Worker_TP3 pid=3969956) INFO 08-25 19:27:15 [weight_utils.py:801] Prefetching checkpoint files: 30% (5/14)
(Worker_TP3 pid=3969956) INFO 08-25 19:27:15 [weight_utils.py:801] Prefetching checkpoint files: 40% (6/14)
(Worker_TP3 pid=3969956) INFO 08-25 19:27:16 [weight_utils.py:801] Prefetching checkpoint files: 50% (7/14)
(Worker_TP0 pid=3969953) INFO 08-25 19:27:16 [weight_utils.py:801] Prefetching checkpoint files: 30% (5/15)
(Worker_TP1 pid=3969954) INFO 08-25 19:27:17 [weight_utils.py:801] Prefetching checkpoint files: 50% (8/15)
(Worker_TP2 pid=3969955) INFO 08-25 19:27:17 [weight_utils.py:801] Prefetching checkpoint files: 40% (6/15)
(Worker_TP1 pid=3969954) INFO 08-25 19:27:17 [weight_utils.py:801] Prefetching checkpoint files: 60% (9/15)
(Worker_TP1 pid=3969954) INFO 08-25 19:27:18 [weight_utils.py:801] Prefetching checkpoint files: 70% (11/15)
(Worker_TP2 pid=3969955) INFO 08-25 19:27:18 [weight_utils.py:801] Prefetching checkpoint files: 50% (8/15)
(Worker_TP1 pid=3969954) INFO 08-25 19:27:18 [weight_utils.py:801] Prefetching checkpoint files: 80% (12/15)
(Worker_TP2 pid=3969955) INFO 08-25 19:27:19 [weight_utils.py:801] Prefetching checkpoint files: 60% (9/15)
(Worker_TP0 pid=3969953) INFO 08-25 19:27:19 [weight_utils.py:801] Prefetching checkpoint files: 40% (6/15)
(Worker_TP2 pid=3969955) INFO 08-25 19:27:19 [weight_utils.py:801] Prefetching checkpoint files: 70% (11/15)
(Worker_TP2 pid=3969955) INFO 08-25 19:27:19 [weight_utils.py:801] Prefetching checkpoint files: 80% (12/15)
(Worker_TP0 pid=3969953) INFO 08-25 19:27:19 [weight_utils.py:801] Prefetching checkpoint files: 50% (8/15)
(Worker_TP2 pid=3969955) INFO 08-25 19:27:19 [weight_utils.py:801] Prefetching checkpoint files: 90% (14/15)
(Worker_TP1 pid=3969954) INFO 08-25 19:27:20 [weight_utils.py:801] Prefetching checkpoint files: 90% (14/15)
(Worker_TP3 pid=3969956) INFO 08-25 19:27:20 [weight_utils.py:801] Prefetching checkpoint files: 60% (9/14)
(Worker_TP0 pid=3969953) INFO 08-25 19:27:20 [weight_utils.py:801] Prefetching checkpoint files: 60% (9/15)
(Worker_TP3 pid=3969956) INFO 08-25 19:27:20 [weight_utils.py:801] Prefetching checkpoint files: 70% (10/14)
(Worker_TP1 pid=3969954) INFO 08-25 19:27:21 [weight_utils.py:801] Prefetching checkpoint files: 100% (15/15)
(Worker_TP3 pid=3969956) INFO 08-25 19:27:21 [weight_utils.py:801] Prefetching checkpoint files: 80% (12/14)
(Worker_TP1 pid=3969954) INFO 08-25 19:27:21 [weight_utils.py:824] Prefetching checkpoint files into page cache finished in 12.72s
(Worker_TP0 pid=3969953) INFO 08-25 19:27:22 [weight_utils.py:801] Prefetching checkpoint files: 70% (11/15)
(Worker_TP0 pid=3969953) INFO 08-25 19:27:26 [weight_utils.py:801] Prefetching checkpoint files: 80% (12/15)
(Worker_TP0 pid=3969953) INFO 08-25 19:27:29 [weight_utils.py:801] Prefetching checkpoint files: 90% (14/15)
(Worker_TP2 pid=3969955) INFO 08-25 19:27:29 [weight_utils.py:801] Prefetching checkpoint files: 100% (15/15)
(Worker_TP2 pid=3969955) INFO 08-25 19:27:29 [weight_utils.py:824] Prefetching checkpoint files into page cache finished in 20.15s
(Worker_TP3 pid=3969956) INFO 08-25 19:27:29 [weight_utils.py:801] Prefetching checkpoint files: 90% (13/14)
(Worker_TP0 pid=3969953) INFO 08-25 19:27:29 [weight_utils.py:801] Prefetching checkpoint files: 100% (15/15)
(Worker_TP0 pid=3969953) INFO 08-25 19:27:29 [weight_utils.py:824] Prefetching checkpoint files into page cache finished in 20.41s
(Worker_TP3 pid=3969956) INFO 08-25 19:27:29 [weight_utils.py:801] Prefetching checkpoint files: 100% (14/14)
(Worker_TP3 pid=3969956) INFO 08-25 19:27:29 [weight_utils.py:824] Prefetching checkpoint files into page cache finished in 21.02s
(Worker_TP0 pid=3969953) Loading safetensors checkpoint shards:   7% Completed | 4/59 [00:20<05:57,  6.50s/it]
(Worker_TP0 pid=3969953) Loading safetensors checkpoint shards:   8% Completed | 5/59 [00:21<03:51,  4.28s/it]
(Worker_TP0 pid=3969953) Loading safetensors checkpoint shards:  10% Completed | 6/59 [00:21<02:35,  2.93s/it]
(Worker_TP0 pid=3969953) Loading safetensors checkpoint shards:  12% Completed | 7/59 [00:21<01:48,  2.08s/it]
(Worker_TP0 pid=3969953) Loading safetensors checkpoint shards:  14% Completed | 8/59 [00:22<01:17,  1.52s/it]
(Worker_TP0 pid=3969953) Loading safetensors checkpoint shards:  15% Completed | 9/59 [00:22<00:57,  1.16s/it]
(Worker_TP0 pid=3969953) Loading safetensors checkpoint shards:  17% Completed | 10/59 [00:22<00:44,  1.11it/s]
(Worker_TP0 pid=3969953) Loading safetensors checkpoint shards:  19% Completed | 11/59 [00:23<00:35,  1.37it/s]
(Worker_TP0 pid=3969953) Loading safetensors checkpoint shards:  20% Completed | 12/59 [00:23<00:28,  1.65it/s]
(Worker_TP0 pid=3969953) Loading safetensors checkpoint shards:  22% Completed | 13/59 [00:23<00:24,  1.89it/s]
(Worker_TP0 pid=3969953) Loading safetensors checkpoint shards:  24% Completed | 14/59 [00:24<00:21,  2.14it/s]
(Worker_TP0 pid=3969953) Loading safetensors checkpoint shards:  25% Completed | 15/59 [00:24<00:19,  2.31it/s]
(Worker_TP0 pid=3969953) Loading safetensors checkpoint shards:  27% Completed | 16/59 [00:24<00:17,  2.42it/s]
(Worker_TP0 pid=3969953) Loading safetensors checkpoint shards:  29% Completed | 17/59 [00:25<00:16,  2.53it/s]
(Worker_TP0 pid=3969953) Loading safetensors checkpoint shards:  31% Completed | 18/59 [00:25<00:15,  2.66it/s]
(Worker_TP0 pid=3969953) Loading safetensors checkpoint shards:  32% Completed | 19/59 [00:25<00:14,  2.72it/s]
(Worker_TP0 pid=3969953) Loading safetensors checkpoint shards:  34% Completed | 20/59 [00:26<00:13,  2.82it/s]
(Worker_TP0 pid=3969953) Loading safetensors checkpoint shards:  36% Completed | 21/59 [00:26<00:12,  2.94it/s]
(Worker_TP0 pid=3969953) Loading safetensors checkpoint shards:  37% Completed | 22/59 [00:26<00:12,  3.00it/s]
(Worker_TP0 pid=3969953) Loading safetensors checkpoint shards:  39% Completed | 23/59 [00:27<00:12,  2.93it/s]
(Worker_TP0 pid=3969953) Loading safetensors checkpoint shards:  41% Completed | 24/59 [00:27<00:12,  2.88it/s]
(Worker_TP0 pid=3969953) Loading safetensors checkpoint shards:  42% Completed | 25/59 [00:27<00:09,  3.41it/s]
(Worker_TP0 pid=3969953) Loading safetensors checkpoint shards:  44% Completed | 26/59 [00:27<00:09,  3.55it/s]
(Worker_TP0 pid=3969953) Loading safetensors checkpoint shards:  46% Completed | 27/59 [00:28<00:09,  3.49it/s]
(Worker_TP0 pid=3969953) Loading safetensors checkpoint shards:  47% Completed | 28/59 [00:28<00:09,  3.37it/s]
(Worker_TP0 pid=3969953) Loading safetensors checkpoint shards:  49% Completed | 29/59 [00:28<00:08,  3.39it/s]
(Worker_TP0 pid=3969953) Loading safetensors checkpoint shards:  51% Completed | 30/59 [00:29<00:08,  3.36it/s]
(Worker_TP0 pid=3969953) Loading safetensors checkpoint shards:  53% Completed | 31/59 [00:29<00:08,  3.37it/s]
(Worker_TP0 pid=3969953) Loading safetensors checkpoint shards:  54% Completed | 32/59 [00:29<00:08,  3.26it/s]
(Worker_TP0 pid=3969953) Loading safetensors checkpoint shards:  56% Completed | 33/59 [00:30<00:07,  3.31it/s]
(Worker_TP0 pid=3969953) Loading safetensors checkpoint shards:  58% Completed | 34/59 [00:30<00:07,  3.36it/s]
(Worker_TP0 pid=3969953) Loading safetensors checkpoint shards:  59% Completed | 35/59 [00:30<00:07,  3.26it/s]
(Worker_TP0 pid=3969953) Loading safetensors checkpoint shards:  61% Completed | 36/59 [00:30<00:07,  3.18it/s]
(Worker_TP0 pid=3969953) Loading safetensors checkpoint shards:  63% Completed | 37/59 [00:31<00:06,  3.30it/s]
(Worker_TP0 pid=3969953) Loading safetensors checkpoint shards:  64% Completed | 38/59 [00:31<00:06,  3.42it/s]
(Worker_TP0 pid=3969953) Loading safetensors checkpoint shards:  66% Completed | 39/59 [00:31<00:05,  3.38it/s]
(Worker_TP0 pid=3969953) Loading safetensors checkpoint shards:  68% Completed | 40/59 [00:32<00:05,  3.46it/s]
(Worker_TP0 pid=3969953) Loading safetensors checkpoint shards:  69% Completed | 41/59 [00:32<00:05,  3.42it/s]
(Worker_TP0 pid=3969953) Loading safetensors checkpoint shards:  71% Completed | 42/59 [00:32<00:05,  3.37it/s]
(Worker_TP0 pid=3969953) Loading safetensors checkpoint shards:  73% Completed | 43/59 [00:32<00:04,  3.50it/s]
(Worker_TP0 pid=3969953) Loading safetensors checkpoint shards:  75% Completed | 44/59 [00:33<00:04,  3.44it/s]
(Worker_TP0 pid=3969953) Loading safetensors checkpoint shards:  76% Completed | 45/59 [00:33<00:03,  3.53it/s]
(Worker_TP0 pid=3969953) Loading safetensors checkpoint shards:  78% Completed | 46/59 [00:33<00:03,  3.55it/s]
(Worker_TP0 pid=3969953) Loading safetensors checkpoint shards:  80% Completed | 47/59 [00:34<00:03,  3.48it/s]
(Worker_TP0 pid=3969953) Loading safetensors checkpoint shards:  81% Completed | 48/59 [00:34<00:03,  3.44it/s]
(Worker_TP0 pid=3969953) Loading safetensors checkpoint shards:  83% Completed | 49/59 [00:34<00:02,  3.41it/s]
(Worker_TP0 pid=3969953) Loading safetensors checkpoint shards:  85% Completed | 50/59 [00:34<00:02,  3.50it/s]
(Worker_TP0 pid=3969953) Loading safetensors checkpoint shards:  86% Completed | 51/59 [00:35<00:02,  3.44it/s]
(Worker_TP0 pid=3969953) Loading safetensors checkpoint shards:  88% Completed | 52/59 [00:35<00:02,  3.46it/s]
(Worker_TP0 pid=3969953) Loading safetensors checkpoint shards:  90% Completed | 53/59 [00:35<00:01,  3.56it/s]
(Worker_TP0 pid=3969953) Loading safetensors checkpoint shards:  92% Completed | 54/59 [00:36<00:01,  3.56it/s]
(Worker_TP0 pid=3969953) Loading safetensors checkpoint shards:  93% Completed | 55/59 [00:36<00:01,  3.61it/s]
(Worker_TP0 pid=3969953) Loading safetensors checkpoint shards:  95% Completed | 56/59 [00:36<00:00,  3.64it/s]
(Worker_TP0 pid=3969953) Loading safetensors checkpoint shards:  97% Completed | 57/59 [00:36<00:00,  3.53it/s]
(Worker_TP0 pid=3969953) Loading safetensors checkpoint shards:  98% Completed | 58/59 [00:37<00:00,  3.58it/s]
(Worker_TP0 pid=3969953) Loading safetensors checkpoint shards: 100% Completed | 59/59 [00:37<00:00,  3.39it/s]
(Worker_TP0 pid=3969953) Loading safetensors checkpoint shards: 100% Completed | 59/59 [00:37<00:00,  1.57it/s]
(Worker_TP0 pid=3969953) 
(Worker_TP0 pid=3969953) INFO 08-25 19:27:46 [default_loader.py:430] Loading weights took 37.62 seconds
(Worker_TP0 pid=3969953) WARNING 08-25 19:27:46 [kv_cache.py:134] Checkpoint does not provide a q scaling factor. Setting it to k_scale. This only matters for FP8 Attention backends (flash-attn or flashinfer).
(Worker_TP0 pid=3969953) WARNING 08-25 19:27:46 [kv_cache.py:151] Using KV cache scaling factor 1.0 for fp8_e4m3. If this is unintended, verify that k/v_scale scaling factors are properly set in the checkpoint.
(Worker_TP0 pid=3969953) WARNING 08-25 19:27:46 [kv_cache.py:190] Using uncalibrated q_scale 1.0 and/or prob_scale 1.0 with fp8 attention. This may cause accuracy issues. Please make sure q/prob scaling factors are available in the fp8 checkpoint.
(Worker_TP0 pid=3969953) INFO 08-25 19:27:46 [mxfp4.py:1730] Using MoEPrepareAndFinalizeNoDPEPModular
(Worker_TP0 pid=3969953) INFO 08-25 19:27:46 [mxfp4.py:1731] Using AiterExperts
(Worker_TP0 pid=3969953) INFO 08-25 19:27:47 [gpu_model_runner.py:5332] Loading drafter model...
(Worker_TP0 pid=3969953) INFO 08-25 19:27:47 [kernel.py:306] Final IR op priority after setting platform defaults: IrOpPriorityConfig(rms_norm=['aiter', 'native'], fused_add_rms_norm=['aiter', 'native'])
(Worker_TP0 pid=3969953) INFO 08-25 19:27:47 [llama_eagle3.py:47] Using a 32768-token sliding attention window with full KV retention for all 1 Llama EAGLE3 draft layers.
(Worker_TP3 pid=3969956) INFO 08-25 19:27:47 [kernel.py:306] Final IR op priority after setting platform defaults: IrOpPriorityConfig(rms_norm=['aiter', 'native'], fused_add_rms_norm=['aiter', 'native'])
(Worker_TP3 pid=3969956) INFO 08-25 19:27:47 [llama_eagle3.py:47] Using a 32768-token sliding attention window with full KV retention for all 1 Llama EAGLE3 draft layers.
(Worker_TP1 pid=3969954) INFO 08-25 19:27:47 [kernel.py:306] Final IR op priority after setting platform defaults: IrOpPriorityConfig(rms_norm=['aiter', 'native'], fused_add_rms_norm=['aiter', 'native'])
(Worker_TP1 pid=3969954) INFO 08-25 19:27:47 [llama_eagle3.py:47] Using a 32768-token sliding attention window with full KV retention for all 1 Llama EAGLE3 draft layers.
(Worker_TP0 pid=3969953) INFO 08-25 19:27:47 [weight_utils.py:867] Filesystem type for checkpoints: NFS. Checkpoint size: 5.73 GiB. Available RAM: 2942.18 GiB.
(Worker_TP0 pid=3969953) INFO 08-25 19:27:47 [weight_utils.py:829] Prefetching checkpoint files into page cache started (in background, num_threads=8, block_size=16777216 bytes)
(Worker_TP3 pid=3969956) INFO 08-25 19:27:47 [weight_utils.py:829] Prefetching checkpoint files into page cache started (in background, num_threads=8, block_size=16777216 bytes)
(Worker_TP0 pid=3969953) Loading safetensors checkpoint shards:   0% Completed | 0/1 [00:00<?, ?it/s]
(Worker_TP1 pid=3969954) INFO 08-25 19:27:47 [weight_utils.py:829] Prefetching checkpoint files into page cache started (in background, num_threads=8, block_size=16777216 bytes)
(Worker_TP0 pid=3969953) Loading safetensors checkpoint shards: 100% Completed | 1/1 [00:00<00:00, 46.18it/s]
(Worker_TP0 pid=3969953) 
(Worker_TP3 pid=3969956) INFO 08-25 19:27:47 [weight_utils.py:824] Prefetching checkpoint files into page cache finished in 0.02s
(Worker_TP1 pid=3969954) INFO 08-25 19:27:47 [weight_utils.py:824] Prefetching checkpoint files into page cache finished in 0.01s
(Worker_TP2 pid=3969955) INFO 08-25 19:27:47 [kernel.py:306] Final IR op priority after setting platform defaults: IrOpPriorityConfig(rms_norm=['aiter', 'native'], fused_add_rms_norm=['aiter', 'native'])
(Worker_TP2 pid=3969955) INFO 08-25 19:27:47 [llama_eagle3.py:47] Using a 32768-token sliding attention window with full KV retention for all 1 Llama EAGLE3 draft layers.
(Worker_TP2 pid=3969955) INFO 08-25 19:27:47 [weight_utils.py:829] Prefetching checkpoint files into page cache started (in background, num_threads=8, block_size=16777216 bytes)
(Worker_TP2 pid=3969955) INFO 08-25 19:27:47 [weight_utils.py:824] Prefetching checkpoint files into page cache finished in 0.00s
(Worker_TP0 pid=3969953) INFO 08-25 19:27:50 [default_loader.py:430] Loading weights took 2.87 seconds
(Worker_TP0 pid=3969953) INFO 08-25 19:27:50 [llm_base_proposer.py:1465] Detected EAGLE model with embed_tokens identical to the target model. Sharing target model embedding weights with the draft model.
(Worker_TP0 pid=3969953) INFO 08-25 19:27:50 [llm_base_proposer.py:1551] Detected EAGLE model with distinct lm_head weights. Keeping separate lm_head weights from the target model.
(Worker_TP0 pid=3969953) INFO 08-25 19:27:50 [llm_base_proposer.py:1597] Detected MTP model with topk_indices_buffer. Sharing target model topk_indices_buffer with the draft model.
(Worker_TP1 pid=3969954) INFO 08-25 19:27:50 [llm_base_proposer.py:1465] Detected EAGLE model with embed_tokens identical to the target model. Sharing target model embedding weights with the draft model.
(Worker_TP1 pid=3969954) INFO 08-25 19:27:50 [llm_base_proposer.py:1551] Detected EAGLE model with distinct lm_head weights. Keeping separate lm_head weights from the target model.
(Worker_TP1 pid=3969954) INFO 08-25 19:27:50 [llm_base_proposer.py:1597] Detected MTP model with topk_indices_buffer. Sharing target model topk_indices_buffer with the draft model.
(Worker_TP2 pid=3969955) INFO 08-25 19:27:51 [llm_base_proposer.py:1465] Detected EAGLE model with embed_tokens identical to the target model. Sharing target model embedding weights with the draft model.
(Worker_TP3 pid=3969956) INFO 08-25 19:27:51 [llm_base_proposer.py:1465] Detected EAGLE model with embed_tokens identical to the target model. Sharing target model embedding weights with the draft model.
(Worker_TP2 pid=3969955) INFO 08-25 19:27:51 [llm_base_proposer.py:1551] Detected EAGLE model with distinct lm_head weights. Keeping separate lm_head weights from the target model.
(Worker_TP2 pid=3969955) INFO 08-25 19:27:51 [llm_base_proposer.py:1597] Detected MTP model with topk_indices_buffer. Sharing target model topk_indices_buffer with the draft model.
(Worker_TP3 pid=3969956) INFO 08-25 19:27:51 [llm_base_proposer.py:1551] Detected EAGLE model with distinct lm_head weights. Keeping separate lm_head weights from the target model.
(Worker_TP3 pid=3969956) INFO 08-25 19:27:51 [llm_base_proposer.py:1597] Detected MTP model with topk_indices_buffer. Sharing target model topk_indices_buffer with the draft model.
(Worker_TP0 pid=3969953) INFO 08-25 19:27:51 [gpu_model_runner.py:5405] Model loading took 57.7 GiB memory and 41.890530 seconds
(Worker_TP0 pid=3969953) INFO 08-25 19:27:51 [weight_utils.py:801] Prefetching checkpoint files: 10% (1/1)
(Worker_TP0 pid=3969953) INFO 08-25 19:27:51 [weight_utils.py:824] Prefetching checkpoint files into page cache finished in 4.24s
(Worker_TP2 pid=3969955) [aiter] merge tuned file under model_configs/ and configs/ /usr/local/lib/python3.12/dist-packages/aiter/configs/bf16_tuned_gemm.csv:/usr/local/lib/python3.12/dist-packages/aiter/configs/model_configs/dsv3_bf16_tuned_gemm.csv:/usr/local/lib/python3.12/dist-packages/aiter/configs/model_configs/dsv4_bf16_tuned_gemm.csv:/usr/local/lib/python3.12/dist-packages/aiter/configs/model_configs/glm47_bf16_tuned_gemm.csv:/usr/local/lib/python3.12/dist-packages/aiter/configs/model_configs/glm5_bf16_tuned_gemm.csv:/usr/local/lib/python3.12/dist-packages/aiter/configs/model_configs/gptoss_bf16_tuned_gemm.csv:/usr/local/lib/python3.12/dist-packages/aiter/configs/model_configs/kimi_bf16_tuned_gemm.csv:/usr/local/lib/python3.12/dist-packages/aiter/configs/model_configs/kimik2_bf16_tuned_gemm.csv:/usr/local/lib/python3.12/dist-packages/aiter/configs/model_configs/kimik3_bf16_tuned_gemm.csv:/usr/local/lib/python3.12/dist-packages/aiter/configs/model_configs/llama405B_bf16_tuned_gemm.csv:/usr/local/lib/python3.12/dist-packages/aiter/configs/model_configs/llama70B_bf16_tuned_gemm.csv:/usr/local/lib/python3.12/dist-packages/aiter/configs/model_configs/minimax_m3_eagle_bf16_tuned_gemm.csv:/usr/local/lib/python3.12/dist-packages/aiter/configs/model_configs/qwen32B_bf16_tuned_gemm.csv:/usr/local/lib/python3.12/dist-packages/aiter/configs/model_configs/qwen3_5_397b_bf16_tuned_gemm.csv
(Worker_TP0 pid=3969953) [aiter] merge tuned file under model_configs/ and configs/ /usr/local/lib/python3.12/dist-packages/aiter/configs/bf16_tuned_gemm.csv:/usr/local/lib/python3.12/dist-packages/aiter/configs/model_configs/dsv3_bf16_tuned_gemm.csv:/usr/local/lib/python3.12/dist-packages/aiter/configs/model_configs/dsv4_bf16_tuned_gemm.csv:/usr/local/lib/python3.12/dist-packages/aiter/configs/model_configs/glm47_bf16_tuned_gemm.csv:/usr/local/lib/python3.12/dist-packages/aiter/configs/model_configs/glm5_bf16_tuned_gemm.csv:/usr/local/lib/python3.12/dist-packages/aiter/configs/model_configs/gptoss_bf16_tuned_gemm.csv:/usr/local/lib/python3.12/dist-packages/aiter/configs/model_configs/kimi_bf16_tuned_gemm.csv:/usr/local/lib/python3.12/dist-packages/aiter/configs/model_configs/kimik2_bf16_tuned_gemm.csv:/usr/local/lib/python3.12/dist-packages/aiter/configs/model_configs/kimik3_bf16_tuned_gemm.csv:/usr/local/lib/python3.12/dist-packages/aiter/configs/model_configs/llama405B_bf16_tuned_gemm.csv:/usr/local/lib/python3.12/dist-packages/aiter/configs/model_configs/llama70B_bf16_tuned_gemm.csv:/usr/local/lib/python3.12/dist-packages/aiter/configs/model_configs/minimax_m3_eagle_bf16_tuned_gemm.csv:/usr/local/lib/python3.12/dist-packages/aiter/configs/model_configs/qwen32B_bf16_tuned_gemm.csv:/usr/local/lib/python3.12/dist-packages/aiter/configs/model_configs/qwen3_5_397b_bf16_tuned_gemm.csv
(Worker_TP3 pid=3969956) [aiter] merge tuned file under model_configs/ and configs/ /usr/local/lib/python3.12/dist-packages/aiter/configs/bf16_tuned_gemm.csv:/usr/local/lib/python3.12/dist-packages/aiter/configs/model_configs/dsv3_bf16_tuned_gemm.csv:/usr/local/lib/python3.12/dist-packages/aiter/configs/model_configs/dsv4_bf16_tuned_gemm.csv:/usr/local/lib/python3.12/dist-packages/aiter/configs/model_configs/glm47_bf16_tuned_gemm.csv:/usr/local/lib/python3.12/dist-packages/aiter/configs/model_configs/glm5_bf16_tuned_gemm.csv:/usr/local/lib/python3.12/dist-packages/aiter/configs/model_configs/gptoss_bf16_tuned_gemm.csv:/usr/local/lib/python3.12/dist-packages/aiter/configs/model_configs/kimi_bf16_tuned_gemm.csv:/usr/local/lib/python3.12/dist-packages/aiter/configs/model_configs/kimik2_bf16_tuned_gemm.csv:/usr/local/lib/python3.12/dist-packages/aiter/configs/model_configs/kimik3_bf16_tuned_gemm.csv:/usr/local/lib/python3.12/dist-packages/aiter/configs/model_configs/llama405B_bf16_tuned_gemm.csv:/usr/local/lib/python3.12/dist-packages/aiter/configs/model_configs/llama70B_bf16_tuned_gemm.csv:/usr/local/lib/python3.12/dist-packages/aiter/configs/model_configs/minimax_m3_eagle_bf16_tuned_gemm.csv:/usr/local/lib/python3.12/dist-packages/aiter/configs/model_configs/qwen32B_bf16_tuned_gemm.csv:/usr/local/lib/python3.12/dist-packages/aiter/configs/model_configs/qwen3_5_397b_bf16_tuned_gemm.csv
(Worker_TP3 pid=3969956) [aiter] [pid=3969956 pname=VllmWorker-3] waiting for baton release at /tmp/aiter_configs/bf16_tuned_gemm.csv.lock
(Worker_TP1 pid=3969954) [aiter] merge tuned file under model_configs/ and configs/ /usr/local/lib/python3.12/dist-packages/aiter/configs/bf16_tuned_gemm.csv:/usr/local/lib/python3.12/dist-packages/aiter/configs/model_configs/dsv3_bf16_tuned_gemm.csv:/usr/local/lib/python3.12/dist-packages/aiter/configs/model_configs/dsv4_bf16_tuned_gemm.csv:/usr/local/lib/python3.12/dist-packages/aiter/configs/model_configs/glm47_bf16_tuned_gemm.csv:/usr/local/lib/python3.12/dist-packages/aiter/configs/model_configs/glm5_bf16_tuned_gemm.csv:/usr/local/lib/python3.12/dist-packages/aiter/configs/model_configs/gptoss_bf16_tuned_gemm.csv:/usr/local/lib/python3.12/dist-packages/aiter/configs/model_configs/kimi_bf16_tuned_gemm.csv:/usr/local/lib/python3.12/dist-packages/aiter/configs/model_configs/kimik2_bf16_tuned_gemm.csv:/usr/local/lib/python3.12/dist-packages/aiter/configs/model_configs/kimik3_bf16_tuned_gemm.csv:/usr/local/lib/python3.12/dist-packages/aiter/configs/model_configs/llama405B_bf16_tuned_gemm.csv:/usr/local/lib/python3.12/dist-packages/aiter/configs/model_configs/llama70B_bf16_tuned_gemm.csv:/usr/local/lib/python3.12/dist-packages/aiter/configs/model_configs/minimax_m3_eagle_bf16_tuned_gemm.csv:/usr/local/lib/python3.12/dist-packages/aiter/configs/model_configs/qwen32B_bf16_tuned_gemm.csv:/usr/local/lib/python3.12/dist-packages/aiter/configs/model_configs/qwen3_5_397b_bf16_tuned_gemm.csv
(Worker_TP2 pid=3969955) [aiter] [pid=3969955 pname=VllmWorker-2] start build [module_gemm_a16w16_asm] under /tmp/inferencex-minimaxm3-1412/home/.aiter/jit/build/module_gemm_a16w16_asm
(Worker_TP0 pid=3969953) [aiter] [pid=3969953 pname=VllmWorker-0] waiting for baton release at /tmp/inferencex-minimaxm3-1412/home/.aiter/jit/build/lock_module_gemm_a16w16_asm
(Worker_TP1 pid=3969954) [aiter] [pid=3969954 pname=VllmWorker-1] waiting for baton release at /tmp/inferencex-minimaxm3-1412/home/.aiter/jit/build/lock_module_gemm_a16w16_asm
(Worker_TP3 pid=3969956) [aiter] [pid=3969956 pname=VllmWorker-3] waiting for baton release at /tmp/inferencex-minimaxm3-1412/home/.aiter/jit/build/lock_module_gemm_a16w16_asm
(Worker_TP2 pid=3969955) [aiter] Current hipcc not support: -mllvm -amdgpu-coerce-illegal-types=1, skip it.
/usr/local/lib/python3.12/dist-packages/aiter_meta/hsa/codegen.py:14: Pandas4Warning: 'future.no_silent_downcasting' is deprecated, please refrain from using it.
  pd.set_option("future.no_silent_downcasting", True)
/usr/local/lib/python3.12/dist-packages/aiter_meta/hsa/codegen.py:153: Pandas4Warning: The copy keyword is deprecated and will be removed in a future version. Copy-on-Write is active in pandas since 3.0 which utilizes a lazy copy mechanism that defers copies until necessary. Use .copy() to make an eager copy if necessary.
  pd.concat(dfs, ignore_index=True).fillna(0).infer_objects(copy=False)
(Worker_TP2 pid=3969955) [aiter] [pid=3969955 pname=VllmWorker-2] [32mfinish build [module_gemm_a16w16_asm], cost 6.8s [0m
[aiter] LoadKernel: _ZN5aiter24bf16gemm_bf16_tn_256x256E hsaco: /usr/local/lib/python3.12/dist-packages/aiter_meta/hsa//gfx950/bf16gemm/bf16gemm_bf16_tn_256x256.co
[aiter] LoadKernel: _ZN5aiter24bf16gemm_bf16_tn_256x256E hsaco: /usr/local/lib/python3.12/dist-packages/aiter_meta/hsa//gfx950/bf16gemm/bf16gemm_bf16_tn_256x256.co
[aiter] LoadKernel: _ZN5aiter24bf16gemm_bf16_tn_256x256E hsaco: /usr/local/lib/python3.12/dist-packages/aiter_meta/hsa//gfx950/bf16gemm/bf16gemm_bf16_tn_256x256.co
[aiter] LoadKernel: _ZN5aiter24bf16gemm_bf16_tn_256x256E hsaco: /usr/local/lib/python3.12/dist-packages/aiter_meta/hsa//gfx950/bf16gemm/bf16gemm_bf16_tn_256x256.co
(Worker_TP2 pid=3969955) [aiter] [pid=3969955 pname=VllmWorker-2] start build [module_gemm_common] under /tmp/inferencex-minimaxm3-1412/home/.aiter/jit/build/module_gemm_common
(Worker_TP1 pid=3969954) [aiter] [pid=3969954 pname=VllmWorker-1] waiting for baton release at /tmp/inferencex-minimaxm3-1412/home/.aiter/jit/build/lock_module_gemm_common
(Worker_TP3 pid=3969956) [aiter] [pid=3969956 pname=VllmWorker-3] waiting for baton release at /tmp/inferencex-minimaxm3-1412/home/.aiter/jit/build/lock_module_gemm_common
(Worker_TP2 pid=3969955) [aiter] [pid=3969955 pname=VllmWorker-2] [32mfinish build [module_gemm_common], cost 0.7s [0m
(Worker_TP2 pid=3969955) [aiter] shape is M:32768, N:128, K:6144 dtype='torch.float32' otype='torch.float32' bias=False, scaleAB=False, bpreshuffle=False, not found tuned config in /tmp/aiter_configs/bf16_tuned_gemm.csv, will use default config! using torch solution:0
(Worker_TP1 pid=3969954) [aiter] shape is M:32768, N:128, K:6144 dtype='torch.float32' otype='torch.float32' bias=False, scaleAB=False, bpreshuffle=False, not found tuned config in /tmp/aiter_configs/bf16_tuned_gemm.csv, will use default config! using torch solution:0
(Worker_TP3 pid=3969956) [aiter] shape is M:32768, N:128, K:6144 dtype='torch.float32' otype='torch.float32' bias=False, scaleAB=False, bpreshuffle=False, not found tuned config in /tmp/aiter_configs/bf16_tuned_gemm.csv, will use default config! using torch solution:0
(Worker_TP0 pid=3969953) [aiter] shape is M:32768, N:128, K:6144 dtype='torch.float32' otype='torch.float32' bias=False, scaleAB=False, bpreshuffle=False, not found tuned config in /tmp/aiter_configs/bf16_tuned_gemm.csv, will use default config! using torch solution:0
(Worker_TP2 pid=3969955) [aiter] [pid=3969955 pname=VllmWorker-2] start build [module_moe_asm] under /tmp/inferencex-minimaxm3-1412/home/.aiter/jit/build/module_moe_asm
(Worker_TP3 pid=3969956) [aiter] [pid=3969956 pname=VllmWorker-3] waiting for baton release at /tmp/inferencex-minimaxm3-1412/home/.aiter/jit/build/lock_module_moe_asm
(Worker_TP1 pid=3969954) [aiter] [pid=3969954 pname=VllmWorker-1] waiting for baton release at /tmp/inferencex-minimaxm3-1412/home/.aiter/jit/build/lock_module_moe_asm
(Worker_TP0 pid=3969953) [aiter] [pid=3969953 pname=VllmWorker-0] waiting for baton release at /tmp/inferencex-minimaxm3-1412/home/.aiter/jit/build/lock_module_moe_asm
(Worker_TP2 pid=3969955) [aiter] [pid=3969955 pname=VllmWorker-2] [32mfinish build [module_moe_asm], cost 12.0s [0m
(Worker_TP2 pid=3969955) [aiter] import [module_moe_asm] under /tmp/inferencex-minimaxm3-1412/home/.aiter/jit/module_moe_asm.so
(Worker_TP2 pid=3969955) [aiter] merge tuned file under model_configs/ and configs/ /usr/local/lib/python3.12/dist-packages/aiter/configs/tuned_fmoe.csv:/usr/local/lib/python3.12/dist-packages/aiter/configs/model_configs/a8w8_blockscale_tuned_fmoe_ds_v3.csv:/usr/local/lib/python3.12/dist-packages/aiter/configs/model_configs/a8w8_blockscale_tuned_fmoe_glm5.csv:/usr/local/lib/python3.12/dist-packages/aiter/configs/model_configs/a8w8_blockscale_tuned_fmoe_glm5_1.csv:/usr/local/lib/python3.12/dist-packages/aiter/configs/model_configs/a8w8_blockscale_tuned_fmoe_minimax-m2_5.csv:/usr/local/lib/python3.12/dist-packages/aiter/configs/model_configs/a8w8_blockscale_tuned_fmoe_qwen3_235b.csv:/usr/local/lib/python3.12/dist-packages/aiter/configs/model_configs/a8w8_blockscale_tuned_fmoe_qwen3_5_397b.csv:/usr/local/lib/python3.12/dist-packages/aiter/configs/model_configs/dsv3_fp4_tuned_fmoe.csv:/usr/local/lib/python3.12/dist-packages/aiter/configs/model_configs/dsv4_fp8fp4_tuned_fmoe.csv:/usr/local/lib/python3.12/dist-packages/aiter/configs/model_configs/glm47_fp8_tuned_fmoe.csv:/usr/local/lib/python3.12/dist-packages/aiter/configs/model_configs/glm5_fp4_tuned_fmoe.csv:/usr/local/lib/python3.12/dist-packages/aiter/configs/model_configs/glm5_mxfp8_tuned_fmoe.csv:/usr/local/lib/python3.12/dist-packages/aiter/configs/model_configs/glm5_ptpc_tuned_fmoe.csv:/usr/local/lib/python3.12/dist-packages/aiter/configs/model_configs/gptoss_a16w4_tuned_fmoe.csv:/usr/local/lib/python3.12/dist-packages/aiter/configs/model_configs/gptoss_fp4_tuned_fmoe.csv:/usr/local/lib/python3.12/dist-packages/aiter/configs/model_configs/gptoss_fp8fp4_tuned_fmoe.csv:/usr/local/lib/python3.12/dist-packages/aiter/configs/model_configs/kimik2_fp4_tuned_fmoe.csv:/usr/local/lib/python3.12/dist-packages/aiter/configs/model_configs/kimik2_fp8fp4_tuned_fmoe.csv:/usr/local/lib/python3.12/dist-packages/aiter/configs/model_configs/kimik2_i4_tuned_fmoe.csv:/usr/local/lib/python3.12/dist-packages/aiter/configs/model_configs/kimik3_a8w4_tuned_fmoe.csv:/usr/local/lib/python3.12/dist-packages/aiter/configs/model_configs/kimik3_fp4_tuned_fmoe.csv:/usr/local/lib/python3.12/dist-packages/aiter/configs/model_configs/mimo_v2_5_pro_tuned_fmoe.csv:/usr/local/lib/python3.12/dist-packages/aiter/configs/model_configs/minimax_m25_fp4_tuned_fmoe.csv:/usr/local/lib/python3.12/dist-packages/aiter/configs/model_configs/minimax_m3_fp4_tuned_fmoe.csv:/usr/local/lib/python3.12/dist-packages/aiter/configs/model_configs/minimax_m3_mxfp8_tuned_fmoe.csv:/usr/local/lib/python3.12/dist-packages/aiter/configs/model_configs/qwen3_235b_bf16_tuned_fmoe.csv:/usr/local/lib/python3.12/dist-packages/aiter/configs/model_configs/qwen3_5_397b_fp4_tuned_fmoe.csv:/usr/local/lib/python3.12/dist-packages/aiter/configs/model_configs/qwen3next_80b_fp8_tuned_fmoe.csv
(Worker_TP1 pid=3969954) [aiter] import [module_moe_asm] under /tmp/inferencex-minimaxm3-1412/home/.aiter/jit/module_moe_asm.so
(Worker_TP3 pid=3969956) [aiter] import [module_moe_asm] under /tmp/inferencex-minimaxm3-1412/home/.aiter/jit/module_moe_asm.so
(Worker_TP2 pid=3969955) [aiter] [fused_moe] duplicate tuned rows after disabling act_type in /tmp/aiter_configs/tuned_fmoe.csv; keeping first match for 449 rows
(Worker_TP3 pid=3969956) [aiter] merge tuned file under model_configs/ and configs/ /usr/local/lib/python3.12/dist-packages/aiter/configs/tuned_fmoe.csv:/usr/local/lib/python3.12/dist-packages/aiter/configs/model_configs/a8w8_blockscale_tuned_fmoe_ds_v3.csv:/usr/local/lib/python3.12/dist-packages/aiter/configs/model_configs/a8w8_blockscale_tuned_fmoe_glm5.csv:/usr/local/lib/python3.12/dist-packages/aiter/configs/model_configs/a8w8_blockscale_tuned_fmoe_glm5_1.csv:/usr/local/lib/python3.12/dist-packages/aiter/configs/model_configs/a8w8_blockscale_tuned_fmoe_minimax-m2_5.csv:/usr/local/lib/python3.12/dist-packages/aiter/configs/model_configs/a8w8_blockscale_tuned_fmoe_qwen3_235b.csv:/usr/local/lib/python3.12/dist-packages/aiter/configs/model_configs/a8w8_blockscale_tuned_fmoe_qwen3_5_397b.csv:/usr/local/lib/python3.12/dist-packages/aiter/configs/model_configs/dsv3_fp4_tuned_fmoe.csv:/usr/local/lib/python3.12/dist-packages/aiter/configs/model_configs/dsv4_fp8fp4_tuned_fmoe.csv:/usr/local/lib/python3.12/dist-packages/aiter/configs/model_configs/glm47_fp8_tuned_fmoe.csv:/usr/local/lib/python3.12/dist-packages/aiter/configs/model_configs/glm5_fp4_tuned_fmoe.csv:/usr/local/lib/python3.12/dist-packages/aiter/configs/model_configs/glm5_mxfp8_tuned_fmoe.csv:/usr/local/lib/python3.12/dist-packages/aiter/configs/model_configs/glm5_ptpc_tuned_fmoe.csv:/usr/local/lib/python3.12/dist-packages/aiter/configs/model_configs/gptoss_a16w4_tuned_fmoe.csv:/usr/local/lib/python3.12/dist-packages/aiter/configs/model_configs/gptoss_fp4_tuned_fmoe.csv:/usr/local/lib/python3.12/dist-packages/aiter/configs/model_configs/gptoss_fp8fp4_tuned_fmoe.csv:/usr/local/lib/python3.12/dist-packages/aiter/configs/model_configs/kimik2_fp4_tuned_fmoe.csv:/usr/local/lib/python3.12/dist-packages/aiter/configs/model_configs/kimik2_fp8fp4_tuned_fmoe.csv:/usr/local/lib/python3.12/dist-packages/aiter/configs/model_configs/kimik2_i4_tuned_fmoe.csv:/usr/local/lib/python3.12/dist-packages/aiter/configs/model_configs/kimik3_a8w4_tuned_fmoe.csv:/usr/local/lib/python3.12/dist-packages/aiter/configs/model_configs/kimik3_fp4_tuned_fmoe.csv:/usr/local/lib/python3.12/dist-packages/aiter/configs/model_configs/mimo_v2_5_pro_tuned_fmoe.csv:/usr/local/lib/python3.12/dist-packages/aiter/configs/model_configs/minimax_m25_fp4_tuned_fmoe.csv:/usr/local/lib/python3.12/dist-packages/aiter/configs/model_configs/minimax_m3_fp4_tuned_fmoe.csv:/usr/local/lib/python3.12/dist-packages/aiter/configs/model_configs/minimax_m3_mxfp8_tuned_fmoe.csv:/usr/local/lib/python3.12/dist-packages/aiter/configs/model_configs/qwen3_235b_bf16_tuned_fmoe.csv:/usr/local/lib/python3.12/dist-packages/aiter/configs/model_configs/qwen3_5_397b_fp4_tuned_fmoe.csv:/usr/local/lib/python3.12/dist-packages/aiter/configs/model_configs/qwen3next_80b_fp8_tuned_fmoe.csv
(Worker_TP2 pid=3969955) [aiter] [fused_moe] using 2stage (kernelName1='flydsl_moe1_afp4_wfp4_bf16_t128x128x256_w3_bnt0_xcd4', kernelName2='flydsl_moe2_afp4_wfp4_bf16_t64x256x256_reduce_xcd4_persist_sbm128') for ('gfx950', 256, 32768, 6144, 768, 129, 5, 'ActivationType.Swiglu', 'torch.bfloat16', 'torch.float4_e2m1fn_x2', 'torch.float4_e2m1fn_x2', 'QuantType.per_1x32', True, False) 
(Worker_TP2 pid=3969955) [aiter] [pid=3969955 pname=VllmWorker-2] start build [module_moe_sorting_opus] under /tmp/inferencex-minimaxm3-1412/home/.aiter/jit/build/module_moe_sorting_opus
(Worker_TP1 pid=3969954) [aiter] merge tuned file under model_configs/ and configs/ /usr/local/lib/python3.12/dist-packages/aiter/configs/tuned_fmoe.csv:/usr/local/lib/python3.12/dist-packages/aiter/configs/model_configs/a8w8_blockscale_tuned_fmoe_ds_v3.csv:/usr/local/lib/python3.12/dist-packages/aiter/configs/model_configs/a8w8_blockscale_tuned_fmoe_glm5.csv:/usr/local/lib/python3.12/dist-packages/aiter/configs/model_configs/a8w8_blockscale_tuned_fmoe_glm5_1.csv:/usr/local/lib/python3.12/dist-packages/aiter/configs/model_configs/a8w8_blockscale_tuned_fmoe_minimax-m2_5.csv:/usr/local/lib/python3.12/dist-packages/aiter/configs/model_configs/a8w8_blockscale_tuned_fmoe_qwen3_235b.csv:/usr/local/lib/python3.12/dist-packages/aiter/configs/model_configs/a8w8_blockscale_tuned_fmoe_qwen3_5_397b.csv:/usr/local/lib/python3.12/dist-packages/aiter/configs/model_configs/dsv3_fp4_tuned_fmoe.csv:/usr/local/lib/python3.12/dist-packages/aiter/configs/model_configs/dsv4_fp8fp4_tuned_fmoe.csv:/usr/local/lib/python3.12/dist-packages/aiter/configs/model_configs/glm47_fp8_tuned_fmoe.csv:/usr/local/lib/python3.12/dist-packages/aiter/configs/model_configs/glm5_fp4_tuned_fmoe.csv:/usr/local/lib/python3.12/dist-packages/aiter/configs/model_configs/glm5_mxfp8_tuned_fmoe.csv:/usr/local/lib/python3.12/dist-packages/aiter/configs/model_configs/glm5_ptpc_tuned_fmoe.csv:/usr/local/lib/python3.12/dist-packages/aiter/configs/model_configs/gptoss_a16w4_tuned_fmoe.csv:/usr/local/lib/python3.12/dist-packages/aiter/configs/model_configs/gptoss_fp4_tuned_fmoe.csv:/usr/local/lib/python3.12/dist-packages/aiter/configs/model_configs/gptoss_fp8fp4_tuned_fmoe.csv:/usr/local/lib/python3.12/dist-packages/aiter/configs/model_configs/kimik2_fp4_tuned_fmoe.csv:/usr/local/lib/python3.12/dist-packages/aiter/configs/model_configs/kimik2_fp8fp4_tuned_fmoe.csv:/usr/local/lib/python3.12/dist-packages/aiter/configs/model_configs/kimik2_i4_tuned_fmoe.csv:/usr/local/lib/python3.12/dist-packages/aiter/configs/model_configs/kimik3_a8w4_tuned_fmoe.csv:/usr/local/lib/python3.12/dist-packages/aiter/configs/model_configs/kimik3_fp4_tuned_fmoe.csv:/usr/local/lib/python3.12/dist-packages/aiter/configs/model_configs/mimo_v2_5_pro_tuned_fmoe.csv:/usr/local/lib/python3.12/dist-packages/aiter/configs/model_configs/minimax_m25_fp4_tuned_fmoe.csv:/usr/local/lib/python3.12/dist-packages/aiter/configs/model_configs/minimax_m3_fp4_tuned_fmoe.csv:/usr/local/lib/python3.12/dist-packages/aiter/configs/model_configs/minimax_m3_mxfp8_tuned_fmoe.csv:/usr/local/lib/python3.12/dist-packages/aiter/configs/model_configs/qwen3_235b_bf16_tuned_fmoe.csv:/usr/local/lib/python3.12/dist-packages/aiter/configs/model_configs/qwen3_5_397b_fp4_tuned_fmoe.csv:/usr/local/lib/python3.12/dist-packages/aiter/configs/model_configs/qwen3next_80b_fp8_tuned_fmoe.csv
(Worker_TP0 pid=3969953) [aiter] import [module_moe_asm] under /tmp/inferencex-minimaxm3-1412/home/.aiter/jit/module_moe_asm.so
(Worker_TP3 pid=3969956) [aiter] [fused_moe] duplicate tuned rows after disabling act_type in /tmp/aiter_configs/tuned_fmoe.csv; keeping first match for 449 rows
(Worker_TP3 pid=3969956) [aiter] [fused_moe] using 2stage (kernelName1='flydsl_moe1_afp4_wfp4_bf16_t128x128x256_w3_bnt0_xcd4', kernelName2='flydsl_moe2_afp4_wfp4_bf16_t64x256x256_reduce_xcd4_persist_sbm128') for ('gfx950', 256, 32768, 6144, 768, 129, 5, 'ActivationType.Swiglu', 'torch.bfloat16', 'torch.float4_e2m1fn_x2', 'torch.float4_e2m1fn_x2', 'QuantType.per_1x32', True, False) 
(Worker_TP3 pid=3969956) [aiter] [pid=3969956 pname=VllmWorker-3] waiting for baton release at /tmp/inferencex-minimaxm3-1412/home/.aiter/jit/build/lock_module_moe_sorting_opus
(Worker_TP1 pid=3969954) [aiter] [fused_moe] duplicate tuned rows after disabling act_type in /tmp/aiter_configs/tuned_fmoe.csv; keeping first match for 449 rows
(Worker_TP1 pid=3969954) [aiter] [fused_moe] using 2stage (kernelName1='flydsl_moe1_afp4_wfp4_bf16_t128x128x256_w3_bnt0_xcd4', kernelName2='flydsl_moe2_afp4_wfp4_bf16_t64x256x256_reduce_xcd4_persist_sbm128') for ('gfx950', 256, 32768, 6144, 768, 129, 5, 'ActivationType.Swiglu', 'torch.bfloat16', 'torch.float4_e2m1fn_x2', 'torch.float4_e2m1fn_x2', 'QuantType.per_1x32', True, False) 
(Worker_TP1 pid=3969954) [aiter] [pid=3969954 pname=VllmWorker-1] waiting for baton release at /tmp/inferencex-minimaxm3-1412/home/.aiter/jit/build/lock_module_moe_sorting_opus
(Worker_TP0 pid=3969953) [aiter] merge tuned file under model_configs/ and configs/ /usr/local/lib/python3.12/dist-packages/aiter/configs/tuned_fmoe.csv:/usr/local/lib/python3.12/dist-packages/aiter/configs/model_configs/a8w8_blockscale_tuned_fmoe_ds_v3.csv:/usr/local/lib/python3.12/dist-packages/aiter/configs/model_configs/a8w8_blockscale_tuned_fmoe_glm5.csv:/usr/local/lib/python3.12/dist-packages/aiter/configs/model_configs/a8w8_blockscale_tuned_fmoe_glm5_1.csv:/usr/local/lib/python3.12/dist-packages/aiter/configs/model_configs/a8w8_blockscale_tuned_fmoe_minimax-m2_5.csv:/usr/local/lib/python3.12/dist-packages/aiter/configs/model_configs/a8w8_blockscale_tuned_fmoe_qwen3_235b.csv:/usr/local/lib/python3.12/dist-packages/aiter/configs/model_configs/a8w8_blockscale_tuned_fmoe_qwen3_5_397b.csv:/usr/local/lib/python3.12/dist-packages/aiter/configs/model_configs/dsv3_fp4_tuned_fmoe.csv:/usr/local/lib/python3.12/dist-packages/aiter/configs/model_configs/dsv4_fp8fp4_tuned_fmoe.csv:/usr/local/lib/python3.12/dist-packages/aiter/configs/model_configs/glm47_fp8_tuned_fmoe.csv:/usr/local/lib/python3.12/dist-packages/aiter/configs/model_configs/glm5_fp4_tuned_fmoe.csv:/usr/local/lib/python3.12/dist-packages/aiter/configs/model_configs/glm5_mxfp8_tuned_fmoe.csv:/usr/local/lib/python3.12/dist-packages/aiter/configs/model_configs/glm5_ptpc_tuned_fmoe.csv:/usr/local/lib/python3.12/dist-packages/aiter/configs/model_configs/gptoss_a16w4_tuned_fmoe.csv:/usr/local/lib/python3.12/dist-packages/aiter/configs/model_configs/gptoss_fp4_tuned_fmoe.csv:/usr/local/lib/python3.12/dist-packages/aiter/configs/model_configs/gptoss_fp8fp4_tuned_fmoe.csv:/usr/local/lib/python3.12/dist-packages/aiter/configs/model_configs/kimik2_fp4_tuned_fmoe.csv:/usr/local/lib/python3.12/dist-packages/aiter/configs/model_configs/kimik2_fp8fp4_tuned_fmoe.csv:/usr/local/lib/python3.12/dist-packages/aiter/configs/model_configs/kimik2_i4_tuned_fmoe.csv:/usr/local/lib/python3.12/dist-packages/aiter/configs/model_configs/kimik3_a8w4_tuned_fmoe.csv:/usr/local/lib/python3.12/dist-packages/aiter/configs/model_configs/kimik3_fp4_tuned_fmoe.csv:/usr/local/lib/python3.12/dist-packages/aiter/configs/model_configs/mimo_v2_5_pro_tuned_fmoe.csv:/usr/local/lib/python3.12/dist-packages/aiter/configs/model_configs/minimax_m25_fp4_tuned_fmoe.csv:/usr/local/lib/python3.12/dist-packages/aiter/configs/model_configs/minimax_m3_fp4_tuned_fmoe.csv:/usr/local/lib/python3.12/dist-packages/aiter/configs/model_configs/minimax_m3_mxfp8_tuned_fmoe.csv:/usr/local/lib/python3.12/dist-packages/aiter/configs/model_configs/qwen3_235b_bf16_tuned_fmoe.csv:/usr/local/lib/python3.12/dist-packages/aiter/configs/model_configs/qwen3_5_397b_fp4_tuned_fmoe.csv:/usr/local/lib/python3.12/dist-packages/aiter/configs/model_configs/qwen3next_80b_fp8_tuned_fmoe.csv
(Worker_TP0 pid=3969953) [aiter] [fused_moe] duplicate tuned rows after disabling act_type in /tmp/aiter_configs/tuned_fmoe.csv; keeping first match for 449 rows
(Worker_TP0 pid=3969953) [aiter] [fused_moe] using 2stage (kernelName1='flydsl_moe1_afp4_wfp4_bf16_t128x128x256_w3_bnt0_xcd4', kernelName2='flydsl_moe2_afp4_wfp4_bf16_t64x256x256_reduce_xcd4_persist_sbm128') for ('gfx950', 256, 32768, 6144, 768, 129, 5, 'ActivationType.Swiglu', 'torch.bfloat16', 'torch.float4_e2m1fn_x2', 'torch.float4_e2m1fn_x2', 'QuantType.per_1x32', True, False) 
(Worker_TP0 pid=3969953) [aiter] [pid=3969953 pname=VllmWorker-0] waiting for baton release at /tmp/inferencex-minimaxm3-1412/home/.aiter/jit/build/lock_module_moe_sorting_opus
(Worker_TP2 pid=3969955) [aiter] [pid=3969955 pname=VllmWorker-2] [32mfinish build [module_moe_sorting_opus], cost 6.3s [0m
(Worker_TP2 pid=3969955) [aiter] import [module_moe_sorting_opus] under /tmp/inferencex-minimaxm3-1412/home/.aiter/jit/module_moe_sorting_opus.so
(Worker_TP2 pid=3969955) [aiter] [pid=3969955 pname=VllmWorker-2] start build [module_quant] under /tmp/inferencex-minimaxm3-1412/home/.aiter/jit/build/module_quant
(Worker_TP0 pid=3969953) [aiter] import [module_moe_sorting_opus] under /tmp/inferencex-minimaxm3-1412/home/.aiter/jit/module_moe_sorting_opus.so
(Worker_TP0 pid=3969953) [aiter] [pid=3969953 pname=VllmWorker-0] waiting for baton release at /tmp/inferencex-minimaxm3-1412/home/.aiter/jit/build/lock_module_quant
(Worker_TP3 pid=3969956) [aiter] import [module_moe_sorting_opus] under /tmp/inferencex-minimaxm3-1412/home/.aiter/jit/module_moe_sorting_opus.so
(Worker_TP3 pid=3969956) [aiter] [pid=3969956 pname=VllmWorker-3] waiting for baton release at /tmp/inferencex-minimaxm3-1412/home/.aiter/jit/build/lock_module_quant
(Worker_TP1 pid=3969954) [aiter] import [module_moe_sorting_opus] under /tmp/inferencex-minimaxm3-1412/home/.aiter/jit/module_moe_sorting_opus.so
(Worker_TP1 pid=3969954) [aiter] [pid=3969954 pname=VllmWorker-1] waiting for baton release at /tmp/inferencex-minimaxm3-1412/home/.aiter/jit/build/lock_module_quant
(Worker_TP2 pid=3969955) [aiter] [pid=3969955 pname=VllmWorker-2] [32mfinish build [module_quant], cost 12.5s [0m
(Worker_TP2 pid=3969955) [aiter] import [module_quant] under /tmp/inferencex-minimaxm3-1412/home/.aiter/jit/module_quant.so
(Worker_TP3 pid=3969956) [aiter] import [module_quant] under /tmp/inferencex-minimaxm3-1412/home/.aiter/jit/module_quant.so
(Worker_TP1 pid=3969954) [aiter] import [module_quant] under /tmp/inferencex-minimaxm3-1412/home/.aiter/jit/module_quant.so
(Worker_TP0 pid=3969953) [aiter] import [module_quant] under /tmp/inferencex-minimaxm3-1412/home/.aiter/jit/module_quant.so
(Worker_TP0 pid=3969953) INFO 08-25 19:28:37 [backends.py:1094] Using cache directory: /tmp/inferencex-minimaxm3-1412/home/.cache/vllm/torch_compile_cache/d3453d8e6c/rank_0_0/eagle_head for vLLM's torch.compile
(Worker_TP0 pid=3969953) INFO 08-25 19:28:37 [backends.py:1155] Dynamo bytecode transform time: 0.42 s
(Worker_TP0 pid=3969953) INFO 08-25 19:28:40 [backends.py:378] Cache the graph of compile range (1, 5461) for later use
(Worker_TP0 pid=3969953) INFO 08-25 19:28:41 [backends.py:378] Cache the graph of compile range (5462, 32768) for later use
(Worker_TP2 pid=3969955) [aiter] [pid=3969955 pname=VllmWorker-2] start build [module_rmsnorm_quant] under /tmp/inferencex-minimaxm3-1412/home/.aiter/jit/build/module_rmsnorm_quant
(Worker_TP3 pid=3969956) [aiter] [pid=3969956 pname=VllmWorker-3] waiting for baton release at /tmp/inferencex-minimaxm3-1412/home/.aiter/jit/build/lock_module_rmsnorm_quant
(Worker_TP0 pid=3969953) INFO 08-25 19:28:41 [backends.py:393] Compiling a graph for compile range (1, 5461) takes 1.11 s
(Worker_TP0 pid=3969953) INFO 08-25 19:28:42 [backends.py:393] Compiling a graph for compile range (5462, 32768) takes 1.29 s
(Worker_TP0 pid=3969953) INFO 08-25 19:28:42 [decorators.py:708] saved AOT compiled function to /tmp/inferencex-minimaxm3-1412/home/.cache/vllm/torch_compile_cache/torch_aot_compile/936ea74d63b14f3d2f59fa72ba2b47975503ad198ca5156dca9e549b3290bba6/rank_0_0/model
(Worker_TP0 pid=3969953) INFO 08-25 19:28:42 [monitor.py:53] torch.compile took 4.67 s in total
(Worker_TP1 pid=3969954) [aiter] [pid=3969954 pname=VllmWorker-1] waiting for baton release at /tmp/inferencex-minimaxm3-1412/home/.aiter/jit/build/lock_module_rmsnorm_quant
(Worker_TP0 pid=3969953) [aiter] [pid=3969953 pname=VllmWorker-0] waiting for baton release at /tmp/inferencex-minimaxm3-1412/home/.aiter/jit/build/lock_module_rmsnorm_quant
(EngineCore pid=3969676) INFO 08-25 19:28:53 [shm_broadcast.py:802] No available shared memory broadcast block found in 60 seconds. This typically happens when some processes are hanging or doing some time-consuming work (e.g. compilation, weight/kv cache quantization).
(Worker_TP2 pid=3969955) [aiter] [pid=3969955 pname=VllmWorker-2] [32mfinish build [module_rmsnorm_quant], cost 29.1s [0m
(Worker_TP2 pid=3969955) [aiter] import [module_rmsnorm_quant] under /tmp/inferencex-minimaxm3-1412/home/.aiter/jit/module_rmsnorm_quant.so
(Worker_TP2 pid=3969955) [aiter] shape is M:32768, N:2304, K:12288 dtype='torch.bfloat16' otype='torch.bfloat16' bias=False, scaleAB=False, bpreshuffle=False, not found tuned config in /tmp/aiter_configs/bf16_tuned_gemm.csv, will use default config! using torch solution:0
(Worker_TP1 pid=3969954) [aiter] import [module_rmsnorm_quant] under /tmp/inferencex-minimaxm3-1412/home/.aiter/jit/module_rmsnorm_quant.so
(Worker_TP0 pid=3969953) [aiter] import [module_rmsnorm_quant] under /tmp/inferencex-minimaxm3-1412/home/.aiter/jit/module_rmsnorm_quant.so
(Worker_TP2 pid=3969955) [aiter] type hints mismatch, override to --> static_per_tensor_quant(arg0: aiter_tensor_t, arg1: aiter_tensor_t, arg2: aiter_tensor_t) -> None
(Worker_TP3 pid=3969956) [aiter] import [module_rmsnorm_quant] under /tmp/inferencex-minimaxm3-1412/home/.aiter/jit/module_rmsnorm_quant.so
(Worker_TP1 pid=3969954) [aiter] shape is M:32768, N:2304, K:12288 dtype='torch.bfloat16' otype='torch.bfloat16' bias=False, scaleAB=False, bpreshuffle=False, not found tuned config in /tmp/aiter_configs/bf16_tuned_gemm.csv, will use default config! using torch solution:0
(Worker_TP0 pid=3969953) [aiter] shape is M:32768, N:2304, K:12288 dtype='torch.bfloat16' otype='torch.bfloat16' bias=False, scaleAB=False, bpreshuffle=False, not found tuned config in /tmp/aiter_configs/bf16_tuned_gemm.csv, will use default config! using torch solution:0
(Worker_TP1 pid=3969954) [aiter] type hints mismatch, override to --> static_per_tensor_quant(arg0: aiter_tensor_t, arg1: aiter_tensor_t, arg2: aiter_tensor_t) -> None
(Worker_TP3 pid=3969956) [aiter] shape is M:32768, N:2304, K:12288 dtype='torch.bfloat16' otype='torch.bfloat16' bias=False, scaleAB=False, bpreshuffle=False, not found tuned config in /tmp/aiter_configs/bf16_tuned_gemm.csv, will use default config! using torch solution:0
(Worker_TP0 pid=3969953) [aiter] type hints mismatch, override to --> static_per_tensor_quant(arg0: aiter_tensor_t, arg1: aiter_tensor_t, arg2: aiter_tensor_t) -> None
(Worker_TP3 pid=3969956) [aiter] type hints mismatch, override to --> static_per_tensor_quant(arg0: aiter_tensor_t, arg1: aiter_tensor_t, arg2: aiter_tensor_t) -> None
(Worker_TP0 pid=3969953) INFO 08-25 19:29:11 [monitor.py:81] Initial profiling/warmup run took 29.08 s
(Worker_TP0 pid=3969953) [aiter] compile_template_op func_name = 'top_k_top_p_sampling_from_probs_51f5779b2644c0a61347d39ea3295db7' with {'src_template': <Template memory:70d83f057bc0>, 'md_name': 'top_k_top_p_sampling_from_probs', 'includes': ['/shared/data/R7N/andy_luo_3v7/minimaxm3-agentx/overlays/aiter-sparse-indexer-cache-fusion-545d97c-266922c/csrc/cpp_itfs/utils.h', '/shared/data/R7N/andy_luo_3v7/minimaxm3-agentx/overlays/aiter-sparse-indexer-cache-fusion-545d97c-266922c/csrc/cpp_itfs/sampling/sampling.cuh', '/shared/data/R7N/andy_luo_3v7/minimaxm3-agentx/overlays/aiter-sparse-indexer-cache-fusion-545d97c-266922c/csrc/cpp_itfs/sampling/vec_dtypes.cuh'], 'sources': [], 'cxxflags': [], 'func_name': 'top_k_top_p_sampling_from_probs_51f5779b2644c0a61347d39ea3295db7', 'folder': 'top_k_top_p_sampling_from_probs_51f5779b2644c0a61347d39ea3295db7', 'kwargs': OrderedDict({'vec_size': 4, 'deterministic': True})}...
(Worker_TP3 pid=3969956) [aiter] compile_template_op func_name = 'top_k_top_p_sampling_from_probs_51f5779b2644c0a61347d39ea3295db7' with {'src_template': <Template memory:761222472ba0>, 'md_name': 'top_k_top_p_sampling_from_probs', 'includes': ['/shared/data/R7N/andy_luo_3v7/minimaxm3-agentx/overlays/aiter-sparse-indexer-cache-fusion-545d97c-266922c/csrc/cpp_itfs/utils.h', '/shared/data/R7N/andy_luo_3v7/minimaxm3-agentx/overlays/aiter-sparse-indexer-cache-fusion-545d97c-266922c/csrc/cpp_itfs/sampling/sampling.cuh', '/shared/data/R7N/andy_luo_3v7/minimaxm3-agentx/overlays/aiter-sparse-indexer-cache-fusion-545d97c-266922c/csrc/cpp_itfs/sampling/vec_dtypes.cuh'], 'sources': [], 'cxxflags': [], 'func_name': 'top_k_top_p_sampling_from_probs_51f5779b2644c0a61347d39ea3295db7', 'folder': 'top_k_top_p_sampling_from_probs_51f5779b2644c0a61347d39ea3295db7', 'kwargs': OrderedDict({'vec_size': 4, 'deterministic': True})}...
(Worker_TP2 pid=3969955) [aiter] compile_template_op func_name = 'top_k_top_p_sampling_from_probs_51f5779b2644c0a61347d39ea3295db7' with {'src_template': <Template memory:780915459d90>, 'md_name': 'top_k_top_p_sampling_from_probs', 'includes': ['/shared/data/R7N/andy_luo_3v7/minimaxm3-agentx/overlays/aiter-sparse-indexer-cache-fusion-545d97c-266922c/csrc/cpp_itfs/utils.h', '/shared/data/R7N/andy_luo_3v7/minimaxm3-agentx/overlays/aiter-sparse-indexer-cache-fusion-545d97c-266922c/csrc/cpp_itfs/sampling/sampling.cuh', '/shared/data/R7N/andy_luo_3v7/minimaxm3-agentx/overlays/aiter-sparse-indexer-cache-fusion-545d97c-266922c/csrc/cpp_itfs/sampling/vec_dtypes.cuh'], 'sources': [], 'cxxflags': [], 'func_name': 'top_k_top_p_sampling_from_probs_51f5779b2644c0a61347d39ea3295db7', 'folder': 'top_k_top_p_sampling_from_probs_51f5779b2644c0a61347d39ea3295db7', 'kwargs': OrderedDict({'vec_size': 4, 'deterministic': True})}...
(Worker_TP3 pid=3969956) [aiter] [pid=3969956 pname=VllmWorker-3] waiting for baton release at /tmp/inferencex-minimaxm3-1412/home/.aiter/build/top_k_top_p_sampling_from_probs_51f5779b2644c0a61347d39ea3295db7/lock
(Worker_TP2 pid=3969955) [aiter] [pid=3969955 pname=VllmWorker-2] waiting for baton release at /tmp/inferencex-minimaxm3-1412/home/.aiter/build/top_k_top_p_sampling_from_probs_51f5779b2644c0a61347d39ea3295db7/lock
(Worker_TP0 pid=3969953) [aiter] start build /tmp/inferencex-minimaxm3-1412/home/.aiter/build/top_k_top_p_sampling_from_probs_51f5779b2644c0a61347d39ea3295db7
(Worker_TP1 pid=3969954) [aiter] compile_template_op func_name = 'top_k_top_p_sampling_from_probs_51f5779b2644c0a61347d39ea3295db7' with {'src_template': <Template memory:75e726595ee0>, 'md_name': 'top_k_top_p_sampling_from_probs', 'includes': ['/shared/data/R7N/andy_luo_3v7/minimaxm3-agentx/overlays/aiter-sparse-indexer-cache-fusion-545d97c-266922c/csrc/cpp_itfs/utils.h', '/shared/data/R7N/andy_luo_3v7/minimaxm3-agentx/overlays/aiter-sparse-indexer-cache-fusion-545d97c-266922c/csrc/cpp_itfs/sampling/sampling.cuh', '/shared/data/R7N/andy_luo_3v7/minimaxm3-agentx/overlays/aiter-sparse-indexer-cache-fusion-545d97c-266922c/csrc/cpp_itfs/sampling/vec_dtypes.cuh'], 'sources': [], 'cxxflags': [], 'func_name': 'top_k_top_p_sampling_from_probs_51f5779b2644c0a61347d39ea3295db7', 'folder': 'top_k_top_p_sampling_from_probs_51f5779b2644c0a61347d39ea3295db7', 'kwargs': OrderedDict({'vec_size': 4, 'deterministic': True})}...
(Worker_TP1 pid=3969954) [aiter] [pid=3969954 pname=VllmWorker-1] waiting for baton release at /tmp/inferencex-minimaxm3-1412/home/.aiter/build/top_k_top_p_sampling_from_probs_51f5779b2644c0a61347d39ea3295db7/lock
clang (LLVM option parsing): Unknown command line argument '-amdgpu-coerce-illegal-types=1'.  Try: 'clang (LLVM option parsing) --help'
clang (LLVM option parsing): Did you mean '--amdgpu-mode-register=1'?
failed to execute:/opt/rocm/lib/llvm/bin/clang++  --offload-arch=gfx950 --offload-arch=gfx950 --offload-arch=gfx950 --offload-arch=gfx950 --offload-arch=gfx950 --offload-arch=gfx950 --offload-arch=gfx950 --offload-arch=gfx950 -O3  -mllvm -amdgpu-coerce-illegal-types=1 -x hip -c /dev/null -o "/dev/null"
(Worker_TP0 pid=3969953) [aiter] -mllvm -amdgpu-coerce-illegal-types=1 is not supported by hipcc.
(Worker_TP0 pid=3969953) [aiter] finish build /tmp/inferencex-minimaxm3-1412/home/.aiter/build/top_k_top_p_sampling_from_probs_51f5779b2644c0a61347d39ea3295db7, cost 15.16780946s
(Worker_TP0 pid=3969953) WARNING 08-25 19:29:27 [topk_topp_sampler.py:240] aiter sampler does not support per-request generators; falling back to PyTorch-native.
(Worker_TP2 pid=3969955) INFO 08-25 19:29:30 [gpu_model_runner.py:6681] Profiling CUDA graph memory: PIECEWISE=48 (largest=500), FULL=48 (largest=500)
(Worker_TP0 pid=3969953) INFO 08-25 19:29:31 [gpu_model_runner.py:6681] Profiling CUDA graph memory: PIECEWISE=48 (largest=500), FULL=48 (largest=500)
(Worker_TP1 pid=3969954) INFO 08-25 19:29:31 [gpu_model_runner.py:6681] Profiling CUDA graph memory: PIECEWISE=48 (largest=500), FULL=48 (largest=500)
(Worker_TP3 pid=3969956) INFO 08-25 19:29:31 [gpu_model_runner.py:6681] Profiling CUDA graph memory: PIECEWISE=48 (largest=500), FULL=48 (largest=500)
(Worker_TP2 pid=3969955) [aiter] [pid=3969955 pname=VllmWorker-2] start build [module_minimax_m3_fused_qknorm_rope_cache_shuffle] under /tmp/inferencex-minimaxm3-1412/home/.aiter/jit/build/module_minimax_m3_fused_qknorm_rope_cache_shuffle
(Worker_TP1 pid=3969954) [aiter] [pid=3969954 pname=VllmWorker-1] waiting for baton release at /tmp/inferencex-minimaxm3-1412/home/.aiter/jit/build/lock_module_minimax_m3_fused_qknorm_rope_cache_shuffle
(Worker_TP0 pid=3969953) [aiter] [pid=3969953 pname=VllmWorker-0] waiting for baton release at /tmp/inferencex-minimaxm3-1412/home/.aiter/jit/build/lock_module_minimax_m3_fused_qknorm_rope_cache_shuffle
(Worker_TP3 pid=3969956) [aiter] [pid=3969956 pname=VllmWorker-3] waiting for baton release at /tmp/inferencex-minimaxm3-1412/home/.aiter/jit/build/lock_module_minimax_m3_fused_qknorm_rope_cache_shuffle
(Worker_TP2 pid=3969955) [aiter] [pid=3969955 pname=VllmWorker-2] [32mfinish build [module_minimax_m3_fused_qknorm_rope_cache_shuffle], cost 5.5s [0m
(Worker_TP2 pid=3969955) [aiter] import [module_minimax_m3_fused_qknorm_rope_cache_shuffle] under /tmp/inferencex-minimaxm3-1412/home/.aiter/jit/module_minimax_m3_fused_qknorm_rope_cache_shuffle.so
(Worker_TP2 pid=3969955) [aiter] shape is M:500, N:128, K:6144 dtype='torch.float32' otype='torch.float32' bias=False, scaleAB=False, bpreshuffle=False, not found tuned config in /tmp/aiter_configs/bf16_tuned_gemm.csv, will use default config! using torch solution:0
(Worker_TP2 pid=3969955) [aiter] [fused_moe] using 2stage (kernelName1='flydsl_moe1_afp4_wfp4_bf16_t32x128x256_w2_fp4', kernelName2='flydsl_moe2_afp4_wfp4_bf16_t32x128x256_atomic_persist') for ('gfx950', 256, 512, 6144, 768, 129, 5, 'ActivationType.Swiglu', 'torch.bfloat16', 'torch.float4_e2m1fn_x2', 'torch.float4_e2m1fn_x2', 'QuantType.per_1x32', True, False) 
(Worker_TP1 pid=3969954) [aiter] import [module_minimax_m3_fused_qknorm_rope_cache_shuffle] under /tmp/inferencex-minimaxm3-1412/home/.aiter/jit/module_minimax_m3_fused_qknorm_rope_cache_shuffle.so
(Worker_TP1 pid=3969954) [aiter] shape is M:500, N:128, K:6144 dtype='torch.float32' otype='torch.float32' bias=False, scaleAB=False, bpreshuffle=False, not found tuned config in /tmp/aiter_configs/bf16_tuned_gemm.csv, will use default config! using torch solution:0
(Worker_TP1 pid=3969954) [aiter] [fused_moe] using 2stage (kernelName1='flydsl_moe1_afp4_wfp4_bf16_t32x128x256_w2_fp4', kernelName2='flydsl_moe2_afp4_wfp4_bf16_t32x128x256_atomic_persist') for ('gfx950', 256, 512, 6144, 768, 129, 5, 'ActivationType.Swiglu', 'torch.bfloat16', 'torch.float4_e2m1fn_x2', 'torch.float4_e2m1fn_x2', 'QuantType.per_1x32', True, False) 
(Worker_TP0 pid=3969953) [aiter] import [module_minimax_m3_fused_qknorm_rope_cache_shuffle] under /tmp/inferencex-minimaxm3-1412/home/.aiter/jit/module_minimax_m3_fused_qknorm_rope_cache_shuffle.so
(Worker_TP0 pid=3969953) [aiter] shape is M:500, N:128, K:6144 dtype='torch.float32' otype='torch.float32' bias=False, scaleAB=False, bpreshuffle=False, not found tuned config in /tmp/aiter_configs/bf16_tuned_gemm.csv, will use default config! using torch solution:0
(Worker_TP0 pid=3969953) [aiter] [fused_moe] using 2stage (kernelName1='flydsl_moe1_afp4_wfp4_bf16_t32x128x256_w2_fp4', kernelName2='flydsl_moe2_afp4_wfp4_bf16_t32x128x256_atomic_persist') for ('gfx950', 256, 512, 6144, 768, 129, 5, 'ActivationType.Swiglu', 'torch.bfloat16', 'torch.float4_e2m1fn_x2', 'torch.float4_e2m1fn_x2', 'QuantType.per_1x32', True, False) 
(Worker_TP3 pid=3969956) [aiter] import [module_minimax_m3_fused_qknorm_rope_cache_shuffle] under /tmp/inferencex-minimaxm3-1412/home/.aiter/jit/module_minimax_m3_fused_qknorm_rope_cache_shuffle.so
(Worker_TP3 pid=3969956) [aiter] shape is M:500, N:128, K:6144 dtype='torch.float32' otype='torch.float32' bias=False, scaleAB=False, bpreshuffle=False, not found tuned config in /tmp/aiter_configs/bf16_tuned_gemm.csv, will use default config! using torch solution:0
(Worker_TP3 pid=3969956) [aiter] [fused_moe] using 2stage (kernelName1='flydsl_moe1_afp4_wfp4_bf16_t32x128x256_w2_fp4', kernelName2='flydsl_moe2_afp4_wfp4_bf16_t32x128x256_atomic_persist') for ('gfx950', 256, 512, 6144, 768, 129, 5, 'ActivationType.Swiglu', 'torch.bfloat16', 'torch.float4_e2m1fn_x2', 'torch.float4_e2m1fn_x2', 'QuantType.per_1x32', True, False) 
(Worker_TP2 pid=3969955) [aiter] shape is M:500, N:2304, K:12288 dtype='torch.bfloat16' otype='torch.bfloat16' bias=False, scaleAB=False, bpreshuffle=False, not found tuned config in /tmp/aiter_configs/bf16_tuned_gemm.csv, will use default config! using torch solution:0
(Worker_TP1 pid=3969954) [aiter] shape is M:500, N:2304, K:12288 dtype='torch.bfloat16' otype='torch.bfloat16' bias=False, scaleAB=False, bpreshuffle=False, not found tuned config in /tmp/aiter_configs/bf16_tuned_gemm.csv, will use default config! using torch solution:0
(Worker_TP0 pid=3969953) [aiter] shape is M:500, N:2304, K:12288 dtype='torch.bfloat16' otype='torch.bfloat16' bias=False, scaleAB=False, bpreshuffle=False, not found tuned config in /tmp/aiter_configs/bf16_tuned_gemm.csv, will use default config! using torch solution:0
(Worker_TP3 pid=3969956) [aiter] shape is M:500, N:2304, K:12288 dtype='torch.bfloat16' otype='torch.bfloat16' bias=False, scaleAB=False, bpreshuffle=False, not found tuned config in /tmp/aiter_configs/bf16_tuned_gemm.csv, will use default config! using torch solution:0
(Worker_TP2 pid=3969955) [aiter] shape is M:480, N:128, K:6144 dtype='torch.float32' otype='torch.float32' bias=False, scaleAB=False, bpreshuffle=False, not found tuned config in /tmp/aiter_configs/bf16_tuned_gemm.csv, will use default config! using torch solution:0
(Worker_TP0 pid=3969953) [aiter] shape is M:480, N:128, K:6144 dtype='torch.float32' otype='torch.float32' bias=False, scaleAB=False, bpreshuffle=False, not found tuned config in /tmp/aiter_configs/bf16_tuned_gemm.csv, will use default config! using torch solution:0
(Worker_TP2 pid=3969955) [aiter] shape is M:480, N:2304, K:12288 dtype='torch.bfloat16' otype='torch.bfloat16' bias=False, scaleAB=False, bpreshuffle=False, not found tuned config in /tmp/aiter_configs/bf16_tuned_gemm.csv, will use default config! using torch solution:0
(Worker_TP1 pid=3969954) [aiter] shape is M:480, N:128, K:6144 dtype='torch.float32' otype='torch.float32' bias=False, scaleAB=False, bpreshuffle=False, not found tuned config in /tmp/aiter_configs/bf16_tuned_gemm.csv, will use default config! using torch solution:0
(Worker_TP0 pid=3969953) [aiter] shape is M:480, N:2304, K:12288 dtype='torch.bfloat16' otype='torch.bfloat16' bias=False, scaleAB=False, bpreshuffle=False, not found tuned config in /tmp/aiter_configs/bf16_tuned_gemm.csv, will use default config! using torch solution:0
(Worker_TP1 pid=3969954) [aiter] shape is M:480, N:2304, K:12288 dtype='torch.bfloat16' otype='torch.bfloat16' bias=False, scaleAB=False, bpreshuffle=False, not found tuned config in /tmp/aiter_configs/bf16_tuned_gemm.csv, will use default config! using torch solution:0
(Worker_TP3 pid=3969956) [aiter] shape is M:480, N:128, K:6144 dtype='torch.float32' otype='torch.float32' bias=False, scaleAB=False, bpreshuffle=False, not found tuned config in /tmp/aiter_configs/bf16_tuned_gemm.csv, will use default config! using torch solution:0
(Worker_TP3 pid=3969956) [aiter] shape is M:480, N:2304, K:12288 dtype='torch.bfloat16' otype='torch.bfloat16' bias=False, scaleAB=False, bpreshuffle=False, not found tuned config in /tmp/aiter_configs/bf16_tuned_gemm.csv, will use default config! using torch solution:0
(Worker_TP2 pid=3969955) [aiter] compile_template_op func_name = 'pa_ps_a326c53e1b25c0f509d02cae5ec55dd0' with {'src_template': <Template memory:7849e30c3fe0>, 'md_name': 'pa_ps', 'includes': ['/shared/data/R7N/andy_luo_3v7/minimaxm3-agentx/overlays/aiter-sparse-indexer-cache-fusion-545d97c-266922c/csrc/cpp_itfs/pa/pa_ps.cuh'], 'sources': [], 'cxxflags': [], 'func_name': 'pa_ps_a326c53e1b25c0f509d02cae5ec55dd0', 'folder': 'pa_ps_a326c53e1b25c0f509d02cae5ec55dd0', 'kwargs': OrderedDict({'head_size': 128, 'query_group_size': 16, 'context_partition_num': 2, 'out_dtype': '__hip_bfloat16', 'logits_dtype': '__hip_bfloat16', 'sink_dtype': '__hip_bfloat16', 'use_sinks': False})}...
(Worker_TP2 pid=3969955) [aiter] start build /tmp/inferencex-minimaxm3-1412/home/.aiter/build/pa_ps_a326c53e1b25c0f509d02cae5ec55dd0
(Worker_TP0 pid=3969953) [aiter] compile_template_op func_name = 'pa_ps_a326c53e1b25c0f509d02cae5ec55dd0' with {'src_template': <Template memory:71190e262f30>, 'md_name': 'pa_ps', 'includes': ['/shared/data/R7N/andy_luo_3v7/minimaxm3-agentx/overlays/aiter-sparse-indexer-cache-fusion-545d97c-266922c/csrc/cpp_itfs/pa/pa_ps.cuh'], 'sources': [], 'cxxflags': [], 'func_name': 'pa_ps_a326c53e1b25c0f509d02cae5ec55dd0', 'folder': 'pa_ps_a326c53e1b25c0f509d02cae5ec55dd0', 'kwargs': OrderedDict({'head_size': 128, 'query_group_size': 16, 'context_partition_num': 2, 'out_dtype': '__hip_bfloat16', 'logits_dtype': '__hip_bfloat16', 'sink_dtype': '__hip_bfloat16', 'use_sinks': False})}...
(Worker_TP0 pid=3969953) [aiter] [pid=3969953 pname=VllmWorker-0] waiting for baton release at /tmp/inferencex-minimaxm3-1412/home/.aiter/build/pa_ps_a326c53e1b25c0f509d02cae5ec55dd0/lock
(Worker_TP1 pid=3969954) [aiter] compile_template_op func_name = 'pa_ps_a326c53e1b25c0f509d02cae5ec55dd0' with {'src_template': <Template memory:7627ed875730>, 'md_name': 'pa_ps', 'includes': ['/shared/data/R7N/andy_luo_3v7/minimaxm3-agentx/overlays/aiter-sparse-indexer-cache-fusion-545d97c-266922c/csrc/cpp_itfs/pa/pa_ps.cuh'], 'sources': [], 'cxxflags': [], 'func_name': 'pa_ps_a326c53e1b25c0f509d02cae5ec55dd0', 'folder': 'pa_ps_a326c53e1b25c0f509d02cae5ec55dd0', 'kwargs': OrderedDict({'head_size': 128, 'query_group_size': 16, 'context_partition_num': 2, 'out_dtype': '__hip_bfloat16', 'logits_dtype': '__hip_bfloat16', 'sink_dtype': '__hip_bfloat16', 'use_sinks': False})}...
(Worker_TP1 pid=3969954) [aiter] [pid=3969954 pname=VllmWorker-1] waiting for baton release at /tmp/inferencex-minimaxm3-1412/home/.aiter/build/pa_ps_a326c53e1b25c0f509d02cae5ec55dd0/lock
(Worker_TP3 pid=3969956) [aiter] compile_template_op func_name = 'pa_ps_a326c53e1b25c0f509d02cae5ec55dd0' with {'src_template': <Template memory:7652f006f470>, 'md_name': 'pa_ps', 'includes': ['/shared/data/R7N/andy_luo_3v7/minimaxm3-agentx/overlays/aiter-sparse-indexer-cache-fusion-545d97c-266922c/csrc/cpp_itfs/pa/pa_ps.cuh'], 'sources': [], 'cxxflags': [], 'func_name': 'pa_ps_a326c53e1b25c0f509d02cae5ec55dd0', 'folder': 'pa_ps_a326c53e1b25c0f509d02cae5ec55dd0', 'kwargs': OrderedDict({'head_size': 128, 'query_group_size': 16, 'context_partition_num': 2, 'out_dtype': '__hip_bfloat16', 'logits_dtype': '__hip_bfloat16', 'sink_dtype': '__hip_bfloat16', 'use_sinks': False})}...
(Worker_TP3 pid=3969956) [aiter] [pid=3969956 pname=VllmWorker-3] waiting for baton release at /tmp/inferencex-minimaxm3-1412/home/.aiter/build/pa_ps_a326c53e1b25c0f509d02cae5ec55dd0/lock
clang (LLVM option parsing): Unknown command line argument '-amdgpu-coerce-illegal-types=1'.  Try: 'clang (LLVM option parsing) --help'
clang (LLVM option parsing): Did you mean '--amdgpu-mode-register=1'?
failed to execute:/opt/rocm/lib/llvm/bin/clang++  --offload-arch=gfx950 --offload-arch=gfx950 --offload-arch=gfx950 --offload-arch=gfx950 --offload-arch=gfx950 --offload-arch=gfx950 --offload-arch=gfx950 --offload-arch=gfx950 -O3  -mllvm -amdgpu-coerce-illegal-types=1 -x hip -c /dev/null -o "/dev/null"
(Worker_TP2 pid=3969955) [aiter] -mllvm -amdgpu-coerce-illegal-types=1 is not supported by hipcc.
(Worker_TP2 pid=3969955) [aiter] finish build /tmp/inferencex-minimaxm3-1412/home/.aiter/build/pa_ps_a326c53e1b25c0f509d02cae5ec55dd0, cost 13.68814409s
(EngineCore pid=3969676) INFO 08-25 19:29:53 [shm_broadcast.py:802] No available shared memory broadcast block found in 60 seconds. This typically happens when some processes are hanging or doing some time-consuming work (e.g. compilation, weight/kv cache quantization).
(Worker_TP1 pid=3969954) [aiter] Registering 248 cuda graph addresses
(Worker_TP0 pid=3969953) [aiter] Registering 248 cuda graph addresses
(Worker_TP2 pid=3969955) [aiter] Registering 248 cuda graph addresses
(Worker_TP3 pid=3969956) [aiter] Registering 248 cuda graph addresses
(Worker_TP2 pid=3969955) INFO 08-25 19:29:54 [gpu_model_runner.py:6806] Estimated CUDA graph memory: 2.31 GiB total
(Worker_TP2 pid=3969955) INFO 08-25 19:29:54 [gpu_worker.py:578] CUDA graph memory profiling is enabled (default since v0.21.0). The current --gpu-memory-utilization=0.8500 is equivalent to --gpu-memory-utilization=0.8420 without CUDA graph memory profiling. To maintain the same effective KV cache size as before, increase --gpu-memory-utilization to 0.8580. To disable, set VLLM_MEMORY_PROFILER_ESTIMATE_CUDAGRAPHS=0.
(Worker_TP0 pid=3969953) INFO 08-25 19:29:55 [gpu_model_runner.py:6806] Estimated CUDA graph memory: 2.31 GiB total
(Worker_TP0 pid=3969953) INFO 08-25 19:29:55 [gpu_worker.py:563] Available KV cache memory: 174.78 GiB
(Worker_TP0 pid=3969953) INFO 08-25 19:29:55 [gpu_worker.py:578] CUDA graph memory profiling is enabled (default since v0.21.0). The current --gpu-memory-utilization=0.8500 is equivalent to --gpu-memory-utilization=0.8420 without CUDA graph memory profiling. To maintain the same effective KV cache size as before, increase --gpu-memory-utilization to 0.8580. To disable, set VLLM_MEMORY_PROFILER_ESTIMATE_CUDAGRAPHS=0.
(Worker_TP1 pid=3969954) INFO 08-25 19:29:55 [gpu_model_runner.py:6806] Estimated CUDA graph memory: 2.31 GiB total
(Worker_TP1 pid=3969954) INFO 08-25 19:29:55 [gpu_worker.py:578] CUDA graph memory profiling is enabled (default since v0.21.0). The current --gpu-memory-utilization=0.8500 is equivalent to --gpu-memory-utilization=0.8420 without CUDA graph memory profiling. To maintain the same effective KV cache size as before, increase --gpu-memory-utilization to 0.8580. To disable, set VLLM_MEMORY_PROFILER_ESTIMATE_CUDAGRAPHS=0.
(Worker_TP3 pid=3969956) INFO 08-25 19:29:55 [gpu_model_runner.py:6806] Estimated CUDA graph memory: 2.31 GiB total
(Worker_TP3 pid=3969956) INFO 08-25 19:29:55 [gpu_worker.py:578] CUDA graph memory profiling is enabled (default since v0.21.0). The current --gpu-memory-utilization=0.8500 is equivalent to --gpu-memory-utilization=0.8420 without CUDA graph memory profiling. To maintain the same effective KV cache size as before, increase --gpu-memory-utilization to 0.8580. To disable, set VLLM_MEMORY_PROFILER_ESTIMATE_CUDAGRAPHS=0.
(EngineCore pid=3969676) INFO 08-25 19:29:55 [kv_cache_utils.py:2235] GPU KV cache size: 8,184,960 tokens
(EngineCore pid=3969676) INFO 08-25 19:29:55 [kv_cache_utils.py:2236] Maximum concurrency for 1,048,576 tokens per request: 7.81x
(Worker_TP2 pid=3969955) INFO 08-25 19:29:55 [gpu_worker.py:707] Compile and warming up model for size 32768
(Worker_TP0 pid=3969953) INFO 08-25 19:29:55 [gpu_worker.py:707] Compile and warming up model for size 32768
(Worker_TP1 pid=3969954) INFO 08-25 19:29:55 [gpu_worker.py:707] Compile and warming up model for size 32768
(Worker_TP3 pid=3969956) INFO 08-25 19:29:55 [gpu_worker.py:707] Compile and warming up model for size 32768
(Worker_TP2 pid=3969955) INFO 08-25 19:29:56 [ll_bf16.py:30] cuteDSL (CUTLASS Python) not available, ll_bf16_gemm disabled
(Worker_TP0 pid=3969953) INFO 08-25 19:29:56 [ll_bf16.py:30] cuteDSL (CUTLASS Python) not available, ll_bf16_gemm disabled
(Worker_TP3 pid=3969956) INFO 08-25 19:29:56 [ll_bf16.py:30] cuteDSL (CUTLASS Python) not available, ll_bf16_gemm disabled
(Worker_TP1 pid=3969954) INFO 08-25 19:29:56 [ll_bf16.py:30] cuteDSL (CUTLASS Python) not available, ll_bf16_gemm disabled
(Worker_TP2 pid=3969955) INFO 08-25 19:29:56 [minimax_m3_msa_warmup.py:455] Warming MiniMax M3 ROCm AgentX dynamic kernels in-process.
(Worker_TP2 pid=3969955) INFO 08-25 19:29:56 [minimax_m3_msa_warmup.py:225] Warming 128 MiniMax M3 AITER unified-attention configurations twice.
(Worker_TP0 pid=3969953) INFO 08-25 19:29:56 [minimax_m3_msa_warmup.py:455] Warming MiniMax M3 ROCm AgentX dynamic kernels in-process.
(Worker_TP0 pid=3969953) INFO 08-25 19:29:56 [minimax_m3_msa_warmup.py:225] Warming 128 MiniMax M3 AITER unified-attention configurations twice.
(Worker_TP3 pid=3969956) INFO 08-25 19:29:56 [minimax_m3_msa_warmup.py:455] Warming MiniMax M3 ROCm AgentX dynamic kernels in-process.
(Worker_TP1 pid=3969954) INFO 08-25 19:29:56 [minimax_m3_msa_warmup.py:455] Warming MiniMax M3 ROCm AgentX dynamic kernels in-process.
(Worker_TP3 pid=3969956) INFO 08-25 19:29:56 [minimax_m3_msa_warmup.py:225] Warming 128 MiniMax M3 AITER unified-attention configurations twice.
(Worker_TP1 pid=3969954) INFO 08-25 19:29:56 [minimax_m3_msa_warmup.py:225] Warming 128 MiniMax M3 AITER unified-attention configurations twice.
(Worker_TP2 pid=3969955) INFO 08-25 19:30:22 [minimax_m3_msa_warmup.py:346] Warming MiniMax M3 AITER sparse paged-attention prefills (32, 818, 820) with int32 context offsets (0, 1, 2, 3) twice.
(Worker_TP2 pid=3969955) [aiter] compile_template_op func_name = 'pa_ps_a55a84d8af60d1de6986294da4009911' with {'src_template': <Template memory:7849e30c3fe0>, 'md_name': 'pa_ps', 'includes': ['/shared/data/R7N/andy_luo_3v7/minimaxm3-agentx/overlays/aiter-sparse-indexer-cache-fusion-545d97c-266922c/csrc/cpp_itfs/pa/pa_ps.cuh'], 'sources': [], 'cxxflags': [], 'func_name': 'pa_ps_a55a84d8af60d1de6986294da4009911', 'folder': 'pa_ps_a55a84d8af60d1de6986294da4009911', 'kwargs': OrderedDict({'head_size': 128, 'query_group_size': 16, 'context_partition_num': 8, 'out_dtype': '__hip_bfloat16', 'logits_dtype': '__hip_bfloat16', 'sink_dtype': '__hip_bfloat16', 'use_sinks': False})}...
(Worker_TP2 pid=3969955) [aiter] start build /tmp/inferencex-minimaxm3-1412/home/.aiter/build/pa_ps_a55a84d8af60d1de6986294da4009911
(Worker_TP1 pid=3969954) INFO 08-25 19:30:23 [minimax_m3_msa_warmup.py:346] Warming MiniMax M3 AITER sparse paged-attention prefills (32, 818, 820) with int32 context offsets (0, 1, 2, 3) twice.
(Worker_TP1 pid=3969954) [aiter] compile_template_op func_name = 'pa_ps_a55a84d8af60d1de6986294da4009911' with {'src_template': <Template memory:7627ed875730>, 'md_name': 'pa_ps', 'includes': ['/shared/data/R7N/andy_luo_3v7/minimaxm3-agentx/overlays/aiter-sparse-indexer-cache-fusion-545d97c-266922c/csrc/cpp_itfs/pa/pa_ps.cuh'], 'sources': [], 'cxxflags': [], 'func_name': 'pa_ps_a55a84d8af60d1de6986294da4009911', 'folder': 'pa_ps_a55a84d8af60d1de6986294da4009911', 'kwargs': OrderedDict({'head_size': 128, 'query_group_size': 16, 'context_partition_num': 8, 'out_dtype': '__hip_bfloat16', 'logits_dtype': '__hip_bfloat16', 'sink_dtype': '__hip_bfloat16', 'use_sinks': False})}...
(Worker_TP1 pid=3969954) [aiter] [pid=3969954 pname=VllmWorker-1] waiting for baton release at /tmp/inferencex-minimaxm3-1412/home/.aiter/build/pa_ps_a55a84d8af60d1de6986294da4009911/lock
(Worker_TP3 pid=3969956) INFO 08-25 19:30:23 [minimax_m3_msa_warmup.py:346] Warming MiniMax M3 AITER sparse paged-attention prefills (32, 818, 820) with int32 context offsets (0, 1, 2, 3) twice.
(Worker_TP3 pid=3969956) [aiter] compile_template_op func_name = 'pa_ps_a55a84d8af60d1de6986294da4009911' with {'src_template': <Template memory:7652f006f470>, 'md_name': 'pa_ps', 'includes': ['/shared/data/R7N/andy_luo_3v7/minimaxm3-agentx/overlays/aiter-sparse-indexer-cache-fusion-545d97c-266922c/csrc/cpp_itfs/pa/pa_ps.cuh'], 'sources': [], 'cxxflags': [], 'func_name': 'pa_ps_a55a84d8af60d1de6986294da4009911', 'folder': 'pa_ps_a55a84d8af60d1de6986294da4009911', 'kwargs': OrderedDict({'head_size': 128, 'query_group_size': 16, 'context_partition_num': 8, 'out_dtype': '__hip_bfloat16', 'logits_dtype': '__hip_bfloat16', 'sink_dtype': '__hip_bfloat16', 'use_sinks': False})}...
(Worker_TP3 pid=3969956) [aiter] [pid=3969956 pname=VllmWorker-3] waiting for baton release at /tmp/inferencex-minimaxm3-1412/home/.aiter/build/pa_ps_a55a84d8af60d1de6986294da4009911/lock
(Worker_TP0 pid=3969953) INFO 08-25 19:30:23 [minimax_m3_msa_warmup.py:346] Warming MiniMax M3 AITER sparse paged-attention prefills (32, 818, 820) with int32 context offsets (0, 1, 2, 3) twice.
(Worker_TP0 pid=3969953) [aiter] compile_template_op func_name = 'pa_ps_a55a84d8af60d1de6986294da4009911' with {'src_template': <Template memory:71190e262f30>, 'md_name': 'pa_ps', 'includes': ['/shared/data/R7N/andy_luo_3v7/minimaxm3-agentx/overlays/aiter-sparse-indexer-cache-fusion-545d97c-266922c/csrc/cpp_itfs/pa/pa_ps.cuh'], 'sources': [], 'cxxflags': [], 'func_name': 'pa_ps_a55a84d8af60d1de6986294da4009911', 'folder': 'pa_ps_a55a84d8af60d1de6986294da4009911', 'kwargs': OrderedDict({'head_size': 128, 'query_group_size': 16, 'context_partition_num': 8, 'out_dtype': '__hip_bfloat16', 'logits_dtype': '__hip_bfloat16', 'sink_dtype': '__hip_bfloat16', 'use_sinks': False})}...
(Worker_TP0 pid=3969953) [aiter] [pid=3969953 pname=VllmWorker-0] waiting for baton release at /tmp/inferencex-minimaxm3-1412/home/.aiter/build/pa_ps_a55a84d8af60d1de6986294da4009911/lock
(Worker_TP2 pid=3969955) [aiter] finish build /tmp/inferencex-minimaxm3-1412/home/.aiter/build/pa_ps_a55a84d8af60d1de6986294da4009911, cost 1.56279935s
(Worker_TP2 pid=3969955) INFO 08-25 19:30:26 [minimax_m3_msa_warmup.py:419] MiniMax M3 AgentX drafter BF16 GEMM warmup shapes: (('model.layers.0.self_attn.qkv_proj.weight', (2304, 12288)), ('model.layers.0.self_attn.o_proj.weight', (6144, 2048)), ('model.layers.0.mlp.down_proj.weight', (6144, 4608)), ('model.fc.weight', (6144, 18432)), ('model.layers.0.mlp.gate_up_proj.weight', (9216, 6144)))
(Worker_TP3 pid=3969956) INFO 08-25 19:30:26 [minimax_m3_msa_warmup.py:419] MiniMax M3 AgentX drafter BF16 GEMM warmup shapes: (('model.layers.0.self_attn.qkv_proj.weight', (2304, 12288)), ('model.layers.0.self_attn.o_proj.weight', (6144, 2048)), ('model.layers.0.mlp.down_proj.weight', (6144, 4608)), ('model.fc.weight', (6144, 18432)), ('model.layers.0.mlp.gate_up_proj.weight', (9216, 6144)))
(Worker_TP1 pid=3969954) INFO 08-25 19:30:26 [minimax_m3_msa_warmup.py:419] MiniMax M3 AgentX drafter BF16 GEMM warmup shapes: (('model.layers.0.self_attn.qkv_proj.weight', (2304, 12288)), ('model.layers.0.self_attn.o_proj.weight', (6144, 2048)), ('model.layers.0.mlp.down_proj.weight', (6144, 4608)), ('model.fc.weight', (6144, 18432)), ('model.layers.0.mlp.gate_up_proj.weight', (9216, 6144)))
(Worker_TP0 pid=3969953) INFO 08-25 19:30:26 [minimax_m3_msa_warmup.py:419] MiniMax M3 AgentX drafter BF16 GEMM warmup shapes: (('model.layers.0.self_attn.qkv_proj.weight', (2304, 12288)), ('model.layers.0.self_attn.o_proj.weight', (6144, 2048)), ('model.layers.0.mlp.down_proj.weight', (6144, 4608)), ('model.fc.weight', (6144, 18432)), ('model.layers.0.mlp.gate_up_proj.weight', (9216, 6144)))
(Worker_TP2 pid=3969955) INFO 08-25 19:30:42 [minimax_m3_msa_warmup.py:609] MiniMax M3 ROCm AgentX dynamic-kernel warmup complete.
(Worker_TP3 pid=3969956) INFO 08-25 19:30:43 [minimax_m3_msa_warmup.py:609] MiniMax M3 ROCm AgentX dynamic-kernel warmup complete.
(Worker_TP1 pid=3969954) INFO 08-25 19:30:43 [minimax_m3_msa_warmup.py:609] MiniMax M3 ROCm AgentX dynamic-kernel warmup complete.
(Worker_TP0 pid=3969953) INFO 08-25 19:30:43 [minimax_m3_msa_warmup.py:609] MiniMax M3 ROCm AgentX dynamic-kernel warmup complete.
(Worker_TP0 pid=3969953) INFO 08-25 19:30:43 [gpu_model_runner.py:6867] Rank 0: Torch profiler disabled for CUDA graph capture
(Worker_TP2 pid=3969955) [aiter] shape is M:465, N:128, K:6144 dtype='torch.float32' otype='torch.float32' bias=False, scaleAB=False, bpreshuffle=False, not found tuned config in /tmp/aiter_configs/bf16_tuned_gemm.csv, will use default config! using torch solution:0
(Worker_TP2 pid=3969955) [aiter] shape is M:465, N:2304, K:12288 dtype='torch.bfloat16' otype='torch.bfloat16' bias=False, scaleAB=False, bpreshuffle=False, not found tuned config in /tmp/aiter_configs/bf16_tuned_gemm.csv, will use default config! using torch solution:0
(Worker_TP2 pid=3969955) [aiter] shape is M:450, N:128, K:6144 dtype='torch.float32' otype='torch.float32' bias=False, scaleAB=False, bpreshuffle=False, not found tuned config in /tmp/aiter_configs/bf16_tuned_gemm.csv, will use default config! using torch solution:0
(Worker_TP2 pid=3969955) [aiter] shape is M:450, N:2304, K:12288 dtype='torch.bfloat16' otype='torch.bfloat16' bias=False, scaleAB=False, bpreshuffle=False, not found tuned config in /tmp/aiter_configs/bf16_tuned_gemm.csv, will use default config! using torch solution:0
(Worker_TP2 pid=3969955) [aiter] shape is M:435, N:128, K:6144 dtype='torch.float32' otype='torch.float32' bias=False, scaleAB=False, bpreshuffle=False, not found tuned config in /tmp/aiter_configs/bf16_tuned_gemm.csv, will use default config! using torch solution:0
(Worker_TP2 pid=3969955) [aiter] shape is M:435, N:2304, K:12288 dtype='torch.bfloat16' otype='torch.bfloat16' bias=False, scaleAB=False, bpreshuffle=False, not found tuned config in /tmp/aiter_configs/bf16_tuned_gemm.csv, will use default config! using torch solution:0
(Worker_TP2 pid=3969955) [aiter] shape is M:420, N:128, K:6144 dtype='torch.float32' otype='torch.float32' bias=False, scaleAB=False, bpreshuffle=False, not found tuned config in /tmp/aiter_configs/bf16_tuned_gemm.csv, will use default config! using torch solution:0
(Worker_TP2 pid=3969955) [aiter] shape is M:420, N:2304, K:12288 dtype='torch.bfloat16' otype='torch.bfloat16' bias=False, scaleAB=False, bpreshuffle=False, not found tuned config in /tmp/aiter_configs/bf16_tuned_gemm.csv, will use default config! using torch solution:0
(Worker_TP2 pid=3969955) [aiter] shape is M:400, N:128, K:6144 dtype='torch.float32' otype='torch.float32' bias=False, scaleAB=False, bpreshuffle=False, not found tuned config in /tmp/aiter_configs/bf16_tuned_gemm.csv, will use default config! using torch solution:0
(Worker_TP0 pid=3969953) Capturing CUDA graphs (mixed prefill-decode, PIECEWISE):   0%|          | 0/48 [00:00<?, ?it/s](Worker_TP2 pid=3969955) [aiter] shape is M:400, N:2304, K:12288 dtype='torch.bfloat16' otype='torch.bfloat16' bias=False, scaleAB=False, bpreshuffle=False, not found tuned config in /tmp/aiter_configs/bf16_tuned_gemm.csv, will use default config! using torch solution:0
(Worker_TP3 pid=3969956) [aiter] shape is M:465, N:128, K:6144 dtype='torch.float32' otype='torch.float32' bias=False, scaleAB=False, bpreshuffle=False, not found tuned config in /tmp/aiter_configs/bf16_tuned_gemm.csv, will use default config! using torch solution:0
(Worker_TP2 pid=3969955) [aiter] shape is M:385, N:128, K:6144 dtype='torch.float32' otype='torch.float32' bias=False, scaleAB=False, bpreshuffle=False, not found tuned config in /tmp/aiter_configs/bf16_tuned_gemm.csv, will use default config! using torch solution:0
(Worker_TP3 pid=3969956) [aiter] shape is M:465, N:2304, K:12288 dtype='torch.bfloat16' otype='torch.bfloat16' bias=False, scaleAB=False, bpreshuffle=False, not found tuned config in /tmp/aiter_configs/bf16_tuned_gemm.csv, will use default config! using torch solution:0
(Worker_TP2 pid=3969955) [aiter] shape is M:385, N:2304, K:12288 dtype='torch.bfloat16' otype='torch.bfloat16' bias=False, scaleAB=False, bpreshuffle=False, not found tuned config in /tmp/aiter_configs/bf16_tuned_gemm.csv, will use default config! using torch solution:0
(Worker_TP1 pid=3969954) [aiter] shape is M:465, N:128, K:6144 dtype='torch.float32' otype='torch.float32' bias=False, scaleAB=False, bpreshuffle=False, not found tuned config in /tmp/aiter_configs/bf16_tuned_gemm.csv, will use default config! using torch solution:0
Capturing CUDA graphs (mixed prefill-decode, PIECEWISE):   2%|▏         | 1/48 [00:00<00:06,  7.23it/s](Worker_TP3 pid=3969956) [aiter] shape is M:450, N:128, K:6144 dtype='torch.float32' otype='torch.float32' bias=False, scaleAB=False, bpreshuffle=False, not found tuned config in /tmp/aiter_configs/bf16_tuned_gemm.csv, will use default config! using torch solution:0
(Worker_TP1 pid=3969954) [aiter] shape is M:465, N:2304, K:12288 dtype='torch.bfloat16' otype='torch.bfloat16' bias=False, scaleAB=False, bpreshuffle=False, not found tuned config in /tmp/aiter_configs/bf16_tuned_gemm.csv, will use default config! using torch solution:0
(Worker_TP2 pid=3969955) [aiter] shape is M:370, N:128, K:6144 dtype='torch.float32' otype='torch.float32' bias=False, scaleAB=False, bpreshuffle=False, not found tuned config in /tmp/aiter_configs/bf16_tuned_gemm.csv, will use default config! using torch solution:0
(Worker_TP3 pid=3969956) [aiter] shape is M:450, N:2304, K:12288 dtype='torch.bfloat16' otype='torch.bfloat16' bias=False, scaleAB=False, bpreshuffle=False, not found tuned config in /tmp/aiter_configs/bf16_tuned_gemm.csv, will use default config! using torch solution:0
(Worker_TP2 pid=3969955) [aiter] shape is M:370, N:2304, K:12288 dtype='torch.bfloat16' otype='torch.bfloat16' bias=False, scaleAB=False, bpreshuffle=False, not found tuned config in /tmp/aiter_configs/bf16_tuned_gemm.csv, will use default config! using torch solution:0
(Worker_TP1 pid=3969954) [aiter] shape is M:450, N:128, K:6144 dtype='torch.float32' otype='torch.float32' bias=False, scaleAB=False, bpreshuffle=False, not found tuned config in /tmp/aiter_configs/bf16_tuned_gemm.csv, will use default config! using torch solution:0
[aiter] shape is M:465, N:128, K:6144 dtype='torch.float32' otype='torch.float32' bias=False, scaleAB=False, bpreshuffle=False, not found tuned config in /tmp/aiter_configs/bf16_tuned_gemm.csv, will use default config! using torch solution:0
(Worker_TP3 pid=3969956) [aiter] shape is M:435, N:128, K:6144 dtype='torch.float32' otype='torch.float32' bias=False, scaleAB=False, bpreshuffle=False, not found tuned config in /tmp/aiter_configs/bf16_tuned_gemm.csv, will use default config! using torch solution:0
(Worker_TP1 pid=3969954) [aiter] shape is M:450, N:2304, K:12288 dtype='torch.bfloat16' otype='torch.bfloat16' bias=False, scaleAB=False, bpreshuffle=False, not found tuned config in /tmp/aiter_configs/bf16_tuned_gemm.csv, will use default config! using torch solution:0
(Worker_TP2 pid=3969955) [aiter] shape is M:355, N:128, K:6144 dtype='torch.float32' otype='torch.float32' bias=False, scaleAB=False, bpreshuffle=False, not found tuned config in /tmp/aiter_configs/bf16_tuned_gemm.csv, will use default config! using torch solution:0
(Worker_TP0 pid=3969953) [aiter] shape is M:465, N:2304, K:12288 dtype='torch.bfloat16' otype='torch.bfloat16' bias=False, scaleAB=False, bpreshuffle=False, not found tuned config in /tmp/aiter_configs/bf16_tuned_gemm.csv, will use default config! using torch solution:0
(Worker_TP3 pid=3969956) [aiter] shape is M:435, N:2304, K:12288 dtype='torch.bfloat16' otype='torch.bfloat16' bias=False, scaleAB=False, bpreshuffle=False, not found tuned config in /tmp/aiter_configs/bf16_tuned_gemm.csv, will use default config! using torch solution:0
(Worker_TP2 pid=3969955) [aiter] shape is M:355, N:2304, K:12288 dtype='torch.bfloat16' otype='torch.bfloat16' bias=False, scaleAB=False, bpreshuffle=False, not found tuned config in /tmp/aiter_configs/bf16_tuned_gemm.csv, will use default config! using torch solution:0
(Worker_TP1 pid=3969954) [aiter] shape is M:435, N:128, K:6144 dtype='torch.float32' otype='torch.float32' bias=False, scaleAB=False, bpreshuffle=False, not found tuned config in /tmp/aiter_configs/bf16_tuned_gemm.csv, will use default config! using torch solution:0
(Worker_TP0 pid=3969953) Capturing CUDA graphs (mixed prefill-decode, PIECEWISE):   6%|▋         | 3/48 [00:00<00:04,  9.12it/s][aiter] shape is M:450, N:128, K:6144 dtype='torch.float32' otype='torch.float32' bias=False, scaleAB=False, bpreshuffle=False, not found tuned config in /tmp/aiter_configs/bf16_tuned_gemm.csv, will use default config! using torch solution:0
(Worker_TP2 pid=3969955) [aiter] shape is M:340, N:128, K:6144 dtype='torch.float32' otype='torch.float32' bias=False, scaleAB=False, bpreshuffle=False, not found tuned config in /tmp/aiter_configs/bf16_tuned_gemm.csv, will use default config! using torch solution:0
(Worker_TP3 pid=3969956) [aiter] shape is M:420, N:128, K:6144 dtype='torch.float32' otype='torch.float32' bias=False, scaleAB=False, bpreshuffle=False, not found tuned config in /tmp/aiter_configs/bf16_tuned_gemm.csv, will use default config! using torch solution:0
(Worker_TP1 pid=3969954) [aiter] shape is M:435, N:2304, K:12288 dtype='torch.bfloat16' otype='torch.bfloat16' bias=False, scaleAB=False, bpreshuffle=False, not found tuned config in /tmp/aiter_configs/bf16_tuned_gemm.csv, will use default config! using torch solution:0
(Worker_TP0 pid=3969953) [aiter] shape is M:450, N:2304, K:12288 dtype='torch.bfloat16' otype='torch.bfloat16' bias=False, scaleAB=False, bpreshuffle=False, not found tuned config in /tmp/aiter_configs/bf16_tuned_gemm.csv, will use default config! using torch solution:0
(Worker_TP2 pid=3969955) [aiter] shape is M:340, N:2304, K:12288 dtype='torch.bfloat16' otype='torch.bfloat16' bias=False, scaleAB=False, bpreshuffle=False, not found tuned config in /tmp/aiter_configs/bf16_tuned_gemm.csv, will use default config! using torch solution:0
(Worker_TP3 pid=3969956) [aiter] shape is M:420, N:2304, K:12288 dtype='torch.bfloat16' otype='torch.bfloat16' bias=False, scaleAB=False, bpreshuffle=False, not found tuned config in /tmp/aiter_configs/bf16_tuned_gemm.csv, will use default config! using torch solution:0
(Worker_TP1 pid=3969954) [aiter] shape is M:420, N:128, K:6144 dtype='torch.float32' otype='torch.float32' bias=False, scaleAB=False, bpreshuffle=False, not found tuned config in /tmp/aiter_configs/bf16_tuned_gemm.csv, will use default config! using torch solution:0
(Worker_TP0 pid=3969953) [aiter] shape is M:435, N:128, K:6144 dtype='torch.float32' otype='torch.float32' bias=False, scaleAB=False, bpreshuffle=False, not found tuned config in /tmp/aiter_configs/bf16_tuned_gemm.csv, will use default config! using torch solution:0
(Worker_TP3 pid=3969956) [aiter] shape is M:400, N:128, K:6144 dtype='torch.float32' otype='torch.float32' bias=False, scaleAB=False, bpreshuffle=False, not found tuned config in /tmp/aiter_configs/bf16_tuned_gemm.csv, will use default config! using torch solution:0
(Worker_TP1 pid=3969954) [aiter] shape is M:420, N:2304, K:12288 dtype='torch.bfloat16' otype='torch.bfloat16' bias=False, scaleAB=False, bpreshuffle=False, not found tuned config in /tmp/aiter_configs/bf16_tuned_gemm.csv, will use default config! using torch solution:0
(Worker_TP0 pid=3969953) [aiter] shape is M:435, N:2304, K:12288 dtype='torch.bfloat16' otype='torch.bfloat16' bias=False, scaleAB=False, bpreshuffle=False, not found tuned config in /tmp/aiter_configs/bf16_tuned_gemm.csv, will use default config! using torch solution:0
(Worker_TP3 pid=3969956) [aiter] shape is M:400, N:2304, K:12288 dtype='torch.bfloat16' otype='torch.bfloat16' bias=False, scaleAB=False, bpreshuffle=False, not found tuned config in /tmp/aiter_configs/bf16_tuned_gemm.csv, will use default config! using torch solution:0
(Worker_TP1 pid=3969954) [aiter] shape is M:400, N:128, K:6144 dtype='torch.float32' otype='torch.float32' bias=False, scaleAB=False, bpreshuffle=False, not found tuned config in /tmp/aiter_configs/bf16_tuned_gemm.csv, will use default config! using torch solution:0
(Worker_TP0 pid=3969953) Capturing CUDA graphs (mixed prefill-decode, PIECEWISE):  10%|█         | 5/48 [00:00<00:04,  9.64it/s][aiter] shape is M:420, N:128, K:6144 dtype='torch.float32' otype='torch.float32' bias=False, scaleAB=False, bpreshuffle=False, not found tuned config in /tmp/aiter_configs/bf16_tuned_gemm.csv, will use default config! using torch solution:0
(Worker_TP3 pid=3969956) [aiter] shape is M:385, N:128, K:6144 dtype='torch.float32' otype='torch.float32' bias=False, scaleAB=False, bpreshuffle=False, not found tuned config in /tmp/aiter_configs/bf16_tuned_gemm.csv, will use default config! using torch solution:0
(Worker_TP1 pid=3969954) [aiter] shape is M:400, N:2304, K:12288 dtype='torch.bfloat16' otype='torch.bfloat16' bias=False, scaleAB=False, bpreshuffle=False, not found tuned config in /tmp/aiter_configs/bf16_tuned_gemm.csv, will use default config! using torch solution:0
(Worker_TP0 pid=3969953) [aiter] shape is M:420, N:2304, K:12288 dtype='torch.bfloat16' otype='torch.bfloat16' bias=False, scaleAB=False, bpreshuffle=False, not found tuned config in /tmp/aiter_configs/bf16_tuned_gemm.csv, will use default config! using torch solution:0
(Worker_TP3 pid=3969956) [aiter] shape is M:385, N:2304, K:12288 dtype='torch.bfloat16' otype='torch.bfloat16' bias=False, scaleAB=False, bpreshuffle=False, not found tuned config in /tmp/aiter_configs/bf16_tuned_gemm.csv, will use default config! using torch solution:0
(Worker_TP1 pid=3969954) [aiter] shape is M:385, N:128, K:6144 dtype='torch.float32' otype='torch.float32' bias=False, scaleAB=False, bpreshuffle=False, not found tuned config in /tmp/aiter_configs/bf16_tuned_gemm.csv, will use default config! using torch solution:0
(Worker_TP3 pid=3969956) [aiter] shape is M:370, N:128, K:6144 dtype='torch.float32' otype='torch.float32' bias=False, scaleAB=False, bpreshuffle=False, not found tuned config in /tmp/aiter_configs/bf16_tuned_gemm.csv, will use default config! using torch solution:0
(Worker_TP0 pid=3969953) [aiter] shape is M:400, N:128, K:6144 dtype='torch.float32' otype='torch.float32' bias=False, scaleAB=False, bpreshuffle=False, not found tuned config in /tmp/aiter_configs/bf16_tuned_gemm.csv, will use default config! using torch solution:0
(Worker_TP1 pid=3969954) [aiter] shape is M:385, N:2304, K:12288 dtype='torch.bfloat16' otype='torch.bfloat16' bias=False, scaleAB=False, bpreshuffle=False, not found tuned config in /tmp/aiter_configs/bf16_tuned_gemm.csv, will use default config! using torch solution:0
(Worker_TP3 pid=3969956) [aiter] shape is M:370, N:2304, K:12288 dtype='torch.bfloat16' otype='torch.bfloat16' bias=False, scaleAB=False, bpreshuffle=False, not found tuned config in /tmp/aiter_configs/bf16_tuned_gemm.csv, will use default config! using torch solution:0
(Worker_TP0 pid=3969953) [aiter] shape is M:400, N:2304, K:12288 dtype='torch.bfloat16' otype='torch.bfloat16' bias=False, scaleAB=False, bpreshuffle=False, not found tuned config in /tmp/aiter_configs/bf16_tuned_gemm.csv, will use default config! using torch solution:0
(Worker_TP1 pid=3969954) [aiter] shape is M:370, N:128, K:6144 dtype='torch.float32' otype='torch.float32' bias=False, scaleAB=False, bpreshuffle=False, not found tuned config in /tmp/aiter_configs/bf16_tuned_gemm.csv, will use default config! using torch solution:0
(Worker_TP0 pid=3969953) Capturing CUDA graphs (mixed prefill-decode, PIECEWISE):  15%|█▍        | 7/48 [00:00<00:04,  9.98it/s](Worker_TP3 pid=3969956) [aiter] shape is M:355, N:128, K:6144 dtype='torch.float32' otype='torch.float32' bias=False, scaleAB=False, bpreshuffle=False, not found tuned config in /tmp/aiter_configs/bf16_tuned_gemm.csv, will use default config! using torch solution:0
(Worker_TP1 pid=3969954) [aiter] shape is M:370, N:2304, K:12288 dtype='torch.bfloat16' otype='torch.bfloat16' bias=False, scaleAB=False, bpreshuffle=False, not found tuned config in /tmp/aiter_configs/bf16_tuned_gemm.csv, will use default config! using torch solution:0
[aiter] shape is M:385, N:128, K:6144 dtype='torch.float32' otype='torch.float32' bias=False, scaleAB=False, bpreshuffle=False, not found tuned config in /tmp/aiter_configs/bf16_tuned_gemm.csv, will use default config! using torch solution:0
(Worker_TP2 pid=3969955) [aiter] shape is M:320, N:128, K:6144 dtype='torch.float32' otype='torch.float32' bias=False, scaleAB=False, bpreshuffle=False, not found tuned config in /tmp/aiter_configs/bf16_tuned_gemm.csv, will use default config! using torch solution:0
(Worker_TP3 pid=3969956) [aiter] shape is M:355, N:2304, K:12288 dtype='torch.bfloat16' otype='torch.bfloat16' bias=False, scaleAB=False, bpreshuffle=False, not found tuned config in /tmp/aiter_configs/bf16_tuned_gemm.csv, will use default config! using torch solution:0
(Worker_TP0 pid=3969953) [aiter] shape is M:385, N:2304, K:12288 dtype='torch.bfloat16' otype='torch.bfloat16' bias=False, scaleAB=False, bpreshuffle=False, not found tuned config in /tmp/aiter_configs/bf16_tuned_gemm.csv, will use default config! using torch solution:0
(Worker_TP1 pid=3969954) [aiter] shape is M:355, N:128, K:6144 dtype='torch.float32' otype='torch.float32' bias=False, scaleAB=False, bpreshuffle=False, not found tuned config in /tmp/aiter_configs/bf16_tuned_gemm.csv, will use default config! using torch solution:0
(Worker_TP2 pid=3969955) [aiter] shape is M:320, N:2304, K:12288 dtype='torch.bfloat16' otype='torch.bfloat16' bias=False, scaleAB=False, bpreshuffle=False, not found tuned config in /tmp/aiter_configs/bf16_tuned_gemm.csv, will use default config! using torch solution:0
(Worker_TP3 pid=3969956) [aiter] shape is M:340, N:128, K:6144 dtype='torch.float32' otype='torch.float32' bias=False, scaleAB=False, bpreshuffle=False, not found tuned config in /tmp/aiter_configs/bf16_tuned_gemm.csv, will use default config! using torch solution:0
(Worker_TP0 pid=3969953) [aiter] shape is M:370, N:128, K:6144 dtype='torch.float32' otype='torch.float32' bias=False, scaleAB=False, bpreshuffle=False, not found tuned config in /tmp/aiter_configs/bf16_tuned_gemm.csv, will use default config! using torch solution:0
(Worker_TP1 pid=3969954) [aiter] shape is M:355, N:2304, K:12288 dtype='torch.bfloat16' otype='torch.bfloat16' bias=False, scaleAB=False, bpreshuffle=False, not found tuned config in /tmp/aiter_configs/bf16_tuned_gemm.csv, will use default config! using torch solution:0
(Worker_TP3 pid=3969956) [aiter] shape is M:340, N:2304, K:12288 dtype='torch.bfloat16' otype='torch.bfloat16' bias=False, scaleAB=False, bpreshuffle=False, not found tuned config in /tmp/aiter_configs/bf16_tuned_gemm.csv, will use default config! using torch solution:0
(Worker_TP0 pid=3969953) [aiter] shape is M:370, N:2304, K:12288 dtype='torch.bfloat16' otype='torch.bfloat16' bias=False, scaleAB=False, bpreshuffle=False, not found tuned config in /tmp/aiter_configs/bf16_tuned_gemm.csv, will use default config! using torch solution:0
(Worker_TP1 pid=3969954) [aiter] shape is M:340, N:128, K:6144 dtype='torch.float32' otype='torch.float32' bias=False, scaleAB=False, bpreshuffle=False, not found tuned config in /tmp/aiter_configs/bf16_tuned_gemm.csv, will use default config! using torch solution:0
(Worker_TP0 pid=3969953) Capturing CUDA graphs (mixed prefill-decode, PIECEWISE):  19%|█▉        | 9/48 [00:00<00:03, 10.27it/s](Worker_TP1 pid=3969954) [aiter] shape is M:340, N:2304, K:12288 dtype='torch.bfloat16' otype='torch.bfloat16' bias=False, scaleAB=False, bpreshuffle=False, not found tuned config in /tmp/aiter_configs/bf16_tuned_gemm.csv, will use default config! using torch solution:0
[aiter] shape is M:355, N:128, K:6144 dtype='torch.float32' otype='torch.float32' bias=False, scaleAB=False, bpreshuffle=False, not found tuned config in /tmp/aiter_configs/bf16_tuned_gemm.csv, will use default config! using torch solution:0
(Worker_TP0 pid=3969953) [aiter] shape is M:355, N:2304, K:12288 dtype='torch.bfloat16' otype='torch.bfloat16' bias=False, scaleAB=False, bpreshuffle=False, not found tuned config in /tmp/aiter_configs/bf16_tuned_gemm.csv, will use default config! using torch solution:0
(Worker_TP0 pid=3969953) [aiter] shape is M:340, N:128, K:6144 dtype='torch.float32' otype='torch.float32' bias=False, scaleAB=False, bpreshuffle=False, not found tuned config in /tmp/aiter_configs/bf16_tuned_gemm.csv, will use default config! using torch solution:0
(Worker_TP2 pid=3969955) [aiter] shape is M:305, N:128, K:6144 dtype='torch.float32' otype='torch.float32' bias=False, scaleAB=False, bpreshuffle=False, not found tuned config in /tmp/aiter_configs/bf16_tuned_gemm.csv, will use default config! using torch solution:0
(Worker_TP0 pid=3969953) [aiter] shape is M:340, N:2304, K:12288 dtype='torch.bfloat16' otype='torch.bfloat16' bias=False, scaleAB=False, bpreshuffle=False, not found tuned config in /tmp/aiter_configs/bf16_tuned_gemm.csv, will use default config! using torch solution:0
(Worker_TP2 pid=3969955) [aiter] shape is M:305, N:2304, K:12288 dtype='torch.bfloat16' otype='torch.bfloat16' bias=False, scaleAB=False, bpreshuffle=False, not found tuned config in /tmp/aiter_configs/bf16_tuned_gemm.csv, will use default config! using torch solution:0
(Worker_TP0 pid=3969953) Capturing CUDA graphs (mixed prefill-decode, PIECEWISE):  23%|██▎       | 11/48 [00:01<00:03, 10.44it/s](Worker_TP2 pid=3969955) [aiter] shape is M:290, N:128, K:6144 dtype='torch.float32' otype='torch.float32' bias=False, scaleAB=False, bpreshuffle=False, not found tuned config in /tmp/aiter_configs/bf16_tuned_gemm.csv, will use default config! using torch solution:0
(Worker_TP2 pid=3969955) [aiter] shape is M:290, N:2304, K:12288 dtype='torch.bfloat16' otype='torch.bfloat16' bias=False, scaleAB=False, bpreshuffle=False, not found tuned config in /tmp/aiter_configs/bf16_tuned_gemm.csv, will use default config! using torch solution:0
(Worker_TP2 pid=3969955) [aiter] shape is M:275, N:128, K:6144 dtype='torch.float32' otype='torch.float32' bias=False, scaleAB=False, bpreshuffle=False, not found tuned config in /tmp/aiter_configs/bf16_tuned_gemm.csv, will use default config! using torch solution:0
(Worker_TP3 pid=3969956) [aiter] shape is M:320, N:128, K:6144 dtype='torch.float32' otype='torch.float32' bias=False, scaleAB=False, bpreshuffle=False, not found tuned config in /tmp/aiter_configs/bf16_tuned_gemm.csv, will use default config! using torch solution:0
(Worker_TP2 pid=3969955) [aiter] shape is M:275, N:2304, K:12288 dtype='torch.bfloat16' otype='torch.bfloat16' bias=False, scaleAB=False, bpreshuffle=False, not found tuned config in /tmp/aiter_configs/bf16_tuned_gemm.csv, will use default config! using torch solution:0
(Worker_TP1 pid=3969954) [aiter] shape is M:320, N:128, K:6144 dtype='torch.float32' otype='torch.float32' bias=False, scaleAB=False, bpreshuffle=False, not found tuned config in /tmp/aiter_configs/bf16_tuned_gemm.csv, will use default config! using torch solution:0
(Worker_TP3 pid=3969956) [aiter] shape is M:320, N:2304, K:12288 dtype='torch.bfloat16' otype='torch.bfloat16' bias=False, scaleAB=False, bpreshuffle=False, not found tuned config in /tmp/aiter_configs/bf16_tuned_gemm.csv, will use default config! using torch solution:0
(Worker_TP2 pid=3969955) [aiter] shape is M:260, N:128, K:6144 dtype='torch.float32' otype='torch.float32' bias=False, scaleAB=False, bpreshuffle=False, not found tuned config in /tmp/aiter_configs/bf16_tuned_gemm.csv, will use default config! using torch solution:0
(Worker_TP1 pid=3969954) [aiter] shape is M:320, N:2304, K:12288 dtype='torch.bfloat16' otype='torch.bfloat16' bias=False, scaleAB=False, bpreshuffle=False, not found tuned config in /tmp/aiter_configs/bf16_tuned_gemm.csv, will use default config! using torch solution:0
(Worker_TP2 pid=3969955) [aiter] shape is M:260, N:2304, K:12288 dtype='torch.bfloat16' otype='torch.bfloat16' bias=False, scaleAB=False, bpreshuffle=False, not found tuned config in /tmp/aiter_configs/bf16_tuned_gemm.csv, will use default config! using torch solution:0
[aiter] shape is M:320, N:128, K:6144 dtype='torch.float32' otype='torch.float32' bias=False, scaleAB=False, bpreshuffle=False, not found tuned config in /tmp/aiter_configs/bf16_tuned_gemm.csv, will use default config! using torch solution:0
(Worker_TP0 pid=3969953) [aiter] shape is M:320, N:2304, K:12288 dtype='torch.bfloat16' otype='torch.bfloat16' bias=False, scaleAB=False, bpreshuffle=False, not found tuned config in /tmp/aiter_configs/bf16_tuned_gemm.csv, will use default config! using torch solution:0
(Worker_TP3 pid=3969956) [aiter] shape is M:305, N:128, K:6144 dtype='torch.float32' otype='torch.float32' bias=False, scaleAB=False, bpreshuffle=False, not found tuned config in /tmp/aiter_configs/bf16_tuned_gemm.csv, will use default config! using torch solution:0
[aiter] LoadKernel: _ZN5aiter39bf16gemm_fp32bf16_tn_96x64_splitk_cleanE hsaco: /usr/local/lib/python3.12/dist-packages/aiter_meta/hsa//gfx950/bf16gemm/bf16gemm_fp32bf16_tn_96x64_splitk_clean.co
(Worker_TP2 pid=3969955) [aiter] shape is M:250, N:128, K:6144 dtype='torch.float32' otype='torch.float32' bias=False, scaleAB=False, bpreshuffle=False, not found tuned config in /tmp/aiter_configs/bf16_tuned_gemm.csv, will use default config! using torch solution:0
(Worker_TP2 pid=3969955) [aiter] run_1stage = False, xbf16 = False, ksplit = 0 q_type = QuantType.per_1x32 block_m = 32 use_nt = True, estimated_m_per_expert = 9
(Worker_TP2 pid=3969955) [aiter] [fused_moe] using 2stage default for ('gfx950', 256, 256, 6144, 768, 129, 5, 'ActivationType.Swiglu', 'torch.bfloat16', 'torch.bfloat16', 'torch.float4_e2m1fn_x2', 'QuantType.per_1x32', True, False) 
(Worker_TP2 pid=3969955) [aiter] [pid=3969955 pname=VllmWorker-2] start build [module_moe_cktile2stages] under /tmp/inferencex-minimaxm3-1412/home/.aiter/jit/build/module_moe_cktile2stages
(Worker_TP1 pid=3969954) [aiter] shape is M:305, N:128, K:6144 dtype='torch.float32' otype='torch.float32' bias=False, scaleAB=False, bpreshuffle=False, not found tuned config in /tmp/aiter_configs/bf16_tuned_gemm.csv, will use default config! using torch solution:0
(Worker_TP3 pid=3969956) [aiter] shape is M:305, N:2304, K:12288 dtype='torch.bfloat16' otype='torch.bfloat16' bias=False, scaleAB=False, bpreshuffle=False, not found tuned config in /tmp/aiter_configs/bf16_tuned_gemm.csv, will use default config! using torch solution:0
(Worker_TP1 pid=3969954) [aiter] shape is M:305, N:2304, K:12288 dtype='torch.bfloat16' otype='torch.bfloat16' bias=False, scaleAB=False, bpreshuffle=False, not found tuned config in /tmp/aiter_configs/bf16_tuned_gemm.csv, will use default config! using torch solution:0
(Worker_TP3 pid=3969956) [aiter] shape is M:290, N:128, K:6144 dtype='torch.float32' otype='torch.float32' bias=False, scaleAB=False, bpreshuffle=False, not found tuned config in /tmp/aiter_configs/bf16_tuned_gemm.csv, will use default config! using torch solution:0
(Worker_TP1 pid=3969954) [aiter] shape is M:290, N:128, K:6144 dtype='torch.float32' otype='torch.float32' bias=False, scaleAB=False, bpreshuffle=False, not found tuned config in /tmp/aiter_configs/bf16_tuned_gemm.csv, will use default config! using torch solution:0
(Worker_TP3 pid=3969956) [aiter] shape is M:290, N:2304, K:12288 dtype='torch.bfloat16' otype='torch.bfloat16' bias=False, scaleAB=False, bpreshuffle=False, not found tuned config in /tmp/aiter_configs/bf16_tuned_gemm.csv, will use default config! using torch solution:0
(Worker_TP1 pid=3969954) [aiter] shape is M:290, N:2304, K:12288 dtype='torch.bfloat16' otype='torch.bfloat16' bias=False, scaleAB=False, bpreshuffle=False, not found tuned config in /tmp/aiter_configs/bf16_tuned_gemm.csv, will use default config! using torch solution:0
(Worker_TP0 pid=3969953) [aiter] shape is M:305, N:128, K:6144 dtype='torch.float32' otype='torch.float32' bias=False, scaleAB=False, bpreshuffle=False, not found tuned config in /tmp/aiter_configs/bf16_tuned_gemm.csv, will use default config! using torch solution:0
(Worker_TP3 pid=3969956) [aiter] shape is M:275, N:128, K:6144 dtype='torch.float32' otype='torch.float32' bias=False, scaleAB=False, bpreshuffle=False, not found tuned config in /tmp/aiter_configs/bf16_tuned_gemm.csv, will use default config! using torch solution:0
(Worker_TP0 pid=3969953) [aiter] shape is M:305, N:2304, K:12288 dtype='torch.bfloat16' otype='torch.bfloat16' bias=False, scaleAB=False, bpreshuffle=False, not found tuned config in /tmp/aiter_configs/bf16_tuned_gemm.csv, will use default config! using torch solution:0
(Worker_TP1 pid=3969954) [aiter] shape is M:275, N:128, K:6144 dtype='torch.float32' otype='torch.float32' bias=False, scaleAB=False, bpreshuffle=False, not found tuned config in /tmp/aiter_configs/bf16_tuned_gemm.csv, will use default config! using torch solution:0
(Worker_TP3 pid=3969956) [aiter] shape is M:275, N:2304, K:12288 dtype='torch.bfloat16' otype='torch.bfloat16' bias=False, scaleAB=False, bpreshuffle=False, not found tuned config in /tmp/aiter_configs/bf16_tuned_gemm.csv, will use default config! using torch solution:0
(Worker_TP1 pid=3969954) [aiter] shape is M:275, N:2304, K:12288 dtype='torch.bfloat16' otype='torch.bfloat16' bias=False, scaleAB=False, bpreshuffle=False, not found tuned config in /tmp/aiter_configs/bf16_tuned_gemm.csv, will use default config! using torch solution:0
(Worker_TP0 pid=3969953) Capturing CUDA graphs (mixed prefill-decode, PIECEWISE):  27%|██▋       | 13/48 [00:01<00:06,  5.53it/s][aiter] shape is M:290, N:128, K:6144 dtype='torch.float32' otype='torch.float32' bias=False, scaleAB=False, bpreshuffle=False, not found tuned config in /tmp/aiter_configs/bf16_tuned_gemm.csv, will use default config! using torch solution:0
(Worker_TP3 pid=3969956) [aiter] shape is M:260, N:128, K:6144 dtype='torch.float32' otype='torch.float32' bias=False, scaleAB=False, bpreshuffle=False, not found tuned config in /tmp/aiter_configs/bf16_tuned_gemm.csv, will use default config! using torch solution:0
(Worker_TP0 pid=3969953) [aiter] shape is M:290, N:2304, K:12288 dtype='torch.bfloat16' otype='torch.bfloat16' bias=False, scaleAB=False, bpreshuffle=False, not found tuned config in /tmp/aiter_configs/bf16_tuned_gemm.csv, will use default config! using torch solution:0
(Worker_TP1 pid=3969954) [aiter] shape is M:260, N:128, K:6144 dtype='torch.float32' otype='torch.float32' bias=False, scaleAB=False, bpreshuffle=False, not found tuned config in /tmp/aiter_configs/bf16_tuned_gemm.csv, will use default config! using torch solution:0
(Worker_TP3 pid=3969956) [aiter] shape is M:260, N:2304, K:12288 dtype='torch.bfloat16' otype='torch.bfloat16' bias=False, scaleAB=False, bpreshuffle=False, not found tuned config in /tmp/aiter_configs/bf16_tuned_gemm.csv, will use default config! using torch solution:0
(Worker_TP1 pid=3969954) [aiter] shape is M:260, N:2304, K:12288 dtype='torch.bfloat16' otype='torch.bfloat16' bias=False, scaleAB=False, bpreshuffle=False, not found tuned config in /tmp/aiter_configs/bf16_tuned_gemm.csv, will use default config! using torch solution:0
(Worker_TP0 pid=3969953) [aiter] shape is M:275, N:128, K:6144 dtype='torch.float32' otype='torch.float32' bias=False, scaleAB=False, bpreshuffle=False, not found tuned config in /tmp/aiter_configs/bf16_tuned_gemm.csv, will use default config! using torch solution:0
(Worker_TP0 pid=3969953) [aiter] shape is M:275, N:2304, K:12288 dtype='torch.bfloat16' otype='torch.bfloat16' bias=False, scaleAB=False, bpreshuffle=False, not found tuned config in /tmp/aiter_configs/bf16_tuned_gemm.csv, will use default config! using torch solution:0
(Worker_TP0 pid=3969953) Capturing CUDA graphs (mixed prefill-decode, PIECEWISE):  31%|███▏      | 15/48 [00:01<00:05,  6.49it/s][aiter] shape is M:260, N:128, K:6144 dtype='torch.float32' otype='torch.float32' bias=False, scaleAB=False, bpreshuffle=False, not found tuned config in /tmp/aiter_configs/bf16_tuned_gemm.csv, will use default config! using torch solution:0
[aiter] LoadKernel: _ZN5aiter39bf16gemm_fp32bf16_tn_96x64_splitk_cleanE hsaco: /usr/local/lib/python3.12/dist-packages/aiter_meta/hsa//gfx950/bf16gemm/bf16gemm_fp32bf16_tn_96x64_splitk_clean.co
(Worker_TP3 pid=3969956) [aiter] shape is M:250, N:128, K:6144 dtype='torch.float32' otype='torch.float32' bias=False, scaleAB=False, bpreshuffle=False, not found tuned config in /tmp/aiter_configs/bf16_tuned_gemm.csv, will use default config! using torch solution:0
(Worker_TP3 pid=3969956) [aiter] run_1stage = False, xbf16 = False, ksplit = 0 q_type = QuantType.per_1x32 block_m = 32 use_nt = True, estimated_m_per_expert = 9
(Worker_TP3 pid=3969956) [aiter] [fused_moe] using 2stage default for ('gfx950', 256, 256, 6144, 768, 129, 5, 'ActivationType.Swiglu', 'torch.bfloat16', 'torch.bfloat16', 'torch.float4_e2m1fn_x2', 'QuantType.per_1x32', True, False) 
(Worker_TP3 pid=3969956) [aiter] [pid=3969956 pname=VllmWorker-3] waiting for baton release at /tmp/inferencex-minimaxm3-1412/home/.aiter/jit/build/lock_module_moe_cktile2stages
(Worker_TP0 pid=3969953) [aiter] shape is M:260, N:2304, K:12288 dtype='torch.bfloat16' otype='torch.bfloat16' bias=False, scaleAB=False, bpreshuffle=False, not found tuned config in /tmp/aiter_configs/bf16_tuned_gemm.csv, will use default config! using torch solution:0
[aiter] LoadKernel: _ZN5aiter39bf16gemm_fp32bf16_tn_96x64_splitk_cleanE hsaco: /usr/local/lib/python3.12/dist-packages/aiter_meta/hsa//gfx950/bf16gemm/bf16gemm_fp32bf16_tn_96x64_splitk_clean.co
(Worker_TP1 pid=3969954) [aiter] shape is M:250, N:128, K:6144 dtype='torch.float32' otype='torch.float32' bias=False, scaleAB=False, bpreshuffle=False, not found tuned config in /tmp/aiter_configs/bf16_tuned_gemm.csv, will use default config! using torch solution:0
(Worker_TP1 pid=3969954) [aiter] run_1stage = False, xbf16 = False, ksplit = 0 q_type = QuantType.per_1x32 block_m = 32 use_nt = True, estimated_m_per_expert = 9
(Worker_TP1 pid=3969954) [aiter] [fused_moe] using 2stage default for ('gfx950', 256, 256, 6144, 768, 129, 5, 'ActivationType.Swiglu', 'torch.bfloat16', 'torch.bfloat16', 'torch.float4_e2m1fn_x2', 'QuantType.per_1x32', True, False) 
(Worker_TP1 pid=3969954) [aiter] [pid=3969954 pname=VllmWorker-1] waiting for baton release at /tmp/inferencex-minimaxm3-1412/home/.aiter/jit/build/lock_module_moe_cktile2stages
[aiter] LoadKernel: _ZN5aiter39bf16gemm_fp32bf16_tn_96x64_splitk_cleanE hsaco: /usr/local/lib/python3.12/dist-packages/aiter_meta/hsa//gfx950/bf16gemm/bf16gemm_fp32bf16_tn_96x64_splitk_clean.co
(Worker_TP0 pid=3969953) [aiter] shape is M:250, N:128, K:6144 dtype='torch.float32' otype='torch.float32' bias=False, scaleAB=False, bpreshuffle=False, not found tuned config in /tmp/aiter_configs/bf16_tuned_gemm.csv, will use default config! using torch solution:0
(Worker_TP0 pid=3969953) [aiter] run_1stage = False, xbf16 = False, ksplit = 0 q_type = QuantType.per_1x32 block_m = 32 use_nt = True, estimated_m_per_expert = 9
(Worker_TP0 pid=3969953) [aiter] [fused_moe] using 2stage default for ('gfx950', 256, 256, 6144, 768, 129, 5, 'ActivationType.Swiglu', 'torch.bfloat16', 'torch.bfloat16', 'torch.float4_e2m1fn_x2', 'QuantType.per_1x32', True, False) 
(Worker_TP0 pid=3969953) [aiter] [pid=3969953 pname=VllmWorker-0] waiting for baton release at /tmp/inferencex-minimaxm3-1412/home/.aiter/jit/build/lock_module_moe_cktile2stages
(EngineCore pid=3969676) INFO 08-25 19:30:56 [shm_broadcast.py:802] No available shared memory broadcast block found in 60 seconds. This typically happens when some processes are hanging or doing some time-consuming work (e.g. compilation, weight/kv cache quantization).
(EngineCore pid=3969676) INFO 08-25 19:31:56 [shm_broadcast.py:802] No available shared memory broadcast block found in 60 seconds. This typically happens when some processes are hanging or doing some time-consuming work (e.g. compilation, weight/kv cache quantization).
(EngineCore pid=3969676) INFO 08-25 19:32:56 [shm_broadcast.py:802] No available shared memory broadcast block found in 60 seconds. This typically happens when some processes are hanging or doing some time-consuming work (e.g. compilation, weight/kv cache quantization).
(EngineCore pid=3969676) INFO 08-25 19:33:56 [shm_broadcast.py:802] No available shared memory broadcast block found in 60 seconds. This typically happens when some processes are hanging or doing some time-consuming work (e.g. compilation, weight/kv cache quantization).
(Worker_TP2 pid=3969955) [aiter] [pid=3969955 pname=VllmWorker-2] [32mfinish build [module_moe_cktile2stages], cost 243.9s [0m
(Worker_TP2 pid=3969955) [aiter] import [module_moe_cktile2stages] under /tmp/inferencex-minimaxm3-1412/home/.aiter/jit/module_moe_cktile2stages.so
(Worker_TP2 pid=3969955) [aiter] [pid=3969955 pname=VllmWorker-2] start build [module_activation] under /tmp/inferencex-minimaxm3-1412/home/.aiter/jit/build/module_activation
(Worker_TP0 pid=3969953) [aiter] import [module_moe_cktile2stages] under /tmp/inferencex-minimaxm3-1412/home/.aiter/jit/module_moe_cktile2stages.so
(Worker_TP0 pid=3969953) [aiter] [pid=3969953 pname=VllmWorker-0] waiting for baton release at /tmp/inferencex-minimaxm3-1412/home/.aiter/jit/build/lock_module_activation
(Worker_TP3 pid=3969956) [aiter] import [module_moe_cktile2stages] under /tmp/inferencex-minimaxm3-1412/home/.aiter/jit/module_moe_cktile2stages.so
(Worker_TP3 pid=3969956) [aiter] [pid=3969956 pname=VllmWorker-3] waiting for baton release at /tmp/inferencex-minimaxm3-1412/home/.aiter/jit/build/lock_module_activation
(Worker_TP1 pid=3969954) [aiter] import [module_moe_cktile2stages] under /tmp/inferencex-minimaxm3-1412/home/.aiter/jit/module_moe_cktile2stages.so
(Worker_TP1 pid=3969954) [aiter] [pid=3969954 pname=VllmWorker-1] waiting for baton release at /tmp/inferencex-minimaxm3-1412/home/.aiter/jit/build/lock_module_activation
(EngineCore pid=3969676) INFO 08-25 19:34:56 [shm_broadcast.py:802] No available shared memory broadcast block found in 60 seconds. This typically happens when some processes are hanging or doing some time-consuming work (e.g. compilation, weight/kv cache quantization).
(Worker_TP2 pid=3969955) [aiter] [pid=3969955 pname=VllmWorker-2] [32mfinish build [module_activation], cost 16.5s [0m
(Worker_TP2 pid=3969955) [aiter] import [module_activation] under /tmp/inferencex-minimaxm3-1412/home/.aiter/jit/module_activation.so
(Worker_TP3 pid=3969956) [aiter] import [module_activation] under /tmp/inferencex-minimaxm3-1412/home/.aiter/jit/module_activation.so
(Worker_TP1 pid=3969954) [aiter] import [module_activation] under /tmp/inferencex-minimaxm3-1412/home/.aiter/jit/module_activation.so
(Worker_TP2 pid=3969955) [aiter] shape is M:250, N:2304, K:12288 dtype='torch.bfloat16' otype='torch.bfloat16' bias=False, scaleAB=False, bpreshuffle=False, not found tuned config in /tmp/aiter_configs/bf16_tuned_gemm.csv, will use default config! using torch solution:0
(Worker_TP3 pid=3969956) [aiter] shape is M:250, N:2304, K:12288 dtype='torch.bfloat16' otype='torch.bfloat16' bias=False, scaleAB=False, bpreshuffle=False, not found tuned config in /tmp/aiter_configs/bf16_tuned_gemm.csv, will use default config! using torch solution:0
(Worker_TP2 pid=3969955) [aiter] shape is M:240, N:128, K:6144 dtype='torch.float32' otype='torch.float32' bias=False, scaleAB=False, bpreshuffle=False, not found tuned config in /tmp/aiter_configs/bf16_tuned_gemm.csv, will use default config! using torch solution:0
(Worker_TP1 pid=3969954) [aiter] shape is M:250, N:2304, K:12288 dtype='torch.bfloat16' otype='torch.bfloat16' bias=False, scaleAB=False, bpreshuffle=False, not found tuned config in /tmp/aiter_configs/bf16_tuned_gemm.csv, will use default config! using torch solution:0
(Worker_TP3 pid=3969956) [aiter] shape is M:240, N:128, K:6144 dtype='torch.float32' otype='torch.float32' bias=False, scaleAB=False, bpreshuffle=False, not found tuned config in /tmp/aiter_configs/bf16_tuned_gemm.csv, will use default config! using torch solution:0
(Worker_TP2 pid=3969955) [aiter] shape is M:240, N:2304, K:12288 dtype='torch.bfloat16' otype='torch.bfloat16' bias=False, scaleAB=False, bpreshuffle=False, not found tuned config in /tmp/aiter_configs/bf16_tuned_gemm.csv, will use default config! using torch solution:0
(Worker_TP0 pid=3969953) [aiter] import [module_activation] under /tmp/inferencex-minimaxm3-1412/home/.aiter/jit/module_activation.so
(Worker_TP3 pid=3969956) [aiter] shape is M:240, N:2304, K:12288 dtype='torch.bfloat16' otype='torch.bfloat16' bias=False, scaleAB=False, bpreshuffle=False, not found tuned config in /tmp/aiter_configs/bf16_tuned_gemm.csv, will use default config! using torch solution:0
(Worker_TP1 pid=3969954) [aiter] shape is M:240, N:128, K:6144 dtype='torch.float32' otype='torch.float32' bias=False, scaleAB=False, bpreshuffle=False, not found tuned config in /tmp/aiter_configs/bf16_tuned_gemm.csv, will use default config! using torch solution:0
(Worker_TP2 pid=3969955) [aiter] shape is M:235, N:128, K:6144 dtype='torch.float32' otype='torch.float32' bias=False, scaleAB=False, bpreshuffle=False, not found tuned config in /tmp/aiter_configs/bf16_tuned_gemm.csv, will use default config! using torch solution:0
(Worker_TP3 pid=3969956) [aiter] shape is M:235, N:128, K:6144 dtype='torch.float32' otype='torch.float32' bias=False, scaleAB=False, bpreshuffle=False, not found tuned config in /tmp/aiter_configs/bf16_tuned_gemm.csv, will use default config! using torch solution:0
(Worker_TP1 pid=3969954) [aiter] shape is M:240, N:2304, K:12288 dtype='torch.bfloat16' otype='torch.bfloat16' bias=False, scaleAB=False, bpreshuffle=False, not found tuned config in /tmp/aiter_configs/bf16_tuned_gemm.csv, will use default config! using torch solution:0
(Worker_TP0 pid=3969953) [aiter] shape is M:250, N:2304, K:12288 dtype='torch.bfloat16' otype='torch.bfloat16' bias=False, scaleAB=False, bpreshuffle=False, not found tuned config in /tmp/aiter_configs/bf16_tuned_gemm.csv, will use default config! using torch solution:0
(Worker_TP2 pid=3969955) [aiter] shape is M:235, N:2304, K:12288 dtype='torch.bfloat16' otype='torch.bfloat16' bias=False, scaleAB=False, bpreshuffle=False, not found tuned config in /tmp/aiter_configs/bf16_tuned_gemm.csv, will use default config! using torch solution:0
(Worker_TP3 pid=3969956) [aiter] shape is M:235, N:2304, K:12288 dtype='torch.bfloat16' otype='torch.bfloat16' bias=False, scaleAB=False, bpreshuffle=False, not found tuned config in /tmp/aiter_configs/bf16_tuned_gemm.csv, will use default config! using torch solution:0
(Worker_TP1 pid=3969954) [aiter] shape is M:235, N:128, K:6144 dtype='torch.float32' otype='torch.float32' bias=False, scaleAB=False, bpreshuffle=False, not found tuned config in /tmp/aiter_configs/bf16_tuned_gemm.csv, will use default config! using torch solution:0
(Worker_TP0 pid=3969953) Capturing CUDA graphs (mixed prefill-decode, PIECEWISE):  35%|███▌      | 17/48 [04:22<21:15, 41.16s/it](Worker_TP2 pid=3969955) [aiter] shape is M:225, N:128, K:6144 dtype='torch.float32' otype='torch.float32' bias=False, scaleAB=False, bpreshuffle=False, not found tuned config in /tmp/aiter_configs/bf16_tuned_gemm.csv, will use default config! using torch solution:0
[aiter] shape is M:240, N:128, K:6144 dtype='torch.float32' otype='torch.float32' bias=False, scaleAB=False, bpreshuffle=False, not found tuned config in /tmp/aiter_configs/bf16_tuned_gemm.csv, will use default config! using torch solution:0
(Worker_TP3 pid=3969956) [aiter] shape is M:225, N:128, K:6144 dtype='torch.float32' otype='torch.float32' bias=False, scaleAB=False, bpreshuffle=False, not found tuned config in /tmp/aiter_configs/bf16_tuned_gemm.csv, will use default config! using torch solution:0
(Worker_TP1 pid=3969954) [aiter] shape is M:235, N:2304, K:12288 dtype='torch.bfloat16' otype='torch.bfloat16' bias=False, scaleAB=False, bpreshuffle=False, not found tuned config in /tmp/aiter_configs/bf16_tuned_gemm.csv, will use default config! using torch solution:0
(Worker_TP2 pid=3969955) [aiter] shape is M:225, N:2304, K:12288 dtype='torch.bfloat16' otype='torch.bfloat16' bias=False, scaleAB=False, bpreshuffle=False, not found tuned config in /tmp/aiter_configs/bf16_tuned_gemm.csv, will use default config! using torch solution:0
(Worker_TP0 pid=3969953) [aiter] shape is M:240, N:2304, K:12288 dtype='torch.bfloat16' otype='torch.bfloat16' bias=False, scaleAB=False, bpreshuffle=False, not found tuned config in /tmp/aiter_configs/bf16_tuned_gemm.csv, will use default config! using torch solution:0
(Worker_TP3 pid=3969956) [aiter] shape is M:225, N:2304, K:12288 dtype='torch.bfloat16' otype='torch.bfloat16' bias=False, scaleAB=False, bpreshuffle=False, not found tuned config in /tmp/aiter_configs/bf16_tuned_gemm.csv, will use default config! using torch solution:0
(Worker_TP1 pid=3969954) [aiter] shape is M:225, N:128, K:6144 dtype='torch.float32' otype='torch.float32' bias=False, scaleAB=False, bpreshuffle=False, not found tuned config in /tmp/aiter_configs/bf16_tuned_gemm.csv, will use default config! using torch solution:0
(Worker_TP0 pid=3969953) [aiter] shape is M:235, N:128, K:6144 dtype='torch.float32' otype='torch.float32' bias=False, scaleAB=False, bpreshuffle=False, not found tuned config in /tmp/aiter_configs/bf16_tuned_gemm.csv, will use default config! using torch solution:0
(Worker_TP2 pid=3969955) [aiter] shape is M:220, N:128, K:6144 dtype='torch.float32' otype='torch.float32' bias=False, scaleAB=False, bpreshuffle=False, not found tuned config in /tmp/aiter_configs/bf16_tuned_gemm.csv, will use default config! using torch solution:0
(Worker_TP3 pid=3969956) [aiter] shape is M:220, N:128, K:6144 dtype='torch.float32' otype='torch.float32' bias=False, scaleAB=False, bpreshuffle=False, not found tuned config in /tmp/aiter_configs/bf16_tuned_gemm.csv, will use default config! using torch solution:0
(Worker_TP1 pid=3969954) [aiter] shape is M:225, N:2304, K:12288 dtype='torch.bfloat16' otype='torch.bfloat16' bias=False, scaleAB=False, bpreshuffle=False, not found tuned config in /tmp/aiter_configs/bf16_tuned_gemm.csv, will use default config! using torch solution:0
(Worker_TP0 pid=3969953) [aiter] shape is M:235, N:2304, K:12288 dtype='torch.bfloat16' otype='torch.bfloat16' bias=False, scaleAB=False, bpreshuffle=False, not found tuned config in /tmp/aiter_configs/bf16_tuned_gemm.csv, will use default config! using torch solution:0
(Worker_TP2 pid=3969955) [aiter] shape is M:220, N:2304, K:12288 dtype='torch.bfloat16' otype='torch.bfloat16' bias=False, scaleAB=False, bpreshuffle=False, not found tuned config in /tmp/aiter_configs/bf16_tuned_gemm.csv, will use default config! using torch solution:0
(Worker_TP3 pid=3969956) [aiter] shape is M:220, N:2304, K:12288 dtype='torch.bfloat16' otype='torch.bfloat16' bias=False, scaleAB=False, bpreshuffle=False, not found tuned config in /tmp/aiter_configs/bf16_tuned_gemm.csv, will use default config! using torch solution:0
(Worker_TP1 pid=3969954) [aiter] shape is M:220, N:128, K:6144 dtype='torch.float32' otype='torch.float32' bias=False, scaleAB=False, bpreshuffle=False, not found tuned config in /tmp/aiter_configs/bf16_tuned_gemm.csv, will use default config! using torch solution:0
(Worker_TP0 pid=3969953) Capturing CUDA graphs (mixed prefill-decode, PIECEWISE):  40%|███▉      | 19/48 [04:22<13:43, 28.40s/it][aiter] shape is M:225, N:128, K:6144 dtype='torch.float32' otype='torch.float32' bias=False, scaleAB=False, bpreshuffle=False, not found tuned config in /tmp/aiter_configs/bf16_tuned_gemm.csv, will use default config! using torch solution:0
(Worker_TP2 pid=3969955) [aiter] shape is M:210, N:128, K:6144 dtype='torch.float32' otype='torch.float32' bias=False, scaleAB=False, bpreshuffle=False, not found tuned config in /tmp/aiter_configs/bf16_tuned_gemm.csv, will use default config! using torch solution:0
(Worker_TP3 pid=3969956) [aiter] shape is M:210, N:128, K:6144 dtype='torch.float32' otype='torch.float32' bias=False, scaleAB=False, bpreshuffle=False, not found tuned config in /tmp/aiter_configs/bf16_tuned_gemm.csv, will use default config! using torch solution:0
(Worker_TP1 pid=3969954) [aiter] shape is M:220, N:2304, K:12288 dtype='torch.bfloat16' otype='torch.bfloat16' bias=False, scaleAB=False, bpreshuffle=False, not found tuned config in /tmp/aiter_configs/bf16_tuned_gemm.csv, will use default config! using torch solution:0
(Worker_TP0 pid=3969953) [aiter] shape is M:225, N:2304, K:12288 dtype='torch.bfloat16' otype='torch.bfloat16' bias=False, scaleAB=False, bpreshuffle=False, not found tuned config in /tmp/aiter_configs/bf16_tuned_gemm.csv, will use default config! using torch solution:0
(Worker_TP3 pid=3969956) [aiter] shape is M:210, N:2304, K:12288 dtype='torch.bfloat16' otype='torch.bfloat16' bias=False, scaleAB=False, bpreshuffle=False, not found tuned config in /tmp/aiter_configs/bf16_tuned_gemm.csv, will use default config! using torch solution:0
(Worker_TP2 pid=3969955) [aiter] shape is M:210, N:2304, K:12288 dtype='torch.bfloat16' otype='torch.bfloat16' bias=False, scaleAB=False, bpreshuffle=False, not found tuned config in /tmp/aiter_configs/bf16_tuned_gemm.csv, will use default config! using torch solution:0
(Worker_TP1 pid=3969954) [aiter] shape is M:210, N:128, K:6144 dtype='torch.float32' otype='torch.float32' bias=False, scaleAB=False, bpreshuffle=False, not found tuned config in /tmp/aiter_configs/bf16_tuned_gemm.csv, will use default config! using torch solution:0
(Worker_TP0 pid=3969953) [aiter] shape is M:220, N:128, K:6144 dtype='torch.float32' otype='torch.float32' bias=False, scaleAB=False, bpreshuffle=False, not found tuned config in /tmp/aiter_configs/bf16_tuned_gemm.csv, will use default config! using torch solution:0
(Worker_TP3 pid=3969956) [aiter] shape is M:200, N:128, K:6144 dtype='torch.float32' otype='torch.float32' bias=False, scaleAB=False, bpreshuffle=False, not found tuned config in /tmp/aiter_configs/bf16_tuned_gemm.csv, will use default config! using torch solution:0
(Worker_TP2 pid=3969955) [aiter] shape is M:200, N:128, K:6144 dtype='torch.float32' otype='torch.float32' bias=False, scaleAB=False, bpreshuffle=False, not found tuned config in /tmp/aiter_configs/bf16_tuned_gemm.csv, will use default config! using torch solution:0
(Worker_TP1 pid=3969954) [aiter] shape is M:210, N:2304, K:12288 dtype='torch.bfloat16' otype='torch.bfloat16' bias=False, scaleAB=False, bpreshuffle=False, not found tuned config in /tmp/aiter_configs/bf16_tuned_gemm.csv, will use default config! using torch solution:0
(Worker_TP0 pid=3969953) [aiter] shape is M:220, N:2304, K:12288 dtype='torch.bfloat16' otype='torch.bfloat16' bias=False, scaleAB=False, bpreshuffle=False, not found tuned config in /tmp/aiter_configs/bf16_tuned_gemm.csv, will use default config! using torch solution:0
(Worker_TP3 pid=3969956) [aiter] shape is M:200, N:2304, K:12288 dtype='torch.bfloat16' otype='torch.bfloat16' bias=False, scaleAB=False, bpreshuffle=False, not found tuned config in /tmp/aiter_configs/bf16_tuned_gemm.csv, will use default config! using torch solution:0
(Worker_TP2 pid=3969955) [aiter] shape is M:200, N:2304, K:12288 dtype='torch.bfloat16' otype='torch.bfloat16' bias=False, scaleAB=False, bpreshuffle=False, not found tuned config in /tmp/aiter_configs/bf16_tuned_gemm.csv, will use default config! using torch solution:0
(Worker_TP1 pid=3969954) [aiter] shape is M:200, N:128, K:6144 dtype='torch.float32' otype='torch.float32' bias=False, scaleAB=False, bpreshuffle=False, not found tuned config in /tmp/aiter_configs/bf16_tuned_gemm.csv, will use default config! using torch solution:0
(Worker_TP0 pid=3969953) Capturing CUDA graphs (mixed prefill-decode, PIECEWISE):  44%|████▍     | 21/48 [04:22<08:51, 19.70s/it][aiter] shape is M:210, N:128, K:6144 dtype='torch.float32' otype='torch.float32' bias=False, scaleAB=False, bpreshuffle=False, not found tuned config in /tmp/aiter_configs/bf16_tuned_gemm.csv, will use default config! using torch solution:0
(Worker_TP3 pid=3969956) [aiter] shape is M:195, N:128, K:6144 dtype='torch.float32' otype='torch.float32' bias=False, scaleAB=False, bpreshuffle=False, not found tuned config in /tmp/aiter_configs/bf16_tuned_gemm.csv, will use default config! using torch solution:0
(Worker_TP2 pid=3969955) [aiter] shape is M:195, N:128, K:6144 dtype='torch.float32' otype='torch.float32' bias=False, scaleAB=False, bpreshuffle=False, not found tuned config in /tmp/aiter_configs/bf16_tuned_gemm.csv, will use default config! using torch solution:0
(Worker_TP1 pid=3969954) [aiter] shape is M:200, N:2304, K:12288 dtype='torch.bfloat16' otype='torch.bfloat16' bias=False, scaleAB=False, bpreshuffle=False, not found tuned config in /tmp/aiter_configs/bf16_tuned_gemm.csv, will use default config! using torch solution:0
(Worker_TP0 pid=3969953) [aiter] shape is M:210, N:2304, K:12288 dtype='torch.bfloat16' otype='torch.bfloat16' bias=False, scaleAB=False, bpreshuffle=False, not found tuned config in /tmp/aiter_configs/bf16_tuned_gemm.csv, will use default config! using torch solution:0
(Worker_TP3 pid=3969956) [aiter] shape is M:195, N:2304, K:12288 dtype='torch.bfloat16' otype='torch.bfloat16' bias=False, scaleAB=False, bpreshuffle=False, not found tuned config in /tmp/aiter_configs/bf16_tuned_gemm.csv, will use default config! using torch solution:0
(Worker_TP2 pid=3969955) [aiter] shape is M:195, N:2304, K:12288 dtype='torch.bfloat16' otype='torch.bfloat16' bias=False, scaleAB=False, bpreshuffle=False, not found tuned config in /tmp/aiter_configs/bf16_tuned_gemm.csv, will use default config! using torch solution:0
(Worker_TP1 pid=3969954) [aiter] shape is M:195, N:128, K:6144 dtype='torch.float32' otype='torch.float32' bias=False, scaleAB=False, bpreshuffle=False, not found tuned config in /tmp/aiter_configs/bf16_tuned_gemm.csv, will use default config! using torch solution:0
(Worker_TP0 pid=3969953) [aiter] shape is M:200, N:128, K:6144 dtype='torch.float32' otype='torch.float32' bias=False, scaleAB=False, bpreshuffle=False, not found tuned config in /tmp/aiter_configs/bf16_tuned_gemm.csv, will use default config! using torch solution:0
(Worker_TP3 pid=3969956) [aiter] shape is M:185, N:128, K:6144 dtype='torch.float32' otype='torch.float32' bias=False, scaleAB=False, bpreshuffle=False, not found tuned config in /tmp/aiter_configs/bf16_tuned_gemm.csv, will use default config! using torch solution:0
(Worker_TP2 pid=3969955) [aiter] shape is M:185, N:128, K:6144 dtype='torch.float32' otype='torch.float32' bias=False, scaleAB=False, bpreshuffle=False, not found tuned config in /tmp/aiter_configs/bf16_tuned_gemm.csv, will use default config! using torch solution:0
(Worker_TP1 pid=3969954) [aiter] shape is M:195, N:2304, K:12288 dtype='torch.bfloat16' otype='torch.bfloat16' bias=False, scaleAB=False, bpreshuffle=False, not found tuned config in /tmp/aiter_configs/bf16_tuned_gemm.csv, will use default config! using torch solution:0
(Worker_TP0 pid=3969953) [aiter] shape is M:200, N:2304, K:12288 dtype='torch.bfloat16' otype='torch.bfloat16' bias=False, scaleAB=False, bpreshuffle=False, not found tuned config in /tmp/aiter_configs/bf16_tuned_gemm.csv, will use default config! using torch solution:0
(Worker_TP3 pid=3969956) [aiter] shape is M:185, N:2304, K:12288 dtype='torch.bfloat16' otype='torch.bfloat16' bias=False, scaleAB=False, bpreshuffle=False, not found tuned config in /tmp/aiter_configs/bf16_tuned_gemm.csv, will use default config! using torch solution:0
(Worker_TP2 pid=3969955) [aiter] shape is M:185, N:2304, K:12288 dtype='torch.bfloat16' otype='torch.bfloat16' bias=False, scaleAB=False, bpreshuffle=False, not found tuned config in /tmp/aiter_configs/bf16_tuned_gemm.csv, will use default config! using torch solution:0
(Worker_TP1 pid=3969954) [aiter] shape is M:185, N:128, K:6144 dtype='torch.float32' otype='torch.float32' bias=False, scaleAB=False, bpreshuffle=False, not found tuned config in /tmp/aiter_configs/bf16_tuned_gemm.csv, will use default config! using torch solution:0
(Worker_TP0 pid=3969953) Capturing CUDA graphs (mixed prefill-decode, PIECEWISE):  48%|████▊     | 23/48 [04:22<05:42, 13.71s/it][aiter] shape is M:195, N:128, K:6144 dtype='torch.float32' otype='torch.float32' bias=False, scaleAB=False, bpreshuffle=False, not found tuned config in /tmp/aiter_configs/bf16_tuned_gemm.csv, will use default config! using torch solution:0
(Worker_TP3 pid=3969956) [aiter] shape is M:180, N:128, K:6144 dtype='torch.float32' otype='torch.float32' bias=False, scaleAB=False, bpreshuffle=False, not found tuned config in /tmp/aiter_configs/bf16_tuned_gemm.csv, will use default config! using torch solution:0
(Worker_TP2 pid=3969955) [aiter] shape is M:180, N:128, K:6144 dtype='torch.float32' otype='torch.float32' bias=False, scaleAB=False, bpreshuffle=False, not found tuned config in /tmp/aiter_configs/bf16_tuned_gemm.csv, will use default config! using torch solution:0
(Worker_TP1 pid=3969954) [aiter] shape is M:185, N:2304, K:12288 dtype='torch.bfloat16' otype='torch.bfloat16' bias=False, scaleAB=False, bpreshuffle=False, not found tuned config in /tmp/aiter_configs/bf16_tuned_gemm.csv, will use default config! using torch solution:0
(Worker_TP0 pid=3969953) [aiter] shape is M:195, N:2304, K:12288 dtype='torch.bfloat16' otype='torch.bfloat16' bias=False, scaleAB=False, bpreshuffle=False, not found tuned config in /tmp/aiter_configs/bf16_tuned_gemm.csv, will use default config! using torch solution:0
(Worker_TP3 pid=3969956) [aiter] shape is M:180, N:2304, K:12288 dtype='torch.bfloat16' otype='torch.bfloat16' bias=False, scaleAB=False, bpreshuffle=False, not found tuned config in /tmp/aiter_configs/bf16_tuned_gemm.csv, will use default config! using torch solution:0
(Worker_TP2 pid=3969955) [aiter] shape is M:180, N:2304, K:12288 dtype='torch.bfloat16' otype='torch.bfloat16' bias=False, scaleAB=False, bpreshuffle=False, not found tuned config in /tmp/aiter_configs/bf16_tuned_gemm.csv, will use default config! using torch solution:0
(Worker_TP1 pid=3969954) [aiter] shape is M:180, N:128, K:6144 dtype='torch.float32' otype='torch.float32' bias=False, scaleAB=False, bpreshuffle=False, not found tuned config in /tmp/aiter_configs/bf16_tuned_gemm.csv, will use default config! using torch solution:0
(Worker_TP0 pid=3969953) [aiter] shape is M:185, N:128, K:6144 dtype='torch.float32' otype='torch.float32' bias=False, scaleAB=False, bpreshuffle=False, not found tuned config in /tmp/aiter_configs/bf16_tuned_gemm.csv, will use default config! using torch solution:0
(Worker_TP3 pid=3969956) [aiter] shape is M:170, N:128, K:6144 dtype='torch.float32' otype='torch.float32' bias=False, scaleAB=False, bpreshuffle=False, not found tuned config in /tmp/aiter_configs/bf16_tuned_gemm.csv, will use default config! using torch solution:0
(Worker_TP2 pid=3969955) [aiter] shape is M:170, N:128, K:6144 dtype='torch.float32' otype='torch.float32' bias=False, scaleAB=False, bpreshuffle=False, not found tuned config in /tmp/aiter_configs/bf16_tuned_gemm.csv, will use default config! using torch solution:0
(Worker_TP1 pid=3969954) [aiter] shape is M:180, N:2304, K:12288 dtype='torch.bfloat16' otype='torch.bfloat16' bias=False, scaleAB=False, bpreshuffle=False, not found tuned config in /tmp/aiter_configs/bf16_tuned_gemm.csv, will use default config! using torch solution:0
(Worker_TP0 pid=3969953) [aiter] shape is M:185, N:2304, K:12288 dtype='torch.bfloat16' otype='torch.bfloat16' bias=False, scaleAB=False, bpreshuffle=False, not found tuned config in /tmp/aiter_configs/bf16_tuned_gemm.csv, will use default config! using torch solution:0
(Worker_TP3 pid=3969956) [aiter] shape is M:170, N:2304, K:12288 dtype='torch.bfloat16' otype='torch.bfloat16' bias=False, scaleAB=False, bpreshuffle=False, not found tuned config in /tmp/aiter_configs/bf16_tuned_gemm.csv, will use default config! using torch solution:0
(Worker_TP2 pid=3969955) [aiter] shape is M:170, N:2304, K:12288 dtype='torch.bfloat16' otype='torch.bfloat16' bias=False, scaleAB=False, bpreshuffle=False, not found tuned config in /tmp/aiter_configs/bf16_tuned_gemm.csv, will use default config! using torch solution:0
(Worker_TP1 pid=3969954) [aiter] shape is M:170, N:128, K:6144 dtype='torch.float32' otype='torch.float32' bias=False, scaleAB=False, bpreshuffle=False, not found tuned config in /tmp/aiter_configs/bf16_tuned_gemm.csv, will use default config! using torch solution:0
(Worker_TP0 pid=3969953) Capturing CUDA graphs (mixed prefill-decode, PIECEWISE):  52%|█████▏    | 25/48 [04:22<03:40,  9.58s/it][aiter] shape is M:180, N:128, K:6144 dtype='torch.float32' otype='torch.float32' bias=False, scaleAB=False, bpreshuffle=False, not found tuned config in /tmp/aiter_configs/bf16_tuned_gemm.csv, will use default config! using torch solution:0
(Worker_TP3 pid=3969956) [aiter] shape is M:160, N:128, K:6144 dtype='torch.float32' otype='torch.float32' bias=False, scaleAB=False, bpreshuffle=False, not found tuned config in /tmp/aiter_configs/bf16_tuned_gemm.csv, will use default config! using torch solution:0
(Worker_TP2 pid=3969955) [aiter] shape is M:160, N:128, K:6144 dtype='torch.float32' otype='torch.float32' bias=False, scaleAB=False, bpreshuffle=False, not found tuned config in /tmp/aiter_configs/bf16_tuned_gemm.csv, will use default config! using torch solution:0
(Worker_TP1 pid=3969954) [aiter] shape is M:170, N:2304, K:12288 dtype='torch.bfloat16' otype='torch.bfloat16' bias=False, scaleAB=False, bpreshuffle=False, not found tuned config in /tmp/aiter_configs/bf16_tuned_gemm.csv, will use default config! using torch solution:0
(Worker_TP0 pid=3969953) [aiter] shape is M:180, N:2304, K:12288 dtype='torch.bfloat16' otype='torch.bfloat16' bias=False, scaleAB=False, bpreshuffle=False, not found tuned config in /tmp/aiter_configs/bf16_tuned_gemm.csv, will use default config! using torch solution:0
(Worker_TP3 pid=3969956) [aiter] shape is M:160, N:2304, K:12288 dtype='torch.bfloat16' otype='torch.bfloat16' bias=False, scaleAB=False, bpreshuffle=False, not found tuned config in /tmp/aiter_configs/bf16_tuned_gemm.csv, will use default config! using torch solution:0
(Worker_TP2 pid=3969955) [aiter] shape is M:160, N:2304, K:12288 dtype='torch.bfloat16' otype='torch.bfloat16' bias=False, scaleAB=False, bpreshuffle=False, not found tuned config in /tmp/aiter_configs/bf16_tuned_gemm.csv, will use default config! using torch solution:0
(Worker_TP1 pid=3969954) [aiter] shape is M:160, N:128, K:6144 dtype='torch.float32' otype='torch.float32' bias=False, scaleAB=False, bpreshuffle=False, not found tuned config in /tmp/aiter_configs/bf16_tuned_gemm.csv, will use default config! using torch solution:0
(Worker_TP0 pid=3969953) [aiter] shape is M:170, N:128, K:6144 dtype='torch.float32' otype='torch.float32' bias=False, scaleAB=False, bpreshuffle=False, not found tuned config in /tmp/aiter_configs/bf16_tuned_gemm.csv, will use default config! using torch solution:0
(Worker_TP3 pid=3969956) [aiter] shape is M:155, N:128, K:6144 dtype='torch.float32' otype='torch.float32' bias=False, scaleAB=False, bpreshuffle=False, not found tuned config in /tmp/aiter_configs/bf16_tuned_gemm.csv, will use default config! using torch solution:0
(Worker_TP2 pid=3969955) [aiter] shape is M:155, N:128, K:6144 dtype='torch.float32' otype='torch.float32' bias=False, scaleAB=False, bpreshuffle=False, not found tuned config in /tmp/aiter_configs/bf16_tuned_gemm.csv, will use default config! using torch solution:0
(Worker_TP1 pid=3969954) [aiter] shape is M:160, N:2304, K:12288 dtype='torch.bfloat16' otype='torch.bfloat16' bias=False, scaleAB=False, bpreshuffle=False, not found tuned config in /tmp/aiter_configs/bf16_tuned_gemm.csv, will use default config! using torch solution:0
(Worker_TP0 pid=3969953) [aiter] shape is M:170, N:2304, K:12288 dtype='torch.bfloat16' otype='torch.bfloat16' bias=False, scaleAB=False, bpreshuffle=False, not found tuned config in /tmp/aiter_configs/bf16_tuned_gemm.csv, will use default config! using torch solution:0
(Worker_TP3 pid=3969956) [aiter] shape is M:155, N:2304, K:12288 dtype='torch.bfloat16' otype='torch.bfloat16' bias=False, scaleAB=False, bpreshuffle=False, not found tuned config in /tmp/aiter_configs/bf16_tuned_gemm.csv, will use default config! using torch solution:0
(Worker_TP2 pid=3969955) [aiter] shape is M:155, N:2304, K:12288 dtype='torch.bfloat16' otype='torch.bfloat16' bias=False, scaleAB=False, bpreshuffle=False, not found tuned config in /tmp/aiter_configs/bf16_tuned_gemm.csv, will use default config! using torch solution:0
(Worker_TP1 pid=3969954) [aiter] shape is M:155, N:128, K:6144 dtype='torch.float32' otype='torch.float32' bias=False, scaleAB=False, bpreshuffle=False, not found tuned config in /tmp/aiter_configs/bf16_tuned_gemm.csv, will use default config! using torch solution:0
(Worker_TP0 pid=3969953) Capturing CUDA graphs (mixed prefill-decode, PIECEWISE):  56%|█████▋    | 27/48 [04:23<02:20,  6.71s/it][aiter] shape is M:160, N:128, K:6144 dtype='torch.float32' otype='torch.float32' bias=False, scaleAB=False, bpreshuffle=False, not found tuned config in /tmp/aiter_configs/bf16_tuned_gemm.csv, will use default config! using torch solution:0
(Worker_TP3 pid=3969956) [aiter] shape is M:145, N:128, K:6144 dtype='torch.float32' otype='torch.float32' bias=False, scaleAB=False, bpreshuffle=False, not found tuned config in /tmp/aiter_configs/bf16_tuned_gemm.csv, will use default config! using torch solution:0
(Worker_TP2 pid=3969955) [aiter] shape is M:145, N:128, K:6144 dtype='torch.float32' otype='torch.float32' bias=False, scaleAB=False, bpreshuffle=False, not found tuned config in /tmp/aiter_configs/bf16_tuned_gemm.csv, will use default config! using torch solution:0
(Worker_TP1 pid=3969954) [aiter] shape is M:155, N:2304, K:12288 dtype='torch.bfloat16' otype='torch.bfloat16' bias=False, scaleAB=False, bpreshuffle=False, not found tuned config in /tmp/aiter_configs/bf16_tuned_gemm.csv, will use default config! using torch solution:0
(Worker_TP0 pid=3969953) [aiter] shape is M:160, N:2304, K:12288 dtype='torch.bfloat16' otype='torch.bfloat16' bias=False, scaleAB=False, bpreshuffle=False, not found tuned config in /tmp/aiter_configs/bf16_tuned_gemm.csv, will use default config! using torch solution:0
(Worker_TP3 pid=3969956) [aiter] shape is M:145, N:2304, K:12288 dtype='torch.bfloat16' otype='torch.bfloat16' bias=False, scaleAB=False, bpreshuffle=False, not found tuned config in /tmp/aiter_configs/bf16_tuned_gemm.csv, will use default config! using torch solution:0
(Worker_TP2 pid=3969955) [aiter] shape is M:145, N:2304, K:12288 dtype='torch.bfloat16' otype='torch.bfloat16' bias=False, scaleAB=False, bpreshuffle=False, not found tuned config in /tmp/aiter_configs/bf16_tuned_gemm.csv, will use default config! using torch solution:0
(Worker_TP1 pid=3969954) [aiter] shape is M:145, N:128, K:6144 dtype='torch.float32' otype='torch.float32' bias=False, scaleAB=False, bpreshuffle=False, not found tuned config in /tmp/aiter_configs/bf16_tuned_gemm.csv, will use default config! using torch solution:0
(Worker_TP0 pid=3969953) [aiter] shape is M:155, N:128, K:6144 dtype='torch.float32' otype='torch.float32' bias=False, scaleAB=False, bpreshuffle=False, not found tuned config in /tmp/aiter_configs/bf16_tuned_gemm.csv, will use default config! using torch solution:0
(Worker_TP3 pid=3969956) [aiter] shape is M:140, N:128, K:6144 dtype='torch.float32' otype='torch.float32' bias=False, scaleAB=False, bpreshuffle=False, not found tuned config in /tmp/aiter_configs/bf16_tuned_gemm.csv, will use default config! using torch solution:0
(Worker_TP2 pid=3969955) [aiter] shape is M:140, N:128, K:6144 dtype='torch.float32' otype='torch.float32' bias=False, scaleAB=False, bpreshuffle=False, not found tuned config in /tmp/aiter_configs/bf16_tuned_gemm.csv, will use default config! using torch solution:0
(Worker_TP1 pid=3969954) [aiter] shape is M:145, N:2304, K:12288 dtype='torch.bfloat16' otype='torch.bfloat16' bias=False, scaleAB=False, bpreshuffle=False, not found tuned config in /tmp/aiter_configs/bf16_tuned_gemm.csv, will use default config! using torch solution:0
(Worker_TP0 pid=3969953) [aiter] shape is M:155, N:2304, K:12288 dtype='torch.bfloat16' otype='torch.bfloat16' bias=False, scaleAB=False, bpreshuffle=False, not found tuned config in /tmp/aiter_configs/bf16_tuned_gemm.csv, will use default config! using torch solution:0
(Worker_TP3 pid=3969956) [aiter] shape is M:140, N:2304, K:12288 dtype='torch.bfloat16' otype='torch.bfloat16' bias=False, scaleAB=False, bpreshuffle=False, not found tuned config in /tmp/aiter_configs/bf16_tuned_gemm.csv, will use default config! using torch solution:0
(Worker_TP2 pid=3969955) [aiter] shape is M:140, N:2304, K:12288 dtype='torch.bfloat16' otype='torch.bfloat16' bias=False, scaleAB=False, bpreshuffle=False, not found tuned config in /tmp/aiter_configs/bf16_tuned_gemm.csv, will use default config! using torch solution:0
(Worker_TP1 pid=3969954) [aiter] shape is M:140, N:128, K:6144 dtype='torch.float32' otype='torch.float32' bias=False, scaleAB=False, bpreshuffle=False, not found tuned config in /tmp/aiter_configs/bf16_tuned_gemm.csv, will use default config! using torch solution:0
(Worker_TP0 pid=3969953) Capturing CUDA graphs (mixed prefill-decode, PIECEWISE):  60%|██████    | 29/48 [04:23<01:29,  4.71s/it][aiter] shape is M:145, N:128, K:6144 dtype='torch.float32' otype='torch.float32' bias=False, scaleAB=False, bpreshuffle=False, not found tuned config in /tmp/aiter_configs/bf16_tuned_gemm.csv, will use default config! using torch solution:0
(Worker_TP3 pid=3969956) [aiter] shape is M:130, N:128, K:6144 dtype='torch.float32' otype='torch.float32' bias=False, scaleAB=False, bpreshuffle=False, not found tuned config in /tmp/aiter_configs/bf16_tuned_gemm.csv, will use default config! using torch solution:0
(Worker_TP2 pid=3969955) [aiter] shape is M:130, N:128, K:6144 dtype='torch.float32' otype='torch.float32' bias=False, scaleAB=False, bpreshuffle=False, not found tuned config in /tmp/aiter_configs/bf16_tuned_gemm.csv, will use default config! using torch solution:0
(Worker_TP1 pid=3969954) [aiter] shape is M:140, N:2304, K:12288 dtype='torch.bfloat16' otype='torch.bfloat16' bias=False, scaleAB=False, bpreshuffle=False, not found tuned config in /tmp/aiter_configs/bf16_tuned_gemm.csv, will use default config! using torch solution:0
(Worker_TP0 pid=3969953) [aiter] shape is M:145, N:2304, K:12288 dtype='torch.bfloat16' otype='torch.bfloat16' bias=False, scaleAB=False, bpreshuffle=False, not found tuned config in /tmp/aiter_configs/bf16_tuned_gemm.csv, will use default config! using torch solution:0
(Worker_TP3 pid=3969956) [aiter] shape is M:130, N:2304, K:12288 dtype='torch.bfloat16' otype='torch.bfloat16' bias=False, scaleAB=False, bpreshuffle=False, not found tuned config in /tmp/aiter_configs/bf16_tuned_gemm.csv, will use default config! using torch solution:0
(Worker_TP2 pid=3969955) [aiter] shape is M:130, N:2304, K:12288 dtype='torch.bfloat16' otype='torch.bfloat16' bias=False, scaleAB=False, bpreshuffle=False, not found tuned config in /tmp/aiter_configs/bf16_tuned_gemm.csv, will use default config! using torch solution:0
(Worker_TP1 pid=3969954) [aiter] shape is M:130, N:128, K:6144 dtype='torch.float32' otype='torch.float32' bias=False, scaleAB=False, bpreshuffle=False, not found tuned config in /tmp/aiter_configs/bf16_tuned_gemm.csv, will use default config! using torch solution:0
(Worker_TP0 pid=3969953) [aiter] shape is M:140, N:128, K:6144 dtype='torch.float32' otype='torch.float32' bias=False, scaleAB=False, bpreshuffle=False, not found tuned config in /tmp/aiter_configs/bf16_tuned_gemm.csv, will use default config! using torch solution:0
[aiter] LoadKernel: _ZN5aiter39bf16gemm_fp32bf16_tn_64x64_splitk_cleanE hsaco: /usr/local/lib/python3.12/dist-packages/aiter_meta/hsa//gfx950/bf16gemm/bf16gemm_fp32bf16_tn_64x64_splitk_clean.co
[aiter] LoadKernel: _ZN5aiter39bf16gemm_fp32bf16_tn_64x64_splitk_cleanE hsaco: /usr/local/lib/python3.12/dist-packages/aiter_meta/hsa//gfx950/bf16gemm/bf16gemm_fp32bf16_tn_64x64_splitk_clean.co
(Worker_TP1 pid=3969954) [aiter] shape is M:130, N:2304, K:12288 dtype='torch.bfloat16' otype='torch.bfloat16' bias=False, scaleAB=False, bpreshuffle=False, not found tuned config in /tmp/aiter_configs/bf16_tuned_gemm.csv, will use default config! using torch solution:0
(Worker_TP0 pid=3969953) [aiter] shape is M:140, N:2304, K:12288 dtype='torch.bfloat16' otype='torch.bfloat16' bias=False, scaleAB=False, bpreshuffle=False, not found tuned config in /tmp/aiter_configs/bf16_tuned_gemm.csv, will use default config! using torch solution:0
[aiter] LoadKernel: _ZN5aiter39bf16gemm_fp32bf16_tn_64x64_splitk_cleanE hsaco: /usr/local/lib/python3.12/dist-packages/aiter_meta/hsa//gfx950/bf16gemm/bf16gemm_fp32bf16_tn_64x64_splitk_clean.co
(Worker_TP0 pid=3969953) Capturing CUDA graphs (mixed prefill-decode, PIECEWISE):  65%|██████▍   | 31/48 [04:23<00:56,  3.32s/it][aiter] shape is M:130, N:128, K:6144 dtype='torch.float32' otype='torch.float32' bias=False, scaleAB=False, bpreshuffle=False, not found tuned config in /tmp/aiter_configs/bf16_tuned_gemm.csv, will use default config! using torch solution:0
(Worker_TP0 pid=3969953) [aiter] shape is M:130, N:2304, K:12288 dtype='torch.bfloat16' otype='torch.bfloat16' bias=False, scaleAB=False, bpreshuffle=False, not found tuned config in /tmp/aiter_configs/bf16_tuned_gemm.csv, will use default config! using torch solution:0
[aiter] LoadKernel: _ZN5aiter39bf16gemm_fp32bf16_tn_64x64_splitk_cleanE hsaco: /usr/local/lib/python3.12/dist-packages/aiter_meta/hsa//gfx950/bf16gemm/bf16gemm_fp32bf16_tn_64x64_splitk_clean.co
(Worker_TP3 pid=3969956) [aiter] shape is M:120, N:128, K:6144 dtype='torch.float32' otype='torch.float32' bias=False, scaleAB=False, bpreshuffle=False, not found tuned config in /tmp/aiter_configs/bf16_tuned_gemm.csv, will use default config! using torch solution:0
(Worker_TP3 pid=3969956) [aiter] run_1stage = False, xbf16 = False, ksplit = 0 q_type = QuantType.per_1x32 block_m = 32 use_nt = True, estimated_m_per_expert = 4
(Worker_TP3 pid=3969956) [aiter] [fused_moe] using 2stage default for ('gfx950', 256, 128, 6144, 768, 129, 5, 'ActivationType.Swiglu', 'torch.bfloat16', 'torch.bfloat16', 'torch.float4_e2m1fn_x2', 'QuantType.per_1x32', True, False) 
(Worker_TP2 pid=3969955) [aiter] shape is M:120, N:128, K:6144 dtype='torch.float32' otype='torch.float32' bias=False, scaleAB=False, bpreshuffle=False, not found tuned config in /tmp/aiter_configs/bf16_tuned_gemm.csv, will use default config! using torch solution:0
(Worker_TP2 pid=3969955) [aiter] run_1stage = False, xbf16 = False, ksplit = 0 q_type = QuantType.per_1x32 block_m = 32 use_nt = True, estimated_m_per_expert = 4
(Worker_TP2 pid=3969955) [aiter] [fused_moe] using 2stage default for ('gfx950', 256, 128, 6144, 768, 129, 5, 'ActivationType.Swiglu', 'torch.bfloat16', 'torch.bfloat16', 'torch.float4_e2m1fn_x2', 'QuantType.per_1x32', True, False) 
(Worker_TP3 pid=3969956) [aiter] shape is M:120, N:2304, K:12288 dtype='torch.bfloat16' otype='torch.bfloat16' bias=False, scaleAB=False, bpreshuffle=False, not found tuned config in /tmp/aiter_configs/bf16_tuned_gemm.csv, will use default config! using torch solution:0
(Worker_TP2 pid=3969955) [aiter] shape is M:120, N:2304, K:12288 dtype='torch.bfloat16' otype='torch.bfloat16' bias=False, scaleAB=False, bpreshuffle=False, not found tuned config in /tmp/aiter_configs/bf16_tuned_gemm.csv, will use default config! using torch solution:0
(Worker_TP1 pid=3969954) [aiter] shape is M:120, N:128, K:6144 dtype='torch.float32' otype='torch.float32' bias=False, scaleAB=False, bpreshuffle=False, not found tuned config in /tmp/aiter_configs/bf16_tuned_gemm.csv, will use default config! using torch solution:0
(Worker_TP1 pid=3969954) [aiter] run_1stage = False, xbf16 = False, ksplit = 0 q_type = QuantType.per_1x32 block_m = 32 use_nt = True, estimated_m_per_expert = 4
(Worker_TP1 pid=3969954) [aiter] [fused_moe] using 2stage default for ('gfx950', 256, 128, 6144, 768, 129, 5, 'ActivationType.Swiglu', 'torch.bfloat16', 'torch.bfloat16', 'torch.float4_e2m1fn_x2', 'QuantType.per_1x32', True, False) 
(Worker_TP1 pid=3969954) [aiter] shape is M:120, N:2304, K:12288 dtype='torch.bfloat16' otype='torch.bfloat16' bias=False, scaleAB=False, bpreshuffle=False, not found tuned config in /tmp/aiter_configs/bf16_tuned_gemm.csv, will use default config! using torch solution:0
(Worker_TP0 pid=3969953) [aiter] shape is M:120, N:128, K:6144 dtype='torch.float32' otype='torch.float32' bias=False, scaleAB=False, bpreshuffle=False, not found tuned config in /tmp/aiter_configs/bf16_tuned_gemm.csv, will use default config! using torch solution:0
(Worker_TP0 pid=3969953) [aiter] run_1stage = False, xbf16 = False, ksplit = 0 q_type = QuantType.per_1x32 block_m = 32 use_nt = True, estimated_m_per_expert = 4
(Worker_TP0 pid=3969953) [aiter] [fused_moe] using 2stage default for ('gfx950', 256, 128, 6144, 768, 129, 5, 'ActivationType.Swiglu', 'torch.bfloat16', 'torch.bfloat16', 'torch.float4_e2m1fn_x2', 'QuantType.per_1x32', True, False) 
(Worker_TP3 pid=3969956) [aiter] shape is M:115, N:128, K:6144 dtype='torch.float32' otype='torch.float32' bias=False, scaleAB=False, bpreshuffle=False, not found tuned config in /tmp/aiter_configs/bf16_tuned_gemm.csv, will use default config! using torch solution:0
(Worker_TP2 pid=3969955) [aiter] shape is M:115, N:128, K:6144 dtype='torch.float32' otype='torch.float32' bias=False, scaleAB=False, bpreshuffle=False, not found tuned config in /tmp/aiter_configs/bf16_tuned_gemm.csv, will use default config! using torch solution:0
(Worker_TP0 pid=3969953) [aiter] shape is M:120, N:2304, K:12288 dtype='torch.bfloat16' otype='torch.bfloat16' bias=False, scaleAB=False, bpreshuffle=False, not found tuned config in /tmp/aiter_configs/bf16_tuned_gemm.csv, will use default config! using torch solution:0
(Worker_TP3 pid=3969956) [aiter] shape is M:115, N:2304, K:12288 dtype='torch.bfloat16' otype='torch.bfloat16' bias=False, scaleAB=False, bpreshuffle=False, not found tuned config in /tmp/aiter_configs/bf16_tuned_gemm.csv, will use default config! using torch solution:0
(Worker_TP2 pid=3969955) [aiter] shape is M:115, N:2304, K:12288 dtype='torch.bfloat16' otype='torch.bfloat16' bias=False, scaleAB=False, bpreshuffle=False, not found tuned config in /tmp/aiter_configs/bf16_tuned_gemm.csv, will use default config! using torch solution:0
(Worker_TP1 pid=3969954) [aiter] shape is M:115, N:128, K:6144 dtype='torch.float32' otype='torch.float32' bias=False, scaleAB=False, bpreshuffle=False, not found tuned config in /tmp/aiter_configs/bf16_tuned_gemm.csv, will use default config! using torch solution:0
(Worker_TP3 pid=3969956) [aiter] shape is M:105, N:128, K:6144 dtype='torch.float32' otype='torch.float32' bias=False, scaleAB=False, bpreshuffle=False, not found tuned config in /tmp/aiter_configs/bf16_tuned_gemm.csv, will use default config! using torch solution:0
(Worker_TP1 pid=3969954) [aiter] shape is M:115, N:2304, K:12288 dtype='torch.bfloat16' otype='torch.bfloat16' bias=False, scaleAB=False, bpreshuffle=False, not found tuned config in /tmp/aiter_configs/bf16_tuned_gemm.csv, will use default config! using torch solution:0
(Worker_TP2 pid=3969955) [aiter] shape is M:105, N:128, K:6144 dtype='torch.float32' otype='torch.float32' bias=False, scaleAB=False, bpreshuffle=False, not found tuned config in /tmp/aiter_configs/bf16_tuned_gemm.csv, will use default config! using torch solution:0
(Worker_TP3 pid=3969956) [aiter] shape is M:105, N:2304, K:12288 dtype='torch.bfloat16' otype='torch.bfloat16' bias=False, scaleAB=False, bpreshuffle=False, not found tuned config in /tmp/aiter_configs/bf16_tuned_gemm.csv, will use default config! using torch solution:0
(Worker_TP2 pid=3969955) [aiter] shape is M:105, N:2304, K:12288 dtype='torch.bfloat16' otype='torch.bfloat16' bias=False, scaleAB=False, bpreshuffle=False, not found tuned config in /tmp/aiter_configs/bf16_tuned_gemm.csv, will use default config! using torch solution:0
(Worker_TP1 pid=3969954) [aiter] shape is M:105, N:128, K:6144 dtype='torch.float32' otype='torch.float32' bias=False, scaleAB=False, bpreshuffle=False, not found tuned config in /tmp/aiter_configs/bf16_tuned_gemm.csv, will use default config! using torch solution:0
(Worker_TP0 pid=3969953) Capturing CUDA graphs (mixed prefill-decode, PIECEWISE):  69%|██████▉   | 33/48 [04:23<00:35,  2.39s/it][aiter] shape is M:115, N:128, K:6144 dtype='torch.float32' otype='torch.float32' bias=False, scaleAB=False, bpreshuffle=False, not found tuned config in /tmp/aiter_configs/bf16_tuned_gemm.csv, will use default config! using torch solution:0
(Worker_TP3 pid=3969956) [aiter] shape is M:100, N:128, K:6144 dtype='torch.float32' otype='torch.float32' bias=False, scaleAB=False, bpreshuffle=False, not found tuned config in /tmp/aiter_configs/bf16_tuned_gemm.csv, will use default config! using torch solution:0
(Worker_TP1 pid=3969954) [aiter] shape is M:105, N:2304, K:12288 dtype='torch.bfloat16' otype='torch.bfloat16' bias=False, scaleAB=False, bpreshuffle=False, not found tuned config in /tmp/aiter_configs/bf16_tuned_gemm.csv, will use default config! using torch solution:0
(Worker_TP2 pid=3969955) [aiter] shape is M:100, N:128, K:6144 dtype='torch.float32' otype='torch.float32' bias=False, scaleAB=False, bpreshuffle=False, not found tuned config in /tmp/aiter_configs/bf16_tuned_gemm.csv, will use default config! using torch solution:0
(Worker_TP0 pid=3969953) [aiter] shape is M:115, N:2304, K:12288 dtype='torch.bfloat16' otype='torch.bfloat16' bias=False, scaleAB=False, bpreshuffle=False, not found tuned config in /tmp/aiter_configs/bf16_tuned_gemm.csv, will use default config! using torch solution:0
(Worker_TP3 pid=3969956) [aiter] shape is M:100, N:2304, K:12288 dtype='torch.bfloat16' otype='torch.bfloat16' bias=False, scaleAB=False, bpreshuffle=False, not found tuned config in /tmp/aiter_configs/bf16_tuned_gemm.csv, will use default config! using torch solution:0
(Worker_TP2 pid=3969955) [aiter] shape is M:100, N:2304, K:12288 dtype='torch.bfloat16' otype='torch.bfloat16' bias=False, scaleAB=False, bpreshuffle=False, not found tuned config in /tmp/aiter_configs/bf16_tuned_gemm.csv, will use default config! using torch solution:0
(Worker_TP1 pid=3969954) [aiter] shape is M:100, N:128, K:6144 dtype='torch.float32' otype='torch.float32' bias=False, scaleAB=False, bpreshuffle=False, not found tuned config in /tmp/aiter_configs/bf16_tuned_gemm.csv, will use default config! using torch solution:0
(Worker_TP0 pid=3969953) [aiter] shape is M:105, N:128, K:6144 dtype='torch.float32' otype='torch.float32' bias=False, scaleAB=False, bpreshuffle=False, not found tuned config in /tmp/aiter_configs/bf16_tuned_gemm.csv, will use default config! using torch solution:0
(Worker_TP3 pid=3969956) [aiter] shape is M:90, N:128, K:6144 dtype='torch.float32' otype='torch.float32' bias=False, scaleAB=False, bpreshuffle=False, not found tuned config in /tmp/aiter_configs/bf16_tuned_gemm.csv, will use default config! using torch solution:0
(Worker_TP1 pid=3969954) [aiter] shape is M:100, N:2304, K:12288 dtype='torch.bfloat16' otype='torch.bfloat16' bias=False, scaleAB=False, bpreshuffle=False, not found tuned config in /tmp/aiter_configs/bf16_tuned_gemm.csv, will use default config! using torch solution:0
(Worker_TP2 pid=3969955) [aiter] shape is M:90, N:128, K:6144 dtype='torch.float32' otype='torch.float32' bias=False, scaleAB=False, bpreshuffle=False, not found tuned config in /tmp/aiter_configs/bf16_tuned_gemm.csv, will use default config! using torch solution:0
(Worker_TP0 pid=3969953) [aiter] shape is M:105, N:2304, K:12288 dtype='torch.bfloat16' otype='torch.bfloat16' bias=False, scaleAB=False, bpreshuffle=False, not found tuned config in /tmp/aiter_configs/bf16_tuned_gemm.csv, will use default config! using torch solution:0
(Worker_TP3 pid=3969956) [aiter] shape is M:90, N:2304, K:12288 dtype='torch.bfloat16' otype='torch.bfloat16' bias=False, scaleAB=False, bpreshuffle=False, not found tuned config in /tmp/aiter_configs/bf16_tuned_gemm.csv, will use default config! using torch solution:0
(Worker_TP2 pid=3969955) [aiter] shape is M:90, N:2304, K:12288 dtype='torch.bfloat16' otype='torch.bfloat16' bias=False, scaleAB=False, bpreshuffle=False, not found tuned config in /tmp/aiter_configs/bf16_tuned_gemm.csv, will use default config! using torch solution:0
(Worker_TP1 pid=3969954) [aiter] shape is M:90, N:128, K:6144 dtype='torch.float32' otype='torch.float32' bias=False, scaleAB=False, bpreshuffle=False, not found tuned config in /tmp/aiter_configs/bf16_tuned_gemm.csv, will use default config! using torch solution:0
(Worker_TP0 pid=3969953) Capturing CUDA graphs (mixed prefill-decode, PIECEWISE):  73%|███████▎  | 35/48 [04:24<00:22,  1.70s/it](Worker_TP1 pid=3969954) [aiter] shape is M:90, N:2304, K:12288 dtype='torch.bfloat16' otype='torch.bfloat16' bias=False, scaleAB=False, bpreshuffle=False, not found tuned config in /tmp/aiter_configs/bf16_tuned_gemm.csv, will use default config! using torch solution:0
[aiter] shape is M:100, N:128, K:6144 dtype='torch.float32' otype='torch.float32' bias=False, scaleAB=False, bpreshuffle=False, not found tuned config in /tmp/aiter_configs/bf16_tuned_gemm.csv, will use default config! using torch solution:0
(Worker_TP3 pid=3969956) [aiter] shape is M:80, N:128, K:6144 dtype='torch.float32' otype='torch.float32' bias=False, scaleAB=False, bpreshuffle=False, not found tuned config in /tmp/aiter_configs/bf16_tuned_gemm.csv, will use default config! using torch solution:0
(Worker_TP2 pid=3969955) [aiter] shape is M:80, N:128, K:6144 dtype='torch.float32' otype='torch.float32' bias=False, scaleAB=False, bpreshuffle=False, not found tuned config in /tmp/aiter_configs/bf16_tuned_gemm.csv, will use default config! using torch solution:0
(Worker_TP0 pid=3969953) [aiter] shape is M:100, N:2304, K:12288 dtype='torch.bfloat16' otype='torch.bfloat16' bias=False, scaleAB=False, bpreshuffle=False, not found tuned config in /tmp/aiter_configs/bf16_tuned_gemm.csv, will use default config! using torch solution:0
(Worker_TP3 pid=3969956) [aiter] shape is M:80, N:2304, K:12288 dtype='torch.bfloat16' otype='torch.bfloat16' bias=False, scaleAB=False, bpreshuffle=False, not found tuned config in /tmp/aiter_configs/bf16_tuned_gemm.csv, will use default config! using torch solution:0
(Worker_TP1 pid=3969954) [aiter] shape is M:80, N:128, K:6144 dtype='torch.float32' otype='torch.float32' bias=False, scaleAB=False, bpreshuffle=False, not found tuned config in /tmp/aiter_configs/bf16_tuned_gemm.csv, will use default config! using torch solution:0
(Worker_TP2 pid=3969955) [aiter] shape is M:80, N:2304, K:12288 dtype='torch.bfloat16' otype='torch.bfloat16' bias=False, scaleAB=False, bpreshuffle=False, not found tuned config in /tmp/aiter_configs/bf16_tuned_gemm.csv, will use default config! using torch solution:0
(Worker_TP1 pid=3969954) [aiter] shape is M:80, N:2304, K:12288 dtype='torch.bfloat16' otype='torch.bfloat16' bias=False, scaleAB=False, bpreshuffle=False, not found tuned config in /tmp/aiter_configs/bf16_tuned_gemm.csv, will use default config! using torch solution:0
(Worker_TP0 pid=3969953) [aiter] shape is M:90, N:128, K:6144 dtype='torch.float32' otype='torch.float32' bias=False, scaleAB=False, bpreshuffle=False, not found tuned config in /tmp/aiter_configs/bf16_tuned_gemm.csv, will use default config! using torch solution:0
(Worker_TP3 pid=3969956) [aiter] shape is M:75, N:128, K:6144 dtype='torch.float32' otype='torch.float32' bias=False, scaleAB=False, bpreshuffle=False, not found tuned config in /tmp/aiter_configs/bf16_tuned_gemm.csv, will use default config! using torch solution:0
(Worker_TP2 pid=3969955) [aiter] shape is M:75, N:128, K:6144 dtype='torch.float32' otype='torch.float32' bias=False, scaleAB=False, bpreshuffle=False, not found tuned config in /tmp/aiter_configs/bf16_tuned_gemm.csv, will use default config! using torch solution:0
(Worker_TP0 pid=3969953) [aiter] shape is M:90, N:2304, K:12288 dtype='torch.bfloat16' otype='torch.bfloat16' bias=False, scaleAB=False, bpreshuffle=False, not found tuned config in /tmp/aiter_configs/bf16_tuned_gemm.csv, will use default config! using torch solution:0
(Worker_TP3 pid=3969956) [aiter] shape is M:75, N:2304, K:12288 dtype='torch.bfloat16' otype='torch.bfloat16' bias=False, scaleAB=False, bpreshuffle=False, not found tuned config in /tmp/aiter_configs/bf16_tuned_gemm.csv, will use default config! using torch solution:0
(Worker_TP1 pid=3969954) [aiter] shape is M:75, N:128, K:6144 dtype='torch.float32' otype='torch.float32' bias=False, scaleAB=False, bpreshuffle=False, not found tuned config in /tmp/aiter_configs/bf16_tuned_gemm.csv, will use default config! using torch solution:0
(Worker_TP2 pid=3969955) [aiter] shape is M:75, N:2304, K:12288 dtype='torch.bfloat16' otype='torch.bfloat16' bias=False, scaleAB=False, bpreshuffle=False, not found tuned config in /tmp/aiter_configs/bf16_tuned_gemm.csv, will use default config! using torch solution:0
(Worker_TP0 pid=3969953) Capturing CUDA graphs (mixed prefill-decode, PIECEWISE):  77%|███████▋  | 37/48 [04:24<00:13,  1.21s/it](Worker_TP1 pid=3969954) [aiter] shape is M:75, N:2304, K:12288 dtype='torch.bfloat16' otype='torch.bfloat16' bias=False, scaleAB=False, bpreshuffle=False, not found tuned config in /tmp/aiter_configs/bf16_tuned_gemm.csv, will use default config! using torch solution:0
[aiter] shape is M:80, N:128, K:6144 dtype='torch.float32' otype='torch.float32' bias=False, scaleAB=False, bpreshuffle=False, not found tuned config in /tmp/aiter_configs/bf16_tuned_gemm.csv, will use default config! using torch solution:0
(Worker_TP3 pid=3969956) [aiter] shape is M:65, N:128, K:6144 dtype='torch.float32' otype='torch.float32' bias=False, scaleAB=False, bpreshuffle=False, not found tuned config in /tmp/aiter_configs/bf16_tuned_gemm.csv, will use default config! using torch solution:0
(Worker_TP2 pid=3969955) [aiter] shape is M:65, N:128, K:6144 dtype='torch.float32' otype='torch.float32' bias=False, scaleAB=False, bpreshuffle=False, not found tuned config in /tmp/aiter_configs/bf16_tuned_gemm.csv, will use default config! using torch solution:0
(Worker_TP0 pid=3969953) [aiter] shape is M:80, N:2304, K:12288 dtype='torch.bfloat16' otype='torch.bfloat16' bias=False, scaleAB=False, bpreshuffle=False, not found tuned config in /tmp/aiter_configs/bf16_tuned_gemm.csv, will use default config! using torch solution:0
(Worker_TP3 pid=3969956) [aiter] shape is M:65, N:2304, K:12288 dtype='torch.bfloat16' otype='torch.bfloat16' bias=False, scaleAB=False, bpreshuffle=False, not found tuned config in /tmp/aiter_configs/bf16_tuned_gemm.csv, will use default config! using torch solution:0
(Worker_TP1 pid=3969954) [aiter] shape is M:65, N:128, K:6144 dtype='torch.float32' otype='torch.float32' bias=False, scaleAB=False, bpreshuffle=False, not found tuned config in /tmp/aiter_configs/bf16_tuned_gemm.csv, will use default config! using torch solution:0
(Worker_TP2 pid=3969955) [aiter] shape is M:65, N:2304, K:12288 dtype='torch.bfloat16' otype='torch.bfloat16' bias=False, scaleAB=False, bpreshuffle=False, not found tuned config in /tmp/aiter_configs/bf16_tuned_gemm.csv, will use default config! using torch solution:0
(Worker_TP1 pid=3969954) [aiter] shape is M:65, N:2304, K:12288 dtype='torch.bfloat16' otype='torch.bfloat16' bias=False, scaleAB=False, bpreshuffle=False, not found tuned config in /tmp/aiter_configs/bf16_tuned_gemm.csv, will use default config! using torch solution:0
(Worker_TP0 pid=3969953) [aiter] shape is M:75, N:128, K:6144 dtype='torch.float32' otype='torch.float32' bias=False, scaleAB=False, bpreshuffle=False, not found tuned config in /tmp/aiter_configs/bf16_tuned_gemm.csv, will use default config! using torch solution:0
(Worker_TP0 pid=3969953) [aiter] shape is M:75, N:2304, K:12288 dtype='torch.bfloat16' otype='torch.bfloat16' bias=False, scaleAB=False, bpreshuffle=False, not found tuned config in /tmp/aiter_configs/bf16_tuned_gemm.csv, will use default config! using torch solution:0
(Worker_TP0 pid=3969953) Capturing CUDA graphs (mixed prefill-decode, PIECEWISE):  81%|████████▏ | 39/48 [04:24<00:07,  1.14it/s][aiter] shape is M:65, N:128, K:6144 dtype='torch.float32' otype='torch.float32' bias=False, scaleAB=False, bpreshuffle=False, not found tuned config in /tmp/aiter_configs/bf16_tuned_gemm.csv, will use default config! using torch solution:0
(Worker_TP0 pid=3969953) [aiter] shape is M:65, N:2304, K:12288 dtype='torch.bfloat16' otype='torch.bfloat16' bias=False, scaleAB=False, bpreshuffle=False, not found tuned config in /tmp/aiter_configs/bf16_tuned_gemm.csv, will use default config! using torch solution:0
(Worker_TP3 pid=3969956) [aiter] shape is M:60, N:128, K:6144 dtype='torch.float32' otype='torch.float32' bias=False, scaleAB=False, bpreshuffle=False, not found tuned config in /tmp/aiter_configs/bf16_tuned_gemm.csv, will use default config! using torch solution:0
(Worker_TP3 pid=3969956) [aiter] run_1stage = False, xbf16 = False, ksplit = 0 q_type = QuantType.per_1x32 block_m = 32 use_nt = True, estimated_m_per_expert = 2
(Worker_TP3 pid=3969956) [aiter] [fused_moe] using 2stage default for ('gfx950', 256, 64, 6144, 768, 129, 5, 'ActivationType.Swiglu', 'torch.bfloat16', 'torch.bfloat16', 'torch.float4_e2m1fn_x2', 'QuantType.per_1x32', True, False) 
(Worker_TP2 pid=3969955) [aiter] shape is M:60, N:128, K:6144 dtype='torch.float32' otype='torch.float32' bias=False, scaleAB=False, bpreshuffle=False, not found tuned config in /tmp/aiter_configs/bf16_tuned_gemm.csv, will use default config! using torch solution:0
(Worker_TP2 pid=3969955) [aiter] run_1stage = False, xbf16 = False, ksplit = 0 q_type = QuantType.per_1x32 block_m = 32 use_nt = True, estimated_m_per_expert = 2
(Worker_TP2 pid=3969955) [aiter] [fused_moe] using 2stage default for ('gfx950', 256, 64, 6144, 768, 129, 5, 'ActivationType.Swiglu', 'torch.bfloat16', 'torch.bfloat16', 'torch.float4_e2m1fn_x2', 'QuantType.per_1x32', True, False) 
(Worker_TP3 pid=3969956) [aiter] shape is M:60, N:2304, K:12288 dtype='torch.bfloat16' otype='torch.bfloat16' bias=False, scaleAB=False, bpreshuffle=False, not found tuned config in /tmp/aiter_configs/bf16_tuned_gemm.csv, will use default config! using torch solution:0
(Worker_TP1 pid=3969954) [aiter] shape is M:60, N:128, K:6144 dtype='torch.float32' otype='torch.float32' bias=False, scaleAB=False, bpreshuffle=False, not found tuned config in /tmp/aiter_configs/bf16_tuned_gemm.csv, will use default config! using torch solution:0
(Worker_TP1 pid=3969954) [aiter] run_1stage = False, xbf16 = False, ksplit = 0 q_type = QuantType.per_1x32 block_m = 32 use_nt = True, estimated_m_per_expert = 2
(Worker_TP1 pid=3969954) [aiter] [fused_moe] using 2stage default for ('gfx950', 256, 64, 6144, 768, 129, 5, 'ActivationType.Swiglu', 'torch.bfloat16', 'torch.bfloat16', 'torch.float4_e2m1fn_x2', 'QuantType.per_1x32', True, False) 
(Worker_TP2 pid=3969955) [aiter] shape is M:60, N:2304, K:12288 dtype='torch.bfloat16' otype='torch.bfloat16' bias=False, scaleAB=False, bpreshuffle=False, not found tuned config in /tmp/aiter_configs/bf16_tuned_gemm.csv, will use default config! using torch solution:0
(Worker_TP1 pid=3969954) [aiter] shape is M:60, N:2304, K:12288 dtype='torch.bfloat16' otype='torch.bfloat16' bias=False, scaleAB=False, bpreshuffle=False, not found tuned config in /tmp/aiter_configs/bf16_tuned_gemm.csv, will use default config! using torch solution:0
(Worker_TP3 pid=3969956) [aiter] shape is M:50, N:128, K:6144 dtype='torch.float32' otype='torch.float32' bias=False, scaleAB=False, bpreshuffle=False, not found tuned config in /tmp/aiter_configs/bf16_tuned_gemm.csv, will use default config! using torch solution:0
(Worker_TP0 pid=3969953) [aiter] shape is M:60, N:128, K:6144 dtype='torch.float32' otype='torch.float32' bias=False, scaleAB=False, bpreshuffle=False, not found tuned config in /tmp/aiter_configs/bf16_tuned_gemm.csv, will use default config! using torch solution:0
(Worker_TP0 pid=3969953) [aiter] run_1stage = False, xbf16 = False, ksplit = 0 q_type = QuantType.per_1x32 block_m = 32 use_nt = True, estimated_m_per_expert = 2
(Worker_TP0 pid=3969953) [aiter] [fused_moe] using 2stage default for ('gfx950', 256, 64, 6144, 768, 129, 5, 'ActivationType.Swiglu', 'torch.bfloat16', 'torch.bfloat16', 'torch.float4_e2m1fn_x2', 'QuantType.per_1x32', True, False) 
(Worker_TP2 pid=3969955) [aiter] shape is M:50, N:128, K:6144 dtype='torch.float32' otype='torch.float32' bias=False, scaleAB=False, bpreshuffle=False, not found tuned config in /tmp/aiter_configs/bf16_tuned_gemm.csv, will use default config! using torch solution:0
(Worker_TP3 pid=3969956) [aiter] shape is M:50, N:2304, K:12288 dtype='torch.bfloat16' otype='torch.bfloat16' bias=False, scaleAB=False, bpreshuffle=False, not found tuned config in /tmp/aiter_configs/bf16_tuned_gemm.csv, will use default config! using torch solution:0
(Worker_TP1 pid=3969954) [aiter] shape is M:50, N:128, K:6144 dtype='torch.float32' otype='torch.float32' bias=False, scaleAB=False, bpreshuffle=False, not found tuned config in /tmp/aiter_configs/bf16_tuned_gemm.csv, will use default config! using torch solution:0
(Worker_TP0 pid=3969953) [aiter] shape is M:60, N:2304, K:12288 dtype='torch.bfloat16' otype='torch.bfloat16' bias=False, scaleAB=False, bpreshuffle=False, not found tuned config in /tmp/aiter_configs/bf16_tuned_gemm.csv, will use default config! using torch solution:0
(Worker_TP2 pid=3969955) [aiter] shape is M:50, N:2304, K:12288 dtype='torch.bfloat16' otype='torch.bfloat16' bias=False, scaleAB=False, bpreshuffle=False, not found tuned config in /tmp/aiter_configs/bf16_tuned_gemm.csv, will use default config! using torch solution:0
(Worker_TP1 pid=3969954) [aiter] shape is M:50, N:2304, K:12288 dtype='torch.bfloat16' otype='torch.bfloat16' bias=False, scaleAB=False, bpreshuffle=False, not found tuned config in /tmp/aiter_configs/bf16_tuned_gemm.csv, will use default config! using torch solution:0
(Worker_TP0 pid=3969953) Capturing CUDA graphs (mixed prefill-decode, PIECEWISE):  85%|████████▌ | 41/48 [04:25<00:04,  1.42it/s][aiter] shape is M:50, N:128, K:6144 dtype='torch.float32' otype='torch.float32' bias=False, scaleAB=False, bpreshuffle=False, not found tuned config in /tmp/aiter_configs/bf16_tuned_gemm.csv, will use default config! using torch solution:0
(Worker_TP3 pid=3969956) [aiter] shape is M:40, N:128, K:6144 dtype='torch.float32' otype='torch.float32' bias=False, scaleAB=False, bpreshuffle=False, not found tuned config in /tmp/aiter_configs/bf16_tuned_gemm.csv, will use default config! using torch solution:0
(Worker_TP0 pid=3969953) [aiter] shape is M:50, N:2304, K:12288 dtype='torch.bfloat16' otype='torch.bfloat16' bias=False, scaleAB=False, bpreshuffle=False, not found tuned config in /tmp/aiter_configs/bf16_tuned_gemm.csv, will use default config! using torch solution:0
(Worker_TP2 pid=3969955) [aiter] shape is M:40, N:128, K:6144 dtype='torch.float32' otype='torch.float32' bias=False, scaleAB=False, bpreshuffle=False, not found tuned config in /tmp/aiter_configs/bf16_tuned_gemm.csv, will use default config! using torch solution:0
(Worker_TP3 pid=3969956) [aiter] shape is M:40, N:2304, K:12288 dtype='torch.bfloat16' otype='torch.bfloat16' bias=False, scaleAB=False, bpreshuffle=False, not found tuned config in /tmp/aiter_configs/bf16_tuned_gemm.csv, will use default config! using torch solution:0
(Worker_TP1 pid=3969954) [aiter] shape is M:40, N:128, K:6144 dtype='torch.float32' otype='torch.float32' bias=False, scaleAB=False, bpreshuffle=False, not found tuned config in /tmp/aiter_configs/bf16_tuned_gemm.csv, will use default config! using torch solution:0
(Worker_TP2 pid=3969955) [aiter] shape is M:40, N:2304, K:12288 dtype='torch.bfloat16' otype='torch.bfloat16' bias=False, scaleAB=False, bpreshuffle=False, not found tuned config in /tmp/aiter_configs/bf16_tuned_gemm.csv, will use default config! using torch solution:0
(Worker_TP1 pid=3969954) [aiter] shape is M:40, N:2304, K:12288 dtype='torch.bfloat16' otype='torch.bfloat16' bias=False, scaleAB=False, bpreshuffle=False, not found tuned config in /tmp/aiter_configs/bf16_tuned_gemm.csv, will use default config! using torch solution:0
(Worker_TP3 pid=3969956) [aiter] shape is M:35, N:128, K:6144 dtype='torch.float32' otype='torch.float32' bias=False, scaleAB=False, bpreshuffle=False, not found tuned config in /tmp/aiter_configs/bf16_tuned_gemm.csv, will use default config! using torch solution:0
(Worker_TP2 pid=3969955) [aiter] shape is M:35, N:128, K:6144 dtype='torch.float32' otype='torch.float32' bias=False, scaleAB=False, bpreshuffle=False, not found tuned config in /tmp/aiter_configs/bf16_tuned_gemm.csv, will use default config! using torch solution:0
(Worker_TP3 pid=3969956) [aiter] shape is M:35, N:2304, K:12288 dtype='torch.bfloat16' otype='torch.bfloat16' bias=False, scaleAB=False, bpreshuffle=False, not found tuned config in /tmp/aiter_configs/bf16_tuned_gemm.csv, will use default config! using torch solution:0
(Worker_TP1 pid=3969954) [aiter] shape is M:35, N:128, K:6144 dtype='torch.float32' otype='torch.float32' bias=False, scaleAB=False, bpreshuffle=False, not found tuned config in /tmp/aiter_configs/bf16_tuned_gemm.csv, will use default config! using torch solution:0
(Worker_TP2 pid=3969955) [aiter] shape is M:35, N:2304, K:12288 dtype='torch.bfloat16' otype='torch.bfloat16' bias=False, scaleAB=False, bpreshuffle=False, not found tuned config in /tmp/aiter_configs/bf16_tuned_gemm.csv, will use default config! using torch solution:0
(Worker_TP1 pid=3969954) [aiter] shape is M:35, N:2304, K:12288 dtype='torch.bfloat16' otype='torch.bfloat16' bias=False, scaleAB=False, bpreshuffle=False, not found tuned config in /tmp/aiter_configs/bf16_tuned_gemm.csv, will use default config! using torch solution:0
(Worker_TP0 pid=3969953) [aiter] shape is M:40, N:128, K:6144 dtype='torch.float32' otype='torch.float32' bias=False, scaleAB=False, bpreshuffle=False, not found tuned config in /tmp/aiter_configs/bf16_tuned_gemm.csv, will use default config! using torch solution:0
(Worker_TP0 pid=3969953) [aiter] shape is M:40, N:2304, K:12288 dtype='torch.bfloat16' otype='torch.bfloat16' bias=False, scaleAB=False, bpreshuffle=False, not found tuned config in /tmp/aiter_configs/bf16_tuned_gemm.csv, will use default config! using torch solution:0
(Worker_TP0 pid=3969953) Capturing CUDA graphs (mixed prefill-decode, PIECEWISE):  90%|████████▉ | 43/48 [04:25<00:02,  1.86it/s][aiter] shape is M:35, N:128, K:6144 dtype='torch.float32' otype='torch.float32' bias=False, scaleAB=False, bpreshuffle=False, not found tuned config in /tmp/aiter_configs/bf16_tuned_gemm.csv, will use default config! using torch solution:0
(Worker_TP0 pid=3969953) [aiter] shape is M:35, N:2304, K:12288 dtype='torch.bfloat16' otype='torch.bfloat16' bias=False, scaleAB=False, bpreshuffle=False, not found tuned config in /tmp/aiter_configs/bf16_tuned_gemm.csv, will use default config! using torch solution:0
(Worker_TP3 pid=3969956) [aiter] shape is M:25, N:128, K:6144 dtype='torch.float32' otype='torch.float32' bias=False, scaleAB=False, bpreshuffle=False, not found tuned config in /tmp/aiter_configs/bf16_tuned_gemm.csv, will use default config! using torch solution:0
(Worker_TP3 pid=3969956) [aiter] run_1stage = False, xbf16 = False, ksplit = 0 q_type = QuantType.per_1x32 block_m = 32 use_nt = True, estimated_m_per_expert = 1
(Worker_TP3 pid=3969956) [aiter] [fused_moe] using 2stage default for ('gfx950', 256, 32, 6144, 768, 129, 5, 'ActivationType.Swiglu', 'torch.bfloat16', 'torch.bfloat16', 'torch.float4_e2m1fn_x2', 'QuantType.per_1x32', True, False) 
(Worker_TP2 pid=3969955) [aiter] shape is M:25, N:128, K:6144 dtype='torch.float32' otype='torch.float32' bias=False, scaleAB=False, bpreshuffle=False, not found tuned config in /tmp/aiter_configs/bf16_tuned_gemm.csv, will use default config! using torch solution:0
(Worker_TP2 pid=3969955) [aiter] run_1stage = False, xbf16 = False, ksplit = 0 q_type = QuantType.per_1x32 block_m = 32 use_nt = True, estimated_m_per_expert = 1
(Worker_TP2 pid=3969955) [aiter] [fused_moe] using 2stage default for ('gfx950', 256, 32, 6144, 768, 129, 5, 'ActivationType.Swiglu', 'torch.bfloat16', 'torch.bfloat16', 'torch.float4_e2m1fn_x2', 'QuantType.per_1x32', True, False) 
(Worker_TP1 pid=3969954) [aiter] shape is M:25, N:128, K:6144 dtype='torch.float32' otype='torch.float32' bias=False, scaleAB=False, bpreshuffle=False, not found tuned config in /tmp/aiter_configs/bf16_tuned_gemm.csv, will use default config! using torch solution:0
(Worker_TP1 pid=3969954) [aiter] run_1stage = False, xbf16 = False, ksplit = 0 q_type = QuantType.per_1x32 block_m = 32 use_nt = True, estimated_m_per_expert = 1
(Worker_TP1 pid=3969954) [aiter] [fused_moe] using 2stage default for ('gfx950', 256, 32, 6144, 768, 129, 5, 'ActivationType.Swiglu', 'torch.bfloat16', 'torch.bfloat16', 'torch.float4_e2m1fn_x2', 'QuantType.per_1x32', True, False) 
(Worker_TP3 pid=3969956) [aiter] shape is M:25, N:2304, K:12288 dtype='torch.bfloat16' otype='torch.bfloat16' bias=False, scaleAB=False, bpreshuffle=False, not found tuned config in /tmp/aiter_configs/bf16_tuned_gemm.csv, will use default config! using torch solution:0
(Worker_TP2 pid=3969955) [aiter] shape is M:25, N:2304, K:12288 dtype='torch.bfloat16' otype='torch.bfloat16' bias=False, scaleAB=False, bpreshuffle=False, not found tuned config in /tmp/aiter_configs/bf16_tuned_gemm.csv, will use default config! using torch solution:0
(Worker_TP1 pid=3969954) [aiter] shape is M:25, N:2304, K:12288 dtype='torch.bfloat16' otype='torch.bfloat16' bias=False, scaleAB=False, bpreshuffle=False, not found tuned config in /tmp/aiter_configs/bf16_tuned_gemm.csv, will use default config! using torch solution:0
(Worker_TP3 pid=3969956) [aiter] shape is M:20, N:128, K:6144 dtype='torch.float32' otype='torch.float32' bias=False, scaleAB=False, bpreshuffle=False, not found tuned config in /tmp/aiter_configs/bf16_tuned_gemm.csv, will use default config! using torch solution:0
(Worker_TP0 pid=3969953) [aiter] shape is M:25, N:128, K:6144 dtype='torch.float32' otype='torch.float32' bias=False, scaleAB=False, bpreshuffle=False, not found tuned config in /tmp/aiter_configs/bf16_tuned_gemm.csv, will use default config! using torch solution:0
(Worker_TP0 pid=3969953) [aiter] run_1stage = False, xbf16 = False, ksplit = 0 q_type = QuantType.per_1x32 block_m = 32 use_nt = True, estimated_m_per_expert = 1
(Worker_TP0 pid=3969953) [aiter] [fused_moe] using 2stage default for ('gfx950', 256, 32, 6144, 768, 129, 5, 'ActivationType.Swiglu', 'torch.bfloat16', 'torch.bfloat16', 'torch.float4_e2m1fn_x2', 'QuantType.per_1x32', True, False) 
(Worker_TP2 pid=3969955) [aiter] shape is M:20, N:128, K:6144 dtype='torch.float32' otype='torch.float32' bias=False, scaleAB=False, bpreshuffle=False, not found tuned config in /tmp/aiter_configs/bf16_tuned_gemm.csv, will use default config! using torch solution:0
(Worker_TP3 pid=3969956) [aiter] shape is M:20, N:2304, K:12288 dtype='torch.bfloat16' otype='torch.bfloat16' bias=False, scaleAB=False, bpreshuffle=False, not found tuned config in /tmp/aiter_configs/bf16_tuned_gemm.csv, will use default config! using torch solution:0
(Worker_TP1 pid=3969954) [aiter] shape is M:20, N:128, K:6144 dtype='torch.float32' otype='torch.float32' bias=False, scaleAB=False, bpreshuffle=False, not found tuned config in /tmp/aiter_configs/bf16_tuned_gemm.csv, will use default config! using torch solution:0
(Worker_TP0 pid=3969953) [aiter] shape is M:25, N:2304, K:12288 dtype='torch.bfloat16' otype='torch.bfloat16' bias=False, scaleAB=False, bpreshuffle=False, not found tuned config in /tmp/aiter_configs/bf16_tuned_gemm.csv, will use default config! using torch solution:0
(Worker_TP2 pid=3969955) [aiter] shape is M:20, N:2304, K:12288 dtype='torch.bfloat16' otype='torch.bfloat16' bias=False, scaleAB=False, bpreshuffle=False, not found tuned config in /tmp/aiter_configs/bf16_tuned_gemm.csv, will use default config! using torch solution:0
(Worker_TP1 pid=3969954) [aiter] shape is M:20, N:2304, K:12288 dtype='torch.bfloat16' otype='torch.bfloat16' bias=False, scaleAB=False, bpreshuffle=False, not found tuned config in /tmp/aiter_configs/bf16_tuned_gemm.csv, will use default config! using torch solution:0
(Worker_TP0 pid=3969953) Capturing CUDA graphs (mixed prefill-decode, PIECEWISE):  94%|█████████▍| 45/48 [04:25<00:01,  2.21it/s][aiter] shape is M:20, N:128, K:6144 dtype='torch.float32' otype='torch.float32' bias=False, scaleAB=False, bpreshuffle=False, not found tuned config in /tmp/aiter_configs/bf16_tuned_gemm.csv, will use default config! using torch solution:0
(Worker_TP0 pid=3969953) [aiter] shape is M:20, N:2304, K:12288 dtype='torch.bfloat16' otype='torch.bfloat16' bias=False, scaleAB=False, bpreshuffle=False, not found tuned config in /tmp/aiter_configs/bf16_tuned_gemm.csv, will use default config! using torch solution:0
(Worker_TP3 pid=3969956) [aiter] shape is M:10, N:128, K:6144 dtype='torch.float32' otype='torch.float32' bias=False, scaleAB=False, bpreshuffle=False, not found tuned config in /tmp/aiter_configs/bf16_tuned_gemm.csv, will use default config! using torch solution:0
(Worker_TP3 pid=3969956) [aiter] run_1stage = False, xbf16 = False, ksplit = 0 q_type = QuantType.per_1x32 block_m = 32 use_nt = True, estimated_m_per_expert = 0
(Worker_TP3 pid=3969956) [aiter] [fused_moe] using 2stage default for ('gfx950', 256, 16, 6144, 768, 129, 5, 'ActivationType.Swiglu', 'torch.bfloat16', 'torch.bfloat16', 'torch.float4_e2m1fn_x2', 'QuantType.per_1x32', True, False) 
(Worker_TP2 pid=3969955) [aiter] shape is M:10, N:128, K:6144 dtype='torch.float32' otype='torch.float32' bias=False, scaleAB=False, bpreshuffle=False, not found tuned config in /tmp/aiter_configs/bf16_tuned_gemm.csv, will use default config! using torch solution:0
(Worker_TP2 pid=3969955) [aiter] run_1stage = False, xbf16 = False, ksplit = 0 q_type = QuantType.per_1x32 block_m = 32 use_nt = True, estimated_m_per_expert = 0
(Worker_TP2 pid=3969955) [aiter] [fused_moe] using 2stage default for ('gfx950', 256, 16, 6144, 768, 129, 5, 'ActivationType.Swiglu', 'torch.bfloat16', 'torch.bfloat16', 'torch.float4_e2m1fn_x2', 'QuantType.per_1x32', True, False) 
(Worker_TP1 pid=3969954) [aiter] shape is M:10, N:128, K:6144 dtype='torch.float32' otype='torch.float32' bias=False, scaleAB=False, bpreshuffle=False, not found tuned config in /tmp/aiter_configs/bf16_tuned_gemm.csv, will use default config! using torch solution:0
(Worker_TP1 pid=3969954) [aiter] run_1stage = False, xbf16 = False, ksplit = 0 q_type = QuantType.per_1x32 block_m = 32 use_nt = True, estimated_m_per_expert = 0
(Worker_TP1 pid=3969954) [aiter] [fused_moe] using 2stage default for ('gfx950', 256, 16, 6144, 768, 129, 5, 'ActivationType.Swiglu', 'torch.bfloat16', 'torch.bfloat16', 'torch.float4_e2m1fn_x2', 'QuantType.per_1x32', True, False) 
(Worker_TP3 pid=3969956) [aiter] shape is M:10, N:2304, K:12288 dtype='torch.bfloat16' otype='torch.bfloat16' bias=False, scaleAB=False, bpreshuffle=False, not found tuned config in /tmp/aiter_configs/bf16_tuned_gemm.csv, will use default config! using torch solution:0
(Worker_TP2 pid=3969955) [aiter] shape is M:10, N:2304, K:12288 dtype='torch.bfloat16' otype='torch.bfloat16' bias=False, scaleAB=False, bpreshuffle=False, not found tuned config in /tmp/aiter_configs/bf16_tuned_gemm.csv, will use default config! using torch solution:0
(Worker_TP1 pid=3969954) [aiter] shape is M:10, N:2304, K:12288 dtype='torch.bfloat16' otype='torch.bfloat16' bias=False, scaleAB=False, bpreshuffle=False, not found tuned config in /tmp/aiter_configs/bf16_tuned_gemm.csv, will use default config! using torch solution:0
(Worker_TP0 pid=3969953) [aiter] shape is M:10, N:128, K:6144 dtype='torch.float32' otype='torch.float32' bias=False, scaleAB=False, bpreshuffle=False, not found tuned config in /tmp/aiter_configs/bf16_tuned_gemm.csv, will use default config! using torch solution:0
(Worker_TP0 pid=3969953) [aiter] run_1stage = False, xbf16 = False, ksplit = 0 q_type = QuantType.per_1x32 block_m = 32 use_nt = True, estimated_m_per_expert = 0
(Worker_TP0 pid=3969953) [aiter] [fused_moe] using 2stage default for ('gfx950', 256, 16, 6144, 768, 129, 5, 'ActivationType.Swiglu', 'torch.bfloat16', 'torch.bfloat16', 'torch.float4_e2m1fn_x2', 'QuantType.per_1x32', True, False) 
(Worker_TP0 pid=3969953) [aiter] shape is M:10, N:2304, K:12288 dtype='torch.bfloat16' otype='torch.bfloat16' bias=False, scaleAB=False, bpreshuffle=False, not found tuned config in /tmp/aiter_configs/bf16_tuned_gemm.csv, will use default config! using torch solution:0
(Worker_TP3 pid=3969956) [aiter] shape is M:5, N:128, K:6144 dtype='torch.float32' otype='torch.float32' bias=False, scaleAB=False, bpreshuffle=False, not found tuned config in /tmp/aiter_configs/bf16_tuned_gemm.csv, will use default config! using torch solution:0
(Worker_TP3 pid=3969956) [aiter] run_1stage = False, xbf16 = False, ksplit = 2 q_type = QuantType.per_1x32 block_m = 32 use_nt = True, estimated_m_per_expert = 0
(Worker_TP3 pid=3969956) [aiter] [fused_moe] using 2stage default for ('gfx950', 256, 8, 6144, 768, 129, 5, 'ActivationType.Swiglu', 'torch.bfloat16', 'torch.bfloat16', 'torch.float4_e2m1fn_x2', 'QuantType.per_1x32', True, False) 
(Worker_TP2 pid=3969955) [aiter] shape is M:5, N:128, K:6144 dtype='torch.float32' otype='torch.float32' bias=False, scaleAB=False, bpreshuffle=False, not found tuned config in /tmp/aiter_configs/bf16_tuned_gemm.csv, will use default config! using torch solution:0
(Worker_TP2 pid=3969955) [aiter] run_1stage = False, xbf16 = False, ksplit = 2 q_type = QuantType.per_1x32 block_m = 32 use_nt = True, estimated_m_per_expert = 0
(Worker_TP2 pid=3969955) [aiter] [fused_moe] using 2stage default for ('gfx950', 256, 8, 6144, 768, 129, 5, 'ActivationType.Swiglu', 'torch.bfloat16', 'torch.bfloat16', 'torch.float4_e2m1fn_x2', 'QuantType.per_1x32', True, False) 
(Worker_TP1 pid=3969954) [aiter] shape is M:5, N:128, K:6144 dtype='torch.float32' otype='torch.float32' bias=False, scaleAB=False, bpreshuffle=False, not found tuned config in /tmp/aiter_configs/bf16_tuned_gemm.csv, will use default config! using torch solution:0
(Worker_TP1 pid=3969954) [aiter] run_1stage = False, xbf16 = False, ksplit = 2 q_type = QuantType.per_1x32 block_m = 32 use_nt = True, estimated_m_per_expert = 0
(Worker_TP1 pid=3969954) [aiter] [fused_moe] using 2stage default for ('gfx950', 256, 8, 6144, 768, 129, 5, 'ActivationType.Swiglu', 'torch.bfloat16', 'torch.bfloat16', 'torch.float4_e2m1fn_x2', 'QuantType.per_1x32', True, False) 
(Worker_TP0 pid=3969953) Capturing CUDA graphs (mixed prefill-decode, PIECEWISE):  98%|█████████▊| 47/48 [04:26<00:00,  2.45it/s][aiter] shape is M:5, N:128, K:6144 dtype='torch.float32' otype='torch.float32' bias=False, scaleAB=False, bpreshuffle=False, not found tuned config in /tmp/aiter_configs/bf16_tuned_gemm.csv, will use default config! using torch solution:0
(Worker_TP0 pid=3969953) [aiter] run_1stage = False, xbf16 = False, ksplit = 2 q_type = QuantType.per_1x32 block_m = 32 use_nt = True, estimated_m_per_expert = 0
(Worker_TP0 pid=3969953) [aiter] [fused_moe] using 2stage default for ('gfx950', 256, 8, 6144, 768, 129, 5, 'ActivationType.Swiglu', 'torch.bfloat16', 'torch.bfloat16', 'torch.float4_e2m1fn_x2', 'QuantType.per_1x32', True, False) 
(Worker_TP0 pid=3969953) Capturing CUDA graphs (mixed prefill-decode, PIECEWISE): 100%|██████████| 48/48 [04:26<00:00,  5.55s/it]
(Worker_TP0 pid=3969953) Capturing CUDA graphs (decode, FULL):   0%|          | 0/48 [00:00<?, ?it/s]Capturing CUDA graphs (decode, FULL):   2%|▏         | 1/48 [00:00<00:05,  7.87it/s]Capturing CUDA graphs (decode, FULL):   4%|▍         | 2/48 [00:00<00:05,  7.98it/s]Capturing CUDA graphs (decode, FULL):   6%|▋         | 3/48 [00:00<00:05,  8.02it/s]Capturing CUDA graphs (decode, FULL):   8%|▊         | 4/48 [00:00<00:05,  8.02it/s]Capturing CUDA graphs (decode, FULL):  10%|█         | 5/48 [00:00<00:05,  8.04it/s]Capturing CUDA graphs (decode, FULL):  12%|█▎        | 6/48 [00:01<00:09,  4.63it/s]Capturing CUDA graphs (decode, FULL):  15%|█▍        | 7/48 [00:01<00:07,  5.37it/s]Capturing CUDA graphs (decode, FULL):  17%|█▋        | 8/48 [00:01<00:06,  6.04it/s]Capturing CUDA graphs (decode, FULL):  19%|█▉        | 9/48 [00:01<00:05,  6.60it/s]Capturing CUDA graphs (decode, FULL):  21%|██        | 10/48 [00:01<00:05,  7.00it/s]Capturing CUDA graphs (decode, FULL):  23%|██▎       | 11/48 [00:01<00:05,  7.30it/s]Capturing CUDA graphs (decode, FULL):  25%|██▌       | 12/48 [00:01<00:04,  7.52it/s]Capturing CUDA graphs (decode, FULL):  27%|██▋       | 13/48 [00:01<00:04,  7.70it/s]Capturing CUDA graphs (decode, FULL):  29%|██▉       | 14/48 [00:01<00:04,  7.84it/s](Worker_TP3 pid=3969956) [aiter] compile_template_op func_name = 'pa_ps_4331853e5d783a2810374702b377af58' with {'src_template': <Template memory:7652f006f470>, 'md_name': 'pa_ps', 'includes': ['/shared/data/R7N/andy_luo_3v7/minimaxm3-agentx/overlays/aiter-sparse-indexer-cache-fusion-545d97c-266922c/csrc/cpp_itfs/pa/pa_ps.cuh'], 'sources': [], 'cxxflags': [], 'func_name': 'pa_ps_4331853e5d783a2810374702b377af58', 'folder': 'pa_ps_4331853e5d783a2810374702b377af58', 'kwargs': OrderedDict({'head_size': 128, 'query_group_size': 16, 'context_partition_num': 3, 'out_dtype': '__hip_bfloat16', 'logits_dtype': '__hip_bfloat16', 'sink_dtype': '__hip_bfloat16', 'use_sinks': False})}...
(Worker_TP3 pid=3969956) [aiter] start build /tmp/inferencex-minimaxm3-1412/home/.aiter/build/pa_ps_4331853e5d783a2810374702b377af58
(Worker_TP1 pid=3969954) [aiter] compile_template_op func_name = 'pa_ps_4331853e5d783a2810374702b377af58' with {'src_template': <Template memory:7627ed875730>, 'md_name': 'pa_ps', 'includes': ['/shared/data/R7N/andy_luo_3v7/minimaxm3-agentx/overlays/aiter-sparse-indexer-cache-fusion-545d97c-266922c/csrc/cpp_itfs/pa/pa_ps.cuh'], 'sources': [], 'cxxflags': [], 'func_name': 'pa_ps_4331853e5d783a2810374702b377af58', 'folder': 'pa_ps_4331853e5d783a2810374702b377af58', 'kwargs': OrderedDict({'head_size': 128, 'query_group_size': 16, 'context_partition_num': 3, 'out_dtype': '__hip_bfloat16', 'logits_dtype': '__hip_bfloat16', 'sink_dtype': '__hip_bfloat16', 'use_sinks': False})}...
(Worker_TP1 pid=3969954) [aiter] [pid=3969954 pname=VllmWorker-1] waiting for baton release at /tmp/inferencex-minimaxm3-1412/home/.aiter/build/pa_ps_4331853e5d783a2810374702b377af58/lock
(Worker_TP2 pid=3969955) [aiter] compile_template_op func_name = 'pa_ps_4331853e5d783a2810374702b377af58' with {'src_template': <Template memory:7849e30c3fe0>, 'md_name': 'pa_ps', 'includes': ['/shared/data/R7N/andy_luo_3v7/minimaxm3-agentx/overlays/aiter-sparse-indexer-cache-fusion-545d97c-266922c/csrc/cpp_itfs/pa/pa_ps.cuh'], 'sources': [], 'cxxflags': [], 'func_name': 'pa_ps_4331853e5d783a2810374702b377af58', 'folder': 'pa_ps_4331853e5d783a2810374702b377af58', 'kwargs': OrderedDict({'head_size': 128, 'query_group_size': 16, 'context_partition_num': 3, 'out_dtype': '__hip_bfloat16', 'logits_dtype': '__hip_bfloat16', 'sink_dtype': '__hip_bfloat16', 'use_sinks': False})}...
(Worker_TP2 pid=3969955) [aiter] [pid=3969955 pname=VllmWorker-2] waiting for baton release at /tmp/inferencex-minimaxm3-1412/home/.aiter/build/pa_ps_4331853e5d783a2810374702b377af58/lock
Capturing CUDA graphs (decode, FULL):  31%|███▏      | 15/48 [00:02<00:04,  7.97it/s]Capturing CUDA graphs (decode, FULL):  33%|███▎      | 16/48 [00:02<00:03,  8.00it/s][aiter] compile_template_op func_name = 'pa_ps_4331853e5d783a2810374702b377af58' with {'src_template': <Template memory:71190e262f30>, 'md_name': 'pa_ps', 'includes': ['/shared/data/R7N/andy_luo_3v7/minimaxm3-agentx/overlays/aiter-sparse-indexer-cache-fusion-545d97c-266922c/csrc/cpp_itfs/pa/pa_ps.cuh'], 'sources': [], 'cxxflags': [], 'func_name': 'pa_ps_4331853e5d783a2810374702b377af58', 'folder': 'pa_ps_4331853e5d783a2810374702b377af58', 'kwargs': OrderedDict({'head_size': 128, 'query_group_size': 16, 'context_partition_num': 3, 'out_dtype': '__hip_bfloat16', 'logits_dtype': '__hip_bfloat16', 'sink_dtype': '__hip_bfloat16', 'use_sinks': False})}...
(Worker_TP0 pid=3969953) [aiter] [pid=3969953 pname=VllmWorker-0] waiting for baton release at /tmp/inferencex-minimaxm3-1412/home/.aiter/build/pa_ps_4331853e5d783a2810374702b377af58/lock
clang (LLVM option parsing): Unknown command line argument '-amdgpu-coerce-illegal-types=1'.  Try: 'clang (LLVM option parsing) --help'
clang (LLVM option parsing): Did you mean '--amdgpu-mode-register=1'?
failed to execute:/opt/rocm/lib/llvm/bin/clang++  --offload-arch=gfx950 --offload-arch=gfx950 --offload-arch=gfx950 --offload-arch=gfx950 --offload-arch=gfx950 --offload-arch=gfx950 --offload-arch=gfx950 --offload-arch=gfx950 -O3  -mllvm -amdgpu-coerce-illegal-types=1 -x hip -c /dev/null -o "/dev/null"
(Worker_TP3 pid=3969956) [aiter] -mllvm -amdgpu-coerce-illegal-types=1 is not supported by hipcc.
(Worker_TP3 pid=3969956) [aiter] finish build /tmp/inferencex-minimaxm3-1412/home/.aiter/build/pa_ps_4331853e5d783a2810374702b377af58, cost 13.87701293s
(Worker_TP0 pid=3969953) Capturing CUDA graphs (decode, FULL):  35%|███▌      | 17/48 [00:16<02:12,  4.28s/it]Capturing CUDA graphs (decode, FULL):  38%|███▊      | 18/48 [00:16<01:30,  3.03s/it]Capturing CUDA graphs (decode, FULL):  40%|███▉      | 19/48 [00:16<01:02,  2.15s/it]Capturing CUDA graphs (decode, FULL):  42%|████▏     | 20/48 [00:16<00:43,  1.54s/it]Capturing CUDA graphs (decode, FULL):  44%|████▍     | 21/48 [00:16<00:30,  1.12s/it]Capturing CUDA graphs (decode, FULL):  46%|████▌     | 22/48 [00:17<00:23,  1.11it/s]Capturing CUDA graphs (decode, FULL):  48%|████▊     | 23/48 [00:17<00:16,  1.50it/s]Capturing CUDA graphs (decode, FULL):  50%|█████     | 24/48 [00:17<00:12,  2.00it/s]Capturing CUDA graphs (decode, FULL):  52%|█████▏    | 25/48 [00:17<00:08,  2.59it/s](Worker_TP3 pid=3969956) [aiter] compile_template_op func_name = 'pa_ps_45d4dc080d01c2828052fdbeafff3c3b' with {'src_template': <Template memory:7652f006f470>, 'md_name': 'pa_ps', 'includes': ['/shared/data/R7N/andy_luo_3v7/minimaxm3-agentx/overlays/aiter-sparse-indexer-cache-fusion-545d97c-266922c/csrc/cpp_itfs/pa/pa_ps.cuh'], 'sources': [], 'cxxflags': [], 'func_name': 'pa_ps_45d4dc080d01c2828052fdbeafff3c3b', 'folder': 'pa_ps_45d4dc080d01c2828052fdbeafff3c3b', 'kwargs': OrderedDict({'head_size': 128, 'query_group_size': 16, 'context_partition_num': 4, 'out_dtype': '__hip_bfloat16', 'logits_dtype': '__hip_bfloat16', 'sink_dtype': '__hip_bfloat16', 'use_sinks': False})}...
(Worker_TP3 pid=3969956) [aiter] start build /tmp/inferencex-minimaxm3-1412/home/.aiter/build/pa_ps_45d4dc080d01c2828052fdbeafff3c3b
Capturing CUDA graphs (decode, FULL):  54%|█████▍    | 26/48 [00:17<00:06,  3.27it/s][aiter] compile_template_op func_name = 'pa_ps_45d4dc080d01c2828052fdbeafff3c3b' with {'src_template': <Template memory:71190e262f30>, 'md_name': 'pa_ps', 'includes': ['/shared/data/R7N/andy_luo_3v7/minimaxm3-agentx/overlays/aiter-sparse-indexer-cache-fusion-545d97c-266922c/csrc/cpp_itfs/pa/pa_ps.cuh'], 'sources': [], 'cxxflags': [], 'func_name': 'pa_ps_45d4dc080d01c2828052fdbeafff3c3b', 'folder': 'pa_ps_45d4dc080d01c2828052fdbeafff3c3b', 'kwargs': OrderedDict({'head_size': 128, 'query_group_size': 16, 'context_partition_num': 4, 'out_dtype': '__hip_bfloat16', 'logits_dtype': '__hip_bfloat16', 'sink_dtype': '__hip_bfloat16', 'use_sinks': False})}...
(Worker_TP0 pid=3969953) [aiter] [pid=3969953 pname=VllmWorker-0] waiting for baton release at /tmp/inferencex-minimaxm3-1412/home/.aiter/build/pa_ps_45d4dc080d01c2828052fdbeafff3c3b/lock
(Worker_TP1 pid=3969954) [aiter] compile_template_op func_name = 'pa_ps_45d4dc080d01c2828052fdbeafff3c3b' with {'src_template': <Template memory:7627ed875730>, 'md_name': 'pa_ps', 'includes': ['/shared/data/R7N/andy_luo_3v7/minimaxm3-agentx/overlays/aiter-sparse-indexer-cache-fusion-545d97c-266922c/csrc/cpp_itfs/pa/pa_ps.cuh'], 'sources': [], 'cxxflags': [], 'func_name': 'pa_ps_45d4dc080d01c2828052fdbeafff3c3b', 'folder': 'pa_ps_45d4dc080d01c2828052fdbeafff3c3b', 'kwargs': OrderedDict({'head_size': 128, 'query_group_size': 16, 'context_partition_num': 4, 'out_dtype': '__hip_bfloat16', 'logits_dtype': '__hip_bfloat16', 'sink_dtype': '__hip_bfloat16', 'use_sinks': False})}...
(Worker_TP1 pid=3969954) [aiter] [pid=3969954 pname=VllmWorker-1] waiting for baton release at /tmp/inferencex-minimaxm3-1412/home/.aiter/build/pa_ps_45d4dc080d01c2828052fdbeafff3c3b/lock
(Worker_TP2 pid=3969955) [aiter] compile_template_op func_name = 'pa_ps_45d4dc080d01c2828052fdbeafff3c3b' with {'src_template': <Template memory:7849e30c3fe0>, 'md_name': 'pa_ps', 'includes': ['/shared/data/R7N/andy_luo_3v7/minimaxm3-agentx/overlays/aiter-sparse-indexer-cache-fusion-545d97c-266922c/csrc/cpp_itfs/pa/pa_ps.cuh'], 'sources': [], 'cxxflags': [], 'func_name': 'pa_ps_45d4dc080d01c2828052fdbeafff3c3b', 'folder': 'pa_ps_45d4dc080d01c2828052fdbeafff3c3b', 'kwargs': OrderedDict({'head_size': 128, 'query_group_size': 16, 'context_partition_num': 4, 'out_dtype': '__hip_bfloat16', 'logits_dtype': '__hip_bfloat16', 'sink_dtype': '__hip_bfloat16', 'use_sinks': False})}...
(Worker_TP2 pid=3969955) [aiter] [pid=3969955 pname=VllmWorker-2] waiting for baton release at /tmp/inferencex-minimaxm3-1412/home/.aiter/build/pa_ps_45d4dc080d01c2828052fdbeafff3c3b/lock
(Worker_TP3 pid=3969956) [aiter] finish build /tmp/inferencex-minimaxm3-1412/home/.aiter/build/pa_ps_45d4dc080d01c2828052fdbeafff3c3b, cost 1.51816127s
(Worker_TP0 pid=3969953) Capturing CUDA graphs (decode, FULL):  56%|█████▋    | 27/48 [00:19<00:15,  1.37it/s]Capturing CUDA graphs (decode, FULL):  58%|█████▊    | 28/48 [00:19<00:12,  1.59it/s]Capturing CUDA graphs (decode, FULL):  60%|██████    | 29/48 [00:19<00:09,  2.09it/s]Capturing CUDA graphs (decode, FULL):  62%|██████▎   | 30/48 [00:19<00:06,  2.71it/s](Worker_TP3 pid=3969956) [aiter] compile_template_op func_name = 'pa_ps_57dcdec950f1285d882472c6064ca9dd' with {'src_template': <Template memory:7652f006f470>, 'md_name': 'pa_ps', 'includes': ['/shared/data/R7N/andy_luo_3v7/minimaxm3-agentx/overlays/aiter-sparse-indexer-cache-fusion-545d97c-266922c/csrc/cpp_itfs/pa/pa_ps.cuh'], 'sources': [], 'cxxflags': [], 'func_name': 'pa_ps_57dcdec950f1285d882472c6064ca9dd', 'folder': 'pa_ps_57dcdec950f1285d882472c6064ca9dd', 'kwargs': OrderedDict({'head_size': 128, 'query_group_size': 16, 'context_partition_num': 5, 'out_dtype': '__hip_bfloat16', 'logits_dtype': '__hip_bfloat16', 'sink_dtype': '__hip_bfloat16', 'use_sinks': False})}...
(Worker_TP3 pid=3969956) [aiter] start build /tmp/inferencex-minimaxm3-1412/home/.aiter/build/pa_ps_57dcdec950f1285d882472c6064ca9dd
(Worker_TP1 pid=3969954) [aiter] compile_template_op func_name = 'pa_ps_57dcdec950f1285d882472c6064ca9dd' with {'src_template': <Template memory:7627ed875730>, 'md_name': 'pa_ps', 'includes': ['/shared/data/R7N/andy_luo_3v7/minimaxm3-agentx/overlays/aiter-sparse-indexer-cache-fusion-545d97c-266922c/csrc/cpp_itfs/pa/pa_ps.cuh'], 'sources': [], 'cxxflags': [], 'func_name': 'pa_ps_57dcdec950f1285d882472c6064ca9dd', 'folder': 'pa_ps_57dcdec950f1285d882472c6064ca9dd', 'kwargs': OrderedDict({'head_size': 128, 'query_group_size': 16, 'context_partition_num': 5, 'out_dtype': '__hip_bfloat16', 'logits_dtype': '__hip_bfloat16', 'sink_dtype': '__hip_bfloat16', 'use_sinks': False})}...
(Worker_TP1 pid=3969954) [aiter] [pid=3969954 pname=VllmWorker-1] waiting for baton release at /tmp/inferencex-minimaxm3-1412/home/.aiter/build/pa_ps_57dcdec950f1285d882472c6064ca9dd/lock
(Worker_TP2 pid=3969955) [aiter] compile_template_op func_name = 'pa_ps_57dcdec950f1285d882472c6064ca9dd' with {'src_template': <Template memory:7849e30c3fe0>, 'md_name': 'pa_ps', 'includes': ['/shared/data/R7N/andy_luo_3v7/minimaxm3-agentx/overlays/aiter-sparse-indexer-cache-fusion-545d97c-266922c/csrc/cpp_itfs/pa/pa_ps.cuh'], 'sources': [], 'cxxflags': [], 'func_name': 'pa_ps_57dcdec950f1285d882472c6064ca9dd', 'folder': 'pa_ps_57dcdec950f1285d882472c6064ca9dd', 'kwargs': OrderedDict({'head_size': 128, 'query_group_size': 16, 'context_partition_num': 5, 'out_dtype': '__hip_bfloat16', 'logits_dtype': '__hip_bfloat16', 'sink_dtype': '__hip_bfloat16', 'use_sinks': False})}...
(Worker_TP2 pid=3969955) [aiter] [pid=3969955 pname=VllmWorker-2] waiting for baton release at /tmp/inferencex-minimaxm3-1412/home/.aiter/build/pa_ps_57dcdec950f1285d882472c6064ca9dd/lock
Capturing CUDA graphs (decode, FULL):  65%|██████▍   | 31/48 [00:19<00:04,  3.42it/s]Capturing CUDA graphs (decode, FULL):  67%|██████▋   | 32/48 [00:20<00:03,  4.18it/s][aiter] compile_template_op func_name = 'pa_ps_57dcdec950f1285d882472c6064ca9dd' with {'src_template': <Template memory:71190e262f30>, 'md_name': 'pa_ps', 'includes': ['/shared/data/R7N/andy_luo_3v7/minimaxm3-agentx/overlays/aiter-sparse-indexer-cache-fusion-545d97c-266922c/csrc/cpp_itfs/pa/pa_ps.cuh'], 'sources': [], 'cxxflags': [], 'func_name': 'pa_ps_57dcdec950f1285d882472c6064ca9dd', 'folder': 'pa_ps_57dcdec950f1285d882472c6064ca9dd', 'kwargs': OrderedDict({'head_size': 128, 'query_group_size': 16, 'context_partition_num': 5, 'out_dtype': '__hip_bfloat16', 'logits_dtype': '__hip_bfloat16', 'sink_dtype': '__hip_bfloat16', 'use_sinks': False})}...
(Worker_TP0 pid=3969953) [aiter] [pid=3969953 pname=VllmWorker-0] waiting for baton release at /tmp/inferencex-minimaxm3-1412/home/.aiter/build/pa_ps_57dcdec950f1285d882472c6064ca9dd/lock
(Worker_TP3 pid=3969956) [aiter] finish build /tmp/inferencex-minimaxm3-1412/home/.aiter/build/pa_ps_57dcdec950f1285d882472c6064ca9dd, cost 1.42388690s
(Worker_TP0 pid=3969953) Capturing CUDA graphs (decode, FULL):  69%|██████▉   | 33/48 [00:21<00:09,  1.60it/s]Capturing CUDA graphs (decode, FULL):  71%|███████   | 34/48 [00:21<00:06,  2.12it/s](Worker_TP2 pid=3969955) [aiter] compile_template_op func_name = 'pa_ps_f95f4bb8adf849cff0d734e8f59f2c2b' with {'src_template': <Template memory:7849e30c3fe0>, 'md_name': 'pa_ps', 'includes': ['/shared/data/R7N/andy_luo_3v7/minimaxm3-agentx/overlays/aiter-sparse-indexer-cache-fusion-545d97c-266922c/csrc/cpp_itfs/pa/pa_ps.cuh'], 'sources': [], 'cxxflags': [], 'func_name': 'pa_ps_f95f4bb8adf849cff0d734e8f59f2c2b', 'folder': 'pa_ps_f95f4bb8adf849cff0d734e8f59f2c2b', 'kwargs': OrderedDict({'head_size': 128, 'query_group_size': 16, 'context_partition_num': 6, 'out_dtype': '__hip_bfloat16', 'logits_dtype': '__hip_bfloat16', 'sink_dtype': '__hip_bfloat16', 'use_sinks': False})}...
(Worker_TP2 pid=3969955) [aiter] start build /tmp/inferencex-minimaxm3-1412/home/.aiter/build/pa_ps_f95f4bb8adf849cff0d734e8f59f2c2b
(Worker_TP3 pid=3969956) [aiter] compile_template_op func_name = 'pa_ps_f95f4bb8adf849cff0d734e8f59f2c2b' with {'src_template': <Template memory:7652f006f470>, 'md_name': 'pa_ps', 'includes': ['/shared/data/R7N/andy_luo_3v7/minimaxm3-agentx/overlays/aiter-sparse-indexer-cache-fusion-545d97c-266922c/csrc/cpp_itfs/pa/pa_ps.cuh'], 'sources': [], 'cxxflags': [], 'func_name': 'pa_ps_f95f4bb8adf849cff0d734e8f59f2c2b', 'folder': 'pa_ps_f95f4bb8adf849cff0d734e8f59f2c2b', 'kwargs': OrderedDict({'head_size': 128, 'query_group_size': 16, 'context_partition_num': 6, 'out_dtype': '__hip_bfloat16', 'logits_dtype': '__hip_bfloat16', 'sink_dtype': '__hip_bfloat16', 'use_sinks': False})}...
(Worker_TP3 pid=3969956) [aiter] [pid=3969956 pname=VllmWorker-3] waiting for baton release at /tmp/inferencex-minimaxm3-1412/home/.aiter/build/pa_ps_f95f4bb8adf849cff0d734e8f59f2c2b/lock
Capturing CUDA graphs (decode, FULL):  73%|███████▎  | 35/48 [00:22<00:05,  2.22it/s][aiter] compile_template_op func_name = 'pa_ps_f95f4bb8adf849cff0d734e8f59f2c2b' with {'src_template': <Template memory:71190e262f30>, 'md_name': 'pa_ps', 'includes': ['/shared/data/R7N/andy_luo_3v7/minimaxm3-agentx/overlays/aiter-sparse-indexer-cache-fusion-545d97c-266922c/csrc/cpp_itfs/pa/pa_ps.cuh'], 'sources': [], 'cxxflags': [], 'func_name': 'pa_ps_f95f4bb8adf849cff0d734e8f59f2c2b', 'folder': 'pa_ps_f95f4bb8adf849cff0d734e8f59f2c2b', 'kwargs': OrderedDict({'head_size': 128, 'query_group_size': 16, 'context_partition_num': 6, 'out_dtype': '__hip_bfloat16', 'logits_dtype': '__hip_bfloat16', 'sink_dtype': '__hip_bfloat16', 'use_sinks': False})}...
(Worker_TP0 pid=3969953) [aiter] [pid=3969953 pname=VllmWorker-0] waiting for baton release at /tmp/inferencex-minimaxm3-1412/home/.aiter/build/pa_ps_f95f4bb8adf849cff0d734e8f59f2c2b/lock
(Worker_TP1 pid=3969954) [aiter] compile_template_op func_name = 'pa_ps_f95f4bb8adf849cff0d734e8f59f2c2b' with {'src_template': <Template memory:7627ed875730>, 'md_name': 'pa_ps', 'includes': ['/shared/data/R7N/andy_luo_3v7/minimaxm3-agentx/overlays/aiter-sparse-indexer-cache-fusion-545d97c-266922c/csrc/cpp_itfs/pa/pa_ps.cuh'], 'sources': [], 'cxxflags': [], 'func_name': 'pa_ps_f95f4bb8adf849cff0d734e8f59f2c2b', 'folder': 'pa_ps_f95f4bb8adf849cff0d734e8f59f2c2b', 'kwargs': OrderedDict({'head_size': 128, 'query_group_size': 16, 'context_partition_num': 6, 'out_dtype': '__hip_bfloat16', 'logits_dtype': '__hip_bfloat16', 'sink_dtype': '__hip_bfloat16', 'use_sinks': False})}...
(Worker_TP1 pid=3969954) [aiter] [pid=3969954 pname=VllmWorker-1] waiting for baton release at /tmp/inferencex-minimaxm3-1412/home/.aiter/build/pa_ps_f95f4bb8adf849cff0d734e8f59f2c2b/lock
(Worker_TP2 pid=3969955) [aiter] finish build /tmp/inferencex-minimaxm3-1412/home/.aiter/build/pa_ps_f95f4bb8adf849cff0d734e8f59f2c2b, cost 1.33903164s
(Worker_TP2 pid=3969955) [aiter] compile_template_op func_name = 'pa_ps_854ae9e94347156b92bc3b571f2c0106' with {'src_template': <Template memory:7849e30c3fe0>, 'md_name': 'pa_ps', 'includes': ['/shared/data/R7N/andy_luo_3v7/minimaxm3-agentx/overlays/aiter-sparse-indexer-cache-fusion-545d97c-266922c/csrc/cpp_itfs/pa/pa_ps.cuh'], 'sources': [], 'cxxflags': [], 'func_name': 'pa_ps_854ae9e94347156b92bc3b571f2c0106', 'folder': 'pa_ps_854ae9e94347156b92bc3b571f2c0106', 'kwargs': OrderedDict({'head_size': 128, 'query_group_size': 16, 'context_partition_num': 7, 'out_dtype': '__hip_bfloat16', 'logits_dtype': '__hip_bfloat16', 'sink_dtype': '__hip_bfloat16', 'use_sinks': False})}...
(Worker_TP2 pid=3969955) [aiter] start build /tmp/inferencex-minimaxm3-1412/home/.aiter/build/pa_ps_854ae9e94347156b92bc3b571f2c0106
(Worker_TP1 pid=3969954) [aiter] compile_template_op func_name = 'pa_ps_854ae9e94347156b92bc3b571f2c0106' with {'src_template': <Template memory:7627ed875730>, 'md_name': 'pa_ps', 'includes': ['/shared/data/R7N/andy_luo_3v7/minimaxm3-agentx/overlays/aiter-sparse-indexer-cache-fusion-545d97c-266922c/csrc/cpp_itfs/pa/pa_ps.cuh'], 'sources': [], 'cxxflags': [], 'func_name': 'pa_ps_854ae9e94347156b92bc3b571f2c0106', 'folder': 'pa_ps_854ae9e94347156b92bc3b571f2c0106', 'kwargs': OrderedDict({'head_size': 128, 'query_group_size': 16, 'context_partition_num': 7, 'out_dtype': '__hip_bfloat16', 'logits_dtype': '__hip_bfloat16', 'sink_dtype': '__hip_bfloat16', 'use_sinks': False})}...
(Worker_TP1 pid=3969954) [aiter] [pid=3969954 pname=VllmWorker-1] waiting for baton release at /tmp/inferencex-minimaxm3-1412/home/.aiter/build/pa_ps_854ae9e94347156b92bc3b571f2c0106/lock
(Worker_TP3 pid=3969956) [aiter] compile_template_op func_name = 'pa_ps_854ae9e94347156b92bc3b571f2c0106' with {'src_template': <Template memory:7652f006f470>, 'md_name': 'pa_ps', 'includes': ['/shared/data/R7N/andy_luo_3v7/minimaxm3-agentx/overlays/aiter-sparse-indexer-cache-fusion-545d97c-266922c/csrc/cpp_itfs/pa/pa_ps.cuh'], 'sources': [], 'cxxflags': [], 'func_name': 'pa_ps_854ae9e94347156b92bc3b571f2c0106', 'folder': 'pa_ps_854ae9e94347156b92bc3b571f2c0106', 'kwargs': OrderedDict({'head_size': 128, 'query_group_size': 16, 'context_partition_num': 7, 'out_dtype': '__hip_bfloat16', 'logits_dtype': '__hip_bfloat16', 'sink_dtype': '__hip_bfloat16', 'use_sinks': False})}...
(Worker_TP3 pid=3969956) [aiter] [pid=3969956 pname=VllmWorker-3] waiting for baton release at /tmp/inferencex-minimaxm3-1412/home/.aiter/build/pa_ps_854ae9e94347156b92bc3b571f2c0106/lock
(Worker_TP0 pid=3969953) Capturing CUDA graphs (decode, FULL):  75%|███████▌  | 36/48 [00:23<00:09,  1.27it/s]Capturing CUDA graphs (decode, FULL):  77%|███████▋  | 37/48 [00:23<00:06,  1.71it/s][aiter] compile_template_op func_name = 'pa_ps_854ae9e94347156b92bc3b571f2c0106' with {'src_template': <Template memory:71190e262f30>, 'md_name': 'pa_ps', 'includes': ['/shared/data/R7N/andy_luo_3v7/minimaxm3-agentx/overlays/aiter-sparse-indexer-cache-fusion-545d97c-266922c/csrc/cpp_itfs/pa/pa_ps.cuh'], 'sources': [], 'cxxflags': [], 'func_name': 'pa_ps_854ae9e94347156b92bc3b571f2c0106', 'folder': 'pa_ps_854ae9e94347156b92bc3b571f2c0106', 'kwargs': OrderedDict({'head_size': 128, 'query_group_size': 16, 'context_partition_num': 7, 'out_dtype': '__hip_bfloat16', 'logits_dtype': '__hip_bfloat16', 'sink_dtype': '__hip_bfloat16', 'use_sinks': False})}...
(Worker_TP0 pid=3969953) [aiter] [pid=3969953 pname=VllmWorker-0] waiting for baton release at /tmp/inferencex-minimaxm3-1412/home/.aiter/build/pa_ps_854ae9e94347156b92bc3b571f2c0106/lock
(Worker_TP2 pid=3969955) [aiter] finish build /tmp/inferencex-minimaxm3-1412/home/.aiter/build/pa_ps_854ae9e94347156b92bc3b571f2c0106, cost 1.37061345s
(Worker_TP0 pid=3969953) Capturing CUDA graphs (decode, FULL):  79%|███████▉  | 38/48 [00:25<00:08,  1.24it/s]Capturing CUDA graphs (decode, FULL):  81%|████████▏ | 39/48 [00:25<00:05,  1.67it/s]Capturing CUDA graphs (decode, FULL):  83%|████████▎ | 40/48 [00:25<00:03,  2.20it/s]Capturing CUDA graphs (decode, FULL):  85%|████████▌ | 41/48 [00:25<00:02,  2.83it/s]Capturing CUDA graphs (decode, FULL):  88%|████████▊ | 42/48 [00:25<00:01,  3.56it/s]Capturing CUDA graphs (decode, FULL):  90%|████████▉ | 43/48 [00:25<00:01,  4.34it/s]Capturing CUDA graphs (decode, FULL):  92%|█████████▏| 44/48 [00:25<00:00,  5.12it/s]Capturing CUDA graphs (decode, FULL):  94%|█████████▍| 45/48 [00:25<00:00,  5.82it/s]Capturing CUDA graphs (decode, FULL):  96%|█████████▌| 46/48 [00:26<00:00,  6.44it/s]Capturing CUDA graphs (decode, FULL):  98%|█████████▊| 47/48 [00:26<00:00,  6.98it/s]Capturing CUDA graphs (decode, FULL): 100%|██████████| 48/48 [00:26<00:00,  4.48it/s]Capturing CUDA graphs (decode, FULL): 100%|██████████| 48/48 [00:26<00:00,  1.80it/s]
(Worker_TP2 pid=3969955) [aiter] Registering 5952 cuda graph addresses
(Worker_TP1 pid=3969954) [aiter] Registering 5952 cuda graph addresses
(Worker_TP3 pid=3969956) [aiter] Registering 5952 cuda graph addresses
(Worker_TP0 pid=3969953) [aiter] Registering 5952 cuda graph addresses
(Worker_TP2 pid=3969955) INFO 08-25 19:35:38 [gpu_worker.py:726] CUDA graph pool memory: 0.98 GiB (actual), 2.31 GiB (estimated), difference: 1.33 GiB (135.7%).
(Worker_TP2 pid=3969955) INFO 08-25 19:35:38 [gpu_worker.py:789] Free memory on device (279.8/287.98 GiB) on startup. Desired GPU memory utilization is (0.85, 244.79 GiB). Actual usage is 62.29 GiB for consumed memory (weights + non-torch), 7.81 GiB for peak activation, and 0.98 GiB for CUDAGraph memory. Replace gpu_memory_utilization config with `--kv-cache-memory=186361780122` (173.56 GiB) to fit into requested memory, or `--kv-cache-memory=223957843456` (208.58 GiB) to fully utilize gpu memory. Current kv cache memory in use is 174.69 GiB.
(Worker_TP2 pid=3969955) [aiter] shape is M:256, N:128, K:6144 dtype='torch.float32' otype='torch.float32' bias=False, scaleAB=False, bpreshuffle=False, not found tuned config in /tmp/aiter_configs/bf16_tuned_gemm.csv, will use default config! using torch solution:0
(Worker_TP2 pid=3969955) [aiter] [fused_moe] using 2stage (kernelName1='flydsl_moe1_afp4_wfp4_bf16_t64x128x256_w4_xcd4_fp4', kernelName2='flydsl_moe2_afp4_wfp4_bf16_t64x128x256_reduce_bnt2') for ('gfx950', 256, 256, 6144, 768, 129, 5, 'ActivationType.Swiglu', 'torch.bfloat16', 'torch.float4_e2m1fn_x2', 'torch.float4_e2m1fn_x2', 'QuantType.per_1x32', True, False) 
(Worker_TP1 pid=3969954) INFO 08-25 19:35:38 [gpu_worker.py:726] CUDA graph pool memory: 0.98 GiB (actual), 2.31 GiB (estimated), difference: 1.33 GiB (135.7%).
(Worker_TP1 pid=3969954) INFO 08-25 19:35:38 [gpu_worker.py:789] Free memory on device (279.8/287.98 GiB) on startup. Desired GPU memory utilization is (0.85, 244.79 GiB). Actual usage is 62.29 GiB for consumed memory (weights + non-torch), 7.81 GiB for peak activation, and 0.98 GiB for CUDAGraph memory. Replace gpu_memory_utilization config with `--kv-cache-memory=186361780122` (173.56 GiB) to fit into requested memory, or `--kv-cache-memory=223957843456` (208.58 GiB) to fully utilize gpu memory. Current kv cache memory in use is 174.69 GiB.
(Worker_TP1 pid=3969954) [aiter] shape is M:256, N:128, K:6144 dtype='torch.float32' otype='torch.float32' bias=False, scaleAB=False, bpreshuffle=False, not found tuned config in /tmp/aiter_configs/bf16_tuned_gemm.csv, will use default config! using torch solution:0
(Worker_TP1 pid=3969954) [aiter] [fused_moe] using 2stage (kernelName1='flydsl_moe1_afp4_wfp4_bf16_t64x128x256_w4_xcd4_fp4', kernelName2='flydsl_moe2_afp4_wfp4_bf16_t64x128x256_reduce_bnt2') for ('gfx950', 256, 256, 6144, 768, 129, 5, 'ActivationType.Swiglu', 'torch.bfloat16', 'torch.float4_e2m1fn_x2', 'torch.float4_e2m1fn_x2', 'QuantType.per_1x32', True, False) 
(Worker_TP0 pid=3969953) INFO 08-25 19:35:38 [gpu_model_runner.py:6913] Graph capturing finished in 295 secs, took 0.98 GiB
(Worker_TP0 pid=3969953) INFO 08-25 19:35:38 [gpu_worker.py:726] CUDA graph pool memory: 0.98 GiB (actual), 2.31 GiB (estimated), difference: 1.33 GiB (135.7%).
(Worker_TP0 pid=3969953) INFO 08-25 19:35:38 [gpu_worker.py:789] Free memory on device (279.99/287.98 GiB) on startup. Desired GPU memory utilization is (0.85, 244.79 GiB). Actual usage is 62.2 GiB for consumed memory (weights + non-torch), 7.81 GiB for peak activation, and 0.98 GiB for CUDAGraph memory. Replace gpu_memory_utilization config with `--kv-cache-memory=186462443418` (173.66 GiB) to fit into requested memory, or `--kv-cache-memory=224259833344` (208.86 GiB) to fully utilize gpu memory. Current kv cache memory in use is 174.78 GiB.
(Worker_TP0 pid=3969953) [aiter] shape is M:256, N:128, K:6144 dtype='torch.float32' otype='torch.float32' bias=False, scaleAB=False, bpreshuffle=False, not found tuned config in /tmp/aiter_configs/bf16_tuned_gemm.csv, will use default config! using torch solution:0
(Worker_TP0 pid=3969953) [aiter] [fused_moe] using 2stage (kernelName1='flydsl_moe1_afp4_wfp4_bf16_t64x128x256_w4_xcd4_fp4', kernelName2='flydsl_moe2_afp4_wfp4_bf16_t64x128x256_reduce_bnt2') for ('gfx950', 256, 256, 6144, 768, 129, 5, 'ActivationType.Swiglu', 'torch.bfloat16', 'torch.float4_e2m1fn_x2', 'torch.float4_e2m1fn_x2', 'QuantType.per_1x32', True, False) 
(Worker_TP3 pid=3969956) INFO 08-25 19:35:38 [gpu_worker.py:726] CUDA graph pool memory: 0.98 GiB (actual), 2.31 GiB (estimated), difference: 1.33 GiB (135.7%).
(Worker_TP3 pid=3969956) INFO 08-25 19:35:38 [gpu_worker.py:789] Free memory on device (279.74/287.98 GiB) on startup. Desired GPU memory utilization is (0.85, 244.79 GiB). Actual usage is 62.32 GiB for consumed memory (weights + non-torch), 7.81 GiB for peak activation, and 0.98 GiB for CUDAGraph memory. Replace gpu_memory_utilization config with `--kv-cache-memory=186328225690` (173.53 GiB) to fit into requested memory, or `--kv-cache-memory=223857180160` (208.48 GiB) to fully utilize gpu memory. Current kv cache memory in use is 174.66 GiB.
(Worker_TP3 pid=3969956) [aiter] shape is M:256, N:128, K:6144 dtype='torch.float32' otype='torch.float32' bias=False, scaleAB=False, bpreshuffle=False, not found tuned config in /tmp/aiter_configs/bf16_tuned_gemm.csv, will use default config! using torch solution:0
(Worker_TP3 pid=3969956) [aiter] [fused_moe] using 2stage (kernelName1='flydsl_moe1_afp4_wfp4_bf16_t64x128x256_w4_xcd4_fp4', kernelName2='flydsl_moe2_afp4_wfp4_bf16_t64x128x256_reduce_bnt2') for ('gfx950', 256, 256, 6144, 768, 129, 5, 'ActivationType.Swiglu', 'torch.bfloat16', 'torch.float4_e2m1fn_x2', 'torch.float4_e2m1fn_x2', 'QuantType.per_1x32', True, False) 
(Worker_TP2 pid=3969955) [aiter] shape is M:256, N:2304, K:12288 dtype='torch.bfloat16' otype='torch.bfloat16' bias=False, scaleAB=False, bpreshuffle=False, not found tuned config in /tmp/aiter_configs/bf16_tuned_gemm.csv, will use default config! using torch solution:0
(Worker_TP1 pid=3969954) [aiter] shape is M:256, N:2304, K:12288 dtype='torch.bfloat16' otype='torch.bfloat16' bias=False, scaleAB=False, bpreshuffle=False, not found tuned config in /tmp/aiter_configs/bf16_tuned_gemm.csv, will use default config! using torch solution:0
(Worker_TP0 pid=3969953) [aiter] shape is M:256, N:2304, K:12288 dtype='torch.bfloat16' otype='torch.bfloat16' bias=False, scaleAB=False, bpreshuffle=False, not found tuned config in /tmp/aiter_configs/bf16_tuned_gemm.csv, will use default config! using torch solution:0
(Worker_TP3 pid=3969956) [aiter] shape is M:256, N:2304, K:12288 dtype='torch.bfloat16' otype='torch.bfloat16' bias=False, scaleAB=False, bpreshuffle=False, not found tuned config in /tmp/aiter_configs/bf16_tuned_gemm.csv, will use default config! using torch solution:0
(Worker_TP3 pid=3969956) INFO 08-25 19:35:38 [jit_monitor.py:79] Kernel JIT monitor activated; monitored JIT compilations during inference will use mode=warn.
(Worker_TP0 pid=3969953) INFO 08-25 19:35:38 [jit_monitor.py:79] Kernel JIT monitor activated; monitored JIT compilations during inference will use mode=warn.
(Worker_TP1 pid=3969954) INFO 08-25 19:35:38 [jit_monitor.py:79] Kernel JIT monitor activated; monitored JIT compilations during inference will use mode=warn.
(Worker_TP2 pid=3969955) INFO 08-25 19:35:38 [jit_monitor.py:79] Kernel JIT monitor activated; monitored JIT compilations during inference will use mode=warn.
(EngineCore pid=3969676) INFO 08-25 19:35:39 [core.py:348] init engine (profile, create kv cache, warmup model) took 467.35 s (compilation: 4.73 s)
(EngineCore pid=3969676) INFO 08-25 19:35:40 [registry.py:134] All limits of multimodal modalities supported by the model are set to 0, running in text-only mode.
(EngineCore pid=3969676) INFO 08-25 19:35:41 [kernel.py:306] Final IR op priority after setting platform defaults: IrOpPriorityConfig(rms_norm=['aiter', 'native'], fused_add_rms_norm=['aiter', 'native'])
(EngineCore pid=3969676) INFO 08-25 19:35:41 [compilation.py:329] Enabled custom fusions: norm_quant, act_quant, allreduce_rms, mla_dual_rms_norm
(APIServer pid=3968344) INFO 08-25 19:35:41 [api_server.py:678] Supported tasks: ['generate']
(APIServer pid=3968344) INFO 08-25 19:35:41 [parser_manager.py:37] "auto" tool choice has been enabled.
(APIServer pid=3968344) INFO 08-25 19:35:42 [hf.py:540] Detected the chat template content format to be 'openai'. You can set `--chat-template-content-format` to override this.
(APIServer pid=3968344) WARNING 08-25 19:35:42 [model.py:1637] Default vLLM sampling parameters have been overridden by the model's `generation_config.json`: `{'temperature': 1.0, 'top_p': 0.95}`. If this is not intended, please relaunch vLLM instance with `--generation-config vllm`.
(APIServer pid=3968344) INFO 08-25 19:35:42 [api_server.py:682] Starting vLLM server on http://0.0.0.0:8886
(APIServer pid=3968344) INFO 08-25 19:35:42 [launcher.py:37] Available routes are:
(APIServer pid=3968344) INFO 08-25 19:35:42 [launcher.py:46] Route: /openapi.json, Methods: HEAD, GET
(APIServer pid=3968344) INFO 08-25 19:35:42 [launcher.py:46] Route: /docs, Methods: HEAD, GET
(APIServer pid=3968344) INFO 08-25 19:35:42 [launcher.py:46] Route: /docs/oauth2-redirect, Methods: HEAD, GET
(APIServer pid=3968344) INFO 08-25 19:35:42 [launcher.py:46] Route: /redoc, Methods: HEAD, GET
(APIServer pid=3968344) INFO 08-25 19:35:42 [launcher.py:46] Route: /load, Methods: GET
(APIServer pid=3968344) INFO 08-25 19:35:42 [launcher.py:46] Route: /version, Methods: GET
(APIServer pid=3968344) INFO 08-25 19:35:42 [launcher.py:46] Route: /health, Methods: GET
(APIServer pid=3968344) INFO 08-25 19:35:42 [launcher.py:46] Route: /metrics, Methods: GET
(APIServer pid=3968344) INFO 08-25 19:35:42 [launcher.py:46] Route: /tokenize, Methods: POST
(APIServer pid=3968344) INFO 08-25 19:35:42 [launcher.py:46] Route: /detokenize, Methods: POST
(APIServer pid=3968344) INFO 08-25 19:35:42 [launcher.py:46] Route: /v1/models, Methods: GET
(APIServer pid=3968344) INFO 08-25 19:35:42 [launcher.py:46] Route: /ping, Methods: GET
(APIServer pid=3968344) INFO 08-25 19:35:42 [launcher.py:46] Route: /ping, Methods: POST
(APIServer pid=3968344) INFO 08-25 19:35:42 [launcher.py:46] Route: /invocations, Methods: POST
(APIServer pid=3968344) INFO 08-25 19:35:42 [launcher.py:46] Route: /v1/chat/completions, Methods: POST
(APIServer pid=3968344) INFO 08-25 19:35:42 [launcher.py:46] Route: /v1/chat/completions/batch, Methods: POST
(APIServer pid=3968344) INFO 08-25 19:35:42 [launcher.py:46] Route: /v1/responses, Methods: POST
(APIServer pid=3968344) INFO 08-25 19:35:42 [launcher.py:46] Route: /v1/responses/{response_id}, Methods: GET
(APIServer pid=3968344) INFO 08-25 19:35:42 [launcher.py:46] Route: /v1/responses/{response_id}/cancel, Methods: POST
(APIServer pid=3968344) INFO 08-25 19:35:42 [launcher.py:46] Route: /v1/completions, Methods: POST
(APIServer pid=3968344) INFO 08-25 19:35:42 [launcher.py:46] Route: /v1/messages, Methods: POST
(APIServer pid=3968344) INFO 08-25 19:35:42 [launcher.py:46] Route: /v1/messages/count_tokens, Methods: POST
(APIServer pid=3968344) INFO 08-25 19:35:42 [launcher.py:46] Route: /generative_scoring, Methods: POST
(APIServer pid=3968344) INFO 08-25 19:35:42 [launcher.py:46] Route: /scale_elastic_ep, Methods: POST
(APIServer pid=3968344) INFO 08-25 19:35:42 [launcher.py:46] Route: /is_scaling_elastic_ep, Methods: POST
(APIServer pid=3968344) INFO 08-25 19:35:42 [launcher.py:46] Route: /v1/chat/completions/render, Methods: POST
(APIServer pid=3968344) INFO 08-25 19:35:42 [launcher.py:46] Route: /v1/completions/render, Methods: POST
(APIServer pid=3968344) INFO 08-25 19:35:42 [launcher.py:46] Route: /v1/chat/completions/derender, Methods: POST
(APIServer pid=3968344) INFO 08-25 19:35:42 [launcher.py:46] Route: /v1/completions/derender, Methods: POST
(APIServer pid=3968344) INFO 08-25 19:35:42 [launcher.py:46] Route: /inference/v1/generate, Methods: POST
(APIServer pid=3968344) INFO 08-25 19:35:42 [launcher.py:99] API server: waiting for HTTP server to start
(APIServer pid=3968344) INFO:     Started server process [3968344]
(APIServer pid=3968344) INFO:     Waiting for application startup.
(APIServer pid=3968344) INFO:     Application startup complete.
(APIServer pid=3968344) INFO 08-25 19:35:42 [launcher.py:105] API server: HTTP server started
+ tee /shared/data/R7N/andy_luo_3v7/minimaxm3-agentx/results/mtp-k4-aiter-full-indexer-resident-v19-tp4-c1-full-indexer-complete-curve-20260825-r1/benchmark.log
+ /tmp/inferencex-minimaxm3-1412/runs/mtp-k4-aiter-full-indexer-resident-v19-tp4-c1-full-indexer-complete-curve-20260825-r1/venv/bin/aiperf profile --scenario inferencex-agentx-mvp --url http://localhost:8886 --endpoint /v1/chat/completions --endpoint-type chat --streaming --model amd/MiniMax-M3-MXFP4 --tokenizer amd/MiniMax-M3-MXFP4 --concurrency 1 --benchmark-duration 3600 --stats-interval 30 --random-seed 42 --failed-request-threshold 0.10 --trajectory-start-min-ratio 0.25 --trajectory-start-max-ratio 0.75 --warmup-requests-per-lane 10 --trace-idle-gap-cap-seconds 300 --warmup-grace-period 1800 --use-server-token-count --no-gpu-telemetry --tokenizer-trust-remote-code --num-dataset-entries 393 --slice-duration 1.0 --server-metrics http://localhost:8886/metrics --output-artifact-dir /shared/data/R7N/andy_luo_3v7/minimaxm3-agentx/results/mtp-k4-aiter-full-indexer-resident-v19-tp4-c1-full-indexer-complete-curve-20260825-r1/aiperf_artifacts --public-dataset semianalysis_cc_traces_weka_062126 --apply-chat-template
19:35:45.152 INFO     Starting AIPerf System (_single_run.py:64)
19:35:45.163 INFO     Scenario 'inferencex-agentx-mvp': setting profiling-phase timing_mode=agentic_replay. (validator.py:226)
19:35:45.163 INFO     Scenario 'inferencex-agentx-mvp': injecting extra_inputs.ignore_eos=true (was absent). (validator.py:285)
19:35:45.163 INFO     Scenario 'inferencex-agentx-mvp': auto-set --cache-bust=first_turn_prefix (was at default none). (validator.py:538)
19:35:45.163 INFO     Scenario 'inferencex-agentx-mvp': auto-set --system-idle-gap-cap-seconds=10.0 (was unset). (validator.py:779)
19:35:45.378 INFO     GPU telemetry disabled via --no-gpu-telemetry (system_controller.py:269)
19:35:45.389 INFO     Registered Worker Manager (id: 'worker_manager') (system_controller.py:413)
19:35:45.418 INFO     Server Metrics: Discovered 1 endpoints: ['http://localhost:8886/metrics'] (manager.py:97)
19:35:45.439 INFO     Registered Dataset Manager (id: 'dataset_manager') (system_controller.py:413)
19:35:45.442 INFO     Registered Server Metrics Manager (id: 'server_metrics_manager') (system_controller.py:413)
19:35:45.443 INFO     Registered Record Processor (id: 'record_processor_f0747dd9') (system_controller.py:413)
19:35:45.449 INFO     Telemetry streaming is disabled (set --otel-url and/or --mlflow-tracking-uri to enable) (otel_metrics_results_processor.py:127)
19:35:45.450 INFO     Record metrics export enabled: /shared/data/R7N/andy_luo_3v7/minimaxm3-agentx/results/mtp-k4-aiter-full-indexer-resident-v19-tp4-c1-full-indexer-complete-curve-20260825-r1/aiperf_artifacts/profile_export.jsonl (record_export_jsonl_writer.py:62)
19:35:45.484 INFO     Registered Records Manager (id: 'records_manager') (system_controller.py:413)
19:35:45.554 INFO     Registered Worker (id: 'worker_53b8d886') (system_controller.py:413)
19:35:45.619 INFO     Registered Timing Manager (id: 'timing_manager') (system_controller.py:413)
19:35:45.880 INFO     AIPerf System is CONFIGURING (system_controller.py:294)
19:35:45.881 INFO     Configuring all services to start profiling (system_controller.py:307)
19:35:45.881 INFO     Waiting for dataset to be configured before configuring timing (manager.py:124)
19:35:45.881 INFO     Tokenization is disabled for this endpoint, skipping tokenizer configuration (inference_result_parser.py:80)
19:35:45.883 INFO     Configuring tokenizer(s) for dataset manager (dataset_manager.py:240)
19:35:45.897 INFO     Server Metrics: Capturing baseline metrics... (manager.py:191)
19:35:45.919 INFO     Skipping unsupported summary metric: http_request_size_bytes (data_collector.py:308)
19:35:45.919 INFO     Skipping unsupported summary metric: http_response_size_bytes (data_collector.py:308)
19:35:45.920 INFO     Server metrics enabled - 1/1 endpoint(s) reachable. (system_controller.py:592)
19:35:45.920 INFO     Waiting for result domains: profile, server_metrics (system_controller.py:869)
19:35:46.676 INFO     HTTP Request: HEAD https://huggingface.co/amd/MiniMax-M3-MXFP4/resolve/main/config.json "HTTP/1.1 307 Temporary Redirect" (_client.py:1025)
19:35:46.676 WARNING  Warning: You are sending unauthenticated requests to the HF Hub. Please set a HF_TOKEN to enable higher rate limits and faster downloads. (_http.py:955)
19:35:46.683 INFO     HTTP Request: HEAD https://huggingface.co/api/resolve-cache/models/amd/MiniMax-M3-MXFP4/b83d14e3d64bf373a207f3c2a7e9f0b0f1e7fc3a/config.json "HTTP/1.1 200 OK" (_client.py:1025)
19:35:46.939 INFO     HTTP Request: HEAD https://huggingface.co/amd/MiniMax-M3-MXFP4/resolve/main/configuration_minimax_m3_vl.py "HTTP/1.1 307 Temporary Redirect" (_client.py:1025)
19:35:46.946 INFO     HTTP Request: HEAD https://huggingface.co/api/resolve-cache/models/amd/MiniMax-M3-MXFP4/b83d14e3d64bf373a207f3c2a7e9f0b0f1e7fc3a/configuration_minimax_m3_vl.py "HTTP/1.1 200 OK" (_client.py:1025)
19:35:46.998 INFO     HTTP Request: HEAD https://huggingface.co/amd/MiniMax-M3-MXFP4/resolve/main/config.json "HTTP/1.1 307 Temporary Redirect" (_client.py:1025)
19:35:47.007 INFO     HTTP Request: HEAD https://huggingface.co/api/resolve-cache/models/amd/MiniMax-M3-MXFP4/b83d14e3d64bf373a207f3c2a7e9f0b0f1e7fc3a/config.json "HTTP/1.1 200 OK" (_client.py:1025)
19:35:47.048 INFO     HTTP Request: HEAD https://huggingface.co/amd/MiniMax-M3-MXFP4/resolve/main/tokenizer_config.json "HTTP/1.1 307 Temporary Redirect" (_client.py:1025)
19:35:47.055 INFO     HTTP Request: HEAD https://huggingface.co/api/resolve-cache/models/amd/MiniMax-M3-MXFP4/b83d14e3d64bf373a207f3c2a7e9f0b0f1e7fc3a/tokenizer_config.json "HTTP/1.1 200 OK" (_client.py:1025)
19:35:47.101 INFO     HTTP Request: GET https://huggingface.co/api/models/amd/MiniMax-M3-MXFP4/tree/main/additional_chat_templates?recursive=false&expand=false "HTTP/1.1 404 Not Found" (_client.py:1025)
19:35:47.144 INFO     HTTP Request: GET https://huggingface.co/api/models/amd/MiniMax-M3-MXFP4/tree/main?recursive=true&expand=false "HTTP/1.1 200 OK" (_client.py:1025)
19:35:47.715 INFO     HTTP Request: GET https://huggingface.co/api/models/amd/MiniMax-M3-MXFP4 "HTTP/1.1 200 OK" (_client.py:1025)
19:35:47.738 INFO     Tokenizer(s) configured in 1.85 seconds (dataset_manager.py:244)
19:35:47.738 INFO     Configuring dataset for dataset_manager (dataset_manager.py:250)
19:35:48.484 INFO     Loading HuggingFace dataset 'semianalysisai/cc-traces-weka-062126' (split=train) (base_hf_dataset.py:48)
19:35:49.351 INFO     HTTP Request: HEAD https://huggingface.co/datasets/semianalysisai/cc-traces-weka-062126/resolve/main/README.md "HTTP/1.1 307 Temporary Redirect" (_client.py:1025)
19:35:49.359 INFO     HTTP Request: HEAD https://huggingface.co/api/resolve-cache/datasets/semianalysisai/cc-traces-weka-062126/23f152f6f0f9399a85901b89a6458def0ef16729/README.md "HTTP/1.1 200 OK" (_client.py:1025)
19:35:49.399 INFO     HTTP Request: HEAD https://huggingface.co/datasets/semianalysisai/cc-traces-weka-062126/resolve/23f152f6f0f9399a85901b89a6458def0ef16729/cc-traces-weka-062126.py "HTTP/1.1 404 Not Found" (_client.py:1025)
19:35:49.498 INFO     HTTP Request: HEAD https://s3.amazonaws.com/datasets.huggingface.co/datasets/datasets/semianalysisai/cc-traces-weka-062126/semianalysisai/cc-traces-weka-062126.py "HTTP/1.1 404 Not Found" (_client.py:1025)
19:35:49.549 INFO     HTTP Request: GET https://huggingface.co/api/datasets/semianalysisai/cc-traces-weka-062126/revision/23f152f6f0f9399a85901b89a6458def0ef16729 "HTTP/1.1 200 OK" (_client.py:1025)
19:35:49.586 INFO     HTTP Request: HEAD https://huggingface.co/datasets/semianalysisai/cc-traces-weka-062126/resolve/23f152f6f0f9399a85901b89a6458def0ef16729/.huggingface.yaml "HTTP/1.1 404 Not Found" (_client.py:1025)
19:35:49.649 INFO     HTTP Request: GET https://datasets-server.huggingface.co/info?dataset=semianalysisai/cc-traces-weka-062126 "HTTP/1.1 200 OK" (_client.py:1025)
19:35:49.715 INFO     HTTP Request: GET https://huggingface.co/api/datasets/semianalysisai/cc-traces-weka-062126/tree/23f152f6f0f9399a85901b89a6458def0ef16729?recursive=false&expand=false "HTTP/1.1 200 OK" (_client.py:1025)
19:35:49.761 INFO     HTTP Request: HEAD https://huggingface.co/datasets/semianalysisai/cc-traces-weka-062126/resolve/23f152f6f0f9399a85901b89a6458def0ef16729/dataset_infos.json "HTTP/1.1 404 Not Found" (_client.py:1025)
19:36:10.337 INFO     weka trace selection [semianalysisai/cc-traces-weka-062126]: scanned 393, rejected_by_maxctx 0 (--max-context-length=None), eligible 393, loaded 393 (--num-dataset-entries=393), largest_observed_peak_context 996,579 (selection.py:73)
19:36:10.339 INFO     Loaded 393/393 eligible traces (filter-then-cap; --num-dataset-entries=393, --max-context-length=None) (semianalysis_cc_traces_weka.py:207)
19:36:34.847 INFO     WekaTraceLoader: spawning 16 worker process(es) for parallel reconstruction of 393 trace(s) (weka_trace.py:2433)
19:36:43.902 INFO     WekaTraceLoader: reconstructed 39/393 (10%) in 7.0s (5.6 traces/s) (weka_parallel_convert.py:751)
19:36:43.902 INFO     WekaTraceLoader: reconstructed 78/393 (20%) in 7.0s (11.2 traces/s) (weka_parallel_convert.py:751)
19:36:43.902 INFO     WekaTraceLoader: reconstructed 117/393 (30%) in 7.0s (16.8 traces/s) (weka_parallel_convert.py:751)
19:36:59.313 INFO     WekaTraceLoader: reconstructed 156/393 (40%) in 22.4s (7.0 traces/s) (weka_parallel_convert.py:751)
19:36:59.314 INFO     WekaTraceLoader: reconstructed 195/393 (50%) in 22.4s (8.7 traces/s) (weka_parallel_convert.py:751)
19:36:59.314 INFO     WekaTraceLoader: reconstructed 234/393 (60%) in 22.4s (10.5 traces/s) (weka_parallel_convert.py:751)
19:36:59.314 INFO     WekaTraceLoader: reconstructed 273/393 (69%) in 22.4s (12.2 traces/s) (weka_parallel_convert.py:751)
19:36:59.314 INFO     WekaTraceLoader: reconstructed 312/393 (79%) in 22.4s (13.9 traces/s) (weka_parallel_convert.py:751)
19:36:59.314 INFO     WekaTraceLoader: reconstructed 351/393 (89%) in 22.4s (15.7 traces/s) (weka_parallel_convert.py:751)
19:36:59.314 INFO     WekaTraceLoader: reconstructed 390/393 (99%) in 22.4s (17.4 traces/s) (weka_parallel_convert.py:751)
19:36:59.314 INFO     WekaTraceLoader: reconstructed 393/393 (100%) in 22.4s (17.6 traces/s) (weka_parallel_convert.py:751)
19:36:59.416 INFO     WekaTraceLoader: workers finished in 29.9s; assembling Conversation objects (weka_trace.py:2448)
19:37:10.943 INFO     WekaTraceLoader: flattened-agent detection split 289 trace(s) into 1422 extra agent chain(s) (819 aux sidecars [114 reductions], 3 worker-group members, 2977 seams merged, 0 empty-hash requests kept on main) (weka_trace.py:1522)
19:37:10.943 INFO     WekaTraceLoader: reconstructed 9843 conversation(s) in 41.4s (total load+synth+reconstruct: 41.4s) (weka_trace.py:1533)
19:37:12.537 INFO     Memory-mapped backing store initialized (streaming to /tmp/inferencex-minimaxm3-1412/tmp/aiperf_mmap_b25c260e5ab0/dataset.dat) (memory_map_utils.py:160)
19:37:26.092 INFO     Data file finalized: 9843 conversations, 6,345.21 MB (memory_map_utils.py:288)
19:37:26.093 INFO     Index file created: /tmp/inferencex-minimaxm3-1412/tmp/aiperf_mmap_b25c260e5ab0/index.dat (memory_map_utils.py:295)
19:37:26.093 INFO     Backing store finalized: client_type=DatasetClientStoreType.MEMORY_MAP format=MemoryMapFormat.CONVERSATION data_file_path=PosixPath('/tmp/inferencex-minimaxm3-1412/tmp/aiperf_mmap_b25c260e5ab0/dataset.dat') index_file_path=PosixPath('/tmp/inferencex-minimaxm3-1412/tmp/aiperf_mmap_b25c260e5ab0/index.dat') conversation_count=9843 total_size_bytes=6653432650 compressed=False compressed_data_file_path=None compressed_index_file_path=None compressed_size_bytes=0 (dataset_manager.py:969)
19:37:27.434 INFO     sampling strategy: sequential, unique conversations: 9843, unique turn count: 98827 (dataset_manager.py:987)
19:37:28.303 INFO     Skipping inputs.json generation (dataset_manager.py:254)
19:37:28.706 INFO     TrajectorySource: built 1 trajectories from 393 traces (trajectory_source.py:413)
19:37:28.706 INFO       range cfg=[0.25, 0.75]  observed sample pct: min= 53% median= 53% max= 53% (trajectory_source.py:418)
19:37:28.706 INFO         lane=00  sample_time= 53%  root_next= 84/130 ( 65% turns)  live=1 ready=1  trace_id=002001296e8a8c38ad9d7cc436d691afc602 (trajectory_source.py:420)
19:37:28.706 INFO     Initialized 2 phase(s): ['Warmup', 'Profiling'] (phase_orchestrator.py:228)
19:37:29.326 INFO     Dataset client initialized and freed 9843 conversations from memory (dataset_manager.py:327)
19:37:31.103 INFO     Populated mmap cache entry /tmp/inferencex-minimaxm3-1412/traces/d39618aaf52a41de9ccbb156453af2c3 (mmap_cache.py:640)
19:37:31.104 INFO     Dataset configured in 103.37 seconds (dataset_manager.py:263)
19:37:31.104 INFO     All services configured in 105.22 seconds (system_controller.py:318)
19:37:31.104 INFO     AIPerf System is CONFIGURED (system_controller.py:296)
19:37:31.105 INFO     Server Metrics: Started 1 collector(s) successfully (manager.py:281)
19:37:31.105 INFO     All services started profiling successfully (system_controller.py:340)
19:37:31.106 INFO     AIPerf System is PROFILING (system_controller.py:298)
19:37:31.206 NOTICE   Phase warmup (warmup) started | target: 11 requests (runner.py:593)
19:37:31.207 INFO     WARMUP execute: dispatching 1 trajectory credits (agentic_replay.py:654)
19:37:31.207 INFO     Credit phase start: warmup (records_manager.py:998)
19:37:31.207 INFO     WARMUP count budget: 10 additional requests per lane after 1 mandatory snapshot primers (agentic_replay.py:713)
19:37:31.207 INFO     WARMUP spread: 0.0s ramp aligning 1 request(s) on t* (earliest fires at 0, last at 0.0s) (agentic_replay.py:752)
19:37:42.177 INFO     Replay interval barriers active: 98827 requests, 61136 gated turns, join-widths={1: 51527, 2: 6771, 3: 1804, 4: 492, 5: 149, 6: 80, 7: 62, 8: 89, 9: 74, 10: 52, 11: 21, 12: 11, 13: 2, 14: 2} (replay_dependencies.py:231)
19:37:42.177 INFO     WARMUP cache pressure: replaying live trajectories until each lane reaches 10 additional requests with zero idle delay and max_tokens=1 (agentic_replay.py:803)
19:37:49.077 INFO     WARMUP cache pressure request budget reached: 10 additional requests on each of 1 lanes; draining requests (agentic_replay.py:494)
19:37:49.077 NOTICE   Phase warmup (warmup) sending complete | sent=11, completed=10, in_flight=1 | sessions: sent=1, completed=0 (runner.py:1039)
19:37:49.677 INFO     All accelerated-warmup wire requests returned; preserving paused DAG work for profiling handoff. (runner.py:989)
19:37:49.678 NOTICE   Phase warmup (warmup) complete | completed=11, cancelled=0, errors=0 | sessions: completed=0, cancelled=0 | elapsed=18.47s (runner.py:1162)
19:37:49.678 INFO     Global system-idle cap summary: limit=10s, jumps=0, skipped=0.000s (agentic_replay.py:956)
19:37:49.678 INFO     WARMUP cache pressure handoff: persisted 1 live streams (agentic_replay.py:972)
19:37:49.678 INFO     BranchOrchestrator stats: spawned=0 completed=0 errored=0 suspended=0 resumed=0 parents_failed_due_to_child_error=0 joins_suppressed=0 delayed=0 (branch_orchestrator.py:1782)
19:37:49.678 INFO     Session-tree slots for phase warmup: peak_open=1 (target concurrency 1); released 1 still-open at teardown; late_events=0 (runner.py:551)
19:37:49.678 INFO     Server Metrics: Warmup complete, capturing final warmup metrics... (manager.py:304)
19:37:49.782 INFO     Replay interval barriers active: 98827 requests, 61136 gated turns, join-widths={1: 51527, 2: 6771, 3: 1804, 4: 492, 5: 149, 6: 80, 7: 62, 8: 89, 9: 74, 10: 52, 11: 21, 12: 11, 13: 2, 14: 2} (replay_dependencies.py:231)
19:37:49.782 INFO     PROFILING setup: 1 trajectory lanes; recycle draws roots from the dataset sampler (agentic_replay.py:429)
19:37:49.782 NOTICE   Phase profiling (profiling) started | phase_index=0 | profiling_index=0 | target: 3600.0s duration (runner.py:593)
19:37:49.783 INFO     Credit phase start: profiling (records_manager.py:998)
19:37:49.785 INFO     Waiting for event 'profiling phase sending' with timeout of 3599.997294109s (runner.py:1220)
19:37:49.785 INFO     PROFILING execute: resuming 1 trajectory sessions (spread; first-request spread 0.0s) (agentic_replay.py:1328)
19:38:15.535 INFO     [realtime 00:25 profiling] (records_manager.py:1345)
19:38:15.535 INFO       rps=0.1 (avg 0.1)  tput_in=40,556/s  tput_out=79/s  done=3 ok=3 err=0 (records_manager.py:1345)
19:38:15.535 INFO       ttft    p50=  663ms  p75=  671ms  p95=  677ms  p99=  679ms (records_manager.py:1345)
19:38:15.535 INFO       itl     p50=    4ms  p75=    4ms  p95=    5ms  p99=    5ms (records_manager.py:1345)
19:38:15.535 INFO       e2e     p50=3,044ms  p75=5,127ms  p95=6,794ms  p99=7,127ms (records_manager.py:1345)
19:38:15.535 INFO       intvty  p50=    246  p75=    953  p95=  1,519  p99=  1,632  (1/tpot tok/s) (records_manager.py:1345)
19:38:15.535 INFO       isl     p50=336,914  p75=337,910  p90=338,508  p99=338,867  (tokens) (records_manager.py:1345)
19:38:15.535 INFO       osl     p50=    583  p75=    974  p90=  1,209  p99=  1,350  (tokens) (records_manager.py:1345)
19:38:15.535 INFO       tot     in=1,011,127  out=1,964 (records_manager.py:1345)
19:38:15.535 INFO       trace  theoretical_prefix_cache_hit=99.4% (records_manager.py:1345)
19:38:15.535 INFO       srv    prefix_cache_hit=99.3% unique_in_srv=6,583 kv_usage=0.0% queue=0r/0w tput_in_srv=39,398/s tput_out_srv=77/s (records_manager.py:1345)
19:38:45.565 INFO     [realtime 00:55 profiling] (records_manager.py:1345)
19:38:45.565 INFO       rps=0.1 (avg 0.1)  tput_in=36,514/s  tput_out=72/s  done=5 ok=5 err=0 (records_manager.py:1345)
19:38:45.565 INFO       ttft    p50=  663ms  p75=  679ms  p95=  685ms  p99=  686ms (records_manager.py:1345)
19:38:45.565 INFO       itl     p50=    4ms  p75=    4ms  p95=    5ms  p99=    5ms (records_manager.py:1345)
19:38:45.565 INFO       e2e     p50=3,044ms  p75=6,320ms  p95=7,033ms  p99=7,175ms (records_manager.py:1345)
19:38:45.565 INFO       intvty  p50=    246  p75=  1,660  p95=  7,696  p99=  8,903  (1/tpot tok/s) (records_manager.py:1345)
19:38:45.566 INFO       isl     p50=338,535  p75=338,907  p90=339,880  p99=340,464  (tokens) (records_manager.py:1345)
19:38:45.566 INFO       osl     p50=    583  p75=  1,362  p90=  1,364  p99=  1,366  (tokens) (records_manager.py:1345)
19:38:45.566 INFO       tot     in=1,690,191  out=3,343 (records_manager.py:1345)
19:38:45.566 INFO       trace  theoretical_prefix_cache_hit=99.5% (records_manager.py:1345)
19:38:45.566 INFO       srv    prefix_cache_hit=99.5% unique_in_srv=9,167 kv_usage=0.0% queue=0r/0w tput_in_srv=30,363/s tput_out_srv=60/s (records_manager.py:1345)
19:39:15.608 INFO     [realtime 01:25 profiling] (records_manager.py:1345)
19:39:15.609 INFO       rps=0.1 (avg 0.1)  tput_in=33,981/s  tput_out=65/s  done=8 ok=8 err=0 (records_manager.py:1345)
19:39:15.609 INFO       ttft    p50=  655ms  p75=  667ms  p95=  684ms  p99=  686ms (records_manager.py:1345)
19:39:15.609 INFO       itl     p50=    4ms  p75=    4ms  p95=    5ms  p99=    5ms (records_manager.py:1345)
19:39:15.609 INFO       e2e     p50=2,314ms  p75=6,499ms  p95=7,150ms  p99=7,199ms (records_manager.py:1345)
19:39:15.609 INFO       intvty  p50=    252  p75=  3,546  p95= 11,081  p99= 11,889  (1/tpot tok/s) (records_manager.py:1345)
19:39:15.609 INFO       isl     p50=339,529  p75=340,774  p90=341,623  p99=341,862  (tokens) (records_manager.py:1345)
19:39:15.609 INFO       osl     p50=    416  p75=  1,363  p90=  1,420  p99=  1,533  (tokens) (records_manager.py:1345)
19:39:15.609 INFO       tot     in=2,713,740  out=5,160 (records_manager.py:1345)
19:39:15.609 INFO       trace  theoretical_prefix_cache_hit=99.5% (records_manager.py:1345)
19:39:15.609 INFO       srv    prefix_cache_hit=99.6% unique_in_srv=11,788 kv_usage=0.0% queue=0r/0w tput_in_srv=31,674/s tput_out_srv=60/s (records_manager.py:1345)
19:39:45.626 INFO     [realtime 01:55 profiling] (records_manager.py:1345)
19:39:45.626 INFO       rps=0.1 (avg 0.1)  tput_in=31,012/s  tput_out=75/s  done=10 ok=10 err=0 (records_manager.py:1345)
19:39:45.626 INFO       ttft    p50=  660ms  p75=  679ms  p95=  694ms  p99=  699ms (records_manager.py:1345)
19:39:45.626 INFO       itl     p50=    4ms  p75=    4ms  p95=    5ms  p99=    5ms (records_manager.py:1345)
19:39:45.626 INFO       e2e     p50=4,497ms  p75=6,858ms  p95=7,842ms  p99=8,255ms (records_manager.py:1345)
19:39:45.626 INFO       intvty  p50=    244  p75=  1,309  p95= 10,792  p99= 11,831  (1/tpot tok/s) (records_manager.py:1345)
19:39:45.626 INFO       isl     p50=340,340  p75=341,794  p90=344,244  p99=346,066  (tokens) (records_manager.py:1345)
19:39:45.626 INFO       osl     p50=    925  p75=  1,365  p90=  1,576  p99=  1,818  (tokens) (records_manager.py:1345)
19:39:45.626 INFO       tot     in=3,404,028  out=8,272 (records_manager.py:1345)
19:39:45.626 INFO       trace  theoretical_prefix_cache_hit=99.5% (records_manager.py:1345)
19:39:45.626 INFO       srv    prefix_cache_hit=99.4% unique_in_srv=20,708 kv_usage=4.3% queue=1r/0w tput_in_srv=32,455/s tput_out_srv=73/s (records_manager.py:1345)
19:40:15.649 INFO     [realtime 02:25 profiling] (records_manager.py:1345)
19:40:15.649 INFO       rps=0.1 (avg 0.1)  tput_in=33,244/s  tput_out=81/s  done=14 ok=14 err=0 (records_manager.py:1345)
19:40:15.650 INFO       ttft    p50=  679ms  p75=  697ms  p95=  875ms  p99= 1,087ms (records_manager.py:1345)
19:40:15.650 INFO       itl     p50=    4ms  p75=    4ms  p95=    4ms  p99=     5ms (records_manager.py:1345)
19:40:15.650 INFO       e2e     p50=2,474ms  p75=6,858ms  p95=9,901ms  p99=12,193ms (records_manager.py:1345)
19:40:15.650 INFO       intvty  p50=    251  p75=    307  p95= 10,215  p99=  11,716  (1/tpot tok/s) (records_manager.py:1345)
19:40:15.650 INFO       isl     p50=341,699  p75=349,013  p90=354,037  p99= 354,879  (tokens) (records_manager.py:1345)
19:40:15.650 INFO       osl     p50=    442  p75=  1,365  p90=  1,755  p99=   2,735  (tokens) (records_manager.py:1345)
19:40:15.650 INFO       tot     in=4,816,462  out=11,674 (records_manager.py:1345)
19:40:15.650 INFO       trace  theoretical_prefix_cache_hit=99.5% (records_manager.py:1345)
19:40:15.650 INFO       srv    prefix_cache_hit=99.5% unique_in_srv=26,446 kv_usage=0.0% queue=0r/0w tput_in_srv=33,065/s tput_out_srv=80/s (records_manager.py:1345)
19:40:45.675 INFO     [realtime 02:55 profiling] (records_manager.py:1345)
19:40:45.675 INFO       rps=0.1 (avg 0.1)  tput_in=34,033/s  tput_out=75/s  done=16 ok=16 err=0 (records_manager.py:1345)
19:40:45.675 INFO       ttft    p50=  680ms  p75=  707ms  p95=  912ms  p99= 1,095ms (records_manager.py:1345)
19:40:45.675 INFO       itl     p50=    4ms  p75=    4ms  p95=    4ms  p99=     5ms (records_manager.py:1345)
19:40:45.675 INFO       e2e     p50=2,247ms  p75=6,499ms  p95=9,460ms  p99=12,105ms (records_manager.py:1345)
19:40:45.675 INFO       intvty  p50=    253  p75=    299  p95=  9,926  p99=  11,658  (1/tpot tok/s) (records_manager.py:1345)
19:40:45.675 INFO       isl     p50=342,954  p75=353,457  p90=358,376  p99= 362,360  (tokens) (records_manager.py:1345)
19:40:45.675 INFO       osl     p50=    370  p75=  1,363  p90=  1,696  p99=   2,715  (tokens) (records_manager.py:1345)
19:40:45.675 INFO       tot     in=5,540,725  out=12,226 (records_manager.py:1345)
19:40:45.675 INFO       trace  theoretical_prefix_cache_hit=99.4% (records_manager.py:1345)
19:40:45.675 INFO       srv    prefix_cache_hit=99.4% unique_in_srv=34,447 kv_usage=4.4% queue=1r/0w tput_in_srv=33,604/s tput_out_srv=73/s (records_manager.py:1345)
19:41:15.712 INFO     [realtime 03:25 profiling] (records_manager.py:1345)
19:41:15.712 INFO       rps=0.1 (avg 0.1)  tput_in=34,745/s  tput_out=76/s  done=20 ok=20 err=0 (records_manager.py:1345)
19:41:15.712 INFO       ttft    p50=  680ms  p75=  718ms  p95=   851ms  p99= 1,083ms (records_manager.py:1345)
19:41:15.712 INFO       itl     p50=    4ms  p75=    4ms  p95=     4ms  p99=     5ms (records_manager.py:1345)
19:41:15.712 INFO       e2e     p50=1,989ms  p75=6,499ms  p95=11,551ms  p99=12,523ms (records_manager.py:1345)
19:41:15.712 INFO       intvty  p50=    256  p75=    300  p95=   9,349  p99=  11,543  (1/tpot tok/s) (records_manager.py:1345)
19:41:15.712 INFO       isl     p50=348,098  p75=361,952  p90= 365,628  p99= 371,110  (tokens) (records_manager.py:1345)
19:41:15.712 INFO       osl     p50=    311  p75=  1,363  p90=   1,916  p99=   2,809  (tokens) (records_manager.py:1345)
19:41:15.712 INFO       tot     in=7,006,927  out=15,323 (records_manager.py:1345)
19:41:15.712 INFO       trace  theoretical_prefix_cache_hit=99.4% (records_manager.py:1345)
19:41:15.712 INFO       srv    prefix_cache_hit=99.4% unique_in_srv=44,879 kv_usage=0.0% queue=0r/0w tput_in_srv=34,069/s tput_out_srv=75/s (records_manager.py:1345)
19:41:45.749 INFO     [realtime 03:55 profiling] (records_manager.py:1345)
19:41:45.749 INFO       rps=0.1 (avg 0.1)  tput_in=36,807/s  tput_out=70/s  done=24 ok=24 err=0 (records_manager.py:1345)
19:41:45.749 INFO       ttft    p50=  684ms  p75=  717ms  p95=   834ms  p99= 1,070ms (records_manager.py:1345)
19:41:45.749 INFO       itl     p50=    4ms  p75=    4ms  p95=     4ms  p99=     5ms (records_manager.py:1345)
19:41:45.749 INFO       e2e     p50=1,966ms  p75=6,043ms  p95=11,017ms  p99=12,472ms (records_manager.py:1345)
19:41:45.749 INFO       intvty  p50=    256  p75=    312  p95=   8,548  p99=  11,427  (1/tpot tok/s) (records_manager.py:1345)
19:41:45.749 INFO       isl     p50=353,780  p75=365,668  p90= 373,092  p99= 374,516  (tokens) (records_manager.py:1345)
19:41:45.749 INFO       osl     p50=    311  p75=  1,291  p90=   1,755  p99=   2,796  (tokens) (records_manager.py:1345)
19:41:45.749 INFO       tot     in=8,501,727  out=16,141 (records_manager.py:1345)
19:41:45.749 INFO       trace  theoretical_prefix_cache_hit=99.5% (records_manager.py:1345)
19:41:45.749 INFO       srv    prefix_cache_hit=99.4% unique_in_srv=48,607 kv_usage=0.0% queue=0r/0w tput_in_srv=36,074/s tput_out_srv=68/s (records_manager.py:1345)
19:42:15.795 INFO     [realtime 04:26 profiling] (records_manager.py:1345)
19:42:15.795 INFO       rps=0.1 (avg 0.1)  tput_in=37,876/s  tput_out=63/s  done=28 ok=28 err=0 (records_manager.py:1345)
19:42:15.795 INFO       ttft    p50=  684ms  p75=  717ms  p95=   869ms  p99= 1,072ms (records_manager.py:1345)
19:42:15.795 INFO       itl     p50=    4ms  p75=    4ms  p95=     4ms  p99=     5ms (records_manager.py:1345)
19:42:15.795 INFO       e2e     p50=1,579ms  p75=3,770ms  p95=10,392ms  p99=12,421ms (records_manager.py:1345)
19:42:15.795 INFO       intvty  p50=    257  p75=    306  p95=   7,891  p99=  11,341  (1/tpot tok/s) (records_manager.py:1345)
19:42:15.795 INFO       isl     p50=358,376  p75=372,862  p90= 376,937  p99= 381,881  (tokens) (records_manager.py:1345)
19:42:15.795 INFO       osl     p50=    206  p75=    754  p90=   1,636  p99=   2,784  (tokens) (records_manager.py:1345)
19:42:15.795 INFO       tot     in=10,021,941  out=16,538 (records_manager.py:1345)
19:42:15.795 INFO       trace  theoretical_prefix_cache_hit=99.5% (records_manager.py:1345)
19:42:15.795 INFO       srv    prefix_cache_hit=99.4% unique_in_srv=56,629 kv_usage=0.0% queue=0r/0w tput_in_srv=37,722/s tput_out_srv=62/s (records_manager.py:1345)
19:42:45.838 INFO     [realtime 04:56 profiling] (records_manager.py:1345)
19:42:45.838 INFO       rps=0.0 (avg 0.1)  tput_in=35,195/s  tput_out=72/s  done=29 ok=29 err=0 (records_manager.py:1345)
19:42:45.838 INFO       ttft    p50=  682ms  p75=  715ms  p95=   866ms  p99= 1,069ms (records_manager.py:1345)
19:42:45.838 INFO       itl     p50=    4ms  p75=    4ms  p95=     4ms  p99=     5ms (records_manager.py:1345)
19:42:45.838 INFO       e2e     p50=1,585ms  p75=5,951ms  p95=12,254ms  p99=18,695ms (records_manager.py:1345)
19:42:45.838 INFO       intvty  p50=    256  p75=    303  p95=   7,672  p99=  11,312  (1/tpot tok/s) (records_manager.py:1345)
19:42:45.838 INFO       isl     p50=361,805  p75=373,246  p90= 381,630  p99= 381,879  (tokens) (records_manager.py:1345)
19:42:45.838 INFO       osl     p50=    249  p75=  1,267  p90=   1,987  p99=   4,266  (tokens) (records_manager.py:1345)
19:42:45.838 INFO       tot     in=10,403,682  out=21,348 (records_manager.py:1345)
19:42:45.838 INFO       trace  theoretical_prefix_cache_hit=99.5% (records_manager.py:1345)
19:42:45.838 INFO       srv    prefix_cache_hit=99.5% unique_in_srv=56,802 kv_usage=0.0% queue=0r/0w tput_in_srv=35,186/s tput_out_srv=72/s (records_manager.py:1345)
19:43:15.887 INFO     [realtime 05:26 profiling] (records_manager.py:1345)
19:43:15.887 INFO       rps=0.1 (avg 0.1)  tput_in=36,722/s  tput_out=67/s  done=33 ok=33 err=0 (records_manager.py:1345)
19:43:15.887 INFO       ttft    p50=  689ms  p75=  720ms  p95=   862ms  p99= 1,059ms (records_manager.py:1345)
19:43:15.887 INFO       itl     p50=    4ms  p75=    4ms  p95=     4ms  p99=     5ms (records_manager.py:1345)
19:43:15.887 INFO       e2e     p50=1,574ms  p75=3,044ms  p95=11,998ms  p99=18,366ms (records_manager.py:1345)
19:43:15.887 INFO       intvty  p50=    267  p75=    312  p95=   6,796  p99=  11,196  (1/tpot tok/s) (records_manager.py:1345)
19:43:15.887 INFO       isl     p50=362,458  p75=374,938  p90= 384,299  p99= 391,188  (tokens) (records_manager.py:1345)
19:43:15.887 INFO       osl     p50=    162  p75=    583  p90=   1,785  p99=   4,189  (tokens) (records_manager.py:1345)
19:43:15.887 INFO       tot     in=11,955,964  out=21,935 (records_manager.py:1345)
19:43:15.887 INFO       trace  theoretical_prefix_cache_hit=99.5% (records_manager.py:1345)
19:43:15.887 INFO       srv    prefix_cache_hit=99.4% unique_in_srv=67,068 kv_usage=0.0% queue=0r/0w tput_in_srv=36,673/s tput_out_srv=67/s (records_manager.py:1345)
19:43:45.936 INFO     [realtime 05:56 profiling] (records_manager.py:1345)
19:43:45.936 INFO       rps=0.0 (avg 0.1)  tput_in=36,722/s  tput_out=67/s  done=33 ok=33 err=0 (records_manager.py:1345)
19:43:45.936 INFO       ttft    p50=  689ms  p75=  720ms  p95=   862ms  p99= 1,059ms (records_manager.py:1345)
19:43:45.936 INFO       itl     p50=    4ms  p75=    4ms  p95=     4ms  p99=     5ms (records_manager.py:1345)
19:43:45.936 INFO       e2e     p50=1,574ms  p75=3,044ms  p95=11,998ms  p99=18,366ms (records_manager.py:1345)
19:43:45.936 INFO       intvty  p50=    267  p75=    312  p95=   6,796  p99=  11,196  (1/tpot tok/s) (records_manager.py:1345)
19:43:45.936 INFO       isl     p50=362,458  p75=374,938  p90= 384,299  p99= 391,188  (tokens) (records_manager.py:1345)
19:43:45.936 INFO       osl     p50=    162  p75=    583  p90=   1,785  p99=   4,189  (tokens) (records_manager.py:1345)
19:43:45.936 INFO       tot     in=11,955,964  out=21,935 (records_manager.py:1345)
19:43:45.936 INFO       trace  theoretical_prefix_cache_hit=99.5% (records_manager.py:1345)
19:43:45.936 INFO       srv    prefix_cache_hit=99.5% unique_in_srv=67,342 kv_usage=4.8% queue=1r/0w tput_in_srv=34,683/s tput_out_srv=75/s (records_manager.py:1345)
19:44:15.993 INFO     [realtime 06:26 profiling] (records_manager.py:1345)
19:44:15.993 INFO       rps=0.1 (avg 0.1)  tput_in=33,229/s  tput_out=80/s  done=35 ok=35 err=0 (records_manager.py:1345)
19:44:15.993 INFO       ttft    p50=  690ms  p75=  724ms  p95=   857ms  p99= 1,054ms (records_manager.py:1345)
19:44:15.993 INFO       itl     p50=    4ms  p75=    4ms  p95=     4ms  p99=     5ms (records_manager.py:1345)
19:44:15.993 INFO       e2e     p50=1,585ms  p75=6,135ms  p95=17,931ms  p99=21,167ms (records_manager.py:1345)
19:44:15.993 INFO       intvty  p50=    257  p75=    309  p95=   6,358  p99=  11,139  (1/tpot tok/s) (records_manager.py:1345)
19:44:15.993 INFO       isl     p50=365,601  p75=381,672  p90= 388,615  p99= 393,264  (tokens) (records_manager.py:1345)
19:44:15.993 INFO       osl     p50=    249  p75=  1,314  p90=   2,744  p99=   4,819  (tokens) (records_manager.py:1345)
19:44:15.993 INFO       tot     in=12,741,546  out=30,507 (records_manager.py:1345)
19:44:15.993 INFO       trace  theoretical_prefix_cache_hit=99.5% (records_manager.py:1345)
19:44:15.993 INFO       srv    prefix_cache_hit=99.4% unique_in_srv=70,442 kv_usage=0.0% queue=0r/0w tput_in_srv=33,007/s tput_out_srv=79/s (records_manager.py:1345)
19:44:46.058 INFO     [realtime 06:56 profiling] (records_manager.py:1345)
19:44:46.058 INFO       rps=0.1 (avg 0.1)  tput_in=32,623/s  tput_out=76/s  done=39 ok=39 err=0 (records_manager.py:1345)
19:44:46.058 INFO       ttft    p50=  690ms  p75=  730ms  p95=   912ms  p99= 1,312ms (records_manager.py:1345)
19:44:46.058 INFO       itl     p50=    4ms  p75=    4ms  p95=     4ms  p99=     5ms (records_manager.py:1345)
19:44:46.058 INFO       e2e     p50=1,574ms  p75=4,497ms  p95=17,053ms  p99=21,157ms (records_manager.py:1345)
19:44:46.058 INFO       intvty  p50=    257  p75=    309  p95=   5,482  p99=  11,023  (1/tpot tok/s) (records_manager.py:1345)
19:44:46.058 INFO       isl     p50=362,458  p75=381,672  p90= 391,000  p99= 396,217  (tokens) (records_manager.py:1345)
19:44:46.058 INFO       osl     p50=    162  p75=    925  p90=   2,619  p99=   4,818  (tokens) (records_manager.py:1345)
19:44:46.058 INFO       tot     in=13,269,482  out=30,861 (records_manager.py:1345)
19:44:46.058 INFO       trace  theoretical_prefix_cache_hit=99.1% (records_manager.py:1345)
19:44:46.058 INFO       srv    prefix_cache_hit=98.9% unique_in_srv=139,626 kv_usage=0.0% queue=0r/0w tput_in_srv=31,896/s tput_out_srv=74/s (records_manager.py:1345)
19:45:16.127 INFO     [realtime 07:26 profiling] (records_manager.py:1345)
19:45:16.127 INFO       rps=0.1 (avg 0.1)  tput_in=30,660/s  tput_out=71/s  done=42 ok=42 err=0 (records_manager.py:1345)
19:45:16.127 INFO       ttft    p50=  688ms  p75=  726ms  p95=   885ms  p99= 1,304ms (records_manager.py:1345)
19:45:16.127 INFO       itl     p50=    4ms  p75=    4ms  p95=     4ms  p99=     5ms (records_manager.py:1345)
19:45:16.127 INFO       e2e     p50=1,298ms  p75=2,930ms  p95=16,422ms  p99=21,150ms (records_manager.py:1345)
19:45:16.127 INFO       intvty  p50=    257  p75=    299  p95=   4,825  p99=  10,937  (1/tpot tok/s) (records_manager.py:1345)
19:45:16.127 INFO       isl     p50=362,100  p75=379,936  p90= 390,345  p99= 396,122  (tokens) (records_manager.py:1345)
19:45:16.127 INFO       osl     p50=    168  p75=    547  p90=   2,486  p99=   4,818  (tokens) (records_manager.py:1345)
19:45:16.127 INFO       tot     in=13,466,793  out=31,345 (records_manager.py:1345)
19:45:16.127 INFO       trace  theoretical_prefix_cache_hit=99.1% (records_manager.py:1345)
19:45:16.127 INFO       srv    prefix_cache_hit=99.0% unique_in_srv=140,969 kv_usage=0.0% queue=0r/0w tput_in_srv=30,193/s tput_out_srv=70/s (records_manager.py:1345)
19:45:46.195 INFO     [realtime 07:56 profiling] (records_manager.py:1345)
19:45:46.195 INFO       rps=0.2 (avg 0.1)  tput_in=29,017/s  tput_out=68/s  done=47 ok=47 err=0 (records_manager.py:1345)
19:45:46.195 INFO       ttft    p50=  681ms  p75=  718ms  p95=   874ms  p99= 1,290ms (records_manager.py:1345)
19:45:46.195 INFO       itl     p50=    4ms  p75=    4ms  p95=     4ms  p99=     5ms (records_manager.py:1345)
19:45:46.195 INFO       e2e     p50=1,126ms  p75=2,377ms  p95=15,460ms  p99=21,137ms (records_manager.py:1345)
19:45:46.195 INFO       intvty  p50=    256  p75=    298  p95=   4,034  p99=  10,792  (1/tpot tok/s) (records_manager.py:1345)
19:45:46.195 INFO       isl     p50=354,424  p75=374,772  p90= 387,463  p99= 395,965  (tokens) (records_manager.py:1345)
19:45:46.195 INFO       osl     p50=    162  p75=    402  p90=   2,130  p99=   4,817  (tokens) (records_manager.py:1345)
19:45:46.195 INFO       tot     in=13,816,419  out=32,276 (records_manager.py:1345)
19:45:46.195 INFO       trace  theoretical_prefix_cache_hit=99.1% (records_manager.py:1345)
19:45:46.195 INFO       srv    prefix_cache_hit=98.9% unique_in_srv=147,555 kv_usage=0.9% queue=1r/0w tput_in_srv=29,025/s tput_out_srv=68/s (records_manager.py:1345)
19:46:16.271 INFO     [realtime 08:26 profiling] (records_manager.py:1345)
19:46:16.271 INFO       rps=0.2 (avg 0.1)  tput_in=28,254/s  tput_out=70/s  done=53 ok=53 err=0 (records_manager.py:1345)
19:46:16.271 INFO       ttft    p50=  672ms  p75=  714ms  p95=   862ms  p99= 1,274ms (records_manager.py:1345)
19:46:16.271 INFO       itl     p50=    4ms  p75=    4ms  p95=     4ms  p99=     5ms (records_manager.py:1345)
19:46:16.271 INFO       e2e     p50=1,290ms  p75=2,546ms  p95=14,306ms  p99=21,122ms (records_manager.py:1345)
19:46:16.271 INFO       intvty  p50=    255  p75=    296  p95=   3,084  p99=  10,619  (1/tpot tok/s) (records_manager.py:1345)
19:46:16.271 INFO       isl     p50=346,269  p75=374,213  p90= 385,104  p99= 395,777  (tokens) (records_manager.py:1345)
19:46:16.271 INFO       osl     p50=    228  p75=    567  p90=   1,785  p99=   4,816  (tokens) (records_manager.py:1345)
19:46:16.271 INFO       tot     in=14,286,242  out=35,355 (records_manager.py:1345)
19:46:16.271 INFO       trace  theoretical_prefix_cache_hit=99.0% (records_manager.py:1345)
19:46:16.271 INFO       srv    prefix_cache_hit=98.9% unique_in_srv=162,850 kv_usage=0.0% queue=0r/0w tput_in_srv=28,214/s tput_out_srv=70/s (records_manager.py:1345)
19:46:46.350 INFO     [realtime 08:56 profiling] (records_manager.py:1345)
19:46:46.350 INFO       rps=0.0 (avg 0.1)  tput_in=27,007/s  tput_out=74/s  done=54 ok=54 err=0 (records_manager.py:1345)
19:46:46.350 INFO       ttft    p50=  671ms  p75=  712ms  p95=   860ms  p99= 1,271ms (records_manager.py:1345)
19:46:46.350 INFO       itl     p50=    4ms  p75=    4ms  p95=     4ms  p99=     5ms (records_manager.py:1345)
19:46:46.350 INFO       e2e     p50=1,380ms  p75=2,579ms  p95=16,730ms  p99=21,119ms (records_manager.py:1345)
19:46:46.350 INFO       intvty  p50=    254  p75=    296  p95=   2,926  p99=  10,590  (1/tpot tok/s) (records_manager.py:1345)
19:46:46.350 INFO       isl     p50=345,144  p75=373,971  p90= 385,077  p99= 395,745  (tokens) (records_manager.py:1345)
19:46:46.350 INFO       osl     p50=    237  p75=    577  p90=   2,343  p99=   4,816  (tokens) (records_manager.py:1345)
19:46:46.350 INFO       tot     in=14,383,567  out=39,400 (records_manager.py:1345)
19:46:46.350 INFO       trace  theoretical_prefix_cache_hit=99.0% (records_manager.py:1345)
19:46:46.350 INFO       srv    prefix_cache_hit=98.8% unique_in_srv=176,581 kv_usage=1.2% queue=1r/0w tput_in_srv=27,002/s tput_out_srv=74/s (records_manager.py:1345)
19:47:16.435 INFO     [realtime 09:26 profiling] (records_manager.py:1345)
19:47:16.435 INFO       rps=0.2 (avg 0.1)  tput_in=26,605/s  tput_out=79/s  done=59 ok=59 err=0 (records_manager.py:1345)
19:47:16.435 INFO       ttft    p50=  663ms  p75=  703ms  p95=   849ms  p99= 1,257ms (records_manager.py:1345)
19:47:16.435 INFO       itl     p50=    4ms  p75=    4ms  p95=     4ms  p99=     5ms (records_manager.py:1345)
19:47:16.435 INFO       e2e     p50=1,574ms  p75=2,874ms  p95=16,648ms  p99=21,107ms (records_manager.py:1345)
19:47:16.435 INFO       intvty  p50=    253  p75=    294  p95=   2,135  p99=  10,446  (1/tpot tok/s) (records_manager.py:1345)
19:47:16.435 INFO       isl     p50=341,510  p75=372,990  p90= 384,943  p99= 395,588  (tokens) (records_manager.py:1345)
19:47:16.435 INFO       osl     p50=    249  p75=    594  p90=   2,265  p99=   4,815  (tokens) (records_manager.py:1345)
19:47:16.435 INFO       tot     in=14,900,109  out=44,016 (records_manager.py:1345)
19:47:16.435 INFO       trace  theoretical_prefix_cache_hit=98.9% (records_manager.py:1345)
19:47:16.435 INFO       srv    prefix_cache_hit=98.7% unique_in_srv=188,607 kv_usage=1.4% queue=1r/0w tput_in_srv=26,503/s tput_out_srv=80/s (records_manager.py:1345)
19:47:46.531 INFO     [realtime 09:56 profiling] (records_manager.py:1345)
19:47:46.531 INFO       rps=0.2 (avg 0.1)  tput_in=26,159/s  tput_out=85/s  done=65 ok=65 err=0 (records_manager.py:1345)
19:47:46.531 INFO       ttft    p50=  653ms  p75=  699ms  p95=   843ms  p99= 1,240ms (records_manager.py:1345)
19:47:46.531 INFO       itl     p50=    4ms  p75=    4ms  p95=     4ms  p99=     4ms (records_manager.py:1345)
19:47:46.531 INFO       e2e     p50=1,574ms  p75=3,372ms  p95=16,368ms  p99=21,092ms (records_manager.py:1345)
19:47:46.531 INFO       intvty  p50=    253  p75=    280  p95=   1,460  p99=  10,273  (1/tpot tok/s) (records_manager.py:1345)
19:47:46.531 INFO       isl     p50=338,907  p75=372,339  p90= 383,707  p99= 395,399  (tokens) (records_manager.py:1345)
19:47:46.531 INFO       osl     p50=    251  p75=    774  p90=   2,411  p99=   4,815  (tokens) (records_manager.py:1345)
19:47:46.531 INFO       tot     in=15,577,688  out=50,346 (records_manager.py:1345)
19:47:46.531 INFO       trace  theoretical_prefix_cache_hit=98.9% (records_manager.py:1345)
19:47:46.531 INFO       srv    prefix_cache_hit=98.7% unique_in_srv=197,208 kv_usage=0.0% queue=0r/0w tput_in_srv=26,121/s tput_out_srv=84/s (records_manager.py:1345)
19:48:16.627 INFO     [realtime 10:26 profiling] (records_manager.py:1345)
19:48:16.627 INFO       rps=0.1 (avg 0.1)  tput_in=25,851/s  tput_out=85/s  done=68 ok=68 err=0 (records_manager.py:1345)
19:48:16.627 INFO       ttft    p50=  634ms  p75=  698ms  p95=   842ms  p99= 1,232ms (records_manager.py:1345)
19:48:16.627 INFO       itl     p50=    4ms  p75=    4ms  p95=     4ms  p99=     4ms (records_manager.py:1345)
19:48:16.627 INFO       e2e     p50=1,579ms  p75=3,558ms  p95=16,184ms  p99=21,084ms (records_manager.py:1345)
19:48:16.627 INFO       intvty  p50=    252  p75=    276  p95=   1,261  p99=  10,186  (1/tpot tok/s) (records_manager.py:1345)
19:48:16.627 INFO       isl     p50=337,724  p75=367,486  p90= 382,820  p99= 395,305  (tokens) (records_manager.py:1345)
19:48:16.627 INFO       osl     p50=    262  p75=    810  p90=   2,302  p99=   4,814  (tokens) (records_manager.py:1345)
19:48:16.627 INFO       tot     in=15,936,516  out=52,164 (records_manager.py:1345)
19:48:16.627 INFO       trace  theoretical_prefix_cache_hit=98.9% (records_manager.py:1345)
19:48:16.627 INFO       srv    prefix_cache_hit=98.7% unique_in_srv=201,092 kv_usage=0.0% queue=0r/0w tput_in_srv=25,429/s tput_out_srv=83/s (records_manager.py:1345)
19:48:46.729 INFO     [realtime 10:56 profiling] (records_manager.py:1345)
19:48:46.729 INFO       rps=0.2 (avg 0.1)  tput_in=24,994/s  tput_out=84/s  done=73 ok=73 err=0 (records_manager.py:1345)
19:48:46.729 INFO       ttft    p50=  620ms  p75=  697ms  p95=   862ms  p99= 1,407ms (records_manager.py:1345)
19:48:46.729 INFO       itl     p50=    4ms  p75=    4ms  p95=     4ms  p99=     4ms (records_manager.py:1345)
19:48:46.729 INFO       e2e     p50=1,585ms  p75=3,523ms  p95=15,876ms  p99=21,072ms (records_manager.py:1345)
19:48:46.729 INFO       intvty  p50=    252  p75=    276  p95=     928  p99=  10,042  (1/tpot tok/s) (records_manager.py:1345)
19:48:46.729 INFO       isl     p50=120,772  p75=365,601  p90= 381,895  p99= 395,148  (tokens) (records_manager.py:1345)
19:48:46.729 INFO       osl     p50=    251  p75=    801  p90=   2,123  p99=   4,814  (tokens) (records_manager.py:1345)
19:48:46.729 INFO       tot     in=16,265,319  out=54,396 (records_manager.py:1345)
19:48:46.729 INFO       trace  theoretical_prefix_cache_hit=98.6% (records_manager.py:1345)
19:48:46.729 INFO       srv    prefix_cache_hit=98.2% unique_in_srv=286,877 kv_usage=1.0% queue=1r/0w tput_in_srv=24,896/s tput_out_srv=85/s (records_manager.py:1345)
19:49:16.837 INFO     [realtime 11:27 profiling] (records_manager.py:1345)
19:49:16.837 INFO       rps=0.1 (avg 0.1)  tput_in=24,039/s  tput_out=85/s  done=76 ok=76 err=0 (records_manager.py:1345)
19:49:16.837 INFO       ttft    p50=  606ms  p75=  698ms  p95=   855ms  p99= 1,406ms (records_manager.py:1345)
19:49:16.837 INFO       itl     p50=    4ms  p75=    4ms  p95=     4ms  p99=     5ms (records_manager.py:1345)
19:49:16.837 INFO       e2e     p50=1,777ms  p75=3,558ms  p95=15,691ms  p99=21,064ms (records_manager.py:1345)
19:49:16.837 INFO       intvty  p50=    251  p75=    273  p95=     728  p99=   9,955  (1/tpot tok/s) (records_manager.py:1345)
19:49:16.837 INFO       isl     p50=120,190  p75=363,244  p90= 381,837  p99= 395,054  (tokens) (records_manager.py:1345)
19:49:16.837 INFO       osl     p50=    275  p75=    810  p90=   2,374  p99=   4,813  (tokens) (records_manager.py:1345)
19:49:16.837 INFO       tot     in=16,419,632  out=58,378 (records_manager.py:1345)
19:49:16.837 INFO       trace  theoretical_prefix_cache_hit=98.4% (records_manager.py:1345)
19:49:16.837 INFO       srv    prefix_cache_hit=97.6% unique_in_srv=390,249 kv_usage=1.3% queue=3r/0w tput_in_srv=24,161/s tput_out_srv=88/s (records_manager.py:1345)
19:49:46.950 INFO     [realtime 11:57 profiling] (records_manager.py:1345)
19:49:46.950 INFO       rps=0.1 (avg 0.1)  tput_in=23,610/s  tput_out=97/s  done=80 ok=80 err=0 (records_manager.py:1345)
19:49:46.950 INFO       ttft    p50=  606ms  p75=  699ms  p95=   885ms  p99= 1,406ms (records_manager.py:1345)
19:49:46.950 INFO       itl     p50=    4ms  p75=    4ms  p95=     5ms  p99=     5ms (records_manager.py:1345)
19:49:46.950 INFO       e2e     p50=1,979ms  p75=4,089ms  p95=16,631ms  p99=21,054ms (records_manager.py:1345)
19:49:46.950 INFO       intvty  p50=    251  p75=    269  p95=     461  p99=   9,840  (1/tpot tok/s) (records_manager.py:1345)
19:49:46.950 INFO       isl     p50=117,930  p75=362,410  p90= 381,760  p99= 394,928  (tokens) (records_manager.py:1345)
19:49:46.950 INFO       osl     p50=    292  p75=    945  p90=   2,882  p99=   4,813  (tokens) (records_manager.py:1345)
19:49:46.950 INFO       tot     in=16,646,365  out=68,283 (records_manager.py:1345)
19:49:46.950 INFO       trace  theoretical_prefix_cache_hit=97.9% (records_manager.py:1345)
19:49:46.950 INFO       srv    prefix_cache_hit=97.5% unique_in_srv=426,771 kv_usage=1.2% queue=1r/0w tput_in_srv=23,355/s tput_out_srv=96/s (records_manager.py:1345)
19:50:17.068 INFO     [realtime 12:27 profiling] (records_manager.py:1345)
19:50:17.068 INFO       rps=0.1 (avg 0.1)  tput_in=22,860/s  tput_out=96/s  done=84 ok=84 err=0 (records_manager.py:1345)
19:50:17.068 INFO       ttft    p50=  540ms  p75=  698ms  p95=   879ms  p99= 1,405ms (records_manager.py:1345)
19:50:17.068 INFO       itl     p50=    4ms  p75=    4ms  p95=     5ms  p99=     5ms (records_manager.py:1345)
19:50:17.068 INFO       e2e     p50=1,979ms  p75=4,089ms  p95=16,430ms  p99=21,044ms (records_manager.py:1345)
19:50:17.068 INFO       intvty  p50=    251  p75=    266  p95=     328  p99=   9,724  (1/tpot tok/s) (records_manager.py:1345)
19:50:17.068 INFO       isl     p50=113,559  p75=361,952  p90= 381,741  p99= 394,802  (tokens) (records_manager.py:1345)
19:50:17.068 INFO       osl     p50=    292  p75=    945  p90=   2,783  p99=   4,812  (tokens) (records_manager.py:1345)
19:50:17.068 INFO       tot     in=17,062,697  out=71,747 (records_manager.py:1345)
19:50:17.068 INFO       trace  theoretical_prefix_cache_hit=97.9% (records_manager.py:1345)
19:50:17.068 INFO       srv    prefix_cache_hit=97.4% unique_in_srv=436,137 kv_usage=0.0% queue=0r/0w tput_in_srv=22,840/s tput_out_srv=96/s (records_manager.py:1345)
19:50:47.199 INFO     [realtime 12:57 profiling] (records_manager.py:1345)
19:50:47.199 INFO       rps=0.1 (avg 0.1)  tput_in=22,454/s  tput_out=95/s  done=87 ok=87 err=0 (records_manager.py:1345)
19:50:47.199 INFO       ttft    p50=  436ms  p75=  697ms  p95=   873ms  p99= 1,405ms (records_manager.py:1345)
19:50:47.199 INFO       itl     p50=    4ms  p75=    4ms  p95=     4ms  p99=     5ms (records_manager.py:1345)
19:50:47.199 INFO       e2e     p50=2,028ms  p75=3,876ms  p95=16,245ms  p99=21,037ms (records_manager.py:1345)
19:50:47.199 INFO       intvty  p50=    250  p75=    264  p95=     328  p99=   9,638  (1/tpot tok/s) (records_manager.py:1345)
19:50:47.199 INFO       isl     p50=114,715  p75=358,376  p90= 381,741  p99= 394,708  (tokens) (records_manager.py:1345)
19:50:47.199 INFO       osl     p50=    320  p75=    891  p90=   2,698  p99=   4,812  (tokens) (records_manager.py:1345)
19:50:47.199 INFO       tot     in=17,414,868  out=73,303 (records_manager.py:1345)
19:50:47.199 INFO       trace  theoretical_prefix_cache_hit=97.8% (records_manager.py:1345)
19:50:47.199 INFO       srv    prefix_cache_hit=97.4% unique_in_srv=450,260 kv_usage=0.0% queue=0r/0w tput_in_srv=22,412/s tput_out_srv=94/s (records_manager.py:1345)
19:51:17.408 INFO     [realtime 13:27 profiling] (records_manager.py:1345)
19:51:17.408 INFO       rps=0.2 (avg 0.1)  tput_in=22,632/s  tput_out=95/s  done=92 ok=92 err=0 (records_manager.py:1345)
19:51:17.408 INFO       ttft    p50=  384ms  p75=  691ms  p95=   863ms  p99= 1,404ms (records_manager.py:1345)
19:51:17.408 INFO       itl     p50=    4ms  p75=    4ms  p95=     4ms  p99=     5ms (records_manager.py:1345)
19:51:17.408 INFO       e2e     p50=1,979ms  p75=3,770ms  p95=15,937ms  p99=21,024ms (records_manager.py:1345)
19:51:17.408 INFO       intvty  p50=    250  p75=    266  p95=     994  p99=   9,494  (1/tpot tok/s) (records_manager.py:1345)
19:51:17.408 INFO       isl     p50=118,313  p75=354,555  p90= 381,727  p99= 394,551  (tokens) (records_manager.py:1345)
19:51:17.408 INFO       osl     p50=    311  p75=    864  p90=   2,581  p99=   4,811  (tokens) (records_manager.py:1345)
19:51:17.408 INFO       tot     in=18,088,138  out=76,251 (records_manager.py:1345)
19:51:17.408 INFO       trace  theoretical_prefix_cache_hit=97.8% (records_manager.py:1345)
19:51:17.408 INFO       srv    prefix_cache_hit=97.4% unique_in_srv=467,146 kv_usage=0.0% queue=0r/0w tput_in_srv=22,404/s tput_out_srv=94/s (records_manager.py:1345)
19:51:47.548 INFO     [realtime 13:57 profiling] (records_manager.py:1345)
19:51:47.548 INFO       rps=0.1 (avg 0.1)  tput_in=22,537/s  tput_out=95/s  done=96 ok=96 err=0 (records_manager.py:1345)
19:51:47.548 INFO       ttft    p50=  378ms  p75=  691ms  p95=   855ms  p99= 1,403ms (records_manager.py:1345)
19:51:47.548 INFO       itl     p50=    4ms  p75=    4ms  p95=     4ms  p99=     5ms (records_manager.py:1345)
19:51:47.548 INFO       e2e     p50=2,051ms  p75=4,089ms  p95=15,691ms  p99=21,014ms (records_manager.py:1345)
19:51:47.548 INFO       intvty  p50=    250  p75=    262  p95=     728  p99=   9,378  (1/tpot tok/s) (records_manager.py:1345)
19:51:47.548 INFO       isl     p50=120,190  p75=353,457  p90= 381,672  p99= 394,425  (tokens) (records_manager.py:1345)
19:51:47.548 INFO       osl     p50=    332  p75=    945  p90=   2,570  p99=   4,811  (tokens) (records_manager.py:1345)
19:51:47.548 INFO       tot     in=18,706,510  out=79,215 (records_manager.py:1345)
19:51:47.548 INFO       trace  theoretical_prefix_cache_hit=97.8% (records_manager.py:1345)
19:51:47.548 INFO       srv    prefix_cache_hit=97.4% unique_in_srv=491,214 kv_usage=0.0% queue=0r/0w tput_in_srv=22,339/s tput_out_srv=95/s (records_manager.py:1345)
19:52:17.688 INFO     [realtime 14:27 profiling] (records_manager.py:1345)
19:52:17.688 INFO       rps=0.1 (avg 0.1)  tput_in=22,214/s  tput_out=95/s  done=99 ok=99 err=0 (records_manager.py:1345)
19:52:17.688 INFO       ttft    p50=  375ms  p75=  689ms  p95=   849ms  p99= 1,403ms (records_manager.py:1345)
19:52:17.688 INFO       itl     p50=    4ms  p75=    4ms  p95=     4ms  p99=     5ms (records_manager.py:1345)
19:52:17.688 INFO       e2e     p50=2,028ms  p75=4,089ms  p95=15,506ms  p99=21,006ms (records_manager.py:1345)
19:52:17.688 INFO       intvty  p50=    250  p75=    266  p95=     528  p99=   9,292  (1/tpot tok/s) (records_manager.py:1345)
19:52:17.688 INFO       isl     p50=120,772  p75=351,532  p90= 381,630  p99= 394,331  (tokens) (records_manager.py:1345)
19:52:17.688 INFO       osl     p50=    320  p75=    945  p90=   2,562  p99=   4,810  (tokens) (records_manager.py:1345)
19:52:17.688 INFO       tot     in=19,197,648  out=81,811 (records_manager.py:1345)
19:52:17.688 INFO       trace  theoretical_prefix_cache_hit=97.8% (records_manager.py:1345)
19:52:17.688 INFO       srv    prefix_cache_hit=97.4% unique_in_srv=496,336 kv_usage=0.0% queue=0r/0w tput_in_srv=22,124/s tput_out_srv=94/s (records_manager.py:1345)
19:52:47.828 INFO     [realtime 14:58 profiling] (records_manager.py:1345)
19:52:47.828 INFO       rps=0.0 (avg 0.1)  tput_in=21,946/s  tput_out=95/s  done=100 ok=100 err=0 (records_manager.py:1345)
19:52:47.828 INFO       ttft    p50=  366ms  p75=  689ms  p95=   847ms  p99= 1,403ms (records_manager.py:1345)
19:52:47.829 INFO       itl     p50=    4ms  p75=    4ms  p95=     4ms  p99=     5ms (records_manager.py:1345)
19:52:47.829 INFO       e2e     p50=2,051ms  p75=4,285ms  p95=15,445ms  p99=21,004ms (records_manager.py:1345)
19:52:47.829 INFO       intvty  p50=    250  p75=    266  p95=     461  p99=   9,263  (1/tpot tok/s) (records_manager.py:1345)
19:52:47.829 INFO       isl     p50=121,624  p75=350,730  p90= 381,616  p99= 394,299  (tokens) (records_manager.py:1345)
19:52:47.829 INFO       osl     p50=    332  p75=    956  p90=   2,560  p99=   4,810  (tokens) (records_manager.py:1345)
19:52:47.829 INFO       tot     in=19,363,163  out=83,692 (records_manager.py:1345)
19:52:47.829 INFO       trace  theoretical_prefix_cache_hit=97.8% (records_manager.py:1345)
19:52:47.829 INFO       srv    prefix_cache_hit=97.4% unique_in_srv=498,098 kv_usage=2.1% queue=1r/0w tput_in_srv=21,755/s tput_out_srv=95/s (records_manager.py:1345)
19:53:17.986 INFO     [realtime 15:28 profiling] (records_manager.py:1345)
19:53:17.986 INFO       rps=0.1 (avg 0.1)  tput_in=21,566/s  tput_out=95/s  done=103 ok=103 err=0 (records_manager.py:1345)
19:53:17.987 INFO       ttft    p50=  358ms  p75=  688ms  p95=   844ms  p99= 1,397ms (records_manager.py:1345)
19:53:17.987 INFO       itl     p50=    4ms  p75=    4ms  p95=     4ms  p99=     5ms (records_manager.py:1345)
19:53:17.987 INFO       e2e     p50=2,074ms  p75=4,481ms  p95=15,346ms  p99=20,920ms (records_manager.py:1345)
19:53:17.987 INFO       intvty  p50=    250  p75=    266  p95=     994  p99=   9,194  (1/tpot tok/s) (records_manager.py:1345)
19:53:17.987 INFO       isl     p50=129,654  p75=348,098  p90= 380,269  p99= 394,209  (tokens) (records_manager.py:1345)
19:53:17.987 INFO       osl     p50=    345  p75=    968  p90=   2,579  p99=   4,795  (tokens) (records_manager.py:1345)
19:53:17.987 INFO       tot     in=19,867,839  out=87,409 (records_manager.py:1345)
19:53:17.987 INFO       trace  theoretical_prefix_cache_hit=97.9% (records_manager.py:1345)
19:53:17.987 INFO       srv    prefix_cache_hit=97.5% unique_in_srv=500,927 kv_usage=0.0% queue=0r/0w tput_in_srv=21,416/s tput_out_srv=94/s (records_manager.py:1345)
19:53:48.214 INFO     [realtime 15:58 profiling] (records_manager.py:1345)
19:53:48.214 INFO       rps=0.1 (avg 0.1)  tput_in=21,201/s  tput_out=96/s  done=106 ok=106 err=0 (records_manager.py:1345)
19:53:48.215 INFO       ttft    p50=  366ms  p75=  690ms  p95=   886ms  p99= 1,848ms (records_manager.py:1345)
19:53:48.215 INFO       itl     p50=    4ms  p75=    4ms  p95=     4ms  p99=     5ms (records_manager.py:1345)
19:53:48.215 INFO       e2e     p50=2,116ms  p75=4,947ms  p95=15,290ms  p99=20,799ms (records_manager.py:1345)
19:53:48.215 INFO       intvty  p50=    250  p75=    266  p95=     889  p99=   9,161  (1/tpot tok/s) (records_manager.py:1345)
19:53:48.215 INFO       isl     p50=131,834  p75=345,706  p90= 378,270  p99= 394,120  (tokens) (records_manager.py:1345)
19:53:48.215 INFO       osl     p50=    354  p75=  1,102  p90=   2,628  p99=   4,772  (tokens) (records_manager.py:1345)
19:53:48.215 INFO       tot     in=20,281,446  out=92,152 (records_manager.py:1345)
19:53:48.215 INFO       trace  theoretical_prefix_cache_hit=97.2% (records_manager.py:1345)
19:53:48.215 INFO       srv    prefix_cache_hit=96.8% unique_in_srv=657,638 kv_usage=0.0% queue=0r/0w tput_in_srv=21,170/s tput_out_srv=96/s (records_manager.py:1345)
19:54:18.364 INFO     [realtime 16:28 profiling] (records_manager.py:1345)
19:54:18.364 INFO       rps=0.0 (avg 0.1)  tput_in=20,706/s  tput_out=98/s  done=107 ok=107 err=0 (records_manager.py:1345)
19:54:18.364 INFO       ttft    p50=  374ms  p75=  689ms  p95=   886ms  p99= 1,844ms (records_manager.py:1345)
19:54:18.364 INFO       itl     p50=    4ms  p75=    4ms  p95=     4ms  p99=     5ms (records_manager.py:1345)
19:54:18.364 INFO       e2e     p50=2,158ms  p75=5,080ms  p95=16,245ms  p99=20,974ms (records_manager.py:1345)
19:54:18.364 INFO       intvty  p50=    249  p75=    266  p95=     854  p99=   9,150  (1/tpot tok/s) (records_manager.py:1345)
19:54:18.364 INFO       isl     p50=134,015  p75=345,144  p90= 377,604  p99= 394,091  (tokens) (records_manager.py:1345)
19:54:18.364 INFO       osl     p50=    364  p75=  1,178  p90=   2,750  p99=   4,822  (tokens) (records_manager.py:1345)
19:54:18.364 INFO       tot     in=20,440,285  out=97,062 (records_manager.py:1345)
19:54:18.364 INFO       trace  theoretical_prefix_cache_hit=97.2% (records_manager.py:1345)
19:54:18.364 INFO       srv    prefix_cache_hit=96.8% unique_in_srv=660,957 kv_usage=0.0% queue=0r/0w tput_in_srv=20,681/s tput_out_srv=98/s (records_manager.py:1345)
19:54:48.642 INFO     [realtime 16:58 profiling] (records_manager.py:1345)
19:54:48.642 INFO       rps=0.1 (avg 0.1)  tput_in=20,678/s  tput_out=96/s  done=111 ok=111 err=0 (records_manager.py:1345)
19:54:48.642 INFO       ttft    p50=  365ms  p75=  689ms  p95= 1,014ms  p99= 1,971ms (records_manager.py:1345)
19:54:48.642 INFO       itl     p50=    4ms  p75=    4ms  p95=     4ms  p99=     5ms (records_manager.py:1345)
19:54:48.642 INFO       e2e     p50=2,074ms  p75=4,922ms  p95=15,999ms  p99=20,956ms (records_manager.py:1345)
19:54:48.642 INFO       intvty  p50=    250  p75=    270  p95=     714  p99=   9,106  (1/tpot tok/s) (records_manager.py:1345)
19:54:48.643 INFO       isl     p50=134,987  p75=342,954  p90= 374,938  p99= 393,973  (tokens) (records_manager.py:1345)
19:54:48.643 INFO       osl     p50=    320  p75=  1,065  p90=   2,671  p99=   4,822  (tokens) (records_manager.py:1345)
19:54:48.643 INFO       tot     in=20,927,541  out=97,354 (records_manager.py:1345)
19:54:48.643 INFO       trace  theoretical_prefix_cache_hit=97.3% (records_manager.py:1345)
19:54:48.643 INFO       srv    prefix_cache_hit=96.5% unique_in_srv=740,405 kv_usage=0.0% queue=0r/0w tput_in_srv=20,550/s tput_out_srv=96/s (records_manager.py:1345)
19:55:18.799 INFO     [realtime 17:29 profiling] (records_manager.py:1345)
19:55:18.799 INFO       rps=0.0 (avg 0.1)  tput_in=20,114/s  tput_out=99/s  done=112 ok=112 err=0 (records_manager.py:1345)
19:55:18.799 INFO       ttft    p50=  370ms  p75=  689ms  p95= 1,001ms  p99= 1,970ms (records_manager.py:1345)
19:55:18.799 INFO       itl     p50=    4ms  p75=    4ms  p95=     4ms  p99=     5ms (records_manager.py:1345)
19:55:18.799 INFO       e2e     p50=2,116ms  p75=5,026ms  p95=16,763ms  p99=21,225ms (records_manager.py:1345)
19:55:18.799 INFO       intvty  p50=    250  p75=    269  p95=     679  p99=   9,096  (1/tpot tok/s) (records_manager.py:1345)
19:55:18.799 INFO       isl     p50=135,664  p75=342,421  p90= 374,905  p99= 393,943  (tokens) (records_manager.py:1345)
19:55:18.799 INFO       osl     p50=    332  p75=  1,158  p90=   2,848  p99=   4,900  (tokens) (records_manager.py:1345)
19:55:18.799 INFO       tot     in=21,093,562  out=103,728 (records_manager.py:1345)
19:55:18.799 INFO       trace  theoretical_prefix_cache_hit=97.3% (records_manager.py:1345)
19:55:18.799 INFO       srv    prefix_cache_hit=96.5% unique_in_srv=745,786 kv_usage=0.0% queue=0r/0w tput_in_srv=20,114/s tput_out_srv=99/s (records_manager.py:1345)
19:55:48.957 INFO     [realtime 17:59 profiling] (records_manager.py:1345)
19:55:48.957 INFO       rps=0.0 (avg 0.1)  tput_in=20,114/s  tput_out=99/s  done=112 ok=112 err=0 (records_manager.py:1345)
19:55:48.957 INFO       ttft    p50=  370ms  p75=  689ms  p95= 1,001ms  p99= 1,970ms (records_manager.py:1345)
19:55:48.957 INFO       itl     p50=    4ms  p75=    4ms  p95=     4ms  p99=     5ms (records_manager.py:1345)
19:55:48.958 INFO       e2e     p50=2,116ms  p75=5,026ms  p95=16,763ms  p99=21,225ms (records_manager.py:1345)
19:55:48.958 INFO       intvty  p50=    250  p75=    269  p95=     679  p99=   9,096  (1/tpot tok/s) (records_manager.py:1345)
19:55:48.958 INFO       isl     p50=135,664  p75=342,421  p90= 374,905  p99= 393,943  (tokens) (records_manager.py:1345)
19:55:48.958 INFO       osl     p50=    332  p75=  1,158  p90=   2,848  p99=   4,900  (tokens) (records_manager.py:1345)
19:55:48.958 INFO       tot     in=21,093,562  out=103,728 (records_manager.py:1345)
19:55:48.958 INFO       trace  theoretical_prefix_cache_hit=97.3% (records_manager.py:1345)
19:55:48.958 INFO       srv    prefix_cache_hit=96.5% unique_in_srv=750,408 kv_usage=2.1% queue=1r/0w tput_in_srv=19,713/s tput_out_srv=101/s (records_manager.py:1345)
19:56:19.209 INFO     [realtime 18:29 profiling] (records_manager.py:1345)
19:56:19.210 INFO       rps=0.4 (avg 0.1)  tput_in=19,825/s  tput_out=106/s  done=125 ok=125 err=0 (records_manager.py:1345)
19:56:19.210 INFO       ttft    p50=  374ms  p75=  690ms  p95= 1,350ms  p99= 1,956ms (records_manager.py:1345)
19:56:19.210 INFO       itl     p50=    4ms  p75=    4ms  p95=     5ms  p99=     6ms (records_manager.py:1345)
19:56:19.210 INFO       e2e     p50=2,237ms  p75=4,973ms  p95=16,878ms  p99=25,502ms (records_manager.py:1345)
19:56:19.210 INFO       intvty  p50=    249  p75=    262  p95=     328  p99=   8,953  (1/tpot tok/s) (records_manager.py:1345)
19:56:19.210 INFO       isl     p50=120,580  p75=340,151  p90= 374,449  p99= 393,559  (tokens) (records_manager.py:1345)
19:56:19.210 INFO       osl     p50=    404  p75=    945  p90=   2,789  p99=   6,023  (tokens) (records_manager.py:1345)
19:56:19.210 INFO       tot     in=21,928,323  out=116,744 (records_manager.py:1345)
19:56:19.210 INFO       trace  theoretical_prefix_cache_hit=96.6% (records_manager.py:1345)
19:56:19.210 INFO       srv    prefix_cache_hit=95.7% unique_in_srv=952,207 kv_usage=1.8% queue=2r/0w tput_in_srv=19,930/s tput_out_srv=106/s (records_manager.py:1345)
19:56:49.395 INFO     [realtime 18:59 profiling] (records_manager.py:1345)
19:56:49.395 INFO       rps=0.3 (avg 0.1)  tput_in=19,938/s  tput_out=112/s  done=133 ok=133 err=0 (records_manager.py:1345)
19:56:49.395 INFO       ttft    p50=  374ms  p75=  687ms  p95= 1,245ms  p99= 1,947ms (records_manager.py:1345)
19:56:49.395 INFO       itl     p50=    4ms  p75=    4ms  p95=     5ms  p99=     6ms (records_manager.py:1345)
19:56:49.395 INFO       e2e     p50=2,373ms  p75=4,872ms  p95=16,951ms  p99=26,728ms (records_manager.py:1345)
19:56:49.395 INFO       intvty  p50=    248  p75=    258  p95=     327  p99=   8,866  (1/tpot tok/s) (records_manager.py:1345)
19:56:49.395 INFO       isl     p50=117,604  p75=338,535  p90= 374,020  p99= 393,323  (tokens) (records_manager.py:1345)
19:56:49.395 INFO       osl     p50=    422  p75=    945  p90=   2,829  p99=   6,244  (tokens) (records_manager.py:1345)
19:56:49.395 INFO       tot     in=22,645,460  out=127,467 (records_manager.py:1345)
19:56:49.395 INFO       trace  theoretical_prefix_cache_hit=96.4% (records_manager.py:1345)
19:56:49.395 INFO       srv    prefix_cache_hit=95.4% unique_in_srv=1,057,376 kv_usage=2.7% queue=2r/0w tput_in_srv=20,093/s tput_out_srv=113/s (records_manager.py:1345)
19:57:19.590 INFO     [realtime 19:29 profiling] (records_manager.py:1345)
19:57:19.590 INFO       rps=0.3 (avg 0.1)  tput_in=20,326/s  tput_out=114/s  done=141 ok=141 err=0 (records_manager.py:1345)
19:57:19.590 INFO       ttft    p50=  374ms  p75=  687ms  p95= 1,141ms  p99= 1,938ms (records_manager.py:1345)
19:57:19.590 INFO       itl     p50=    4ms  p75=    4ms  p95=     5ms  p99=     6ms (records_manager.py:1345)
19:57:19.590 INFO       e2e     p50=2,412ms  p75=4,690ms  p95=16,944ms  p99=26,699ms (records_manager.py:1345)
19:57:19.590 INFO       intvty  p50=    248  p75=    257  p95=     327  p99=   8,778  (1/tpot tok/s) (records_manager.py:1345)
19:57:19.590 INFO       isl     p50=118,371  p75=335,306  p90= 373,246  p99= 393,086  (tokens) (records_manager.py:1345)
19:57:19.590 INFO       osl     p50=    448  p75=    945  p90=   2,671  p99=   6,212  (tokens) (records_manager.py:1345)
19:57:19.590 INFO       tot     in=23,671,318  out=133,214 (records_manager.py:1345)
19:57:19.590 INFO       trace  theoretical_prefix_cache_hit=96.3% (records_manager.py:1345)
19:57:19.590 INFO       srv    prefix_cache_hit=95.4% unique_in_srv=1,093,991 kv_usage=3.2% queue=2r/0w tput_in_srv=20,484/s tput_out_srv=118/s (records_manager.py:1345)
19:57:49.885 INFO     [realtime 20:00 profiling] (records_manager.py:1345)
19:57:49.885 INFO       rps=0.1 (avg 0.1)  tput_in=20,470/s  tput_out=115/s  done=145 ok=145 err=0 (records_manager.py:1345)
19:57:49.885 INFO       ttft    p50=  374ms  p75=  682ms  p95= 1,121ms  p99= 1,933ms (records_manager.py:1345)
19:57:49.885 INFO       itl     p50=    4ms  p75=    4ms  p95=     5ms  p99=     6ms (records_manager.py:1345)
19:57:49.885 INFO       e2e     p50=2,467ms  p75=4,375ms  p95=16,878ms  p99=26,685ms (records_manager.py:1345)
19:57:49.885 INFO       intvty  p50=    247  p75=    257  p95=     326  p99=   8,734  (1/tpot tok/s) (records_manager.py:1345)
19:57:49.885 INFO       isl     p50=120,580  p75=170,510  p90= 373,041  p99= 392,968  (tokens) (records_manager.py:1345)
19:57:49.885 INFO       osl     p50=    480  p75=    904  p90=   2,636  p99=   6,195  (tokens) (records_manager.py:1345)
19:57:49.885 INFO       tot     in=24,262,384  out=135,905 (records_manager.py:1345)
19:57:49.885 INFO       trace  theoretical_prefix_cache_hit=96.3% (records_manager.py:1345)
19:57:49.885 INFO       srv    prefix_cache_hit=95.5% unique_in_srv=1,108,257 kv_usage=3.5% queue=2r/0w tput_in_srv=20,470/s tput_out_srv=125/s (records_manager.py:1345)
19:58:20.087 INFO     [realtime 20:30 profiling] (records_manager.py:1345)
19:58:20.087 INFO       rps=0.0 (avg 0.1)  tput_in=20,316/s  tput_out=123/s  done=146 ok=146 err=0 (records_manager.py:1345)
19:58:20.087 INFO       ttft    p50=  374ms  p75=  681ms  p95= 1,117ms  p99= 1,932ms (records_manager.py:1345)
19:58:20.087 INFO       itl     p50=    4ms  p75=    4ms  p95=     5ms  p99=     6ms (records_manager.py:1345)
19:58:20.087 INFO       e2e     p50=2,478ms  p75=4,611ms  p95=16,956ms  p99=28,958ms (records_manager.py:1345)
19:58:20.087 INFO       intvty  p50=    247  p75=    256  p95=     326  p99=   8,723  (1/tpot tok/s) (records_manager.py:1345)
19:58:20.087 INFO       isl     p50=120,676  p75=170,232  p90= 372,990  p99= 392,939  (tokens) (records_manager.py:1345)
19:58:20.087 INFO       osl     p50=    498  p75=    935  p90=   2,770  p99=   6,665  (tokens) (records_manager.py:1345)
19:58:20.087 INFO       tot     in=24,403,125  out=147,967 (records_manager.py:1345)
19:58:20.087 INFO       trace  theoretical_prefix_cache_hit=96.3% (records_manager.py:1345)
19:58:20.087 INFO       srv    prefix_cache_hit=95.5% unique_in_srv=1,108,257 kv_usage=2.0% queue=1r/0w tput_in_srv=19,966/s tput_out_srv=129/s (records_manager.py:1345)
19:58:50.377 INFO     [realtime 21:00 profiling] (records_manager.py:1345)
19:58:50.378 INFO       rps=0.0 (avg 0.1)  tput_in=19,823/s  tput_out=129/s  done=147 ok=147 err=0 (records_manager.py:1345)
19:58:50.378 INFO       ttft    p50=  374ms  p75=  681ms  p95= 1,112ms  p99= 1,931ms (records_manager.py:1345)
19:58:50.378 INFO       itl     p50=    4ms  p75=    4ms  p95=     5ms  p99=     6ms (records_manager.py:1345)
19:58:50.378 INFO       e2e     p50=2,489ms  p75=4,781ms  p95=19,471ms  p99=41,794ms (records_manager.py:1345)
19:58:50.378 INFO       intvty  p50=    247  p75=    256  p95=     326  p99=   8,712  (1/tpot tok/s) (records_manager.py:1345)
19:58:50.378 INFO       isl     p50=120,772  p75=169,954  p90= 372,939  p99= 392,909  (tokens) (records_manager.py:1345)
19:58:50.378 INFO       osl     p50=    515  p75=    945  p90=   2,889  p99=   9,689  (tokens) (records_manager.py:1345)
19:58:50.378 INFO       tot     in=24,558,369  out=160,226 (records_manager.py:1345)
19:58:50.378 INFO       trace  theoretical_prefix_cache_hit=96.3% (records_manager.py:1345)
19:58:50.378 INFO       srv    prefix_cache_hit=95.4% unique_in_srv=1,143,913 kv_usage=2.5% queue=1r/0w tput_in_srv=19,654/s tput_out_srv=129/s (records_manager.py:1345)
19:59:20.582 INFO     [realtime 21:30 profiling] (records_manager.py:1345)
19:59:20.582 INFO       rps=0.0 (avg 0.1)  tput_in=19,823/s  tput_out=129/s  done=147 ok=147 err=0 (records_manager.py:1345)
19:59:20.582 INFO       ttft    p50=  374ms  p75=  681ms  p95= 1,112ms  p99= 1,931ms (records_manager.py:1345)
19:59:20.582 INFO       itl     p50=    4ms  p75=    4ms  p95=     5ms  p99=     6ms (records_manager.py:1345)
19:59:20.582 INFO       e2e     p50=2,489ms  p75=4,781ms  p95=19,471ms  p99=41,794ms (records_manager.py:1345)
19:59:20.582 INFO       intvty  p50=    247  p75=    256  p95=     326  p99=   8,712  (1/tpot tok/s) (records_manager.py:1345)
19:59:20.582 INFO       isl     p50=120,772  p75=169,954  p90= 372,939  p99= 392,909  (tokens) (records_manager.py:1345)
19:59:20.582 INFO       osl     p50=    515  p75=    945  p90=   2,889  p99=   9,689  (tokens) (records_manager.py:1345)
19:59:20.582 INFO       tot     in=24,558,369  out=160,226 (records_manager.py:1345)
19:59:20.582 INFO       trace  theoretical_prefix_cache_hit=96.3% (records_manager.py:1345)
19:59:20.582 INFO       srv    prefix_cache_hit=95.4% unique_in_srv=1,143,913 kv_usage=2.6% queue=1r/0w tput_in_srv=19,192/s tput_out_srv=132/s (records_manager.py:1345)
19:59:50.874 INFO     [realtime 22:01 profiling] (records_manager.py:1345)
19:59:50.874 INFO       rps=0.0 (avg 0.1)  tput_in=19,823/s  tput_out=129/s  done=147 ok=147 err=0 (records_manager.py:1345)
19:59:50.874 INFO       ttft    p50=  374ms  p75=  681ms  p95= 1,112ms  p99= 1,931ms (records_manager.py:1345)
19:59:50.874 INFO       itl     p50=    4ms  p75=    4ms  p95=     5ms  p99=     6ms (records_manager.py:1345)
19:59:50.874 INFO       e2e     p50=2,489ms  p75=4,781ms  p95=19,471ms  p99=41,794ms (records_manager.py:1345)
19:59:50.874 INFO       intvty  p50=    247  p75=    256  p95=     326  p99=   8,712  (1/tpot tok/s) (records_manager.py:1345)
19:59:50.874 INFO       isl     p50=120,772  p75=169,954  p90= 372,939  p99= 392,909  (tokens) (records_manager.py:1345)
19:59:50.874 INFO       osl     p50=    515  p75=    945  p90=   2,889  p99=   9,689  (tokens) (records_manager.py:1345)
19:59:50.874 INFO       tot     in=24,558,369  out=160,226 (records_manager.py:1345)
19:59:50.874 INFO       trace  theoretical_prefix_cache_hit=96.3% (records_manager.py:1345)
19:59:50.874 INFO       srv    prefix_cache_hit=95.4% unique_in_srv=1,143,913 kv_usage=2.7% queue=1r/0w tput_in_srv=18,751/s tput_out_srv=134/s (records_manager.py:1345)
20:00:21.079 INFO     [realtime 22:31 profiling] (records_manager.py:1345)
20:00:21.080 INFO       rps=0.0 (avg 0.1)  tput_in=18,720/s  tput_out=135/s  done=148 ok=148 err=0 (records_manager.py:1345)
20:00:21.080 INFO       ttft    p50=  375ms  p75=  683ms  p95= 1,223ms  p99= 1,930ms (records_manager.py:1345)
20:00:21.080 INFO       itl     p50=    4ms  p75=    4ms  p95=     5ms  p99=     6ms (records_manager.py:1345)
20:00:21.080 INFO       e2e     p50=2,502ms  p75=4,897ms  p95=20,842ms  p99=51,527ms (records_manager.py:1345)
20:00:21.080 INFO       intvty  p50=    247  p75=    256  p95=     325  p99=   8,701  (1/tpot tok/s) (records_manager.py:1345)
20:00:21.080 INFO       isl     p50=121,528  p75=179,388  p90= 372,888  p99= 392,880  (tokens) (records_manager.py:1345)
20:00:21.080 INFO       osl     p50=    517  p75=    956  p90=   2,946  p99=  12,166  (tokens) (records_manager.py:1345)
20:00:21.080 INFO       tot     in=24,764,393  out=177,936 (records_manager.py:1345)
20:00:21.080 INFO       trace  theoretical_prefix_cache_hit=96.2% (records_manager.py:1345)
20:00:21.080 INFO       srv    prefix_cache_hit=95.4% unique_in_srv=1,146,554 kv_usage=2.6% queue=1r/0w tput_in_srv=18,484/s tput_out_srv=135/s (records_manager.py:1345)
20:00:51.375 INFO     [realtime 23:01 profiling] (records_manager.py:1345)
20:00:51.375 INFO       rps=0.1 (avg 0.1)  tput_in=18,318/s  tput_out=135/s  done=151 ok=151 err=0 (records_manager.py:1345)
20:00:51.376 INFO       ttft    p50=  375ms  p75=  681ms  p95= 1,204ms  p99= 1,927ms (records_manager.py:1345)
20:00:51.376 INFO       itl     p50=    4ms  p75=    4ms  p95=     5ms  p99=     6ms (records_manager.py:1345)
20:00:51.376 INFO       e2e     p50=2,515ms  p75=4,922ms  p95=21,127ms  p99=51,512ms (records_manager.py:1345)
20:00:51.376 INFO       intvty  p50=    247  p75=    256  p95=     325  p99=   8,668  (1/tpot tok/s) (records_manager.py:1345)
20:00:51.376 INFO       isl     p50=122,284  p75=207,244  p90= 372,734  p99= 392,791  (tokens) (records_manager.py:1345)
20:00:51.376 INFO       osl     p50=    519  p75=    968  p90=   3,008  p99=  12,160  (tokens) (records_manager.py:1345)
20:00:51.376 INFO       tot     in=25,188,103  out=185,492 (records_manager.py:1345)
20:00:51.376 INFO       trace  theoretical_prefix_cache_hit=96.3% (records_manager.py:1345)
20:00:51.376 INFO       srv    prefix_cache_hit=95.4% unique_in_srv=1,153,543 kv_usage=0.0% queue=0r/0w tput_in_srv=18,238/s tput_out_srv=134/s (records_manager.py:1345)
20:01:21.589 INFO     [realtime 23:31 profiling] (records_manager.py:1345)
20:01:21.589 INFO       rps=0.0 (avg 0.1)  tput_in=18,147/s  tput_out=135/s  done=152 ok=152 err=0 (records_manager.py:1345)
20:01:21.589 INFO       ttft    p50=  375ms  p75=  681ms  p95= 1,198ms  p99= 1,926ms (records_manager.py:1345)
20:01:21.589 INFO       itl     p50=    4ms  p75=    4ms  p95=     5ms  p99=     6ms (records_manager.py:1345)
20:01:21.589 INFO       e2e     p50=2,527ms  p75=4,982ms  p95=21,114ms  p99=51,507ms (records_manager.py:1345)
20:01:21.589 INFO       intvty  p50=    247  p75=    256  p95=     325  p99=   8,658  (1/tpot tok/s) (records_manager.py:1345)
20:01:21.589 INFO       isl     p50=122,380  p75=210,002  p90= 372,694  p99= 392,761  (tokens) (records_manager.py:1345)
20:01:21.589 INFO       osl     p50=    520  p75=    992  p90=   3,274  p99=  12,159  (tokens) (records_manager.py:1345)
20:01:21.589 INFO       tot     in=25,409,189  out=189,020 (records_manager.py:1345)
20:01:21.589 INFO       trace  theoretical_prefix_cache_hit=96.3% (records_manager.py:1345)
20:01:21.589 INFO       srv    prefix_cache_hit=95.5% unique_in_srv=1,163,212 kv_usage=2.7% queue=1r/0w tput_in_srv=18,162/s tput_out_srv=134/s (records_manager.py:1345)
20:01:51.917 INFO     [realtime 24:02 profiling] (records_manager.py:1345)
20:01:51.917 INFO       rps=0.1 (avg 0.1)  tput_in=17,999/s  tput_out=134/s  done=154 ok=154 err=0 (records_manager.py:1345)
20:01:51.917 INFO       ttft    p50=  377ms  p75=  681ms  p95= 1,185ms  p99= 1,923ms (records_manager.py:1345)
20:01:51.917 INFO       itl     p50=    4ms  p75=    4ms  p95=     5ms  p99=     6ms (records_manager.py:1345)
20:01:51.917 INFO       e2e     p50=2,543ms  p75=5,002ms  p95=21,089ms  p99=51,496ms (records_manager.py:1345)
20:01:51.917 INFO       intvty  p50=    247  p75=    256  p95=     325  p99=   8,636  (1/tpot tok/s) (records_manager.py:1345)
20:01:51.917 INFO       isl     p50=125,998  p75=219,468  p90= 372,616  p99= 392,702  (tokens) (records_manager.py:1345)
20:01:51.917 INFO       osl     p50=    522  p75=    995  p90=   3,249  p99=  12,155  (tokens) (records_manager.py:1345)
20:01:51.917 INFO       tot     in=25,859,643  out=192,817 (records_manager.py:1345)
20:01:51.917 INFO       trace  theoretical_prefix_cache_hit=96.3% (records_manager.py:1345)
20:01:51.917 INFO       srv    prefix_cache_hit=95.5% unique_in_srv=1,166,011 kv_usage=0.0% queue=0r/0w tput_in_srv=17,937/s tput_out_srv=134/s (records_manager.py:1345)
20:02:22.223 INFO     [realtime 24:32 profiling] (records_manager.py:1345)
20:02:22.223 INFO       rps=0.0 (avg 0.1)  tput_in=17,882/s  tput_out=134/s  done=155 ok=155 err=0 (records_manager.py:1345)
20:02:22.223 INFO       ttft    p50=  378ms  p75=  680ms  p95= 1,179ms  p99= 1,922ms (records_manager.py:1345)
20:02:22.223 INFO       itl     p50=    4ms  p75=    4ms  p95=     5ms  p99=     6ms (records_manager.py:1345)
20:02:22.223 INFO       e2e     p50=2,546ms  p75=5,028ms  p95=21,077ms  p99=51,491ms (records_manager.py:1345)
20:02:22.223 INFO       intvty  p50=    247  p75=    256  p95=     324  p99=   8,625  (1/tpot tok/s) (records_manager.py:1345)
20:02:22.223 INFO       isl     p50=129,520  p75=222,498  p90= 372,576  p99= 392,673  (tokens) (records_manager.py:1345)
20:02:22.223 INFO       osl     p50=    522  p75=  1,068  p90=   3,231  p99=  12,153  (tokens) (records_manager.py:1345)
20:02:22.223 INFO       tot     in=26,088,694  out=195,662 (records_manager.py:1345)
20:02:22.223 INFO       trace  theoretical_prefix_cache_hit=96.3% (records_manager.py:1345)
20:02:22.223 INFO       srv    prefix_cache_hit=95.5% unique_in_srv=1,171,582 kv_usage=2.8% queue=1r/0w tput_in_srv=17,880/s tput_out_srv=133/s (records_manager.py:1345)
20:02:52.482 INFO     [realtime 25:02 profiling] (records_manager.py:1345)
20:02:52.482 INFO       rps=0.1 (avg 0.1)  tput_in=17,779/s  tput_out=133/s  done=157 ok=157 err=0 (records_manager.py:1345)
20:02:52.482 INFO       ttft    p50=  379ms  p75=  679ms  p95= 1,166ms  p99= 1,920ms (records_manager.py:1345)
20:02:52.482 INFO       itl     p50=    4ms  p75=    4ms  p95=     5ms  p99=     6ms (records_manager.py:1345)
20:02:52.482 INFO       e2e     p50=2,591ms  p75=5,187ms  p95=21,052ms  p99=51,481ms (records_manager.py:1345)
20:02:52.482 INFO       intvty  p50=    247  p75=    256  p95=     324  p99=   8,603  (1/tpot tok/s) (records_manager.py:1345)
20:02:52.482 INFO       isl     p50=129,654  p75=226,543  p90= 372,497  p99= 392,614  (tokens) (records_manager.py:1345)
20:02:52.482 INFO       osl     p50=    524  p75=  1,173  p90=   3,195  p99=  12,149  (tokens) (records_manager.py:1345)
20:02:52.483 INFO       tot     in=26,554,897  out=198,966 (records_manager.py:1345)
20:02:52.483 INFO       trace  theoretical_prefix_cache_hit=96.4% (records_manager.py:1345)
20:02:52.483 INFO       srv    prefix_cache_hit=95.6% unique_in_srv=1,174,545 kv_usage=0.0% queue=0r/0w tput_in_srv=17,675/s tput_out_srv=132/s (records_manager.py:1345)
20:03:22.828 INFO     [realtime 25:33 profiling] (records_manager.py:1345)
20:03:22.828 INFO       rps=0.0 (avg 0.1)  tput_in=17,561/s  tput_out=134/s  done=158 ok=158 err=0 (records_manager.py:1345)
20:03:22.828 INFO       ttft    p50=  379ms  p75=  681ms  p95= 1,288ms  p99= 1,919ms (records_manager.py:1345)
20:03:22.828 INFO       itl     p50=    4ms  p75=    4ms  p95=     5ms  p99=     6ms (records_manager.py:1345)
20:03:22.828 INFO       e2e     p50=2,646ms  p75=5,296ms  p95=21,725ms  p99=51,476ms (records_manager.py:1345)
20:03:22.828 INFO       intvty  p50=    247  p75=    256  p95=     324  p99=   8,592  (1/tpot tok/s) (records_manager.py:1345)
20:03:22.828 INFO       isl     p50=130,196  p75=228,424  p90= 372,458  p99= 392,584  (tokens) (records_manager.py:1345)
20:03:22.828 INFO       osl     p50=    534  p75=  1,206  p90=   3,355  p99=  12,147  (tokens) (records_manager.py:1345)
20:03:22.828 INFO       tot     in=26,833,629  out=204,440 (records_manager.py:1345)
20:03:22.828 INFO       trace  theoretical_prefix_cache_hit=96.3% (records_manager.py:1345)
20:03:22.828 INFO       srv    prefix_cache_hit=95.5% unique_in_srv=1,218,909 kv_usage=0.0% queue=0r/0w tput_in_srv=17,511/s tput_out_srv=133/s (records_manager.py:1345)
20:03:53.049 INFO     [realtime 26:03 profiling] (records_manager.py:1345)
20:03:53.049 INFO       rps=0.0 (avg 0.1)  tput_in=17,561/s  tput_out=134/s  done=158 ok=158 err=0 (records_manager.py:1345)
20:03:53.049 INFO       ttft    p50=  379ms  p75=  681ms  p95= 1,288ms  p99= 1,919ms (records_manager.py:1345)
20:03:53.049 INFO       itl     p50=    4ms  p75=    4ms  p95=     5ms  p99=     6ms (records_manager.py:1345)
20:03:53.049 INFO       e2e     p50=2,646ms  p75=5,296ms  p95=21,725ms  p99=51,476ms (records_manager.py:1345)
20:03:53.049 INFO       intvty  p50=    247  p75=    256  p95=     324  p99=   8,592  (1/tpot tok/s) (records_manager.py:1345)
20:03:53.049 INFO       isl     p50=130,196  p75=228,424  p90= 372,458  p99= 392,584  (tokens) (records_manager.py:1345)
20:03:53.049 INFO       osl     p50=    534  p75=  1,206  p90=   3,355  p99=  12,147  (tokens) (records_manager.py:1345)
20:03:53.049 INFO       tot     in=26,833,629  out=204,440 (records_manager.py:1345)
20:03:53.049 INFO       trace  theoretical_prefix_cache_hit=96.3% (records_manager.py:1345)
20:03:53.049 INFO       srv    prefix_cache_hit=95.5% unique_in_srv=1,222,891 kv_usage=3.5% queue=1r/0w tput_in_srv=17,352/s tput_out_srv=135/s (records_manager.py:1345)
20:04:23.385 INFO     [realtime 26:33 profiling] (records_manager.py:1345)
20:04:23.385 INFO       rps=0.1 (avg 0.1)  tput_in=17,229/s  tput_out=135/s  done=160 ok=160 err=0 (records_manager.py:1345)
20:04:23.385 INFO       ttft    p50=  384ms  p75=  680ms  p95= 1,274ms  p99= 1,917ms (records_manager.py:1345)
20:04:23.385 INFO       itl     p50=    4ms  p75=    4ms  p95=     5ms  p99=     6ms (records_manager.py:1345)
20:04:23.385 INFO       e2e     p50=2,703ms  p75=5,643ms  p95=24,508ms  p99=51,465ms (records_manager.py:1345)
20:04:23.385 INFO       intvty  p50=    247  p75=    256  p95=     324  p99=   8,570  (1/tpot tok/s) (records_manager.py:1345)
20:04:23.385 INFO       isl     p50=132,118  p75=232,395  p90= 372,378  p99= 392,525  (tokens) (records_manager.py:1345)
20:04:23.385 INFO       osl     p50=    548  p75=  1,270  p90=   3,535  p99=  12,143  (tokens) (records_manager.py:1345)
20:04:23.385 INFO       tot     in=27,404,351  out=214,373 (records_manager.py:1345)
20:04:23.385 INFO       trace  theoretical_prefix_cache_hit=96.3% (records_manager.py:1345)
20:04:23.385 INFO       srv    prefix_cache_hit=95.5% unique_in_srv=1,228,735 kv_usage=0.0% queue=0r/0w tput_in_srv=17,203/s tput_out_srv=135/s (records_manager.py:1345)
20:04:53.706 INFO     [realtime 27:03 profiling] (records_manager.py:1345)
20:04:53.707 INFO       rps=0.1 (avg 0.1)  tput_in=17,276/s  tput_out=134/s  done=162 ok=162 err=0 (records_manager.py:1345)
20:04:53.707 INFO       ttft    p50=  392ms  p75=  679ms  p95= 1,261ms  p99= 1,914ms (records_manager.py:1345)
20:04:53.707 INFO       itl     p50=    4ms  p75=    4ms  p95=     5ms  p99=     6ms (records_manager.py:1345)
20:04:53.707 INFO       e2e     p50=2,703ms  p75=5,848ms  p95=24,246ms  p99=51,455ms (records_manager.py:1345)
20:04:53.707 INFO       intvty  p50=    247  p75=    256  p95=     323  p99=   8,548  (1/tpot tok/s) (records_manager.py:1345)
20:04:53.707 INFO       isl     p50=133,756  p75=267,678  p90= 371,692  p99= 392,466  (tokens) (records_manager.py:1345)
20:04:53.707 INFO       osl     p50=    548  p75=  1,277  p90=   3,523  p99=  12,139  (tokens) (records_manager.py:1345)
20:04:53.707 INFO       tot     in=27,985,995  out=216,362 (records_manager.py:1345)
20:04:53.707 INFO       trace  theoretical_prefix_cache_hit=96.4% (records_manager.py:1345)
20:04:53.707 INFO       srv    prefix_cache_hit=95.6% unique_in_srv=1,232,715 kv_usage=0.0% queue=0r/0w tput_in_srv=17,239/s tput_out_srv=133/s (records_manager.py:1345)
20:05:23.975 INFO     [realtime 27:34 profiling] (records_manager.py:1345)
20:05:23.975 INFO       rps=0.1 (avg 0.1)  tput_in=17,349/s  tput_out=132/s  done=164 ok=164 err=0 (records_manager.py:1345)
20:05:23.975 INFO       ttft    p50=  397ms  p75=  679ms  p95= 1,249ms  p99= 1,912ms (records_manager.py:1345)
20:05:23.975 INFO       itl     p50=    4ms  p75=    4ms  p95=     5ms  p99=     6ms (records_manager.py:1345)
20:05:23.975 INFO       e2e     p50=2,717ms  p75=5,643ms  p95=23,931ms  p99=51,445ms (records_manager.py:1345)
20:05:23.975 INFO       intvty  p50=    246  p75=    256  p95=     322  p99=   8,526  (1/tpot tok/s) (records_manager.py:1345)
20:05:23.975 INFO       isl     p50=134,501  p75=283,936  p90= 370,398  p99= 392,407  (tokens) (records_manager.py:1345)
20:05:23.975 INFO       osl     p50=    552  p75=  1,270  p90=   3,512  p99=  12,135  (tokens) (records_manager.py:1345)
20:05:23.975 INFO       tot     in=28,571,251  out=217,768 (records_manager.py:1345)
20:05:23.975 INFO       trace  theoretical_prefix_cache_hit=96.4% (records_manager.py:1345)
20:05:23.975 INFO       srv    prefix_cache_hit=95.7% unique_in_srv=1,235,059 kv_usage=0.0% queue=0r/0w tput_in_srv=17,277/s tput_out_srv=132/s (records_manager.py:1345)
20:05:54.287 INFO     [realtime 28:04 profiling] (records_manager.py:1345)
20:05:54.288 INFO       rps=0.0 (avg 0.1)  tput_in=17,345/s  tput_out=132/s  done=165 ok=165 err=0 (records_manager.py:1345)
20:05:54.288 INFO       ttft    p50=  399ms  p75=  679ms  p95= 1,242ms  p99= 1,911ms (records_manager.py:1345)
20:05:54.288 INFO       itl     p50=    4ms  p75=    4ms  p95=     5ms  p99=     6ms (records_manager.py:1345)
20:05:54.288 INFO       e2e     p50=2,729ms  p75=5,951ms  p95=23,774ms  p99=51,440ms (records_manager.py:1345)
20:05:54.288 INFO       intvty  p50=    246  p75=    256  p95=     322  p99=   8,515  (1/tpot tok/s) (records_manager.py:1345)
20:05:54.288 INFO       isl     p50=134,987  p75=288,212  p90= 369,751  p99= 392,377  (tokens) (records_manager.py:1345)
20:05:54.288 INFO       osl     p50=    553  p75=  1,280  p90=   3,506  p99=  12,133  (tokens) (records_manager.py:1345)
20:05:54.288 INFO       tot     in=28,866,356  out=219,400 (records_manager.py:1345)
20:05:54.288 INFO       trace  theoretical_prefix_cache_hit=96.4% (records_manager.py:1345)
20:05:54.288 INFO       srv    prefix_cache_hit=95.7% unique_in_srv=1,240,506 kv_usage=3.7% queue=1r/0w tput_in_srv=17,318/s tput_out_srv=132/s (records_manager.py:1345)
20:06:24.618 INFO     [realtime 28:34 profiling] (records_manager.py:1345)
20:06:24.618 INFO       rps=0.1 (avg 0.1)  tput_in=17,339/s  tput_out=131/s  done=167 ok=167 err=0 (records_manager.py:1345)
20:06:24.618 INFO       ttft    p50=  400ms  p75=  678ms  p95= 1,230ms  p99= 1,909ms (records_manager.py:1345)
20:06:24.618 INFO       itl     p50=    4ms  p75=    4ms  p95=     5ms  p99=     6ms (records_manager.py:1345)
20:06:24.618 INFO       e2e     p50=2,729ms  p75=6,135ms  p95=23,459ms  p99=51,429ms (records_manager.py:1345)
20:06:24.618 INFO       intvty  p50=    246  p75=    256  p95=     321  p99=   8,493  (1/tpot tok/s) (records_manager.py:1345)
20:06:24.618 INFO       isl     p50=135,940  p75=290,822  p90= 368,456  p99= 392,318  (tokens) (records_manager.py:1345)
20:06:24.618 INFO       osl     p50=    553  p75=  1,314  p90=   3,495  p99=  12,129  (tokens) (records_manager.py:1345)
20:06:24.618 INFO       tot     in=29,465,035  out=222,750 (records_manager.py:1345)
20:06:24.618 INFO       trace  theoretical_prefix_cache_hit=96.5% (records_manager.py:1345)
20:06:24.618 INFO       srv    prefix_cache_hit=95.8% unique_in_srv=1,242,524 kv_usage=3.7% queue=1r/0w tput_in_srv=17,362/s tput_out_srv=131/s (records_manager.py:1345)
20:06:54.853 INFO     [realtime 29:05 profiling] (records_manager.py:1345)
20:06:54.853 INFO       rps=0.0 (avg 0.1)  tput_in=17,339/s  tput_out=131/s  done=167 ok=167 err=0 (records_manager.py:1345)
20:06:54.853 INFO       ttft    p50=  400ms  p75=  678ms  p95= 1,230ms  p99= 1,909ms (records_manager.py:1345)
20:06:54.853 INFO       itl     p50=    4ms  p75=    4ms  p95=     5ms  p99=     6ms (records_manager.py:1345)
20:06:54.853 INFO       e2e     p50=2,729ms  p75=6,135ms  p95=23,459ms  p99=51,429ms (records_manager.py:1345)
20:06:54.853 INFO       intvty  p50=    246  p75=    256  p95=     321  p99=   8,493  (1/tpot tok/s) (records_manager.py:1345)
20:06:54.853 INFO       isl     p50=135,940  p75=290,822  p90= 368,456  p99= 392,318  (tokens) (records_manager.py:1345)
20:06:54.853 INFO       osl     p50=    553  p75=  1,314  p90=   3,495  p99=  12,129  (tokens) (records_manager.py:1345)
20:06:54.853 INFO       tot     in=29,465,035  out=222,750 (records_manager.py:1345)
20:06:54.853 INFO       trace  theoretical_prefix_cache_hit=96.5% (records_manager.py:1345)
20:06:54.853 INFO       srv    prefix_cache_hit=95.8% unique_in_srv=1,242,524 kv_usage=3.8% queue=1r/0w tput_in_srv=17,060/s tput_out_srv=132/s (records_manager.py:1345)
20:07:25.221 INFO     [realtime 29:35 profiling] (records_manager.py:1345)
20:07:25.222 INFO       rps=0.1 (avg 0.1)  tput_in=17,004/s  tput_out=132/s  done=169 ok=169 err=0 (records_manager.py:1345)
20:07:25.222 INFO       ttft    p50=  413ms  p75=  678ms  p95= 1,217ms  p99= 1,907ms (records_manager.py:1345)
20:07:25.222 INFO       itl     p50=    4ms  p75=    4ms  p95=     5ms  p99=     6ms (records_manager.py:1345)
20:07:25.222 INFO       e2e     p50=2,752ms  p75=6,990ms  p95=25,651ms  p99=51,419ms (records_manager.py:1345)
20:07:25.222 INFO       intvty  p50=    246  p75=    256  p95=     320  p99=   8,471  (1/tpot tok/s) (records_manager.py:1345)
20:07:25.222 INFO       isl     p50=136,342  p75=291,824  p90= 367,162  p99= 392,259  (tokens) (records_manager.py:1345)
20:07:25.222 INFO       osl     p50=    554  p75=  1,362  p90=   3,542  p99=  12,125  (tokens) (records_manager.py:1345)
20:07:25.222 INFO       tot     in=30,068,212  out=234,126 (records_manager.py:1345)
20:07:25.222 INFO       trace  theoretical_prefix_cache_hit=96.5% (records_manager.py:1345)
20:07:25.222 INFO       srv    prefix_cache_hit=95.9% unique_in_srv=1,245,684 kv_usage=0.0% queue=0r/0w tput_in_srv=16,940/s tput_out_srv=132/s (records_manager.py:1345)
20:07:55.458 INFO     [realtime 30:05 profiling] (records_manager.py:1345)
20:07:55.458 INFO       rps=0.0 (avg 0.1)  tput_in=17,052/s  tput_out=132/s  done=170 ok=170 err=0 (records_manager.py:1345)
20:07:55.458 INFO       ttft    p50=  418ms  p75=  677ms  p95= 1,210ms  p99= 1,905ms (records_manager.py:1345)
20:07:55.458 INFO       itl     p50=    4ms  p75=    4ms  p95=     5ms  p99=     6ms (records_manager.py:1345)
20:07:55.458 INFO       e2e     p50=2,753ms  p75=6,822ms  p95=25,547ms  p99=51,414ms (records_manager.py:1345)
20:07:55.458 INFO       intvty  p50=    246  p75=    256  p95=     319  p99=   8,460  (1/tpot tok/s) (records_manager.py:1345)
20:07:55.458 INFO       isl     p50=137,019  p75=293,030  p90= 366,515  p99= 392,230  (tokens) (records_manager.py:1345)
20:07:55.458 INFO       osl     p50=    557  p75=  1,358  p90=   3,535  p99=  12,123  (tokens) (records_manager.py:1345)
20:07:55.458 INFO       tot     in=30,372,950  out=234,688 (records_manager.py:1345)
20:07:55.458 INFO       trace  theoretical_prefix_cache_hit=96.6% (records_manager.py:1345)
20:07:55.458 INFO       srv    prefix_cache_hit=95.9% unique_in_srv=1,249,600 kv_usage=3.8% queue=1r/0w tput_in_srv=16,993/s tput_out_srv=132/s (records_manager.py:1345)
20:08:25.825 INFO     [realtime 30:36 profiling] (records_manager.py:1345)
20:08:25.825 INFO       rps=0.1 (avg 0.1)  tput_in=16,914/s  tput_out=132/s  done=172 ok=172 err=0 (records_manager.py:1345)
20:08:25.826 INFO       ttft    p50=  424ms  p75=  674ms  p95= 1,198ms  p99= 1,903ms (records_manager.py:1345)
20:08:25.826 INFO       itl     p50=    4ms  p75=    4ms  p95=     5ms  p99=     6ms (records_manager.py:1345)
20:08:25.826 INFO       e2e     p50=2,763ms  p75=7,081ms  p95=25,339ms  p99=51,404ms (records_manager.py:1345)
20:08:25.826 INFO       intvty  p50=    246  p75=    255  p95=     318  p99=   8,439  (1/tpot tok/s) (records_manager.py:1345)
20:08:25.826 INFO       isl     p50=137,984  p75=295,954  p90= 365,841  p99= 392,171  (tokens) (records_manager.py:1345)
20:08:25.826 INFO       osl     p50=    561  p75=  1,411  p90=   3,591  p99=  12,119  (tokens) (records_manager.py:1345)
20:08:25.826 INFO       tot     in=30,988,660  out=241,768 (records_manager.py:1345)
20:08:25.826 INFO       trace  theoretical_prefix_cache_hit=96.6% (records_manager.py:1345)
20:08:25.826 INFO       srv    prefix_cache_hit=96.0% unique_in_srv=1,252,468 kv_usage=0.0% queue=0r/0w tput_in_srv=16,884/s tput_out_srv=132/s (records_manager.py:1345)
20:08:56.109 INFO     [realtime 31:06 profiling] (records_manager.py:1345)
20:08:56.109 INFO       rps=0.0 (avg 0.1)  tput_in=16,855/s  tput_out=132/s  done=173 ok=173 err=0 (records_manager.py:1345)
20:08:56.109 INFO       ttft    p50=  427ms  p75=  672ms  p95= 1,191ms  p99= 1,902ms (records_manager.py:1345)
20:08:56.109 INFO       itl     p50=    4ms  p75=    4ms  p95=     5ms  p99=     6ms (records_manager.py:1345)
20:08:56.109 INFO       e2e     p50=2,772ms  p75=7,211ms  p95=25,235ms  p99=51,399ms (records_manager.py:1345)
20:08:56.109 INFO       intvty  p50=    246  p75=    255  p95=     318  p99=   8,428  (1/tpot tok/s) (records_manager.py:1345)
20:08:56.109 INFO       isl     p50=138,272  p75=298,502  p90= 365,815  p99= 392,141  (tokens) (records_manager.py:1345)
20:08:56.109 INFO       osl     p50=    562  p75=  1,546  p90=   3,584  p99=  12,117  (tokens) (records_manager.py:1345)
20:08:56.109 INFO       tot     in=31,299,508  out=245,158 (records_manager.py:1345)
20:08:56.109 INFO       trace  theoretical_prefix_cache_hit=96.6% (records_manager.py:1345)
20:08:56.109 INFO       srv    prefix_cache_hit=96.0% unique_in_srv=1,254,324 kv_usage=0.0% queue=0r/0w tput_in_srv=16,776/s tput_out_srv=131/s (records_manager.py:1345)
20:09:26.395 INFO     [realtime 31:36 profiling] (records_manager.py:1345)
20:09:26.395 INFO       rps=0.0 (avg 0.1)  tput_in=16,759/s  tput_out=132/s  done=174 ok=174 err=0 (records_manager.py:1345)
20:09:26.395 INFO       ttft    p50=  429ms  p75=  672ms  p95= 1,185ms  p99= 1,901ms (records_manager.py:1345)
20:09:26.395 INFO       itl     p50=    4ms  p75=    4ms  p95=     5ms  p99=     6ms (records_manager.py:1345)
20:09:26.395 INFO       e2e     p50=2,805ms  p75=7,322ms  p95=25,131ms  p99=51,393ms (records_manager.py:1345)
20:09:26.395 INFO       intvty  p50=    246  p75=    255  p95=     317  p99=   8,417  (1/tpot tok/s) (records_manager.py:1345)
20:09:26.395 INFO       isl     p50=138,668  p75=299,710  p90= 365,788  p99= 392,112  (tokens) (records_manager.py:1345)
20:09:26.395 INFO       osl     p50=    564  p75=  1,610  p90=   3,665  p99=  12,115  (tokens) (records_manager.py:1345)
20:09:26.395 INFO       tot     in=31,613,502  out=249,643 (records_manager.py:1345)
20:09:26.395 INFO       trace  theoretical_prefix_cache_hit=96.7% (records_manager.py:1345)
20:09:26.395 INFO       srv    prefix_cache_hit=96.0% unique_in_srv=1,257,662 kv_usage=0.0% queue=0r/0w tput_in_srv=16,674/s tput_out_srv=132/s (records_manager.py:1345)
20:09:56.765 INFO     [realtime 32:06 profiling] (records_manager.py:1345)
20:09:56.765 INFO       rps=0.0 (avg 0.1)  tput_in=16,610/s  tput_out=133/s  done=175 ok=175 err=0 (records_manager.py:1345)
20:09:56.765 INFO       ttft    p50=  432ms  p75=  672ms  p95= 1,179ms  p99= 1,900ms (records_manager.py:1345)
20:09:56.765 INFO       itl     p50=    4ms  p75=    4ms  p95=     5ms  p99=     6ms (records_manager.py:1345)
20:09:56.765 INFO       e2e     p50=2,838ms  p75=7,733ms  p95=26,177ms  p99=51,388ms (records_manager.py:1345)
20:09:56.765 INFO       intvty  p50=    246  p75=    255  p95=     317  p99=   8,406  (1/tpot tok/s) (records_manager.py:1345)
20:09:56.765 INFO       isl     p50=139,065  p75=300,145  p90= 365,761  p99= 392,082  (tokens) (records_manager.py:1345)
20:09:56.765 INFO       osl     p50=    567  p75=  1,738  p90=   3,727  p99=  12,113  (tokens) (records_manager.py:1345)
20:09:56.765 INFO       tot     in=31,930,383  out=255,670 (records_manager.py:1345)
20:09:56.765 INFO       trace  theoretical_prefix_cache_hit=96.7% (records_manager.py:1345)
20:09:56.765 INFO       srv    prefix_cache_hit=96.1% unique_in_srv=1,260,687 kv_usage=0.0% queue=0r/0w tput_in_srv=16,575/s tput_out_srv=133/s (records_manager.py:1345)
20:10:27.012 INFO     [realtime 32:37 profiling] (records_manager.py:1345)
20:10:27.012 INFO       rps=0.0 (avg 0.1)  tput_in=16,628/s  tput_out=133/s  done=176 ok=176 err=0 (records_manager.py:1345)
20:10:27.012 INFO       ttft    p50=  434ms  p75=  672ms  p95= 1,172ms  p99= 1,899ms (records_manager.py:1345)
20:10:27.012 INFO       itl     p50=    4ms  p75=    4ms  p95=     5ms  p99=     6ms (records_manager.py:1345)
20:10:27.012 INFO       e2e     p50=2,838ms  p75=7,546ms  p95=26,156ms  p99=51,383ms (records_manager.py:1345)
20:10:27.012 INFO       intvty  p50=    246  p75=    255  p95=     316  p99=   8,395  (1/tpot tok/s) (records_manager.py:1345)
20:10:27.012 INFO       isl     p50=139,903  p75=300,899  p90= 365,734  p99= 392,052  (tokens) (records_manager.py:1345)
20:10:27.012 INFO       osl     p50=    574  p75=  1,685  p90=   3,722  p99=  12,111  (tokens) (records_manager.py:1345)
20:10:27.013 INFO       tot     in=32,249,832  out=257,226 (records_manager.py:1345)
20:10:27.013 INFO       trace  theoretical_prefix_cache_hit=96.7% (records_manager.py:1345)
20:10:27.013 INFO       srv    prefix_cache_hit=96.1% unique_in_srv=1,265,995 kv_usage=4.0% queue=1r/0w tput_in_srv=16,646/s tput_out_srv=132/s (records_manager.py:1345)
20:10:57.286 INFO     [realtime 33:07 profiling] (records_manager.py:1345)
20:10:57.286 INFO       rps=0.0 (avg 0.1)  tput_in=16,452/s  tput_out=133/s  done=177 ok=177 err=0 (records_manager.py:1345)
20:10:57.286 INFO       ttft    p50=  436ms  p75=  671ms  p95= 1,166ms  p99= 1,898ms (records_manager.py:1345)
20:10:57.286 INFO       itl     p50=    4ms  p75=    4ms  p95=     5ms  p99=     6ms (records_manager.py:1345)
20:10:57.286 INFO       e2e     p50=2,839ms  p75=8,106ms  p95=26,554ms  p99=51,378ms (records_manager.py:1345)
20:10:57.286 INFO       intvty  p50=    246  p75=    255  p95=     316  p99=   8,384  (1/tpot tok/s) (records_manager.py:1345)
20:10:57.286 INFO       isl     p50=140,741  p75=303,064  p90= 365,708  p99= 392,023  (tokens) (records_manager.py:1345)
20:10:57.286 INFO       osl     p50=    580  p75=  1,845  p90=   3,867  p99=  12,109  (tokens) (records_manager.py:1345)
20:10:57.286 INFO       tot     in=32,571,595  out=264,292 (records_manager.py:1345)
20:10:57.286 INFO       trace  theoretical_prefix_cache_hit=96.7% (records_manager.py:1345)
20:10:57.286 INFO       srv    prefix_cache_hit=96.1% unique_in_srv=1,265,995 kv_usage=0.0% queue=0r/0w tput_in_srv=16,392/s tput_out_srv=133/s (records_manager.py:1345)
20:11:27.627 INFO     [realtime 33:37 profiling] (records_manager.py:1345)
20:11:27.627 INFO       rps=0.0 (avg 0.1)  tput_in=16,452/s  tput_out=133/s  done=177 ok=177 err=0 (records_manager.py:1345)
20:11:27.627 INFO       ttft    p50=  436ms  p75=  671ms  p95= 1,166ms  p99= 1,898ms (records_manager.py:1345)
20:11:27.627 INFO       itl     p50=    4ms  p75=    4ms  p95=     5ms  p99=     6ms (records_manager.py:1345)
20:11:27.627 INFO       e2e     p50=2,839ms  p75=8,106ms  p95=26,554ms  p99=51,378ms (records_manager.py:1345)
20:11:27.627 INFO       intvty  p50=    246  p75=    255  p95=     316  p99=   8,384  (1/tpot tok/s) (records_manager.py:1345)
20:11:27.627 INFO       isl     p50=140,741  p75=303,064  p90= 365,708  p99= 392,023  (tokens) (records_manager.py:1345)
20:11:27.627 INFO       osl     p50=    580  p75=  1,845  p90=   3,867  p99=  12,109  (tokens) (records_manager.py:1345)
20:11:27.627 INFO       tot     in=32,571,595  out=264,292 (records_manager.py:1345)
20:11:27.627 INFO       trace  theoretical_prefix_cache_hit=96.7% (records_manager.py:1345)
20:11:27.627 INFO       srv    prefix_cache_hit=96.1% unique_in_srv=1,269,945 kv_usage=4.1% queue=1r/0w tput_in_srv=16,307/s tput_out_srv=134/s (records_manager.py:1345)
20:11:57.887 INFO     [realtime 34:08 profiling] (records_manager.py:1345)
20:11:57.887 INFO       rps=0.1 (avg 0.1)  tput_in=16,398/s  tput_out=133/s  done=180 ok=180 err=0 (records_manager.py:1345)
20:11:57.887 INFO       ttft    p50=  444ms  p75=  674ms  p95= 1,147ms  p99= 1,894ms (records_manager.py:1345)
20:11:57.887 INFO       itl     p50=    4ms  p75=    4ms  p95=     5ms  p99=     6ms (records_manager.py:1345)
20:11:57.887 INFO       e2e     p50=2,910ms  p75=8,115ms  p95=26,851ms  p99=51,362ms (records_manager.py:1345)
20:11:57.887 INFO       intvty  p50=    246  p75=    254  p95=     314  p99=   8,351  (1/tpot tok/s) (records_manager.py:1345)
20:11:57.887 INFO       isl     p50=144,430  p75=307,196  p90= 365,628  p99= 391,934  (tokens) (records_manager.py:1345)
20:11:57.887 INFO       osl     p50=    582  p75=  1,854  p90=   4,086  p99=  12,103  (tokens) (records_manager.py:1345)
20:11:57.887 INFO       tot     in=33,556,591  out=272,527 (records_manager.py:1345)
20:11:57.887 INFO       trace  theoretical_prefix_cache_hit=96.8% (records_manager.py:1345)
20:11:57.887 INFO       srv    prefix_cache_hit=96.2% unique_in_srv=1,275,631 kv_usage=0.0% queue=0r/0w tput_in_srv=16,387/s tput_out_srv=133/s (records_manager.py:1345)
20:12:28.167 INFO     [realtime 34:38 profiling] (records_manager.py:1345)
20:12:28.168 INFO       rps=0.0 (avg 0.1)  tput_in=16,361/s  tput_out=133/s  done=181 ok=181 err=0 (records_manager.py:1345)
20:12:28.168 INFO       ttft    p50=  451ms  p75=  672ms  p95= 1,141ms  p99= 1,893ms (records_manager.py:1345)
20:12:28.168 INFO       itl     p50=    4ms  p75=    4ms  p95=     5ms  p99=     6ms (records_manager.py:1345)
20:12:28.168 INFO       e2e     p50=2,912ms  p75=8,141ms  p95=26,844ms  p99=51,357ms (records_manager.py:1345)
20:12:28.168 INFO       intvty  p50=    245  p75=    254  p95=     314  p99=   8,340  (1/tpot tok/s) (records_manager.py:1345)
20:12:28.168 INFO       isl     p50=147,153  p75=309,172  p90= 365,601  p99= 391,905  (tokens) (records_manager.py:1345)
20:12:28.168 INFO       osl     p50=    583  p75=  1,881  p90=   4,045  p99=  12,101  (tokens) (records_manager.py:1345)
20:12:28.168 INFO       tot     in=33,888,889  out=275,909 (records_manager.py:1345)
20:12:28.168 INFO       trace  theoretical_prefix_cache_hit=96.8% (records_manager.py:1345)
20:12:28.168 INFO       srv    prefix_cache_hit=96.2% unique_in_srv=1,277,433 kv_usage=0.0% queue=0r/0w tput_in_srv=16,308/s tput_out_srv=133/s (records_manager.py:1345)
20:12:58.507 INFO     [realtime 35:08 profiling] (records_manager.py:1345)
20:12:58.507 INFO       rps=0.1 (avg 0.1)  tput_in=16,418/s  tput_out=132/s  done=183 ok=183 err=0 (records_manager.py:1345)
20:12:58.508 INFO       ttft    p50=  454ms  p75=  678ms  p95= 1,131ms  p99= 1,891ms (records_manager.py:1345)
20:12:58.508 INFO       itl     p50=    4ms  p75=    4ms  p95=     5ms  p99=     6ms (records_manager.py:1345)
20:12:58.508 INFO       e2e     p50=2,916ms  p75=8,250ms  p95=26,808ms  p99=51,347ms (records_manager.py:1345)
20:12:58.508 INFO       intvty  p50=    245  p75=    254  p95=     313  p99=   8,318  (1/tpot tok/s) (records_manager.py:1345)
20:12:58.508 INFO       isl     p50=150,106  p75=312,421  p90= 364,972  p99= 391,846  (tokens) (records_manager.py:1345)
20:12:58.508 INFO       osl     p50=    590  p75=  1,885  p90=   3,986  p99=  12,097  (tokens) (records_manager.py:1345)
20:12:58.508 INFO       tot     in=34,558,376  out=278,834 (records_manager.py:1345)
20:12:58.508 INFO       trace  theoretical_prefix_cache_hit=96.9% (records_manager.py:1345)
20:12:58.508 INFO       srv    prefix_cache_hit=96.3% unique_in_srv=1,281,320 kv_usage=0.0% queue=0r/0w tput_in_srv=16,391/s tput_out_srv=132/s (records_manager.py:1345)
20:13:28.867 INFO     [realtime 35:39 profiling] (records_manager.py:1345)
20:13:28.867 INFO       rps=0.0 (avg 0.1)  tput_in=16,471/s  tput_out=132/s  done=184 ok=184 err=0 (records_manager.py:1345)
20:13:28.867 INFO       ttft    p50=  456ms  p75=  678ms  p95= 1,126ms  p99= 1,890ms (records_manager.py:1345)
20:13:28.867 INFO       itl     p50=    4ms  p75=    4ms  p95=     5ms  p99=     6ms (records_manager.py:1345)
20:13:28.867 INFO       e2e     p50=2,924ms  p75=8,195ms  p95=26,789ms  p99=51,342ms (records_manager.py:1345)
20:13:28.867 INFO       intvty  p50=    245  p75=    254  p95=     313  p99=   8,307  (1/tpot tok/s) (records_manager.py:1345)
20:13:28.867 INFO       isl     p50=151,102  p75=314,716  p90= 364,658  p99= 391,816  (tokens) (records_manager.py:1345)
20:13:28.867 INFO       osl     p50=    592  p75=  1,883  p90=   3,956  p99=  12,095  (tokens) (records_manager.py:1345)
20:13:28.867 INFO       tot     in=34,900,300  out=279,608 (records_manager.py:1345)
20:13:28.867 INFO       trace  theoretical_prefix_cache_hit=96.9% (records_manager.py:1345)
20:13:28.867 INFO       srv    prefix_cache_hit=96.3% unique_in_srv=1,299,379 kv_usage=4.3% queue=1r/0w tput_in_srv=16,484/s tput_out_srv=132/s (records_manager.py:1345)
20:13:59.124 INFO     [realtime 36:09 profiling] (records_manager.py:1345)
20:13:59.124 INFO       rps=0.0 (avg 0.1)  tput_in=16,471/s  tput_out=132/s  done=184 ok=184 err=0 (records_manager.py:1345)
20:13:59.124 INFO       ttft    p50=  456ms  p75=  678ms  p95= 1,126ms  p99= 1,890ms (records_manager.py:1345)
20:13:59.124 INFO       itl     p50=    4ms  p75=    4ms  p95=     5ms  p99=     6ms (records_manager.py:1345)
20:13:59.124 INFO       e2e     p50=2,924ms  p75=8,195ms  p95=26,789ms  p99=51,342ms (records_manager.py:1345)
20:13:59.124 INFO       intvty  p50=    245  p75=    254  p95=     313  p99=   8,307  (1/tpot tok/s) (records_manager.py:1345)
20:13:59.124 INFO       isl     p50=151,102  p75=314,716  p90= 364,658  p99= 391,816  (tokens) (records_manager.py:1345)
20:13:59.124 INFO       osl     p50=    592  p75=  1,883  p90=   3,956  p99=  12,095  (tokens) (records_manager.py:1345)
20:13:59.124 INFO       tot     in=34,900,300  out=279,608 (records_manager.py:1345)
20:13:59.124 INFO       trace  theoretical_prefix_cache_hit=96.9% (records_manager.py:1345)
20:13:59.124 INFO       srv    prefix_cache_hit=96.3% unique_in_srv=1,299,379 kv_usage=4.4% queue=1r/0w tput_in_srv=16,253/s tput_out_srv=133/s (records_manager.py:1345)
20:14:29.477 INFO     [realtime 36:39 profiling] (records_manager.py:1345)
20:14:29.477 INFO       rps=0.0 (avg 0.1)  tput_in=16,133/s  tput_out=134/s  done=185 ok=185 err=0 (records_manager.py:1345)
20:14:29.477 INFO       ttft    p50=  459ms  p75=  679ms  p95= 1,121ms  p99= 1,889ms (records_manager.py:1345)
20:14:29.477 INFO       itl     p50=    4ms  p75=    4ms  p95=     5ms  p99=     6ms (records_manager.py:1345)
20:14:29.477 INFO       e2e     p50=2,932ms  p75=8,358ms  p95=26,962ms  p99=52,503ms (records_manager.py:1345)
20:14:29.477 INFO       intvty  p50=    245  p75=    254  p95=     313  p99=   8,296  (1/tpot tok/s) (records_manager.py:1345)
20:14:29.477 INFO       isl     p50=152,099  p75=316,881  p90= 364,344  p99= 391,787  (tokens) (records_manager.py:1345)
20:14:29.477 INFO       osl     p50=    593  p75=  1,889  p90=   4,292  p99=  12,396  (tokens) (records_manager.py:1345)
20:14:29.477 INFO       tot     in=35,253,811  out=292,726 (records_manager.py:1345)
20:14:29.477 INFO       trace  theoretical_prefix_cache_hit=96.9% (records_manager.py:1345)
20:14:29.477 INFO       srv    prefix_cache_hit=96.3% unique_in_srv=1,302,371 kv_usage=4.4% queue=1r/0w tput_in_srv=16,194/s tput_out_srv=133/s (records_manager.py:1345)
20:14:59.776 INFO     [realtime 37:09 profiling] (records_manager.py:1345)
20:14:59.776 INFO       rps=0.0 (avg 0.1)  tput_in=16,044/s  tput_out=134/s  done=186 ok=186 err=0 (records_manager.py:1345)
20:14:59.776 INFO       ttft    p50=  463ms  p75=  679ms  p95= 1,117ms  p99= 1,888ms (records_manager.py:1345)
20:14:59.776 INFO       itl     p50=    4ms  p75=    4ms  p95=     5ms  p99=     6ms (records_manager.py:1345)
20:14:59.776 INFO       e2e     p50=2,960ms  p75=8,431ms  p95=26,955ms  p99=52,457ms (records_manager.py:1345)
20:14:59.776 INFO       intvty  p50=    245  p75=    254  p95=     313  p99=   8,285  (1/tpot tok/s) (records_manager.py:1345)
20:14:59.776 INFO       isl     p50=153,672  p75=318,807  p90= 364,030  p99= 391,757  (tokens) (records_manager.py:1345)
20:14:59.776 INFO       osl     p50=    600  p75=  1,894  p90=   4,470  p99=  12,388  (tokens) (records_manager.py:1345)
20:14:59.776 INFO       tot     in=35,610,083  out=298,333 (records_manager.py:1345)
20:14:59.776 INFO       trace  theoretical_prefix_cache_hit=96.9% (records_manager.py:1345)
20:14:59.776 INFO       srv    prefix_cache_hit=96.3% unique_in_srv=1,302,371 kv_usage=0.0% queue=0r/0w tput_in_srv=15,973/s tput_out_srv=134/s (records_manager.py:1345)
20:15:30.039 INFO     [realtime 37:40 profiling] (records_manager.py:1345)
20:15:30.039 INFO       rps=0.0 (avg 0.1)  tput_in=16,113/s  tput_out=134/s  done=187 ok=187 err=0 (records_manager.py:1345)
20:15:30.039 INFO       ttft    p50=  467ms  p75=  679ms  p95= 1,112ms  p99= 1,886ms (records_manager.py:1345)
20:15:30.039 INFO       itl     p50=    4ms  p75=    4ms  p95=     5ms  p99=     6ms (records_manager.py:1345)
20:15:30.039 INFO       e2e     p50=2,932ms  p75=8,407ms  p95=26,947ms  p99=52,412ms (records_manager.py:1345)
20:15:30.039 INFO       intvty  p50=    245  p75=    254  p95=     313  p99=   8,274  (1/tpot tok/s) (records_manager.py:1345)
20:15:30.039 INFO       isl     p50=155,244  p75=320,606  p90= 363,715  p99= 391,728  (tokens) (records_manager.py:1345)
20:15:30.039 INFO       osl     p50=    593  p75=  1,892  p90=   4,468  p99=  12,379  (tokens) (records_manager.py:1345)
20:15:30.039 INFO       tot     in=35,968,732  out=298,842 (records_manager.py:1345)
20:15:30.039 INFO       trace  theoretical_prefix_cache_hit=96.9% (records_manager.py:1345)
20:15:30.039 INFO       srv    prefix_cache_hit=96.4% unique_in_srv=1,307,296 kv_usage=4.5% queue=1r/0w tput_in_srv=16,077/s tput_out_srv=134/s (records_manager.py:1345)
20:16:00.390 INFO     [realtime 38:10 profiling] (records_manager.py:1345)
20:16:00.391 INFO       rps=0.1 (avg 0.1)  tput_in=16,090/s  tput_out=134/s  done=189 ok=189 err=0 (records_manager.py:1345)
20:16:00.391 INFO       ttft    p50=  473ms  p75=  680ms  p95= 1,102ms  p99= 1,884ms (records_manager.py:1345)
20:16:00.391 INFO       itl     p50=    4ms  p75=    4ms  p95=     5ms  p99=     6ms (records_manager.py:1345)
20:16:00.391 INFO       e2e     p50=2,987ms  p75=8,455ms  p95=26,933ms  p99=52,320ms (records_manager.py:1345)
20:16:00.391 INFO       intvty  p50=    245  p75=    254  p95=     313  p99=   8,252  (1/tpot tok/s) (records_manager.py:1345)
20:16:00.391 INFO       isl     p50=155,697  p75=325,486  p90= 363,591  p99= 391,668  (tokens) (records_manager.py:1345)
20:16:00.391 INFO       osl     p50=    606  p75=  1,896  p90=   4,495  p99=  12,362  (tokens) (records_manager.py:1345)
20:16:00.391 INFO       tot     in=36,692,593  out=305,175 (records_manager.py:1345)
20:16:00.391 INFO       trace  theoretical_prefix_cache_hit=97.0% (records_manager.py:1345)
20:16:00.391 INFO       srv    prefix_cache_hit=96.4% unique_in_srv=1,309,809 kv_usage=0.0% queue=0r/0w tput_in_srv=16,023/s tput_out_srv=133/s (records_manager.py:1345)
20:16:30.750 INFO     [realtime 38:40 profiling] (records_manager.py:1345)
20:16:30.750 INFO       rps=0.0 (avg 0.1)  tput_in=16,148/s  tput_out=133/s  done=190 ok=190 err=0 (records_manager.py:1345)
20:16:30.750 INFO       ttft    p50=  476ms  p75=  681ms  p95= 1,097ms  p99= 1,883ms (records_manager.py:1345)
20:16:30.750 INFO       itl     p50=    4ms  p75=    4ms  p95=     5ms  p99=     6ms (records_manager.py:1345)
20:16:30.750 INFO       e2e     p50=2,987ms  p75=8,431ms  p95=26,925ms  p99=52,274ms (records_manager.py:1345)
20:16:30.750 INFO       intvty  p50=    245  p75=    254  p95=     313  p99=   8,241  (1/tpot tok/s) (records_manager.py:1345)
20:16:30.750 INFO       isl     p50=157,268  p75=327,988  p90= 365,420  p99= 391,639  (tokens) (records_manager.py:1345)
20:16:30.750 INFO       osl     p50=    607  p75=  1,894  p90=   4,490  p99=  12,353  (tokens) (records_manager.py:1345)
20:16:30.750 INFO       tot     in=37,057,993  out=306,071 (records_manager.py:1345)
20:16:30.750 INFO       trace  theoretical_prefix_cache_hit=97.0% (records_manager.py:1345)
20:16:30.750 INFO       srv    prefix_cache_hit=96.5% unique_in_srv=1,315,435 kv_usage=4.5% queue=1r/0w tput_in_srv=16,129/s tput_out_srv=133/s (records_manager.py:1345)
20:17:01.057 INFO     [realtime 39:11 profiling] (records_manager.py:1345)
20:17:01.057 INFO       rps=0.0 (avg 0.1)  tput_in=15,970/s  tput_out=134/s  done=191 ok=191 err=0 (records_manager.py:1345)
20:17:01.057 INFO       ttft    p50=  479ms  p75=  681ms  p95= 1,093ms  p99= 1,882ms (records_manager.py:1345)
20:17:01.057 INFO       itl     p50=    4ms  p75=    4ms  p95=     5ms  p99=     6ms (records_manager.py:1345)
20:17:01.057 INFO       e2e     p50=2,988ms  p75=8,535ms  p95=28,117ms  p99=52,228ms (records_manager.py:1345)
20:17:01.057 INFO       intvty  p50=    245  p75=    253  p95=     313  p99=   8,231  (1/tpot tok/s) (records_manager.py:1345)
20:17:01.057 INFO       isl     p50=158,839  p75=329,755  p90= 365,601  p99= 391,609  (tokens) (records_manager.py:1345)
20:17:01.057 INFO       osl     p50=    608  p75=  1,905  p90=   4,536  p99=  12,345  (tokens) (records_manager.py:1345)
20:17:01.057 INFO       tot     in=37,426,283  out=315,000 (records_manager.py:1345)
20:17:01.057 INFO       trace  theoretical_prefix_cache_hit=97.0% (records_manager.py:1345)
20:17:01.057 INFO       srv    prefix_cache_hit=96.5% unique_in_srv=1,315,435 kv_usage=0.0% queue=0r/0w tput_in_srv=15,921/s tput_out_srv=134/s (records_manager.py:1345)
20:17:31.413 INFO     [realtime 39:41 profiling] (records_manager.py:1345)
20:17:31.413 INFO       rps=0.1 (avg 0.1)  tput_in=16,102/s  tput_out=133/s  done=193 ok=193 err=0 (records_manager.py:1345)
20:17:31.413 INFO       ttft    p50=  479ms  p75=  684ms  p95= 1,083ms  p99= 1,880ms (records_manager.py:1345)
20:17:31.413 INFO       itl     p50=    4ms  p75=    4ms  p95=     5ms  p99=     6ms (records_manager.py:1345)
20:17:31.413 INFO       e2e     p50=2,988ms  p75=8,455ms  p95=27,892ms  p99=52,136ms (records_manager.py:1345)
20:17:31.413 INFO       intvty  p50=    245  p75=    253  p95=     313  p99=   8,209  (1/tpot tok/s) (records_manager.py:1345)
20:17:31.413 INFO       isl     p50=159,318  p75=332,298  p90= 367,806  p99= 391,550  (tokens) (records_manager.py:1345)
20:17:31.413 INFO       osl     p50=    608  p75=  1,896  p90=   4,526  p99=  12,328  (tokens) (records_manager.py:1345)
20:17:31.413 INFO       tot     in=38,167,891  out=316,330 (records_manager.py:1345)
20:17:31.413 INFO       trace  theoretical_prefix_cache_hit=97.1% (records_manager.py:1345)
20:17:31.413 INFO       srv    prefix_cache_hit=96.6% unique_in_srv=1,320,856 kv_usage=4.6% queue=1r/0w tput_in_srv=16,187/s tput_out_srv=133/s (records_manager.py:1345)
20:18:01.777 INFO     [realtime 40:11 profiling] (records_manager.py:1345)
20:18:01.777 INFO       rps=0.0 (avg 0.1)  tput_in=16,167/s  tput_out=133/s  done=194 ok=194 err=0 (records_manager.py:1345)
20:18:01.777 INFO       ttft    p50=  489ms  p75=  686ms  p95= 1,078ms  p99= 1,879ms (records_manager.py:1345)
20:18:01.777 INFO       itl     p50=    4ms  p75=    4ms  p95=     5ms  p99=     6ms (records_manager.py:1345)
20:18:01.777 INFO       e2e     p50=3,016ms  p75=8,431ms  p95=27,780ms  p99=52,090ms (records_manager.py:1345)
20:18:01.777 INFO       intvty  p50=    245  p75=    253  p95=     313  p99=   8,198  (1/tpot tok/s) (records_manager.py:1345)
20:18:01.777 INFO       isl     p50=159,868  p75=333,312  p90= 369,598  p99= 391,521  (tokens) (records_manager.py:1345)
20:18:01.777 INFO       osl     p50=    610  p75=  1,894  p90=   4,521  p99=  12,319  (tokens) (records_manager.py:1345)
20:18:01.777 INFO       tot     in=38,540,952  out=317,038 (records_manager.py:1345)
20:18:01.777 INFO       trace  theoretical_prefix_cache_hit=97.1% (records_manager.py:1345)
20:18:01.777 INFO       srv    prefix_cache_hit=96.6% unique_in_srv=1,322,087 kv_usage=4.6% queue=1r/0w tput_in_srv=16,138/s tput_out_srv=133/s (records_manager.py:1345)
20:18:32.094 INFO     [realtime 40:42 profiling] (records_manager.py:1345)
20:18:32.095 INFO       rps=0.1 (avg 0.1)  tput_in=16,111/s  tput_out=133/s  done=196 ok=196 err=0 (records_manager.py:1345)
20:18:32.095 INFO       ttft    p50=  504ms  p75=  687ms  p95= 1,069ms  p99= 1,876ms (records_manager.py:1345)
20:18:32.095 INFO       itl     p50=    4ms  p75=    4ms  p95=     5ms  p99=     6ms (records_manager.py:1345)
20:18:32.095 INFO       e2e     p50=3,108ms  p75=8,744ms  p95=27,555ms  p99=51,999ms (records_manager.py:1345)
20:18:32.095 INFO       intvty  p50=    245  p75=    253  p95=     313  p99=   8,176  (1/tpot tok/s) (records_manager.py:1345)
20:18:32.095 INFO       isl     p50=160,679  p75=335,439  p90= 371,894  p99= 391,462  (tokens) (records_manager.py:1345)
20:18:32.095 INFO       osl     p50=    627  p75=  1,930  p90=   4,566  p99=  12,302  (tokens) (records_manager.py:1345)
20:18:32.095 INFO       tot     in=39,291,583  out=324,978 (records_manager.py:1345)
20:18:32.095 INFO       trace  theoretical_prefix_cache_hit=97.1% (records_manager.py:1345)
20:18:32.095 INFO       srv    prefix_cache_hit=96.6% unique_in_srv=1,324,735 kv_usage=0.0% queue=0r/0w tput_in_srv=16,092/s tput_out_srv=133/s (records_manager.py:1345)
20:19:02.486 INFO     [realtime 41:12 profiling] (records_manager.py:1345)
20:19:02.486 INFO       rps=0.1 (avg 0.1)  tput_in=16,219/s  tput_out=132/s  done=198 ok=198 err=0 (records_manager.py:1345)
20:19:02.486 INFO       ttft    p50=  521ms  p75=  690ms  p95= 1,059ms  p99= 1,874ms (records_manager.py:1345)
20:19:02.486 INFO       itl     p50=    4ms  p75=    4ms  p95=     5ms  p99=     6ms (records_manager.py:1345)
20:19:02.486 INFO       e2e     p50=3,108ms  p75=8,901ms  p95=27,330ms  p99=51,907ms (records_manager.py:1345)
20:19:02.486 INFO       intvty  p50=    245  p75=    253  p95=     312  p99=   8,154  (1/tpot tok/s) (records_manager.py:1345)
20:19:02.486 INFO       isl     p50=160,998  p75=336,645  p90= 372,832  p99= 391,403  (tokens) (records_manager.py:1345)
20:19:02.486 INFO       osl     p50=    627  p75=  1,943  p90=   4,554  p99=  12,285  (tokens) (records_manager.py:1345)
20:19:02.486 INFO       tot     in=40,051,589  out=327,157 (records_manager.py:1345)
20:19:02.486 INFO       trace  theoretical_prefix_cache_hit=97.2% (records_manager.py:1345)
20:19:02.486 INFO       srv    prefix_cache_hit=96.7% unique_in_srv=1,329,541 kv_usage=0.0% queue=0r/0w tput_in_srv=16,202/s tput_out_srv=132/s (records_manager.py:1345)
20:19:32.853 INFO     [realtime 41:43 profiling] (records_manager.py:1345)
20:19:32.853 INFO       rps=0.0 (avg 0.1)  tput_in=16,300/s  tput_out=132/s  done=199 ok=199 err=0 (records_manager.py:1345)
20:19:32.853 INFO       ttft    p50=  533ms  p75=  691ms  p95= 1,054ms  p99= 1,873ms (records_manager.py:1345)
20:19:32.853 INFO       itl     p50=    4ms  p75=    4ms  p95=     5ms  p99=     6ms (records_manager.py:1345)
20:19:32.853 INFO       e2e     p50=3,044ms  p75=8,806ms  p95=27,217ms  p99=51,861ms (records_manager.py:1345)
20:19:32.853 INFO       intvty  p50=    245  p75=    253  p95=     312  p99=   8,143  (1/tpot tok/s) (records_manager.py:1345)
20:19:32.853 INFO       isl     p50=161,057  p75=337,724  p90= 373,098  p99= 391,373  (tokens) (records_manager.py:1345)
20:19:32.853 INFO       osl     p50=    611  p75=  1,934  p90=   4,548  p99=  12,276  (tokens) (records_manager.py:1345)
20:19:32.853 INFO       tot     in=40,433,654  out=327,299 (records_manager.py:1345)
20:19:32.853 INFO       trace  theoretical_prefix_cache_hit=97.2% (records_manager.py:1345)
20:19:32.853 INFO       srv    prefix_cache_hit=96.7% unique_in_srv=1,331,889 kv_usage=4.7% queue=1r/0w tput_in_srv=16,311/s tput_out_srv=132/s (records_manager.py:1345)
20:20:03.231 INFO     [realtime 42:13 profiling] (records_manager.py:1345)
20:20:03.231 INFO       rps=0.0 (avg 0.1)  tput_in=16,220/s  tput_out=132/s  done=200 ok=200 err=0 (records_manager.py:1345)
20:20:03.231 INFO       ttft    p50=  534ms  p75=  693ms  p95= 1,049ms  p99= 1,872ms (records_manager.py:1345)
20:20:03.231 INFO       itl     p50=    4ms  p75=    4ms  p95=     5ms  p99=     6ms (records_manager.py:1345)
20:20:03.231 INFO       e2e     p50=3,108ms  p75=9,029ms  p95=27,104ms  p99=51,815ms (records_manager.py:1345)
20:20:03.231 INFO       intvty  p50=    245  p75=    253  p95=     312  p99=   8,132  (1/tpot tok/s) (records_manager.py:1345)
20:20:03.231 INFO       isl     p50=161,073  p75=338,628  p90= 373,331  p99= 391,344  (tokens) (records_manager.py:1345)
20:20:03.231 INFO       osl     p50=    627  p75=  1,959  p90=   4,617  p99=  12,268  (tokens) (records_manager.py:1345)
20:20:03.231 INFO       tot     in=40,816,433  out=333,216 (records_manager.py:1345)
20:20:03.231 INFO       trace  theoretical_prefix_cache_hit=97.2% (records_manager.py:1345)
20:20:03.231 INFO       srv    prefix_cache_hit=96.8% unique_in_srv=1,334,007 kv_usage=4.7% queue=1r/0w tput_in_srv=16,265/s tput_out_srv=132/s (records_manager.py:1345)
20:20:33.540 INFO     [realtime 42:43 profiling] (records_manager.py:1345)
20:20:33.540 INFO       rps=0.1 (avg 0.1)  tput_in=16,270/s  tput_out=132/s  done=202 ok=202 err=0 (records_manager.py:1345)
20:20:33.540 INFO       ttft    p50=  541ms  p75=  695ms  p95= 1,041ms  p99= 1,869ms (records_manager.py:1345)
20:20:33.540 INFO       itl     p50=    4ms  p75=    4ms  p95=     5ms  p99=     6ms (records_manager.py:1345)
20:20:33.540 INFO       e2e     p50=3,108ms  p75=9,095ms  p95=26,985ms  p99=51,764ms (records_manager.py:1345)
20:20:33.540 INFO       intvty  p50=    245  p75=    253  p95=     312  p99=   8,110  (1/tpot tok/s) (records_manager.py:1345)
20:20:33.540 INFO       isl     p50=161,089  p75=339,840  p90= 374,201  p99= 391,314  (tokens) (records_manager.py:1345)
20:20:33.540 INFO       osl     p50=    627  p75=  1,972  p90=   4,590  p99=  12,257  (tokens) (records_manager.py:1345)
20:20:33.540 INFO       tot     in=41,587,975  out=337,527 (records_manager.py:1345)
20:20:33.540 INFO       trace  theoretical_prefix_cache_hit=97.2% (records_manager.py:1345)
20:20:33.540 INFO       srv    prefix_cache_hit=96.8% unique_in_srv=1,336,327 kv_usage=0.0% queue=0r/0w tput_in_srv=16,226/s tput_out_srv=132/s (records_manager.py:1345)
20:21:03.951 INFO     [realtime 43:14 profiling] (records_manager.py:1345)
20:21:03.951 INFO       rps=0.0 (avg 0.1)  tput_in=16,241/s  tput_out=132/s  done=203 ok=203 err=0 (records_manager.py:1345)
20:21:03.951 INFO       ttft    p50=  546ms  p75=  697ms  p95= 1,038ms  p99= 1,868ms (records_manager.py:1345)
20:21:03.951 INFO       itl     p50=    4ms  p75=    4ms  p95=     5ms  p99=     6ms (records_manager.py:1345)
20:21:03.951 INFO       e2e     p50=3,172ms  p75=9,205ms  p95=26,977ms  p99=51,759ms (records_manager.py:1345)
20:21:03.951 INFO       intvty  p50=    245  p75=    253  p95=     312  p99=   8,077  (1/tpot tok/s) (records_manager.py:1345)
20:21:03.951 INFO       isl     p50=161,089  p75=340,340  p90= 374,528  p99= 391,314  (tokens) (records_manager.py:1345)
20:21:03.951 INFO       osl     p50=    643  p75=  2,054  p90=   4,584  p99=  12,255  (tokens) (records_manager.py:1345)
20:21:03.952 INFO       tot     in=41,975,266  out=341,706 (records_manager.py:1345)
20:21:03.952 INFO       trace  theoretical_prefix_cache_hit=97.3% (records_manager.py:1345)
20:21:03.952 INFO       srv    prefix_cache_hit=96.8% unique_in_srv=1,336,930 kv_usage=0.0% queue=0r/0w tput_in_srv=16,183/s tput_out_srv=132/s (records_manager.py:1345)
20:21:34.341 INFO     [realtime 43:44 profiling] (records_manager.py:1345)
20:21:34.342 INFO       rps=0.0 (avg 0.1)  tput_in=16,189/s  tput_out=133/s  done=204 ok=204 err=0 (records_manager.py:1345)
20:21:34.342 INFO       ttft    p50=  546ms  p75=  698ms  p95= 1,035ms  p99= 1,866ms (records_manager.py:1345)
20:21:34.342 INFO       itl     p50=    4ms  p75=    4ms  p95=     5ms  p99=     6ms (records_manager.py:1345)
20:21:34.342 INFO       e2e     p50=3,191ms  p75=9,445ms  p95=26,970ms  p99=51,754ms (records_manager.py:1345)
20:21:34.342 INFO       intvty  p50=    245  p75=    253  p95=     312  p99=   8,044  (1/tpot tok/s) (records_manager.py:1345)
20:21:34.342 INFO       isl     p50=161,692  p75=340,774  p90= 374,839  p99= 391,314  (tokens) (records_manager.py:1345)
20:21:34.342 INFO       osl     p50=    648  p75=  2,146  p90=   4,746  p99=  12,253  (tokens) (records_manager.py:1345)
20:21:34.342 INFO       tot     in=42,364,423  out=346,800 (records_manager.py:1345)
20:21:34.342 INFO       trace  theoretical_prefix_cache_hit=97.3% (records_manager.py:1345)
20:21:34.342 INFO       srv    prefix_cache_hit=96.8% unique_in_srv=1,339,015 kv_usage=0.0% queue=0r/0w tput_in_srv=16,145/s tput_out_srv=132/s (records_manager.py:1345)
20:22:04.673 INFO     [realtime 44:14 profiling] (records_manager.py:1345)
20:22:04.673 INFO       rps=0.0 (avg 0.1)  tput_in=16,141/s  tput_out=133/s  done=205 ok=205 err=0 (records_manager.py:1345)
20:22:04.673 INFO       ttft    p50=  547ms  p75=  698ms  p95= 1,032ms  p99= 1,865ms (records_manager.py:1345)
20:22:04.673 INFO       itl     p50=    4ms  p75=    4ms  p95=     5ms  p99=     6ms (records_manager.py:1345)
20:22:04.673 INFO       e2e     p50=3,209ms  p75=9,935ms  p95=26,962ms  p99=51,749ms (records_manager.py:1345)
20:22:04.673 INFO       intvty  p50=    245  p75=    253  p95=     312  p99=   8,012  (1/tpot tok/s) (records_manager.py:1345)
20:22:04.673 INFO       isl     p50=162,294  p75=341,510  p90= 375,897  p99= 391,314  (tokens) (records_manager.py:1345)
20:22:04.673 INFO       osl     p50=    654  p75=  2,192  p90=   4,818  p99=  12,251  (tokens) (records_manager.py:1345)
20:22:04.673 INFO       tot     in=42,755,444  out=351,864 (records_manager.py:1345)
20:22:04.673 INFO       trace  theoretical_prefix_cache_hit=97.3% (records_manager.py:1345)
20:22:04.673 INFO       srv    prefix_cache_hit=96.9% unique_in_srv=1,341,044 kv_usage=0.0% queue=0r/0w tput_in_srv=16,107/s tput_out_srv=133/s (records_manager.py:1345)
20:22:35.040 INFO     [realtime 44:45 profiling] (records_manager.py:1345)
20:22:35.040 INFO       rps=0.0 (avg 0.1)  tput_in=16,209/s  tput_out=132/s  done=206 ok=206 err=0 (records_manager.py:1345)
20:22:35.040 INFO       ttft    p50=  548ms  p75=  699ms  p95= 1,029ms  p99= 1,863ms (records_manager.py:1345)
20:22:35.040 INFO       itl     p50=    4ms  p75=    4ms  p95=     5ms  p99=     6ms (records_manager.py:1345)
20:22:35.040 INFO       e2e     p50=3,191ms  p75=9,772ms  p95=26,955ms  p99=51,744ms (records_manager.py:1345)
20:22:35.040 INFO       intvty  p50=    245  p75=    253  p95=     312  p99=   7,979  (1/tpot tok/s) (records_manager.py:1345)
20:22:35.040 INFO       isl     p50=162,812  p75=341,794  p90= 377,852  p99= 392,688  (tokens) (records_manager.py:1345)
20:22:35.040 INFO       osl     p50=    648  p75=  2,177  p90=   4,816  p99=  12,249  (tokens) (records_manager.py:1345)
20:22:35.040 INFO       tot     in=43,148,204  out=352,423 (records_manager.py:1345)
20:22:35.040 INFO       trace  theoretical_prefix_cache_hit=97.3% (records_manager.py:1345)
20:22:35.040 INFO       srv    prefix_cache_hit=96.9% unique_in_srv=1,344,495 kv_usage=4.8% queue=1r/0w tput_in_srv=16,218/s tput_out_srv=132/s (records_manager.py:1345)
20:23:05.428 INFO     [realtime 45:15 profiling] (records_manager.py:1345)
20:23:05.428 INFO       rps=0.1 (avg 0.1)  tput_in=16,218/s  tput_out=132/s  done=208 ok=208 err=0 (records_manager.py:1345)
20:23:05.428 INFO       ttft    p50=  564ms  p75=   701ms  p95= 1,023ms  p99= 1,860ms (records_manager.py:1345)
20:23:05.428 INFO       itl     p50=    4ms  p75=     4ms  p95=     5ms  p99=     6ms (records_manager.py:1345)
20:23:05.428 INFO       e2e     p50=3,240ms  p75=10,241ms  p95=26,940ms  p99=51,733ms (records_manager.py:1345)
20:23:05.428 INFO       intvty  p50=    245  p75=     252  p95=     312  p99=   7,913  (1/tpot tok/s) (records_manager.py:1345)
20:23:05.428 INFO       isl     p50=164,422  p75= 342,448  p90= 381,066  p99= 394,253  (tokens) (records_manager.py:1345)
20:23:05.428 INFO       osl     p50=    655  p75=   2,422  p90=   4,814  p99=  12,245  (tokens) (records_manager.py:1345)
20:23:05.428 INFO       tot     in=43,938,423  out=358,500 (records_manager.py:1345)
20:23:05.428 INFO       trace  theoretical_prefix_cache_hit=97.4% (records_manager.py:1345)
20:23:05.428 INFO       srv    prefix_cache_hit=96.9% unique_in_srv=1,346,807 kv_usage=0.0% queue=0r/0w tput_in_srv=16,183/s tput_out_srv=132/s (records_manager.py:1345)
20:23:35.861 INFO     [realtime 45:46 profiling] (records_manager.py:1345)
20:23:35.861 INFO       rps=0.1 (avg 0.1)  tput_in=16,311/s  tput_out=132/s  done=210 ok=210 err=0 (records_manager.py:1345)
20:23:35.861 INFO       ttft    p50=  581ms  p75=   705ms  p95= 1,017ms  p99= 1,858ms (records_manager.py:1345)
20:23:35.861 INFO       itl     p50=    4ms  p75=     4ms  p95=     5ms  p99=     6ms (records_manager.py:1345)
20:23:35.861 INFO       e2e     p50=3,240ms  p75=10,301ms  p95=26,925ms  p99=51,723ms (records_manager.py:1345)
20:23:35.861 INFO       intvty  p50=    245  p75=     253  p95=     312  p99=   7,847  (1/tpot tok/s) (records_manager.py:1345)
20:23:35.861 INFO       isl     p50=165,515  p75= 345,706  p90= 381,741  p99= 397,299  (tokens) (records_manager.py:1345)
20:23:35.861 INFO       osl     p50=    655  p75=   2,426  p90=   4,811  p99=  12,241  (tokens) (records_manager.py:1345)
20:23:35.861 INFO       tot     in=44,736,292  out=361,335 (records_manager.py:1345)
20:23:35.861 INFO       trace  theoretical_prefix_cache_hit=97.4% (records_manager.py:1345)
20:23:35.861 INFO       srv    prefix_cache_hit=97.0% unique_in_srv=1,350,692 kv_usage=0.0% queue=0r/0w tput_in_srv=16,295/s tput_out_srv=132/s (records_manager.py:1345)
20:24:06.157 INFO     [realtime 46:16 profiling] (records_manager.py:1345)
20:24:06.157 INFO       rps=0.0 (avg 0.1)  tput_in=16,311/s  tput_out=132/s  done=210 ok=210 err=0 (records_manager.py:1345)
20:24:06.157 INFO       ttft    p50=  581ms  p75=   705ms  p95= 1,017ms  p99= 1,858ms (records_manager.py:1345)
20:24:06.157 INFO       itl     p50=    4ms  p75=     4ms  p95=     5ms  p99=     6ms (records_manager.py:1345)
20:24:06.157 INFO       e2e     p50=3,240ms  p75=10,301ms  p95=26,925ms  p99=51,723ms (records_manager.py:1345)
20:24:06.157 INFO       intvty  p50=    245  p75=     253  p95=     312  p99=   7,847  (1/tpot tok/s) (records_manager.py:1345)
20:24:06.157 INFO       isl     p50=165,515  p75= 345,706  p90= 381,741  p99= 397,299  (tokens) (records_manager.py:1345)
20:24:06.157 INFO       osl     p50=    655  p75=   2,426  p90=   4,811  p99=  12,241  (tokens) (records_manager.py:1345)
20:24:06.157 INFO       tot     in=44,736,292  out=361,335 (records_manager.py:1345)
20:24:06.157 INFO       trace  theoretical_prefix_cache_hit=97.4% (records_manager.py:1345)
20:24:06.157 INFO       srv    prefix_cache_hit=97.0% unique_in_srv=1,354,631 kv_usage=5.0% queue=1r/0w tput_in_srv=16,260/s tput_out_srv=132/s (records_manager.py:1345)
20:24:36.576 INFO     [realtime 46:46 profiling] (records_manager.py:1345)
20:24:36.576 INFO       rps=0.1 (avg 0.1)  tput_in=16,283/s  tput_out=132/s  done=212 ok=212 err=0 (records_manager.py:1345)
20:24:36.576 INFO       ttft    p50=  584ms  p75=   711ms  p95= 1,011ms  p99= 1,855ms (records_manager.py:1345)
20:24:36.576 INFO       itl     p50=    4ms  p75=     4ms  p95=     5ms  p99=     6ms (records_manager.py:1345)
20:24:36.576 INFO       e2e     p50=3,278ms  p75=10,593ms  p95=26,910ms  p99=51,713ms (records_manager.py:1345)
20:24:36.576 INFO       intvty  p50=    245  p75=     252  p95=     312  p99=   7,782  (1/tpot tok/s) (records_manager.py:1345)
20:24:36.576 INFO       isl     p50=165,768  p75= 350,730  p90= 381,914  p99= 399,589  (tokens) (records_manager.py:1345)
20:24:36.576 INFO       osl     p50=    666  p75=   2,449  p90=   4,822  p99=  12,237  (tokens) (records_manager.py:1345)
20:24:36.576 INFO       tot     in=45,545,973  out=369,072 (records_manager.py:1345)
20:24:36.576 INFO       trace  theoretical_prefix_cache_hit=97.4% (records_manager.py:1345)
20:24:36.576 INFO       srv    prefix_cache_hit=97.0% unique_in_srv=1,357,429 kv_usage=0.0% queue=0r/0w tput_in_srv=16,231/s tput_out_srv=132/s (records_manager.py:1345)
20:25:06.960 INFO     [realtime 47:17 profiling] (records_manager.py:1345)
20:25:06.961 INFO       rps=0.0 (avg 0.1)  tput_in=16,356/s  tput_out=132/s  done=213 ok=213 err=0 (records_manager.py:1345)
20:25:06.961 INFO       ttft    p50=  585ms  p75=   714ms  p95= 1,008ms  p99= 1,853ms (records_manager.py:1345)
20:25:06.961 INFO       itl     p50=    4ms  p75=     4ms  p95=     5ms  p99=     6ms (records_manager.py:1345)
20:25:06.961 INFO       e2e     p50=3,270ms  p75=10,330ms  p95=26,903ms  p99=51,708ms (records_manager.py:1345)
20:25:06.961 INFO       intvty  p50=    245  p75=     252  p95=     312  p99=   7,749  (1/tpot tok/s) (records_manager.py:1345)
20:25:06.961 INFO       isl     p50=166,021  p75= 353,135  p90= 382,039  p99= 403,101  (tokens) (records_manager.py:1345)
20:25:06.961 INFO       osl     p50=    656  p75=   2,429  p90=   4,820  p99=  12,235  (tokens) (records_manager.py:1345)
20:25:06.961 INFO       tot     in=45,953,772  out=369,484 (records_manager.py:1345)
20:25:06.961 INFO       trace  theoretical_prefix_cache_hit=97.4% (records_manager.py:1345)
20:25:06.961 INFO       srv    prefix_cache_hit=97.1% unique_in_srv=1,360,622 kv_usage=5.0% queue=1r/0w tput_in_srv=16,344/s tput_out_srv=132/s (records_manager.py:1345)
20:25:37.355 INFO     [realtime 47:47 profiling] (records_manager.py:1345)
20:25:37.355 INFO       rps=0.0 (avg 0.1)  tput_in=16,247/s  tput_out=132/s  done=214 ok=214 err=0 (records_manager.py:1345)
20:25:37.355 INFO       ttft    p50=  585ms  p75=   715ms  p95= 1,005ms  p99= 1,852ms (records_manager.py:1345)
20:25:37.355 INFO       itl     p50=    4ms  p75=     4ms  p95=     5ms  p99=     6ms (records_manager.py:1345)
20:25:37.355 INFO       e2e     p50=3,278ms  p75=11,119ms  p95=27,780ms  p99=51,702ms (records_manager.py:1345)
20:25:37.355 INFO       intvty  p50=    245  p75=     252  p95=     312  p99=   7,716  (1/tpot tok/s) (records_manager.py:1345)
20:25:37.355 INFO       isl     p50=166,446  p75= 353,417  p90= 382,565  p99= 405,792  (tokens) (records_manager.py:1345)
20:25:37.355 INFO       osl     p50=    666  p75=   2,490  p90=   4,884  p99=  12,233  (tokens) (records_manager.py:1345)
20:25:37.355 INFO       tot     in=46,362,606  out=377,298 (records_manager.py:1345)
20:25:37.356 INFO       trace  theoretical_prefix_cache_hit=97.5% (records_manager.py:1345)
20:25:37.356 INFO       srv    prefix_cache_hit=97.1% unique_in_srv=1,364,535 kv_usage=5.0% queue=1r/0w tput_in_srv=16,315/s tput_out_srv=132/s (records_manager.py:1345)
20:26:07.757 INFO     [realtime 48:17 profiling] (records_manager.py:1345)
20:26:07.757 INFO       rps=0.0 (avg 0.1)  tput_in=16,217/s  tput_out=132/s  done=215 ok=215 err=0 (records_manager.py:1345)
20:26:07.757 INFO       ttft    p50=  585ms  p75=   717ms  p95= 1,002ms  p99= 1,850ms (records_manager.py:1345)
20:26:07.757 INFO       itl     p50=    4ms  p75=     4ms  p95=     5ms  p99=     6ms (records_manager.py:1345)
20:26:07.757 INFO       e2e     p50=3,286ms  p75=11,435ms  p95=27,667ms  p99=51,697ms (records_manager.py:1345)
20:26:07.757 INFO       intvty  p50=    245  p75=     252  p95=     312  p99=   7,683  (1/tpot tok/s) (records_manager.py:1345)
20:26:07.757 INFO       isl     p50=166,871  p75= 353,968  p90= 383,938  p99= 407,565  (tokens) (records_manager.py:1345)
20:26:07.757 INFO       osl     p50=    675  p75=   2,534  p90=   4,875  p99=  12,231  (tokens) (records_manager.py:1345)
20:26:07.757 INFO       tot     in=46,775,223  out=381,951 (records_manager.py:1345)
20:26:07.757 INFO       trace  theoretical_prefix_cache_hit=97.5% (records_manager.py:1345)
20:26:07.757 INFO       srv    prefix_cache_hit=97.1% unique_in_srv=1,367,628 kv_usage=5.1% queue=1r/0w tput_in_srv=16,287/s tput_out_srv=132/s (records_manager.py:1345)
20:26:38.072 INFO     [realtime 48:48 profiling] (records_manager.py:1345)
20:26:38.072 INFO       rps=0.1 (avg 0.1)  tput_in=16,307/s  tput_out=132/s  done=217 ok=217 err=0 (records_manager.py:1345)
20:26:38.072 INFO       ttft    p50=  591ms  p75=   718ms  p95=   996ms  p99= 1,847ms (records_manager.py:1345)
20:26:38.072 INFO       itl     p50=    4ms  p75=     4ms  p95=     5ms  p99=     6ms (records_manager.py:1345)
20:26:38.072 INFO       e2e     p50=3,289ms  p75=11,382ms  p95=27,442ms  p99=51,687ms (records_manager.py:1345)
20:26:38.072 INFO       intvty  p50=    244  p75=     252  p95=     312  p99=   7,617  (1/tpot tok/s) (records_manager.py:1345)
20:26:38.072 INFO       isl     p50=168,746  p75= 354,947  p90= 384,997  p99= 412,012  (tokens) (records_manager.py:1345)
20:26:38.072 INFO       osl     p50=    695  p75=   2,510  p90=   4,858  p99=  12,227  (tokens) (records_manager.py:1345)
20:26:38.072 INFO       tot     in=47,608,491  out=385,184 (records_manager.py:1345)
20:26:38.072 INFO       trace  theoretical_prefix_cache_hit=97.5% (records_manager.py:1345)
20:26:38.072 INFO       srv    prefix_cache_hit=97.1% unique_in_srv=1,370,027 kv_usage=0.0% queue=0r/0w tput_in_srv=16,261/s tput_out_srv=132/s (records_manager.py:1345)
20:27:08.453 INFO     [realtime 49:18 profiling] (records_manager.py:1345)
20:27:08.453 INFO       rps=0.0 (avg 0.1)  tput_in=16,307/s  tput_out=132/s  done=217 ok=217 err=0 (records_manager.py:1345)
20:27:08.453 INFO       ttft    p50=  591ms  p75=   718ms  p95=   996ms  p99= 1,847ms (records_manager.py:1345)
20:27:08.453 INFO       itl     p50=    4ms  p75=     4ms  p95=     5ms  p99=     6ms (records_manager.py:1345)
20:27:08.453 INFO       e2e     p50=3,289ms  p75=11,382ms  p95=27,442ms  p99=51,687ms (records_manager.py:1345)
20:27:08.453 INFO       intvty  p50=    244  p75=     252  p95=     312  p99=   7,617  (1/tpot tok/s) (records_manager.py:1345)
20:27:08.453 INFO       isl     p50=168,746  p75= 354,947  p90= 384,997  p99= 412,012  (tokens) (records_manager.py:1345)
20:27:08.453 INFO       osl     p50=    695  p75=   2,510  p90=   4,858  p99=  12,227  (tokens) (records_manager.py:1345)
20:27:08.453 INFO       tot     in=47,608,491  out=385,184 (records_manager.py:1345)
20:27:08.453 INFO       trace  theoretical_prefix_cache_hit=97.5% (records_manager.py:1345)
20:27:08.453 INFO       srv    prefix_cache_hit=97.1% unique_in_srv=1,375,375 kv_usage=5.2% queue=1r/0w tput_in_srv=16,237/s tput_out_srv=132/s (records_manager.py:1345)
20:27:38.842 INFO     [realtime 49:49 profiling] (records_manager.py:1345)
20:27:38.843 INFO       rps=0.0 (avg 0.1)  tput_in=16,182/s  tput_out=133/s  done=218 ok=218 err=0 (records_manager.py:1345)
20:27:38.843 INFO       ttft    p50=  592ms  p75=   720ms  p95=   993ms  p99= 1,846ms (records_manager.py:1345)
20:27:38.843 INFO       itl     p50=    4ms  p75=     4ms  p95=     5ms  p99=     6ms (records_manager.py:1345)
20:27:38.843 INFO       e2e     p50=3,331ms  p75=11,461ms  p95=29,357ms  p99=51,682ms (records_manager.py:1345)
20:27:38.843 INFO       intvty  p50=    244  p75=     252  p95=     312  p99=   7,584  (1/tpot tok/s) (records_manager.py:1345)
20:27:38.843 INFO       isl     p50=168,902  p75= 355,941  p90= 385,660  p99= 415,017  (tokens) (records_manager.py:1345)
20:27:38.843 INFO       osl     p50=    697  p75=   2,545  p90=   4,956  p99=  12,226  (tokens) (records_manager.py:1345)
20:27:38.843 INFO       tot     in=48,031,375  out=394,077 (records_manager.py:1345)
20:27:38.843 INFO       trace  theoretical_prefix_cache_hit=97.5% (records_manager.py:1345)
20:27:38.843 INFO       srv    prefix_cache_hit=97.2% unique_in_srv=1,378,559 kv_usage=5.2% queue=1r/0w tput_in_srv=16,215/s tput_out_srv=133/s (records_manager.py:1345)
20:28:09.244 INFO     [realtime 50:19 profiling] (records_manager.py:1345)
20:28:09.244 INFO       rps=0.0 (avg 0.1)  tput_in=16,154/s  tput_out=133/s  done=219 ok=219 err=0 (records_manager.py:1345)
20:28:09.245 INFO       ttft    p50=  592ms  p75=   720ms  p95=   990ms  p99= 1,844ms (records_manager.py:1345)
20:28:09.245 INFO       itl     p50=    4ms  p75=     4ms  p95=     5ms  p99=     6ms (records_manager.py:1345)
20:28:09.245 INFO       e2e     p50=3,372ms  p75=11,544ms  p95=29,319ms  p99=51,677ms (records_manager.py:1345)
20:28:09.245 INFO       intvty  p50=    244  p75=     252  p95=     312  p99=   7,552  (1/tpot tok/s) (records_manager.py:1345)
20:28:09.245 INFO       isl     p50=169,059  p75= 357,460  p90= 386,924  p99= 417,354  (tokens) (records_manager.py:1345)
20:28:09.245 INFO       osl     p50=    699  p75=   2,570  p90=   4,941  p99=  12,224  (tokens) (records_manager.py:1345)
20:28:09.245 INFO       tot     in=48,457,215  out=398,895 (records_manager.py:1345)
20:28:09.245 INFO       trace  theoretical_prefix_cache_hit=97.5% (records_manager.py:1345)
20:28:09.245 INFO       srv    prefix_cache_hit=97.2% unique_in_srv=1,381,307 kv_usage=5.3% queue=1r/0w tput_in_srv=16,194/s tput_out_srv=133/s (records_manager.py:1345)
20:28:39.658 INFO     [realtime 50:49 profiling] (records_manager.py:1345)
20:28:39.658 INFO       rps=0.1 (avg 0.1)  tput_in=16,250/s  tput_out=133/s  done=221 ok=221 err=0 (records_manager.py:1345)
20:28:39.658 INFO       ttft    p50=  595ms  p75=   721ms  p95=   984ms  p99= 1,841ms (records_manager.py:1345)
20:28:39.658 INFO       itl     p50=    4ms  p75=     4ms  p95=     5ms  p99=     6ms (records_manager.py:1345)
20:28:39.658 INFO       e2e     p50=3,393ms  p75=11,487ms  p95=29,243ms  p99=51,666ms (records_manager.py:1345)
20:28:39.658 INFO       intvty  p50=    244  p75=     252  p95=     312  p99=   7,486  (1/tpot tok/s) (records_manager.py:1345)
20:28:39.658 INFO       isl     p50=169,397  p75= 360,772  p90= 389,157  p99= 425,249  (tokens) (records_manager.py:1345)
20:28:39.658 INFO       osl     p50=    708  p75=   2,557  p90=   4,910  p99=  12,220  (tokens) (records_manager.py:1345)
20:28:39.658 INFO       tot     in=49,315,458  out=402,124 (records_manager.py:1345)
20:28:39.658 INFO       trace  theoretical_prefix_cache_hit=97.6% (records_manager.py:1345)
20:28:39.658 INFO       srv    prefix_cache_hit=97.2% unique_in_srv=1,385,555 kv_usage=5.3% queue=1r/0w tput_in_srv=16,314/s tput_out_srv=132/s (records_manager.py:1345)
20:29:09.972 INFO     [realtime 51:20 profiling] (records_manager.py:1345)
20:29:09.972 INFO       rps=0.1 (avg 0.1)  tput_in=16,356/s  tput_out=132/s  done=223 ok=223 err=0 (records_manager.py:1345)
20:29:09.972 INFO       ttft    p50=  599ms  p75=   723ms  p95=   980ms  p99= 1,838ms (records_manager.py:1345)
20:29:09.972 INFO       itl     p50=    4ms  p75=     4ms  p95=     5ms  p99=     6ms (records_manager.py:1345)
20:29:09.972 INFO       e2e     p50=3,419ms  p75=11,435ms  p95=29,018ms  p99=51,656ms (records_manager.py:1345)
20:29:09.972 INFO       intvty  p50=    244  p75=     252  p95=     312  p99=   7,420  (1/tpot tok/s) (records_manager.py:1345)
20:29:09.972 INFO       isl     p50=170,510  p75= 362,100  p90= 391,001  p99= 429,555  (tokens) (records_manager.py:1345)
20:29:09.972 INFO       osl     p50=    712  p75=   2,534  p90=   4,893  p99=  12,216  (tokens) (records_manager.py:1345)
20:29:09.972 INFO       tot     in=50,181,487  out=404,889 (records_manager.py:1345)
20:29:09.972 INFO       trace  theoretical_prefix_cache_hit=97.6% (records_manager.py:1345)
20:29:09.972 INFO       srv    prefix_cache_hit=97.3% unique_in_srv=1,390,358 kv_usage=5.3% queue=1r/0w tput_in_srv=16,436/s tput_out_srv=132/s (records_manager.py:1345)
20:29:40.416 INFO     [realtime 51:50 profiling] (records_manager.py:1345)
20:29:40.416 INFO       rps=0.1 (avg 0.1)  tput_in=16,425/s  tput_out=132/s  done=225 ok=225 err=0 (records_manager.py:1345)
20:29:40.416 INFO       ttft    p50=  607ms  p75=   725ms  p95=   976ms  p99= 1,835ms (records_manager.py:1345)
20:29:40.416 INFO       itl     p50=    4ms  p75=     4ms  p95=     5ms  p99=     6ms (records_manager.py:1345)
20:29:40.416 INFO       e2e     p50=3,436ms  p75=11,382ms  p95=28,792ms  p99=51,646ms (records_manager.py:1345)
20:29:40.416 INFO       intvty  p50=    244  p75=     252  p95=     310  p99=   7,354  (1/tpot tok/s) (records_manager.py:1345)
20:29:40.416 INFO       isl     p50=206,024  p75= 362,458  p90= 391,314  p99= 433,433  (tokens) (records_manager.py:1345)
20:29:40.416 INFO       osl     p50=    722  p75=   2,510  p90=   4,875  p99=  12,212  (tokens) (records_manager.py:1345)
20:29:40.416 INFO       tot     in=51,056,521  out=409,296 (records_manager.py:1345)
20:29:40.416 INFO       trace  theoretical_prefix_cache_hit=97.6% (records_manager.py:1345)
20:29:40.416 INFO       srv    prefix_cache_hit=97.3% unique_in_srv=1,392,265 kv_usage=0.0% queue=0r/0w tput_in_srv=16,416/s tput_out_srv=132/s (records_manager.py:1345)
20:30:10.868 INFO     [realtime 52:21 profiling] (records_manager.py:1345)
20:30:10.868 INFO       rps=0.1 (avg 0.1)  tput_in=16,567/s  tput_out=131/s  done=227 ok=227 err=0 (records_manager.py:1345)
20:30:10.868 INFO       ttft    p50=  608ms  p75=   727ms  p95=   973ms  p99= 1,833ms (records_manager.py:1345)
20:30:10.868 INFO       itl     p50=    4ms  p75=     4ms  p95=     5ms  p99=     6ms (records_manager.py:1345)
20:30:10.868 INFO       e2e     p50=3,436ms  p75=10,863ms  p95=28,567ms  p99=51,635ms (records_manager.py:1345)
20:30:10.868 INFO       intvty  p50=    244  p75=     252  p95=     309  p99=   7,289  (1/tpot tok/s) (records_manager.py:1345)
20:30:10.868 INFO       isl     p50=208,465  p75= 364,244  p90= 393,276  p99= 437,935  (tokens) (records_manager.py:1345)
20:30:10.868 INFO       osl     p50=    722  p75=   2,470  p90=   4,858  p99=  12,208  (tokens) (records_manager.py:1345)
20:30:10.868 INFO       tot     in=51,938,321  out=410,509 (records_manager.py:1345)
20:30:10.868 INFO       trace  theoretical_prefix_cache_hit=97.7% (records_manager.py:1345)
20:30:10.868 INFO       srv    prefix_cache_hit=97.3% unique_in_srv=1,396,241 kv_usage=0.0% queue=0r/0w tput_in_srv=16,539/s tput_out_srv=131/s (records_manager.py:1345)
20:30:41.293 INFO     [realtime 52:51 profiling] (records_manager.py:1345)
20:30:41.293 INFO       rps=0.1 (avg 0.1)  tput_in=16,721/s  tput_out=130/s  done=229 ok=229 err=0 (records_manager.py:1345)
20:30:41.293 INFO       ttft    p50=  608ms  p75=   729ms  p95=   969ms  p99= 1,830ms (records_manager.py:1345)
20:30:41.293 INFO       itl     p50=    4ms  p75=     4ms  p95=     5ms  p99=     6ms (records_manager.py:1345)
20:30:41.293 INFO       e2e     p50=3,419ms  p75=10,344ms  p95=28,342ms  p99=51,625ms (records_manager.py:1345)
20:30:41.293 INFO       intvty  p50=    244  p75=     252  p95=     308  p99=   7,223  (1/tpot tok/s) (records_manager.py:1345)
20:30:41.293 INFO       isl     p50=214,614  p75= 365,601  p90= 394,648  p99= 441,325  (tokens) (records_manager.py:1345)
20:30:41.293 INFO       osl     p50=    712  p75=   2,429  p90=   4,840  p99=  12,204  (tokens) (records_manager.py:1345)
20:30:41.293 INFO       tot     in=52,828,539  out=411,212 (records_manager.py:1345)
20:30:41.293 INFO       trace  theoretical_prefix_cache_hit=97.7% (records_manager.py:1345)
20:30:41.293 INFO       srv    prefix_cache_hit=97.4% unique_in_srv=1,403,101 kv_usage=5.5% queue=1r/0w tput_in_srv=16,802/s tput_out_srv=130/s (records_manager.py:1345)
20:31:11.624 INFO     [realtime 53:21 profiling] (records_manager.py:1345)
20:31:11.624 INFO       rps=0.1 (avg 0.1)  tput_in=16,812/s  tput_out=130/s  done=231 ok=231 err=0 (records_manager.py:1345)
20:31:11.624 INFO       ttft    p50=  620ms  p75=   730ms  p95=   994ms  p99= 1,827ms (records_manager.py:1345)
20:31:11.624 INFO       itl     p50=    4ms  p75=     4ms  p95=     5ms  p99=     6ms (records_manager.py:1345)
20:31:11.624 INFO       e2e     p50=3,436ms  p75=10,337ms  p95=28,117ms  p99=51,615ms (records_manager.py:1345)
20:31:11.624 INFO       intvty  p50=    244  p75=     252  p95=     306  p99=   7,157  (1/tpot tok/s) (records_manager.py:1345)
20:31:11.624 INFO       isl     p50=221,086  p75= 367,079  p90= 397,411  p99= 445,482  (tokens) (records_manager.py:1345)
20:31:11.624 INFO       osl     p50=    722  p75=   2,424  p90=   4,823  p99=  12,200  (tokens) (records_manager.py:1345)
20:31:11.624 INFO       tot     in=53,732,107  out=414,692 (records_manager.py:1345)
20:31:11.624 INFO       trace  theoretical_prefix_cache_hit=97.7% (records_manager.py:1345)
20:31:11.624 INFO       srv    prefix_cache_hit=97.4% unique_in_srv=1,410,443 kv_usage=0.0% queue=0r/0w tput_in_srv=16,784/s tput_out_srv=130/s (records_manager.py:1345)
20:31:41.950 INFO     [realtime 53:52 profiling] (records_manager.py:1345)
20:31:41.950 INFO       rps=0.0 (avg 0.1)  tput_in=16,836/s  tput_out=130/s  done=232 ok=232 err=0 (records_manager.py:1345)
20:31:41.950 INFO       ttft    p50=  626ms  p75=   731ms  p95=   993ms  p99= 1,825ms (records_manager.py:1345)
20:31:41.950 INFO       itl     p50=    4ms  p75=     4ms  p95=     5ms  p99=     6ms (records_manager.py:1345)
20:31:41.950 INFO       e2e     p50=3,465ms  p75=10,603ms  p95=28,005ms  p99=51,610ms (records_manager.py:1345)
20:31:41.950 INFO       intvty  p50=    244  p75=     252  p95=     306  p99=   7,125  (1/tpot tok/s) (records_manager.py:1345)
20:31:41.950 INFO       isl     p50=222,498  p75= 368,757  p90= 398,028  p99= 447,549  (tokens) (records_manager.py:1345)
20:31:41.950 INFO       osl     p50=    732  p75=   2,449  p90=   4,822  p99=  12,198  (tokens) (records_manager.py:1345)
20:31:41.950 INFO       tot     in=54,189,761  out=417,451 (records_manager.py:1345)
20:31:41.950 INFO       trace  theoretical_prefix_cache_hit=97.7% (records_manager.py:1345)
20:31:41.950 INFO       srv    prefix_cache_hit=97.4% unique_in_srv=1,415,041 kv_usage=5.6% queue=1r/0w tput_in_srv=16,910/s tput_out_srv=129/s (records_manager.py:1345)
20:32:12.354 INFO     [realtime 54:22 profiling] (records_manager.py:1345)
20:32:12.354 INFO       rps=0.1 (avg 0.1)  tput_in=16,943/s  tput_out=129/s  done=234 ok=234 err=0 (records_manager.py:1345)
20:32:12.355 INFO       ttft    p50=  634ms  p75=   733ms  p95= 1,011ms  p99= 1,822ms (records_manager.py:1345)
20:32:12.355 INFO       itl     p50=    4ms  p75=     4ms  p95=     5ms  p99=     5ms (records_manager.py:1345)
20:32:12.355 INFO       e2e     p50=3,509ms  p75=10,633ms  p95=27,780ms  p99=51,599ms (records_manager.py:1345)
20:32:12.355 INFO       intvty  p50=    244  p75=     252  p95=     305  p99=   7,059  (1/tpot tok/s) (records_manager.py:1345)
20:32:12.355 INFO       isl     p50=225,227  p75= 371,127  p90= 402,420  p99= 456,891  (tokens) (records_manager.py:1345)
20:32:12.355 INFO       osl     p50=    732  p75=   2,426  p90=   4,822  p99=  12,194  (tokens) (records_manager.py:1345)
20:32:12.355 INFO       tot     in=55,114,956  out=420,399 (records_manager.py:1345)
20:32:12.355 INFO       trace  theoretical_prefix_cache_hit=97.7% (records_manager.py:1345)
20:32:12.355 INFO       srv    prefix_cache_hit=97.4% unique_in_srv=1,421,260 kv_usage=0.0% queue=0r/0w tput_in_srv=16,895/s tput_out_srv=129/s (records_manager.py:1345)
20:32:42.766 INFO     [realtime 54:52 profiling] (records_manager.py:1345)
20:32:42.766 INFO       rps=0.0 (avg 0.1)  tput_in=16,932/s  tput_out=129/s  done=235 ok=235 err=0 (records_manager.py:1345)
20:32:42.766 INFO       ttft    p50=  636ms  p75=   735ms  p95= 1,010ms  p99= 1,821ms (records_manager.py:1345)
20:32:42.766 INFO       itl     p50=    4ms  p75=     4ms  p95=     5ms  p99=     5ms (records_manager.py:1345)
20:32:42.766 INFO       e2e     p50=3,523ms  p75=11,056ms  p95=27,667ms  p99=51,594ms (records_manager.py:1345)
20:32:42.766 INFO       intvty  p50=    244  p75=     252  p95=     304  p99=   7,026  (1/tpot tok/s) (records_manager.py:1345)
20:32:42.766 INFO       isl     p50=226,543  p75= 371,894  p90= 405,098  p99= 458,928  (tokens) (records_manager.py:1345)
20:32:42.766 INFO       osl     p50=    743  p75=   2,470  p90=   4,821  p99=  12,192  (tokens) (records_manager.py:1345)
20:32:42.766 INFO       tot     in=55,582,240  out=424,825 (records_manager.py:1345)
20:32:42.767 INFO       trace  theoretical_prefix_cache_hit=97.8% (records_manager.py:1345)
20:32:42.767 INFO       srv    prefix_cache_hit=97.4% unique_in_srv=1,423,136 kv_usage=0.0% queue=0r/0w tput_in_srv=16,882/s tput_out_srv=129/s (records_manager.py:1345)
20:33:13.186 INFO     [realtime 55:23 profiling] (records_manager.py:1345)
20:33:13.186 INFO       rps=0.0 (avg 0.1)  tput_in=16,927/s  tput_out=130/s  done=236 ok=236 err=0 (records_manager.py:1345)
20:33:13.186 INFO       ttft    p50=  637ms  p75=   740ms  p95= 1,009ms  p99= 1,819ms (records_manager.py:1345)
20:33:13.186 INFO       itl     p50=    4ms  p75=     4ms  p95=     5ms  p99=     5ms (records_manager.py:1345)
20:33:13.186 INFO       e2e     p50=3,527ms  p75=11,408ms  p95=27,555ms  p99=51,589ms (records_manager.py:1345)
20:33:13.186 INFO       intvty  p50=    244  p75=     252  p95=     303  p99=   6,993  (1/tpot tok/s) (records_manager.py:1345)
20:33:13.186 INFO       isl     p50=227,797  p75= 372,438  p90= 406,962  p99= 463,502  (tokens) (records_manager.py:1345)
20:33:13.186 INFO       osl     p50=    746  p75=   2,522  p90=   4,820  p99=  12,190  (tokens) (records_manager.py:1345)
20:33:13.186 INFO       tot     in=56,051,710  out=428,962 (records_manager.py:1345)
20:33:13.186 INFO       trace  theoretical_prefix_cache_hit=97.8% (records_manager.py:1345)
20:33:13.186 INFO       srv    prefix_cache_hit=97.5% unique_in_srv=1,428,389 kv_usage=5.8% queue=1r/0w tput_in_srv=17,011/s tput_out_srv=129/s (records_manager.py:1345)
20:33:43.623 INFO     [realtime 55:53 profiling] (records_manager.py:1345)
20:33:43.623 INFO       rps=0.1 (avg 0.1)  tput_in=17,057/s  tput_out=129/s  done=238 ok=238 err=0 (records_manager.py:1345)
20:33:43.623 INFO       ttft    p50=  639ms  p75=   752ms  p95= 1,007ms  p99= 1,816ms (records_manager.py:1345)
20:33:43.623 INFO       itl     p50=    4ms  p75=     4ms  p95=     5ms  p99=     5ms (records_manager.py:1345)
20:33:43.623 INFO       e2e     p50=3,527ms  p75=11,219ms  p95=27,330ms  p99=51,579ms (records_manager.py:1345)
20:33:43.623 INFO       intvty  p50=    244  p75=     251  p95=     302  p99=   6,927  (1/tpot tok/s) (records_manager.py:1345)
20:33:43.623 INFO       isl     p50=230,370  p75= 372,979  p90= 409,969  p99= 468,661  (tokens) (records_manager.py:1345)
20:33:43.623 INFO       osl     p50=    746  p75=   2,490  p90=   4,820  p99=  12,186  (tokens) (records_manager.py:1345)
20:33:43.623 INFO       tot     in=56,997,848  out=430,998 (records_manager.py:1345)
20:33:43.623 INFO       trace  theoretical_prefix_cache_hit=97.8% (records_manager.py:1345)
20:33:43.623 INFO       srv    prefix_cache_hit=97.5% unique_in_srv=1,433,425 kv_usage=5.8% queue=1r/0w tput_in_srv=17,141/s tput_out_srv=129/s (records_manager.py:1345)
20:34:13.959 INFO     [realtime 56:24 profiling] (records_manager.py:1345)
20:34:13.959 INFO       rps=0.0 (avg 0.1)  tput_in=17,077/s  tput_out=129/s  done=239 ok=239 err=0 (records_manager.py:1345)
20:34:13.959 INFO       ttft    p50=  641ms  p75=   755ms  p95= 1,006ms  p99= 1,815ms (records_manager.py:1345)
20:34:13.959 INFO       itl     p50=    4ms  p75=     4ms  p95=     5ms  p99=     5ms (records_manager.py:1345)
20:34:13.959 INFO       e2e     p50=3,530ms  p75=11,435ms  p95=27,217ms  p99=51,574ms (records_manager.py:1345)
20:34:13.959 INFO       intvty  p50=    244  p75=     251  p95=     301  p99=   6,895  (1/tpot tok/s) (records_manager.py:1345)
20:34:13.959 INFO       isl     p50=231,688  p75= 373,154  p90= 413,195  p99= 471,102  (tokens) (records_manager.py:1345)
20:34:13.959 INFO       osl     p50=    750  p75=   2,534  p90=   4,819  p99=  12,184  (tokens) (records_manager.py:1345)
20:34:13.959 INFO       tot     in=57,474,641  out=434,059 (records_manager.py:1345)
20:34:13.959 INFO       trace  theoretical_prefix_cache_hit=97.8% (records_manager.py:1345)
20:34:13.959 INFO       srv    prefix_cache_hit=97.5% unique_in_srv=1,437,010 kv_usage=5.9% queue=1r/0w tput_in_srv=17,127/s tput_out_srv=129/s (records_manager.py:1345)
20:34:44.297 INFO     [realtime 56:54 profiling] (records_manager.py:1345)
20:34:44.297 INFO       rps=0.0 (avg 0.1)  tput_in=16,984/s  tput_out=130/s  done=240 ok=240 err=0 (records_manager.py:1345)
20:34:44.297 INFO       ttft    p50=  642ms  p75=   760ms  p95= 1,005ms  p99= 1,813ms (records_manager.py:1345)
20:34:44.297 INFO       itl     p50=    4ms  p75=     4ms  p95=     5ms  p99=     5ms (records_manager.py:1345)
20:34:44.297 INFO       e2e     p50=3,535ms  p75=11,515ms  p95=29,281ms  p99=51,568ms (records_manager.py:1345)
20:34:44.297 INFO       intvty  p50=    244  p75=     251  p95=     301  p99=   6,862  (1/tpot tok/s) (records_manager.py:1345)
20:34:44.297 INFO       isl     p50=233,102  p75= 373,458  p90= 415,734  p99= 473,282  (tokens) (records_manager.py:1345)
20:34:44.297 INFO       osl     p50=    754  p75=   2,564  p90=   4,832  p99=  12,182  (tokens) (records_manager.py:1345)
20:34:44.297 INFO       tot     in=57,954,770  out=442,336 (records_manager.py:1345)
20:34:44.297 INFO       trace  theoretical_prefix_cache_hit=97.8% (records_manager.py:1345)
20:34:44.297 INFO       srv    prefix_cache_hit=97.5% unique_in_srv=1,437,010 kv_usage=0.0% queue=0r/0w tput_in_srv=16,975/s tput_out_srv=130/s (records_manager.py:1345)
20:35:14.639 INFO     [realtime 57:24 profiling] (records_manager.py:1345)
20:35:14.639 INFO       rps=0.0 (avg 0.1)  tput_in=17,027/s  tput_out=129/s  done=241 ok=241 err=0 (records_manager.py:1345)
20:35:14.639 INFO       ttft    p50=  643ms  p75=   764ms  p95= 1,004ms  p99= 1,812ms (records_manager.py:1345)
20:35:14.639 INFO       itl     p50=    4ms  p75=     4ms  p95=     5ms  p99=     5ms (records_manager.py:1345)
20:35:14.639 INFO       e2e     p50=3,540ms  p75=11,487ms  p95=29,243ms  p99=51,563ms (records_manager.py:1345)
20:35:14.639 INFO       intvty  p50=    244  p75=     251  p95=     300  p99=   6,829  (1/tpot tok/s) (records_manager.py:1345)
20:35:14.639 INFO       isl     p50=234,515  p75= 374,095  p90= 417,759  p99= 475,690  (tokens) (records_manager.py:1345)
20:35:14.639 INFO       osl     p50=    759  p75=   2,557  p90=   4,823  p99=  12,180  (tokens) (records_manager.py:1345)
20:35:14.640 INFO       tot     in=58,437,403  out=444,454 (records_manager.py:1345)
20:35:14.640 INFO       trace  theoretical_prefix_cache_hit=97.8% (records_manager.py:1345)
20:35:14.640 INFO       srv    prefix_cache_hit=97.6% unique_in_srv=1,443,121 kv_usage=5.9% queue=1r/0w tput_in_srv=17,107/s tput_out_srv=129/s (records_manager.py:1345)
20:35:44.983 INFO     [realtime 57:55 profiling] (records_manager.py:1345)
20:35:44.983 INFO       rps=0.0 (avg 0.1)  tput_in=16,997/s  tput_out=130/s  done=242 ok=242 err=0 (records_manager.py:1345)
20:35:44.983 INFO       ttft    p50=  644ms  p75=   772ms  p95= 1,005ms  p99= 1,811ms (records_manager.py:1345)
20:35:44.983 INFO       itl     p50=    4ms  p75=     4ms  p95=     5ms  p99=     5ms (records_manager.py:1345)
20:35:44.983 INFO       e2e     p50=3,549ms  p75=11,572ms  p95=29,130ms  p99=51,558ms (records_manager.py:1345)
20:35:44.983 INFO       intvty  p50=    244  p75=     251  p95=     299  p99=   6,796  (1/tpot tok/s) (records_manager.py:1345)
20:35:44.983 INFO       isl     p50=256,624  p75= 374,184  p90= 422,372  p99= 478,761  (tokens) (records_manager.py:1345)
20:35:44.983 INFO       osl     p50=    763  p75=   2,577  p90=   4,901  p99=  12,178  (tokens) (records_manager.py:1345)
20:35:44.983 INFO       tot     in=58,923,313  out=449,943 (records_manager.py:1345)
20:35:44.983 INFO       trace  theoretical_prefix_cache_hit=97.8% (records_manager.py:1345)
20:35:44.983 INFO       srv    prefix_cache_hit=97.6% unique_in_srv=1,443,121 kv_usage=0.0% queue=0r/0w tput_in_srv=16,957/s tput_out_srv=129/s (records_manager.py:1345)
20:36:15.331 INFO     [realtime 58:25 profiling] (records_manager.py:1345)
20:36:15.331 INFO       rps=0.0 (avg 0.1)  tput_in=17,077/s  tput_out=129/s  done=243 ok=243 err=0 (records_manager.py:1345)
20:36:15.331 INFO       ttft    p50=  645ms  p75=   775ms  p95= 1,005ms  p99= 1,809ms (records_manager.py:1345)
20:36:15.331 INFO       itl     p50=    4ms  p75=     4ms  p95=     5ms  p99=     5ms (records_manager.py:1345)
20:36:15.331 INFO       e2e     p50=3,540ms  p75=11,544ms  p95=29,018ms  p99=51,553ms (records_manager.py:1345)
20:36:15.331 INFO       intvty  p50=    244  p75=     251  p95=     299  p99=   6,763  (1/tpot tok/s) (records_manager.py:1345)
20:36:15.331 INFO       isl     p50=278,732  p75= 374,410  p90= 425,249  p99= 481,581  (tokens) (records_manager.py:1345)
20:36:15.331 INFO       osl     p50=    759  p75=   2,570  p90=   4,893  p99=  12,176  (tokens) (records_manager.py:1345)
20:36:15.331 INFO       tot     in=59,412,307  out=450,297 (records_manager.py:1345)
20:36:15.331 INFO       trace  theoretical_prefix_cache_hit=97.9% (records_manager.py:1345)
20:36:15.331 INFO       srv    prefix_cache_hit=97.6% unique_in_srv=1,447,872 kv_usage=6.0% queue=1r/0w tput_in_srv=17,090/s tput_out_srv=129/s (records_manager.py:1345)
20:36:45.726 INFO     [realtime 58:55 profiling] (records_manager.py:1345)
20:36:45.726 INFO       rps=0.1 (avg 0.1)  tput_in=17,130/s  tput_out=129/s  done=245 ok=245 err=0 (records_manager.py:1345)
20:36:45.726 INFO       ttft    p50=  647ms  p75=   776ms  p95= 1,005ms  p99= 1,806ms (records_manager.py:1345)
20:36:45.726 INFO       itl     p50=    4ms  p75=     4ms  p95=     5ms  p99=     5ms (records_manager.py:1345)
20:36:45.726 INFO       e2e     p50=3,559ms  p75=11,601ms  p95=28,792ms  p99=51,543ms (records_manager.py:1345)
20:36:45.726 INFO       intvty  p50=    244  p75=     251  p95=     299  p99=   6,697  (1/tpot tok/s) (records_manager.py:1345)
20:36:45.726 INFO       isl     p50=282,510  p75= 374,938  p90= 429,276  p99= 487,637  (tokens) (records_manager.py:1345)
20:36:45.726 INFO       osl     p50=    759  p75=   2,584  p90=   5,002  p99=  12,172  (tokens) (records_manager.py:1345)
20:36:45.726 INFO       tot     in=60,394,677  out=456,056 (records_manager.py:1345)
20:36:45.726 INFO       trace  theoretical_prefix_cache_hit=97.9% (records_manager.py:1345)
20:36:45.726 INFO       srv    prefix_cache_hit=97.6% unique_in_srv=1,449,781 kv_usage=0.0% queue=0r/0w tput_in_srv=17,083/s tput_out_srv=129/s (records_manager.py:1345)
20:37:16.078 INFO     [realtime 59:26 profiling] (records_manager.py:1345)
20:37:16.078 INFO       rps=0.1 (avg 0.1)  tput_in=17,226/s  tput_out=129/s  done=247 ok=247 err=0 (records_manager.py:1345)
20:37:16.078 INFO       ttft    p50=  647ms  p75=   780ms  p95= 1,005ms  p99= 1,803ms (records_manager.py:1345)
20:37:16.078 INFO       itl     p50=    4ms  p75=     4ms  p95=     5ms  p99=     5ms (records_manager.py:1345)
20:37:16.078 INFO       e2e     p50=3,571ms  p75=11,737ms  p95=28,567ms  p99=51,532ms (records_manager.py:1345)
20:37:16.078 INFO       intvty  p50=    243  p75=     251  p95=     299  p99=   6,632  (1/tpot tok/s) (records_manager.py:1345)
20:37:16.078 INFO       isl     p50=288,212  p75= 377,852  p90= 432,853  p99= 491,252  (tokens) (records_manager.py:1345)
20:37:16.078 INFO       osl     p50=    767  p75=   2,604  p90=   4,972  p99=  12,168  (tokens) (records_manager.py:1345)
20:37:16.078 INFO       tot     in=61,386,039  out=459,830 (records_manager.py:1345)
20:37:16.078 INFO       trace  theoretical_prefix_cache_hit=97.9% (records_manager.py:1345)
20:37:16.078 INFO       srv    prefix_cache_hit=97.6% unique_in_srv=1,454,775 kv_usage=0.0% queue=0r/0w tput_in_srv=17,215/s tput_out_srv=129/s (records_manager.py:1345)
20:37:46.509 INFO     [realtime 59:56 profiling] (records_manager.py:1345)
20:37:46.509 INFO       rps=0.0 (avg 0.1)  tput_in=17,226/s  tput_out=129/s  done=247 ok=247 err=0 (records_manager.py:1345)
20:37:46.509 INFO       ttft    p50=  647ms  p75=   780ms  p95= 1,005ms  p99= 1,803ms (records_manager.py:1345)
20:37:46.509 INFO       itl     p50=    4ms  p75=     4ms  p95=     5ms  p99=     5ms (records_manager.py:1345)
20:37:46.509 INFO       e2e     p50=3,571ms  p75=11,737ms  p95=28,567ms  p99=51,532ms (records_manager.py:1345)
20:37:46.509 INFO       intvty  p50=    243  p75=     251  p95=     299  p99=   6,632  (1/tpot tok/s) (records_manager.py:1345)
20:37:46.509 INFO       isl     p50=288,212  p75= 377,852  p90= 432,853  p99= 491,252  (tokens) (records_manager.py:1345)
20:37:46.509 INFO       osl     p50=    767  p75=   2,604  p90=   4,972  p99=  12,168  (tokens) (records_manager.py:1345)
20:37:46.509 INFO       tot     in=61,386,039  out=459,830 (records_manager.py:1345)
20:37:46.509 INFO       trace  theoretical_prefix_cache_hit=97.9% (records_manager.py:1345)
20:37:46.509 INFO       srv    prefix_cache_hit=97.6% unique_in_srv=1,457,160 kv_usage=6.2% queue=1r/0w tput_in_srv=17,209/s tput_out_srv=129/s (records_manager.py:1345)
20:37:49.782 INFO     Timeout of 3599.997294109s elapsed for event 'profiling phase sending' (runner.py:1208)
20:37:49.782 NOTICE   Phase profiling (profiling) sending complete | sent=248, completed=247, in_flight=1 | sessions: sent=4, completed=3 | timeout_triggered=True (runner.py:1039)
20:37:49.783 INFO     Waiting for event 'profiling phase credits returned' with timeout of 29.999686028999804s (runner.py:1220)
20:37:49.783 INFO     Sent 248 requests. Waiting for all to complete... (records_manager.py:1014)
20:37:54.331 NOTICE   Phase profiling (profiling) complete | completed=248, cancelled=0, errors=0 | sessions: completed=3, cancelled=0 | elapsed=3604.55s (runner.py:1162)
20:37:54.331 INFO     Global system-idle cap summary: limit=10s, jumps=146, skipped=39530.033s (agentic_replay.py:956)
20:37:54.331 INFO     BranchOrchestrator stats: spawned=9 completed=9 errored=0 suspended=3 resumed=3 parents_failed_due_to_child_error=0 joins_suppressed=0 delayed=7 (branch_orchestrator.py:1782)
20:37:54.331 INFO     Session-tree slots for phase profiling: peak_open=1 (target concurrency 1); released 1 still-open at teardown; late_events=0 (runner.py:551)
20:37:54.331 NOTICE   All credits completed (phase_orchestrator.py:245)
20:37:54.332 INFO     Received CREDIT_PHASE_COMPLETE message, Phase complete: PhaseRecordsStats(phase=CreditPhase.PROFILING, phase_index=0, profiling_index=0, phase_name='profiling', phase_kind='profiling', start_ns=1787704669782684163, sent_end_ns=1787708269782800190, requests_end_ns=1787708274331488957, baseline_start_ns=1787704669782655280, baseline_end_ns=1787708274331498101, total_expected_requests=None, expected_duration_sec=None, expected_num_sessions=None, expected_grace_period_sec=None, final_requests_sent=None, final_requests_completed=248, final_requests_cancelled=0, final_request_errors=0, final_sent_sessions=None, final_completed_sessions=None, final_cancelled_sessions=None, timeout_triggered=True, grace_period_timeout_triggered=False, was_cancelled=False, records_end_ns=None, success_records=247, error_records=0) (records_manager.py:1040)
20:37:54.332 NOTICE   All requests have completed, please wait for the results to be processed (currently 247 of 248 records processed)... (records_manager.py:1051)
20:37:54.332 INFO     Received credits complete from 'timing_manager' (system_controller.py:448)
20:37:54.332 INFO     All credits complete, please wait for the results to be processed... (records_manager.py:1077)
20:37:54.334 INFO     Processed 248 valid requests and 0 errors (248 total). (records_manager.py:913)
20:37:54.334 INFO     Received all records, processing now... (records_manager.py:919)
20:37:54.335 INFO     Waiting 2.0s for server metrics flush period... (records_manager.py:973)
20:37:54.340 INFO     Server Metrics: Profiling complete, capturing final metrics... (manager.py:355)
20:37:56.332 INFO     Processing records results... (records_manager.py:2083)
20:37:56.778 INFO     Profiling metric coverage passed for 'profiling': TTFT=99.3%, inter-token latency=100.0% (required=95.0%). (records_manager.py:1814)
20:37:56.948 INFO     Waiting for result domains: server_metrics (system_controller.py:869)
20:38:02.236 INFO     _finalize_and_process_results completed (records_manager.py:980)
20:38:04.094 INFO     All results received, initiating shutdown (system_controller.py:864)
20:38:04.596 WARNING  Service worker process (pid: 3979848) still alive after bus shutdown grace; killing (SIGKILL / TerminateProcess — children ignore SIGTERM) (multiprocess_service_manager.py:277)
20:38:04.944 INFO     Exporting all records (exporter_manager.py:69)
20:38:06.194 INFO     Exporting console data (exporter_manager.py:326)


                                               NVIDIA AIPerf | LLM Metrics: Effective                                               
┏━━━━━━━━━━━━━━━━━━━━━━━━━━━━━━━━━━━━━━━━━━━┳━━━━━━━━━━━━┳━━━━━━━━┳━━━━━━━━━━━━┳━━━━━━━━━━━━┳━━━━━━━━━━━━┳━━━━━━━━━━━━┳━━━━━━━━━━━━┓
┃                                    Metric ┃        avg ┃    min ┃        max ┃        p99 ┃        p90 ┃        p50 ┃        std ┃
┡━━━━━━━━━━━━━━━━━━━━━━━━━━━━━━━━━━━━━━━━━━━╇━━━━━━━━━━━━╇━━━━━━━━╇━━━━━━━━━━━━╇━━━━━━━━━━━━╇━━━━━━━━━━━━╇━━━━━━━━━━━━╇━━━━━━━━━━━━┩
│          Effective Concurrency (requests) │       0.59 │   0.00 │       3.00 │       2.00 │       1.00 │       1.00 │       0.56 │
│  Effective Decode Throughput (tokens/sec) │     129.42 │   0.00 │ 280,135.11 │     476.42 │     241.85 │     228.97 │     321.89 │
│ Effective Prefill Throughput (tokens/sec) │  17,168.53 │   0.00 │ 576,403.16 │ 521,022.40 │       0.00 │       0.00 │  88,719.13 │
│   Effective Decode Concurrency (requests) │       0.54 │   0.00 │       3.00 │       2.00 │       1.00 │       1.00 │       0.55 │
│  Effective Prefill Concurrency (requests) │       0.04 │   0.00 │       3.00 │       1.00 │       0.00 │       0.00 │       0.20 │
│   Effective Total Throughput (tokens/sec) │  17,297.95 │   0.00 │ 576,403.16 │ 521,022.40 │     246.51 │     234.31 │  88,696.37 │
│      Effective Decode Throughput Per User │     123.62 │   0.00 │ 280,135.11 │     247.60 │     241.24 │     228.70 │     317.43 │
│                         (tokens/sec/user) │            │        │            │            │            │            │            │
│     Effective Prefill Throughput Per User │  17,138.72 │   0.00 │ 576,403.16 │ 521,022.40 │       0.00 │       0.00 │  88,691.68 │
│                         (tokens/sec/user) │            │        │            │            │            │            │            │
│                 Tokens In Flight (tokens) │ 174,988.59 │   0.00 │ 505,679.00 │ 498,221.76 │ 425,863.08 │ 136,994.68 │ 179,842.89 │
│         Effective Latency (CO-aware) (ms) │   8,519.67 │ 134.75 │  74,035.63 │  51,527.97 │  22,177.13 │   3,589.87 │  10,735.35 │
└───────────────────────────────────────────┴────────────┴────────┴────────────┴────────────┴────────────┴────────────┴────────────┘
                                                NVIDIA AIPerf | LLM Metrics: Active                                                
┏━━━━━━━━━━━━━━━━━━━━━━━━━━━━━━━━━━━━━━━━┳━━━━━━━━━━━━┳━━━━━━━━━━┳━━━━━━━━━━━━┳━━━━━━━━━━━━┳━━━━━━━━━━━━┳━━━━━━━━━━━━┳━━━━━━━━━━━━┓
┃                                 Metric ┃        avg ┃      min ┃        max ┃        p99 ┃        p90 ┃        p50 ┃        std ┃
┡━━━━━━━━━━━━━━━━━━━━━━━━━━━━━━━━━━━━━━━━╇━━━━━━━━━━━━╇━━━━━━━━━━╇━━━━━━━━━━━━╇━━━━━━━━━━━━╇━━━━━━━━━━━━╇━━━━━━━━━━━━╇━━━━━━━━━━━━┩
│  Active Decode Throughput (tokens/sec) │     249.38 │     0.00 │ 280,135.11 │     486.83 │     244.12 │     235.71 │     412.00 │
│ Active Prefill Throughput (tokens/sec) │ 418,281.31 │ 7,932.28 │ 576,403.16 │ 573,362.21 │ 538,220.33 │ 485,952.74 │ 154,878.22 │
│      Active Decode Throughput Per User │     238.20 │     0.00 │ 280,135.11 │     282.36 │     242.96 │     235.53 │     408.49 │
│                      (tokens/sec/user) │            │          │            │            │            │            │            │
│     Active Prefill Throughput Per User │ 417,554.95 │ 7,932.28 │ 576,403.16 │ 573,362.21 │ 538,220.33 │ 485,952.74 │ 156,367.52 │
│                      (tokens/sec/user) │            │          │            │            │            │            │            │
│   Active Total Throughput (tokens/sec) │  31,096.49 │   174.25 │ 576,403.16 │ 533,344.43 │     468.63 │     238.61 │ 117,104.60 │
└────────────────────────────────────────┴────────────┴──────────┴────────────┴────────────┴────────────┴────────────┴────────────┘
                                                 NVIDIA AIPerf | LLM Metrics: Usage                                                  
┏━━━━━━━━━━━━━━━━━━━━━━━━━━━━━━━━━━━━━━━━━┳━━━━━━━━━━━━━━━┳━━━━━━━━┳━━━━━━━━━━━━┳━━━━━━━━━━━━┳━━━━━━━━━━━━┳━━━━━━━━━━━━┳━━━━━━━━━━━━┓
┃                                  Metric ┃           avg ┃    min ┃        max ┃        p99 ┃        p90 ┃        p50 ┃        std ┃
┡━━━━━━━━━━━━━━━━━━━━━━━━━━━━━━━━━━━━━━━━━╇━━━━━━━━━━━━━━━╇━━━━━━━━╇━━━━━━━━━━━━╇━━━━━━━━━━━━╇━━━━━━━━━━━━╇━━━━━━━━━━━━╇━━━━━━━━━━━━┩
│            Usage Prompt Tokens (tokens) │    249,535.52 │ 631.00 │ 498,769.00 │ 493,517.19 │ 434,668.10 │ 289,050.50 │ 145,770.51 │
│ Usage Prompt Cache Read Tokens (tokens) │    243,659.87 │   0.00 │ 496,384.00 │ 490,993.92 │ 432,499.20 │ 285,184.00 │ 149,479.98 │
│        Usage Completion Tokens (tokens) │      1,882.02 │   1.00 │  17,710.00 │  12,166.41 │   5,066.10 │     770.50 │   2,527.70 │
│             Usage Total Tokens (tokens) │    251,417.53 │ 646.00 │ 505,679.00 │ 495,576.88 │ 436,241.70 │ 291,794.00 │ 146,393.06 │
│      Total Usage Prompt Tokens (tokens) │ 61,884,808.00 │    N/A │        N/A │        N/A │        N/A │        N/A │        N/A │
│    Total Usage Prompt Cache Read Tokens │ 60,427,648.00 │    N/A │        N/A │        N/A │        N/A │        N/A │        N/A │
│                                (tokens) │               │        │            │            │            │            │            │
│       Overall Usage Prompt Cache Read % │         97.65 │    N/A │        N/A │        N/A │        N/A │        N/A │        N/A │
│                                     (%) │               │        │            │            │            │            │            │
│  Total Usage Completion Tokens (tokens) │    466,740.00 │    N/A │        N/A │        N/A │        N/A │        N/A │        N/A │
│       Total Usage Total Tokens (tokens) │ 62,351,548.00 │    N/A │        N/A │        N/A │        N/A │        N/A │        N/A │
└─────────────────────────────────────────┴───────────────┴────────┴────────────┴────────────┴────────────┴────────────┴────────────┘
                                                        NVIDIA AIPerf | LLM Metrics                                                        
┏━━━━━━━━━━━━━━━━━━━━━━━━━━━━━━━━━━━━━━━━━━━━━━━━┳━━━━━━━━━━━━┳━━━━━━━━━━┳━━━━━━━━━━━━┳━━━━━━━━━━━━┳━━━━━━━━━━━━┳━━━━━━━━━━━━┳━━━━━━━━━━━━┓
┃                                         Metric ┃        avg ┃      min ┃        max ┃        p99 ┃        p90 ┃        p50 ┃        std ┃
┡━━━━━━━━━━━━━━━━━━━━━━━━━━━━━━━━━━━━━━━━━━━━━━━━╇━━━━━━━━━━━━╇━━━━━━━━━━╇━━━━━━━━━━━━╇━━━━━━━━━━━━╇━━━━━━━━━━━━╇━━━━━━━━━━━━╇━━━━━━━━━━━━┩
│                       Time to First Token (ms) │     604.30 │    74.80 │   1,986.16 │   1,801.72 │     903.03 │     647.64 │     321.72 │
│                      Time to Second Token (ms) │      37.81 │     0.08 │   1,321.37 │     484.02 │      64.49 │       2.48 │     109.72 │
│                Time to First Output Token (ms) │   1,017.76 │ 1,017.76 │   1,017.76 │   1,017.76 │   1,017.76 │   1,017.76 │       0.00 │
│                           Request Latency (ms) │   8,517.91 │   132.52 │  74,034.35 │  51,527.27 │  22,175.52 │   3,587.67 │  10,735.25 │
│                           Decode Duration (ms) │   7,913.61 │     0.00 │  72,766.65 │  51,194.13 │  21,447.70 │   3,162.86 │  10,657.35 │
│                      Full Decode Duration (ms) │   7,913.64 │     0.06 │  72,766.66 │  51,194.15 │  21,447.72 │   3,162.88 │  10,657.35 │
│                       Inter Token Latency (ms) │       4.02 │     0.08 │      12.14 │       5.38 │       4.27 │       4.11 │       0.85 │
│              Full-Response Inter Token Latency │       4.02 │     0.08 │      12.14 │       5.38 │       4.27 │       4.11 │       0.85 │
│                                           (ms) │            │          │            │            │            │            │            │
│               Output Token Throughput Per User │     389.61 │    82.40 │  12,090.92 │   6,598.89 │     275.69 │     243.37 │   1,103.96 │
│                              (tokens/sec/user) │            │          │            │            │            │            │            │
│  E2E Output Token Throughput (tokens/sec/user) │     190.87 │     1.43 │     240.82 │     239.70 │     231.59 │     210.59 │      50.52 │
│ Full-Response Output Token Throughput Per User │     387.35 │    82.40 │  11,917.75 │   6,472.96 │     275.67 │     243.37 │   1,086.13 │
│                              (tokens/sec/user) │            │          │            │            │            │            │            │
│                Output Sequence Length (tokens) │   1,882.02 │     1.00 │  17,710.00 │  12,166.41 │   5,066.10 │     770.50 │   2,527.70 │
│                 Input Sequence Length (tokens) │ 249,535.52 │   631.00 │ 498,769.00 │ 493,517.19 │ 434,668.10 │ 289,050.50 │ 145,770.51 │
│           Output Token Throughput (tokens/sec) │     129.49 │      N/A │        N/A │        N/A │        N/A │        N/A │        N/A │
│            Input Token Throughput (tokens/sec) │  17,168.53 │      N/A │        N/A │        N/A │        N/A │        N/A │        N/A │
│              Request Throughput (requests/sec) │       0.07 │      N/A │        N/A │        N/A │        N/A │        N/A │        N/A │
│                       Request Count (requests) │     248.00 │      N/A │        N/A │        N/A │        N/A │        N/A │        N/A │
│               Theoretical Prefix Cache Hit (%) │      97.84 │      N/A │        N/A │        N/A │        N/A │        N/A │        N/A │
└────────────────────────────────────────────────┴────────────┴──────────┴────────────┴────────────┴────────────┴────────────┴────────────┘

CLI Command: aiperf profile --scenario 'inferencex-agentx-mvp' --url 'http://localhost:8886' 
--endpoint '/v1/chat/completions' --endpoint-type 'chat' --streaming --model 'amd/MiniMax-M3-MXFP4' 
--tokenizer 'amd/MiniMax-M3-MXFP4' --concurrency 1 --benchmark-duration 3600 --stats-interval 30 
--random-seed 42 --failed-request-threshold 0.1 --trajectory-start-min-ratio 0.25 
--trajectory-start-max-ratio 0.75 --warmup-requests-per-lane 10 --trace-idle-gap-cap-seconds 300 
--warmup-grace-period 1800 --use-server-token-count --no-gpu-telemetry --tokenizer-trust-remote-code
--num-dataset-entries 393 --slice-duration 1.0 --server-metrics 'http://localhost:8886/metrics' 
--output-artifact-dir 
'/shared/data/R7N/andy_luo_3v7/minimaxm3-agentx/results/mtp-k4-aiter-full-indexer-resident-v19-tp4-c
1-full-indexer-complete-curve-20260825-r1/aiperf_artifacts' --public-dataset 
'semianalysis_cc_traces_weka_062126' --apply-chat-template
Benchmark Duration: 3604.54 sec
CSV Export: 
/shared/data/R7N/andy_luo_3v7/minimaxm3-agentx/results/mtp-k4-aiter-full-indexer-resident-v19-tp4-c1
-full-indexer-complete-curve-20260825-r1/aiperf_artifacts/profile_export_aiperf.csv
JSON Export: 
/shared/data/R7N/andy_luo_3v7/minimaxm3-agentx/results/mtp-k4-aiter-full-indexer-resident-v19-tp4-c1
-full-indexer-complete-curve-20260825-r1/aiperf_artifacts/profile_export_aiperf.json
Server Metrics CSV Export: 
/shared/data/R7N/andy_luo_3v7/minimaxm3-agentx/results/mtp-k4-aiter-full-indexer-resident-v19-tp4-c1
-full-indexer-complete-curve-20260825-r1/aiperf_artifacts/server_metrics_export.csv
Server Metrics JSON Export: 
/shared/data/R7N/andy_luo_3v7/minimaxm3-agentx/results/mtp-k4-aiter-full-indexer-resident-v19-tp4-c1
-full-indexer-complete-curve-20260825-r1/aiperf_artifacts/server_metrics_export.json
Timeslice CSV Export: 
/shared/data/R7N/andy_luo_3v7/minimaxm3-agentx/results/mtp-k4-aiter-full-indexer-resident-v19-tp4-c1
-full-indexer-complete-curve-20260825-r1/aiperf_artifacts/profile_export_aiperf_timeslices.csv
Timeslice JSON Export: 
/shared/data/R7N/andy_luo_3v7/minimaxm3-agentx/results/mtp-k4-aiter-full-indexer-resident-v19-tp4-c1
-full-indexer-complete-curve-20260825-r1/aiperf_artifacts/profile_export_aiperf_timeslices.json
Log File: 
/shared/data/R7N/andy_luo_3v7/minimaxm3-agentx/results/mtp-k4-aiter-full-indexer-resident-v19-tp4-c1
-full-indexer-complete-curve-20260825-r1/aiperf_artifacts/logs/aiperf.log

+ replay_rc=0
+ set +x
Saved aggregated agentic result to /shared/data/R7N/andy_luo_3v7/minimaxm3-agentx/results/mtp-k4-aiter-full-indexer-resident-v19-tp4-c1-full-indexer-complete-curve-20260825-r1/mtp-k4-aiter-full-indexer-resident-v19-tp4-c1-full-indexer-complete-curve-20260825-r1.json
  Requests: 248 successful / 259 total (11 warmup, 0 error dropped)
  QPS: mean=0.07 p75=0.00 p95=1.00
  GPU cache hit rate: 97.3%
  CPU/offload cache hit rate: 0.0%
  External cache hit rate: 0.0%
  GPU KV cache usage:  6.2%
  GPU KV cache capacity: 8184960 tokens
  Theoretical cache hit rate: 97.8%
  Throughput per GPU: 4325 tok/s
Saved /shared/data/R7N/andy_luo_3v7/minimaxm3-agentx/results/mtp-k4-aiter-full-indexer-resident-v19-tp4-c1-full-indexer-complete-curve-20260825-r1/metrics_plots.png
  Records: 259 | TTFT median 648ms | E2E median 3523ms
Loaded 259 records from /shared/data/R7N/andy_luo_3v7/minimaxm3-agentx/results/mtp-k4-aiter-full-indexer-resident-v19-tp4-c1-full-indexer-complete-curve-20260825-r1/aiperf_artifacts
======================================================================
BENCHMARK WORKLOAD DISTRIBUTION ANALYSIS
======================================================================
Total requests: 259

ALL REQUESTS ISL:
  n=259  mean=252,754  median=298,502  p75=374,938  p90=433,820  p95=469,470
ALL REQUESTS OSL:
  n=259  mean=1,802  median=712  p75=2,557  p90=5,064  p95=6,910
======================================================================
Saved plots to /shared/data/R7N/andy_luo_3v7/minimaxm3-agentx/results/mtp-k4-aiter-full-indexer-resident-v19-tp4-c1-full-indexer-complete-curve-20260825-r1/workload_distribution_plots.png
Validated aiperf request error rate: 0/248 = 0.000% <= 10.000%
Validated required AIPerf server metrics prefix 'vllm:'
Stopping vLLM server (PID=3968344)...
Stopped vLLM server.
