Precompiling 23 AITER sparse top-k variants
  top-k slots=1 waves=1
[aiter] [pid=1551227 pname=MainProcess] start build [module_aiter_core] under /tmp/inferencex-minimaxm3-1413/home/.aiter/jit/build/module_aiter_core
[aiter] Current hipcc not support: -mllvm -amdgpu-coerce-illegal-types=1, skip it.
[aiter] [pid=1551227 pname=MainProcess] [32mfinish build [module_aiter_core], cost 10.0s [0m
[aiter] import [module_aiter_core] under /tmp/inferencex-minimaxm3-1413/home/.aiter/jit/module_aiter_core.so
[aiter] start build /tmp/inferencex-minimaxm3-1413/home/.aiter/build/pa_sparse_block_topk_f2f457d90816b43a851577b99cdb853f_77acf8df
clang (LLVM option parsing): Unknown command line argument '-amdgpu-coerce-illegal-types=1'.  Try: 'clang (LLVM option parsing) --help'
clang (LLVM option parsing): Did you mean '--amdgpu-mode-register=1'?
failed to execute:/opt/rocm/lib/llvm/bin/clang++  --offload-arch=gfx950 --offload-arch=gfx950 --offload-arch=gfx950 --offload-arch=gfx950 --offload-arch=gfx950 --offload-arch=gfx950 --offload-arch=gfx950 --offload-arch=gfx950 -O3  -mllvm -amdgpu-coerce-illegal-types=1 -x hip -c /dev/null -o "/dev/null"
[aiter] -mllvm -amdgpu-coerce-illegal-types=1 is not supported by hipcc.
[aiter] finish build /tmp/inferencex-minimaxm3-1413/home/.aiter/build/pa_sparse_block_topk_f2f457d90816b43a851577b99cdb853f_77acf8df, cost 32.47346716s
  top-k slots=2 waves=1
[aiter] compile_template_op func_name = 'pa_sparse_block_topk_ca440897978e376b009672cf0202b8ee' with {'src_template': <Template memory:7a66fcd00890>, 'md_name': 'pa_sparse_block_topk', 'includes': ['/shared/data/R7N/andy_luo_3v7/minimaxm3-agentx/overlays/aiter-sparse-indexer-cache-fusion-545d97c-266922c/csrc/cpp_itfs/sparse_attn/pa_sparse_block_select_kernels.cuh', '/shared/data/R7N/andy_luo_3v7/minimaxm3-agentx/overlays/aiter-sparse-indexer-cache-fusion-545d97c-266922c/csrc/include', '/shared/data/R7N/andy_luo_3v7/minimaxm3-agentx/overlays/aiter-sparse-indexer-cache-fusion-545d97c-266922c/csrc/include/ck_tile/'], 'sources': [], 'cxxflags': [], 'func_name': 'pa_sparse_block_topk_ca440897978e376b009672cf0202b8ee', 'folder': 'pa_sparse_block_topk_ca440897978e376b009672cf0202b8ee_77acf8df', 'kwargs': OrderedDict({'block_size': 128, 'topk': 16, 'slots': 2, 'num_waves': 1, 'pages_per_block': 8})}...
[aiter] start build /tmp/inferencex-minimaxm3-1413/home/.aiter/build/pa_sparse_block_topk_ca440897978e376b009672cf0202b8ee_77acf8df
[aiter] finish build /tmp/inferencex-minimaxm3-1413/home/.aiter/build/pa_sparse_block_topk_ca440897978e376b009672cf0202b8ee_77acf8df, cost 2.83989445s
  top-k slots=4 waves=1
[aiter] compile_template_op func_name = 'pa_sparse_block_topk_acf34cd490864273aae6c5bc53b45926' with {'src_template': <Template memory:7a66fcd00890>, 'md_name': 'pa_sparse_block_topk', 'includes': ['/shared/data/R7N/andy_luo_3v7/minimaxm3-agentx/overlays/aiter-sparse-indexer-cache-fusion-545d97c-266922c/csrc/cpp_itfs/sparse_attn/pa_sparse_block_select_kernels.cuh', '/shared/data/R7N/andy_luo_3v7/minimaxm3-agentx/overlays/aiter-sparse-indexer-cache-fusion-545d97c-266922c/csrc/include', '/shared/data/R7N/andy_luo_3v7/minimaxm3-agentx/overlays/aiter-sparse-indexer-cache-fusion-545d97c-266922c/csrc/include/ck_tile/'], 'sources': [], 'cxxflags': [], 'func_name': 'pa_sparse_block_topk_acf34cd490864273aae6c5bc53b45926', 'folder': 'pa_sparse_block_topk_acf34cd490864273aae6c5bc53b45926_77acf8df', 'kwargs': OrderedDict({'block_size': 128, 'topk': 16, 'slots': 4, 'num_waves': 1, 'pages_per_block': 8})}...
[aiter] start build /tmp/inferencex-minimaxm3-1413/home/.aiter/build/pa_sparse_block_topk_acf34cd490864273aae6c5bc53b45926_77acf8df
[aiter] finish build /tmp/inferencex-minimaxm3-1413/home/.aiter/build/pa_sparse_block_topk_acf34cd490864273aae6c5bc53b45926_77acf8df, cost 2.52271264s
  top-k slots=4 waves=2
[aiter] compile_template_op func_name = 'pa_sparse_block_topk_141febda4a23767df17c6d9995c2c18e' with {'src_template': <Template memory:7a66fcd00890>, 'md_name': 'pa_sparse_block_topk', 'includes': ['/shared/data/R7N/andy_luo_3v7/minimaxm3-agentx/overlays/aiter-sparse-indexer-cache-fusion-545d97c-266922c/csrc/cpp_itfs/sparse_attn/pa_sparse_block_select_kernels.cuh', '/shared/data/R7N/andy_luo_3v7/minimaxm3-agentx/overlays/aiter-sparse-indexer-cache-fusion-545d97c-266922c/csrc/include', '/shared/data/R7N/andy_luo_3v7/minimaxm3-agentx/overlays/aiter-sparse-indexer-cache-fusion-545d97c-266922c/csrc/include/ck_tile/'], 'sources': [], 'cxxflags': [], 'func_name': 'pa_sparse_block_topk_141febda4a23767df17c6d9995c2c18e', 'folder': 'pa_sparse_block_topk_141febda4a23767df17c6d9995c2c18e_77acf8df', 'kwargs': OrderedDict({'block_size': 128, 'topk': 16, 'slots': 4, 'num_waves': 2, 'pages_per_block': 8})}...
[aiter] start build /tmp/inferencex-minimaxm3-1413/home/.aiter/build/pa_sparse_block_topk_141febda4a23767df17c6d9995c2c18e_77acf8df
[aiter] finish build /tmp/inferencex-minimaxm3-1413/home/.aiter/build/pa_sparse_block_topk_141febda4a23767df17c6d9995c2c18e_77acf8df, cost 2.58527830s
  top-k slots=8 waves=1
[aiter] compile_template_op func_name = 'pa_sparse_block_topk_7fd3508aef992d549dfc24debbe0c990' with {'src_template': <Template memory:7a66fcd00890>, 'md_name': 'pa_sparse_block_topk', 'includes': ['/shared/data/R7N/andy_luo_3v7/minimaxm3-agentx/overlays/aiter-sparse-indexer-cache-fusion-545d97c-266922c/csrc/cpp_itfs/sparse_attn/pa_sparse_block_select_kernels.cuh', '/shared/data/R7N/andy_luo_3v7/minimaxm3-agentx/overlays/aiter-sparse-indexer-cache-fusion-545d97c-266922c/csrc/include', '/shared/data/R7N/andy_luo_3v7/minimaxm3-agentx/overlays/aiter-sparse-indexer-cache-fusion-545d97c-266922c/csrc/include/ck_tile/'], 'sources': [], 'cxxflags': [], 'func_name': 'pa_sparse_block_topk_7fd3508aef992d549dfc24debbe0c990', 'folder': 'pa_sparse_block_topk_7fd3508aef992d549dfc24debbe0c990_77acf8df', 'kwargs': OrderedDict({'block_size': 128, 'topk': 16, 'slots': 8, 'num_waves': 1, 'pages_per_block': 8})}...
[aiter] start build /tmp/inferencex-minimaxm3-1413/home/.aiter/build/pa_sparse_block_topk_7fd3508aef992d549dfc24debbe0c990_77acf8df
[aiter] finish build /tmp/inferencex-minimaxm3-1413/home/.aiter/build/pa_sparse_block_topk_7fd3508aef992d549dfc24debbe0c990_77acf8df, cost 2.57774416s
  top-k slots=8 waves=2
[aiter] compile_template_op func_name = 'pa_sparse_block_topk_2526ca830bdd2cc1bbd8fd5125b93dc4' with {'src_template': <Template memory:7a66fcd00890>, 'md_name': 'pa_sparse_block_topk', 'includes': ['/shared/data/R7N/andy_luo_3v7/minimaxm3-agentx/overlays/aiter-sparse-indexer-cache-fusion-545d97c-266922c/csrc/cpp_itfs/sparse_attn/pa_sparse_block_select_kernels.cuh', '/shared/data/R7N/andy_luo_3v7/minimaxm3-agentx/overlays/aiter-sparse-indexer-cache-fusion-545d97c-266922c/csrc/include', '/shared/data/R7N/andy_luo_3v7/minimaxm3-agentx/overlays/aiter-sparse-indexer-cache-fusion-545d97c-266922c/csrc/include/ck_tile/'], 'sources': [], 'cxxflags': [], 'func_name': 'pa_sparse_block_topk_2526ca830bdd2cc1bbd8fd5125b93dc4', 'folder': 'pa_sparse_block_topk_2526ca830bdd2cc1bbd8fd5125b93dc4_77acf8df', 'kwargs': OrderedDict({'block_size': 128, 'topk': 16, 'slots': 8, 'num_waves': 2, 'pages_per_block': 8})}...
[aiter] start build /tmp/inferencex-minimaxm3-1413/home/.aiter/build/pa_sparse_block_topk_2526ca830bdd2cc1bbd8fd5125b93dc4_77acf8df
[aiter] finish build /tmp/inferencex-minimaxm3-1413/home/.aiter/build/pa_sparse_block_topk_2526ca830bdd2cc1bbd8fd5125b93dc4_77acf8df, cost 2.56040646s
  top-k slots=8 waves=4
[aiter] compile_template_op func_name = 'pa_sparse_block_topk_40e796de500a8448c6dd66f96f47b805' with {'src_template': <Template memory:7a66fcd00890>, 'md_name': 'pa_sparse_block_topk', 'includes': ['/shared/data/R7N/andy_luo_3v7/minimaxm3-agentx/overlays/aiter-sparse-indexer-cache-fusion-545d97c-266922c/csrc/cpp_itfs/sparse_attn/pa_sparse_block_select_kernels.cuh', '/shared/data/R7N/andy_luo_3v7/minimaxm3-agentx/overlays/aiter-sparse-indexer-cache-fusion-545d97c-266922c/csrc/include', '/shared/data/R7N/andy_luo_3v7/minimaxm3-agentx/overlays/aiter-sparse-indexer-cache-fusion-545d97c-266922c/csrc/include/ck_tile/'], 'sources': [], 'cxxflags': [], 'func_name': 'pa_sparse_block_topk_40e796de500a8448c6dd66f96f47b805', 'folder': 'pa_sparse_block_topk_40e796de500a8448c6dd66f96f47b805_77acf8df', 'kwargs': OrderedDict({'block_size': 128, 'topk': 16, 'slots': 8, 'num_waves': 4, 'pages_per_block': 8})}...
[aiter] start build /tmp/inferencex-minimaxm3-1413/home/.aiter/build/pa_sparse_block_topk_40e796de500a8448c6dd66f96f47b805_77acf8df
[aiter] finish build /tmp/inferencex-minimaxm3-1413/home/.aiter/build/pa_sparse_block_topk_40e796de500a8448c6dd66f96f47b805_77acf8df, cost 2.55314627s
  top-k slots=16 waves=1
[aiter] compile_template_op func_name = 'pa_sparse_block_topk_26c80d61287b4f3ec0e4343ebc62f150' with {'src_template': <Template memory:7a66fcd00890>, 'md_name': 'pa_sparse_block_topk', 'includes': ['/shared/data/R7N/andy_luo_3v7/minimaxm3-agentx/overlays/aiter-sparse-indexer-cache-fusion-545d97c-266922c/csrc/cpp_itfs/sparse_attn/pa_sparse_block_select_kernels.cuh', '/shared/data/R7N/andy_luo_3v7/minimaxm3-agentx/overlays/aiter-sparse-indexer-cache-fusion-545d97c-266922c/csrc/include', '/shared/data/R7N/andy_luo_3v7/minimaxm3-agentx/overlays/aiter-sparse-indexer-cache-fusion-545d97c-266922c/csrc/include/ck_tile/'], 'sources': [], 'cxxflags': [], 'func_name': 'pa_sparse_block_topk_26c80d61287b4f3ec0e4343ebc62f150', 'folder': 'pa_sparse_block_topk_26c80d61287b4f3ec0e4343ebc62f150_77acf8df', 'kwargs': OrderedDict({'block_size': 128, 'topk': 16, 'slots': 16, 'num_waves': 1, 'pages_per_block': 8})}...
[aiter] start build /tmp/inferencex-minimaxm3-1413/home/.aiter/build/pa_sparse_block_topk_26c80d61287b4f3ec0e4343ebc62f150_77acf8df
[aiter] finish build /tmp/inferencex-minimaxm3-1413/home/.aiter/build/pa_sparse_block_topk_26c80d61287b4f3ec0e4343ebc62f150_77acf8df, cost 2.57375243s
  top-k slots=16 waves=2
[aiter] compile_template_op func_name = 'pa_sparse_block_topk_49274e4243cbc0021bb2280dba5ae99c' with {'src_template': <Template memory:7a66fcd00890>, 'md_name': 'pa_sparse_block_topk', 'includes': ['/shared/data/R7N/andy_luo_3v7/minimaxm3-agentx/overlays/aiter-sparse-indexer-cache-fusion-545d97c-266922c/csrc/cpp_itfs/sparse_attn/pa_sparse_block_select_kernels.cuh', '/shared/data/R7N/andy_luo_3v7/minimaxm3-agentx/overlays/aiter-sparse-indexer-cache-fusion-545d97c-266922c/csrc/include', '/shared/data/R7N/andy_luo_3v7/minimaxm3-agentx/overlays/aiter-sparse-indexer-cache-fusion-545d97c-266922c/csrc/include/ck_tile/'], 'sources': [], 'cxxflags': [], 'func_name': 'pa_sparse_block_topk_49274e4243cbc0021bb2280dba5ae99c', 'folder': 'pa_sparse_block_topk_49274e4243cbc0021bb2280dba5ae99c_77acf8df', 'kwargs': OrderedDict({'block_size': 128, 'topk': 16, 'slots': 16, 'num_waves': 2, 'pages_per_block': 8})}...
[aiter] start build /tmp/inferencex-minimaxm3-1413/home/.aiter/build/pa_sparse_block_topk_49274e4243cbc0021bb2280dba5ae99c_77acf8df
[aiter] finish build /tmp/inferencex-minimaxm3-1413/home/.aiter/build/pa_sparse_block_topk_49274e4243cbc0021bb2280dba5ae99c_77acf8df, cost 2.55720369s
  top-k slots=16 waves=4
[aiter] compile_template_op func_name = 'pa_sparse_block_topk_d95381ff6d11c6228c2cbfb2381542e5' with {'src_template': <Template memory:7a66fcd00890>, 'md_name': 'pa_sparse_block_topk', 'includes': ['/shared/data/R7N/andy_luo_3v7/minimaxm3-agentx/overlays/aiter-sparse-indexer-cache-fusion-545d97c-266922c/csrc/cpp_itfs/sparse_attn/pa_sparse_block_select_kernels.cuh', '/shared/data/R7N/andy_luo_3v7/minimaxm3-agentx/overlays/aiter-sparse-indexer-cache-fusion-545d97c-266922c/csrc/include', '/shared/data/R7N/andy_luo_3v7/minimaxm3-agentx/overlays/aiter-sparse-indexer-cache-fusion-545d97c-266922c/csrc/include/ck_tile/'], 'sources': [], 'cxxflags': [], 'func_name': 'pa_sparse_block_topk_d95381ff6d11c6228c2cbfb2381542e5', 'folder': 'pa_sparse_block_topk_d95381ff6d11c6228c2cbfb2381542e5_77acf8df', 'kwargs': OrderedDict({'block_size': 128, 'topk': 16, 'slots': 16, 'num_waves': 4, 'pages_per_block': 8})}...
[aiter] start build /tmp/inferencex-minimaxm3-1413/home/.aiter/build/pa_sparse_block_topk_d95381ff6d11c6228c2cbfb2381542e5_77acf8df
[aiter] finish build /tmp/inferencex-minimaxm3-1413/home/.aiter/build/pa_sparse_block_topk_d95381ff6d11c6228c2cbfb2381542e5_77acf8df, cost 2.46356584s
  top-k slots=16 waves=8
[aiter] compile_template_op func_name = 'pa_sparse_block_topk_4d86fb2115622fb33beae050c761474d' with {'src_template': <Template memory:7a66fcd00890>, 'md_name': 'pa_sparse_block_topk', 'includes': ['/shared/data/R7N/andy_luo_3v7/minimaxm3-agentx/overlays/aiter-sparse-indexer-cache-fusion-545d97c-266922c/csrc/cpp_itfs/sparse_attn/pa_sparse_block_select_kernels.cuh', '/shared/data/R7N/andy_luo_3v7/minimaxm3-agentx/overlays/aiter-sparse-indexer-cache-fusion-545d97c-266922c/csrc/include', '/shared/data/R7N/andy_luo_3v7/minimaxm3-agentx/overlays/aiter-sparse-indexer-cache-fusion-545d97c-266922c/csrc/include/ck_tile/'], 'sources': [], 'cxxflags': [], 'func_name': 'pa_sparse_block_topk_4d86fb2115622fb33beae050c761474d', 'folder': 'pa_sparse_block_topk_4d86fb2115622fb33beae050c761474d_77acf8df', 'kwargs': OrderedDict({'block_size': 128, 'topk': 16, 'slots': 16, 'num_waves': 8, 'pages_per_block': 8})}...
[aiter] start build /tmp/inferencex-minimaxm3-1413/home/.aiter/build/pa_sparse_block_topk_4d86fb2115622fb33beae050c761474d_77acf8df
[aiter] finish build /tmp/inferencex-minimaxm3-1413/home/.aiter/build/pa_sparse_block_topk_4d86fb2115622fb33beae050c761474d_77acf8df, cost 2.55224528s
  top-k slots=32 waves=1
[aiter] compile_template_op func_name = 'pa_sparse_block_topk_a91aaf90fc66c204e0a7b936dcf1f9a4' with {'src_template': <Template memory:7a66fcd00890>, 'md_name': 'pa_sparse_block_topk', 'includes': ['/shared/data/R7N/andy_luo_3v7/minimaxm3-agentx/overlays/aiter-sparse-indexer-cache-fusion-545d97c-266922c/csrc/cpp_itfs/sparse_attn/pa_sparse_block_select_kernels.cuh', '/shared/data/R7N/andy_luo_3v7/minimaxm3-agentx/overlays/aiter-sparse-indexer-cache-fusion-545d97c-266922c/csrc/include', '/shared/data/R7N/andy_luo_3v7/minimaxm3-agentx/overlays/aiter-sparse-indexer-cache-fusion-545d97c-266922c/csrc/include/ck_tile/'], 'sources': [], 'cxxflags': [], 'func_name': 'pa_sparse_block_topk_a91aaf90fc66c204e0a7b936dcf1f9a4', 'folder': 'pa_sparse_block_topk_a91aaf90fc66c204e0a7b936dcf1f9a4_77acf8df', 'kwargs': OrderedDict({'block_size': 128, 'topk': 16, 'slots': 32, 'num_waves': 1, 'pages_per_block': 8})}...
[aiter] start build /tmp/inferencex-minimaxm3-1413/home/.aiter/build/pa_sparse_block_topk_a91aaf90fc66c204e0a7b936dcf1f9a4_77acf8df
[aiter] finish build /tmp/inferencex-minimaxm3-1413/home/.aiter/build/pa_sparse_block_topk_a91aaf90fc66c204e0a7b936dcf1f9a4_77acf8df, cost 2.58955742s
  top-k slots=32 waves=2
[aiter] compile_template_op func_name = 'pa_sparse_block_topk_a47a5abad39a9b15799572289cd2ad94' with {'src_template': <Template memory:7a66fcd00890>, 'md_name': 'pa_sparse_block_topk', 'includes': ['/shared/data/R7N/andy_luo_3v7/minimaxm3-agentx/overlays/aiter-sparse-indexer-cache-fusion-545d97c-266922c/csrc/cpp_itfs/sparse_attn/pa_sparse_block_select_kernels.cuh', '/shared/data/R7N/andy_luo_3v7/minimaxm3-agentx/overlays/aiter-sparse-indexer-cache-fusion-545d97c-266922c/csrc/include', '/shared/data/R7N/andy_luo_3v7/minimaxm3-agentx/overlays/aiter-sparse-indexer-cache-fusion-545d97c-266922c/csrc/include/ck_tile/'], 'sources': [], 'cxxflags': [], 'func_name': 'pa_sparse_block_topk_a47a5abad39a9b15799572289cd2ad94', 'folder': 'pa_sparse_block_topk_a47a5abad39a9b15799572289cd2ad94_77acf8df', 'kwargs': OrderedDict({'block_size': 128, 'topk': 16, 'slots': 32, 'num_waves': 2, 'pages_per_block': 8})}...
[aiter] start build /tmp/inferencex-minimaxm3-1413/home/.aiter/build/pa_sparse_block_topk_a47a5abad39a9b15799572289cd2ad94_77acf8df
[aiter] finish build /tmp/inferencex-minimaxm3-1413/home/.aiter/build/pa_sparse_block_topk_a47a5abad39a9b15799572289cd2ad94_77acf8df, cost 2.57567684s
  top-k slots=32 waves=4
[aiter] compile_template_op func_name = 'pa_sparse_block_topk_aaf045ab52ceceb4330f4f070b33ee4b' with {'src_template': <Template memory:7a66fcd00890>, 'md_name': 'pa_sparse_block_topk', 'includes': ['/shared/data/R7N/andy_luo_3v7/minimaxm3-agentx/overlays/aiter-sparse-indexer-cache-fusion-545d97c-266922c/csrc/cpp_itfs/sparse_attn/pa_sparse_block_select_kernels.cuh', '/shared/data/R7N/andy_luo_3v7/minimaxm3-agentx/overlays/aiter-sparse-indexer-cache-fusion-545d97c-266922c/csrc/include', '/shared/data/R7N/andy_luo_3v7/minimaxm3-agentx/overlays/aiter-sparse-indexer-cache-fusion-545d97c-266922c/csrc/include/ck_tile/'], 'sources': [], 'cxxflags': [], 'func_name': 'pa_sparse_block_topk_aaf045ab52ceceb4330f4f070b33ee4b', 'folder': 'pa_sparse_block_topk_aaf045ab52ceceb4330f4f070b33ee4b_77acf8df', 'kwargs': OrderedDict({'block_size': 128, 'topk': 16, 'slots': 32, 'num_waves': 4, 'pages_per_block': 8})}...
[aiter] start build /tmp/inferencex-minimaxm3-1413/home/.aiter/build/pa_sparse_block_topk_aaf045ab52ceceb4330f4f070b33ee4b_77acf8df
[aiter] finish build /tmp/inferencex-minimaxm3-1413/home/.aiter/build/pa_sparse_block_topk_aaf045ab52ceceb4330f4f070b33ee4b_77acf8df, cost 2.60126418s
  top-k slots=32 waves=8
[aiter] compile_template_op func_name = 'pa_sparse_block_topk_e6fd078e78264080f8f95684382a4260' with {'src_template': <Template memory:7a66fcd00890>, 'md_name': 'pa_sparse_block_topk', 'includes': ['/shared/data/R7N/andy_luo_3v7/minimaxm3-agentx/overlays/aiter-sparse-indexer-cache-fusion-545d97c-266922c/csrc/cpp_itfs/sparse_attn/pa_sparse_block_select_kernels.cuh', '/shared/data/R7N/andy_luo_3v7/minimaxm3-agentx/overlays/aiter-sparse-indexer-cache-fusion-545d97c-266922c/csrc/include', '/shared/data/R7N/andy_luo_3v7/minimaxm3-agentx/overlays/aiter-sparse-indexer-cache-fusion-545d97c-266922c/csrc/include/ck_tile/'], 'sources': [], 'cxxflags': [], 'func_name': 'pa_sparse_block_topk_e6fd078e78264080f8f95684382a4260', 'folder': 'pa_sparse_block_topk_e6fd078e78264080f8f95684382a4260_77acf8df', 'kwargs': OrderedDict({'block_size': 128, 'topk': 16, 'slots': 32, 'num_waves': 8, 'pages_per_block': 8})}...
[aiter] start build /tmp/inferencex-minimaxm3-1413/home/.aiter/build/pa_sparse_block_topk_e6fd078e78264080f8f95684382a4260_77acf8df
[aiter] finish build /tmp/inferencex-minimaxm3-1413/home/.aiter/build/pa_sparse_block_topk_e6fd078e78264080f8f95684382a4260_77acf8df, cost 2.56062887s
  top-k slots=64 waves=1
[aiter] compile_template_op func_name = 'pa_sparse_block_topk_6f0b7dac6a99206b1929ed6551dc3c56' with {'src_template': <Template memory:7a66fcd00890>, 'md_name': 'pa_sparse_block_topk', 'includes': ['/shared/data/R7N/andy_luo_3v7/minimaxm3-agentx/overlays/aiter-sparse-indexer-cache-fusion-545d97c-266922c/csrc/cpp_itfs/sparse_attn/pa_sparse_block_select_kernels.cuh', '/shared/data/R7N/andy_luo_3v7/minimaxm3-agentx/overlays/aiter-sparse-indexer-cache-fusion-545d97c-266922c/csrc/include', '/shared/data/R7N/andy_luo_3v7/minimaxm3-agentx/overlays/aiter-sparse-indexer-cache-fusion-545d97c-266922c/csrc/include/ck_tile/'], 'sources': [], 'cxxflags': [], 'func_name': 'pa_sparse_block_topk_6f0b7dac6a99206b1929ed6551dc3c56', 'folder': 'pa_sparse_block_topk_6f0b7dac6a99206b1929ed6551dc3c56_77acf8df', 'kwargs': OrderedDict({'block_size': 128, 'topk': 16, 'slots': 64, 'num_waves': 1, 'pages_per_block': 8})}...
[aiter] start build /tmp/inferencex-minimaxm3-1413/home/.aiter/build/pa_sparse_block_topk_6f0b7dac6a99206b1929ed6551dc3c56_77acf8df
[aiter] finish build /tmp/inferencex-minimaxm3-1413/home/.aiter/build/pa_sparse_block_topk_6f0b7dac6a99206b1929ed6551dc3c56_77acf8df, cost 2.70019204s
  top-k slots=64 waves=2
[aiter] compile_template_op func_name = 'pa_sparse_block_topk_ea576546bb3099348a83c48d8e21184c' with {'src_template': <Template memory:7a66fcd00890>, 'md_name': 'pa_sparse_block_topk', 'includes': ['/shared/data/R7N/andy_luo_3v7/minimaxm3-agentx/overlays/aiter-sparse-indexer-cache-fusion-545d97c-266922c/csrc/cpp_itfs/sparse_attn/pa_sparse_block_select_kernels.cuh', '/shared/data/R7N/andy_luo_3v7/minimaxm3-agentx/overlays/aiter-sparse-indexer-cache-fusion-545d97c-266922c/csrc/include', '/shared/data/R7N/andy_luo_3v7/minimaxm3-agentx/overlays/aiter-sparse-indexer-cache-fusion-545d97c-266922c/csrc/include/ck_tile/'], 'sources': [], 'cxxflags': [], 'func_name': 'pa_sparse_block_topk_ea576546bb3099348a83c48d8e21184c', 'folder': 'pa_sparse_block_topk_ea576546bb3099348a83c48d8e21184c_77acf8df', 'kwargs': OrderedDict({'block_size': 128, 'topk': 16, 'slots': 64, 'num_waves': 2, 'pages_per_block': 8})}...
[aiter] start build /tmp/inferencex-minimaxm3-1413/home/.aiter/build/pa_sparse_block_topk_ea576546bb3099348a83c48d8e21184c_77acf8df
[aiter] finish build /tmp/inferencex-minimaxm3-1413/home/.aiter/build/pa_sparse_block_topk_ea576546bb3099348a83c48d8e21184c_77acf8df, cost 2.71822908s
  top-k slots=64 waves=4
[aiter] compile_template_op func_name = 'pa_sparse_block_topk_710cb450944328ce4ab904200cf78a47' with {'src_template': <Template memory:7a66fcd00890>, 'md_name': 'pa_sparse_block_topk', 'includes': ['/shared/data/R7N/andy_luo_3v7/minimaxm3-agentx/overlays/aiter-sparse-indexer-cache-fusion-545d97c-266922c/csrc/cpp_itfs/sparse_attn/pa_sparse_block_select_kernels.cuh', '/shared/data/R7N/andy_luo_3v7/minimaxm3-agentx/overlays/aiter-sparse-indexer-cache-fusion-545d97c-266922c/csrc/include', '/shared/data/R7N/andy_luo_3v7/minimaxm3-agentx/overlays/aiter-sparse-indexer-cache-fusion-545d97c-266922c/csrc/include/ck_tile/'], 'sources': [], 'cxxflags': [], 'func_name': 'pa_sparse_block_topk_710cb450944328ce4ab904200cf78a47', 'folder': 'pa_sparse_block_topk_710cb450944328ce4ab904200cf78a47_77acf8df', 'kwargs': OrderedDict({'block_size': 128, 'topk': 16, 'slots': 64, 'num_waves': 4, 'pages_per_block': 8})}...
[aiter] start build /tmp/inferencex-minimaxm3-1413/home/.aiter/build/pa_sparse_block_topk_710cb450944328ce4ab904200cf78a47_77acf8df
[aiter] finish build /tmp/inferencex-minimaxm3-1413/home/.aiter/build/pa_sparse_block_topk_710cb450944328ce4ab904200cf78a47_77acf8df, cost 2.69220049s
  top-k slots=64 waves=8
[aiter] compile_template_op func_name = 'pa_sparse_block_topk_c5ffb2a2d564070d0f8bffbb2d1a5847' with {'src_template': <Template memory:7a66fcd00890>, 'md_name': 'pa_sparse_block_topk', 'includes': ['/shared/data/R7N/andy_luo_3v7/minimaxm3-agentx/overlays/aiter-sparse-indexer-cache-fusion-545d97c-266922c/csrc/cpp_itfs/sparse_attn/pa_sparse_block_select_kernels.cuh', '/shared/data/R7N/andy_luo_3v7/minimaxm3-agentx/overlays/aiter-sparse-indexer-cache-fusion-545d97c-266922c/csrc/include', '/shared/data/R7N/andy_luo_3v7/minimaxm3-agentx/overlays/aiter-sparse-indexer-cache-fusion-545d97c-266922c/csrc/include/ck_tile/'], 'sources': [], 'cxxflags': [], 'func_name': 'pa_sparse_block_topk_c5ffb2a2d564070d0f8bffbb2d1a5847', 'folder': 'pa_sparse_block_topk_c5ffb2a2d564070d0f8bffbb2d1a5847_77acf8df', 'kwargs': OrderedDict({'block_size': 128, 'topk': 16, 'slots': 64, 'num_waves': 8, 'pages_per_block': 8})}...
[aiter] start build /tmp/inferencex-minimaxm3-1413/home/.aiter/build/pa_sparse_block_topk_c5ffb2a2d564070d0f8bffbb2d1a5847_77acf8df
[aiter] finish build /tmp/inferencex-minimaxm3-1413/home/.aiter/build/pa_sparse_block_topk_c5ffb2a2d564070d0f8bffbb2d1a5847_77acf8df, cost 2.54446147s
  top-k slots=128 waves=1
[aiter] compile_template_op func_name = 'pa_sparse_block_topk_ea1b4f600243d2e753b80e357c50b23e' with {'src_template': <Template memory:7a66fcd00890>, 'md_name': 'pa_sparse_block_topk', 'includes': ['/shared/data/R7N/andy_luo_3v7/minimaxm3-agentx/overlays/aiter-sparse-indexer-cache-fusion-545d97c-266922c/csrc/cpp_itfs/sparse_attn/pa_sparse_block_select_kernels.cuh', '/shared/data/R7N/andy_luo_3v7/minimaxm3-agentx/overlays/aiter-sparse-indexer-cache-fusion-545d97c-266922c/csrc/include', '/shared/data/R7N/andy_luo_3v7/minimaxm3-agentx/overlays/aiter-sparse-indexer-cache-fusion-545d97c-266922c/csrc/include/ck_tile/'], 'sources': [], 'cxxflags': [], 'func_name': 'pa_sparse_block_topk_ea1b4f600243d2e753b80e357c50b23e', 'folder': 'pa_sparse_block_topk_ea1b4f600243d2e753b80e357c50b23e_77acf8df', 'kwargs': OrderedDict({'block_size': 128, 'topk': 16, 'slots': 128, 'num_waves': 1, 'pages_per_block': 8})}...
[aiter] start build /tmp/inferencex-minimaxm3-1413/home/.aiter/build/pa_sparse_block_topk_ea1b4f600243d2e753b80e357c50b23e_77acf8df
[aiter] finish build /tmp/inferencex-minimaxm3-1413/home/.aiter/build/pa_sparse_block_topk_ea1b4f600243d2e753b80e357c50b23e_77acf8df, cost 2.86343100s
  top-k slots=128 waves=2
[aiter] compile_template_op func_name = 'pa_sparse_block_topk_7ea18e0e5eef7735323600cc003fe250' with {'src_template': <Template memory:7a66fcd00890>, 'md_name': 'pa_sparse_block_topk', 'includes': ['/shared/data/R7N/andy_luo_3v7/minimaxm3-agentx/overlays/aiter-sparse-indexer-cache-fusion-545d97c-266922c/csrc/cpp_itfs/sparse_attn/pa_sparse_block_select_kernels.cuh', '/shared/data/R7N/andy_luo_3v7/minimaxm3-agentx/overlays/aiter-sparse-indexer-cache-fusion-545d97c-266922c/csrc/include', '/shared/data/R7N/andy_luo_3v7/minimaxm3-agentx/overlays/aiter-sparse-indexer-cache-fusion-545d97c-266922c/csrc/include/ck_tile/'], 'sources': [], 'cxxflags': [], 'func_name': 'pa_sparse_block_topk_7ea18e0e5eef7735323600cc003fe250', 'folder': 'pa_sparse_block_topk_7ea18e0e5eef7735323600cc003fe250_77acf8df', 'kwargs': OrderedDict({'block_size': 128, 'topk': 16, 'slots': 128, 'num_waves': 2, 'pages_per_block': 8})}...
[aiter] start build /tmp/inferencex-minimaxm3-1413/home/.aiter/build/pa_sparse_block_topk_7ea18e0e5eef7735323600cc003fe250_77acf8df
[aiter] finish build /tmp/inferencex-minimaxm3-1413/home/.aiter/build/pa_sparse_block_topk_7ea18e0e5eef7735323600cc003fe250_77acf8df, cost 2.65372007s
  top-k slots=128 waves=4
[aiter] compile_template_op func_name = 'pa_sparse_block_topk_ba29094d64c345dbcf76712283c4c9b9' with {'src_template': <Template memory:7a66fcd00890>, 'md_name': 'pa_sparse_block_topk', 'includes': ['/shared/data/R7N/andy_luo_3v7/minimaxm3-agentx/overlays/aiter-sparse-indexer-cache-fusion-545d97c-266922c/csrc/cpp_itfs/sparse_attn/pa_sparse_block_select_kernels.cuh', '/shared/data/R7N/andy_luo_3v7/minimaxm3-agentx/overlays/aiter-sparse-indexer-cache-fusion-545d97c-266922c/csrc/include', '/shared/data/R7N/andy_luo_3v7/minimaxm3-agentx/overlays/aiter-sparse-indexer-cache-fusion-545d97c-266922c/csrc/include/ck_tile/'], 'sources': [], 'cxxflags': [], 'func_name': 'pa_sparse_block_topk_ba29094d64c345dbcf76712283c4c9b9', 'folder': 'pa_sparse_block_topk_ba29094d64c345dbcf76712283c4c9b9_77acf8df', 'kwargs': OrderedDict({'block_size': 128, 'topk': 16, 'slots': 128, 'num_waves': 4, 'pages_per_block': 8})}...
[aiter] start build /tmp/inferencex-minimaxm3-1413/home/.aiter/build/pa_sparse_block_topk_ba29094d64c345dbcf76712283c4c9b9_77acf8df
[aiter] finish build /tmp/inferencex-minimaxm3-1413/home/.aiter/build/pa_sparse_block_topk_ba29094d64c345dbcf76712283c4c9b9_77acf8df, cost 2.55012816s
  top-k slots=128 waves=8
[aiter] compile_template_op func_name = 'pa_sparse_block_topk_ad22426619f62325b9c054225a90fa49' with {'src_template': <Template memory:7a66fcd00890>, 'md_name': 'pa_sparse_block_topk', 'includes': ['/shared/data/R7N/andy_luo_3v7/minimaxm3-agentx/overlays/aiter-sparse-indexer-cache-fusion-545d97c-266922c/csrc/cpp_itfs/sparse_attn/pa_sparse_block_select_kernels.cuh', '/shared/data/R7N/andy_luo_3v7/minimaxm3-agentx/overlays/aiter-sparse-indexer-cache-fusion-545d97c-266922c/csrc/include', '/shared/data/R7N/andy_luo_3v7/minimaxm3-agentx/overlays/aiter-sparse-indexer-cache-fusion-545d97c-266922c/csrc/include/ck_tile/'], 'sources': [], 'cxxflags': [], 'func_name': 'pa_sparse_block_topk_ad22426619f62325b9c054225a90fa49', 'folder': 'pa_sparse_block_topk_ad22426619f62325b9c054225a90fa49_77acf8df', 'kwargs': OrderedDict({'block_size': 128, 'topk': 16, 'slots': 128, 'num_waves': 8, 'pages_per_block': 8})}...
[aiter] start build /tmp/inferencex-minimaxm3-1413/home/.aiter/build/pa_sparse_block_topk_ad22426619f62325b9c054225a90fa49_77acf8df
[aiter] finish build /tmp/inferencex-minimaxm3-1413/home/.aiter/build/pa_sparse_block_topk_ad22426619f62325b9c054225a90fa49_77acf8df, cost 2.54705534s
  score-decode waves=1 q_tiles=1
[aiter] compile_template_op func_name = 'pa_sparse_block_score_decode_b5e7f76efa629ab3e994fb1821f74bcc' with {'src_template': <Template memory:7a66fcdd95b0>, 'md_name': 'pa_sparse_block_score_decode', 'includes': ['/shared/data/R7N/andy_luo_3v7/minimaxm3-agentx/overlays/aiter-sparse-indexer-cache-fusion-545d97c-266922c/csrc/cpp_itfs/sparse_attn/pa_sparse_block_select_kernels.cuh', '/shared/data/R7N/andy_luo_3v7/minimaxm3-agentx/overlays/aiter-sparse-indexer-cache-fusion-545d97c-266922c/csrc/include', '/shared/data/R7N/andy_luo_3v7/minimaxm3-agentx/overlays/aiter-sparse-indexer-cache-fusion-545d97c-266922c/csrc/include/ck_tile/'], 'sources': [], 'cxxflags': ['-mllvm -amdgpu-mfma-vgpr-form=1'], 'func_name': 'pa_sparse_block_score_decode_b5e7f76efa629ab3e994fb1821f74bcc', 'folder': 'pa_sparse_block_score_decode_a3296555132891089f84d2f9be095ed1_77acf8df', 'kwargs': OrderedDict({'block_size': 128, 'head_dim': 128, 'num_idx_heads': 1, 'num_waves': 1, 'q_tiles': 1, 'prefetch': 8, 'non_temporal': 'false'})}...
[aiter] start build /tmp/inferencex-minimaxm3-1413/home/.aiter/build/pa_sparse_block_score_decode_a3296555132891089f84d2f9be095ed1_77acf8df
[aiter] finish build /tmp/inferencex-minimaxm3-1413/home/.aiter/build/pa_sparse_block_score_decode_a3296555132891089f84d2f9be095ed1_77acf8df, cost 3.13702294s
  score-decode waves=2 q_tiles=1
[aiter] compile_template_op func_name = 'pa_sparse_block_score_decode_4aca51e16ad93621cb5aedb58f9ce7d8' with {'src_template': <Template memory:7a66fcdd95b0>, 'md_name': 'pa_sparse_block_score_decode', 'includes': ['/shared/data/R7N/andy_luo_3v7/minimaxm3-agentx/overlays/aiter-sparse-indexer-cache-fusion-545d97c-266922c/csrc/cpp_itfs/sparse_attn/pa_sparse_block_select_kernels.cuh', '/shared/data/R7N/andy_luo_3v7/minimaxm3-agentx/overlays/aiter-sparse-indexer-cache-fusion-545d97c-266922c/csrc/include', '/shared/data/R7N/andy_luo_3v7/minimaxm3-agentx/overlays/aiter-sparse-indexer-cache-fusion-545d97c-266922c/csrc/include/ck_tile/'], 'sources': [], 'cxxflags': ['-mllvm -amdgpu-mfma-vgpr-form=1'], 'func_name': 'pa_sparse_block_score_decode_4aca51e16ad93621cb5aedb58f9ce7d8', 'folder': 'pa_sparse_block_score_decode_be7824a80454cac2ed9cc78bfdf61057_77acf8df', 'kwargs': OrderedDict({'block_size': 128, 'head_dim': 128, 'num_idx_heads': 1, 'num_waves': 2, 'q_tiles': 1, 'prefetch': 8, 'non_temporal': 'false'})}...
[aiter] start build /tmp/inferencex-minimaxm3-1413/home/.aiter/build/pa_sparse_block_score_decode_be7824a80454cac2ed9cc78bfdf61057_77acf8df
[aiter] finish build /tmp/inferencex-minimaxm3-1413/home/.aiter/build/pa_sparse_block_score_decode_be7824a80454cac2ed9cc78bfdf61057_77acf8df, cost 2.57768842s
  score-decode waves=4 q_tiles=1
[aiter] compile_template_op func_name = 'pa_sparse_block_score_decode_e77773b9e98a6959a86599d0b1b32b36' with {'src_template': <Template memory:7a66fcdd95b0>, 'md_name': 'pa_sparse_block_score_decode', 'includes': ['/shared/data/R7N/andy_luo_3v7/minimaxm3-agentx/overlays/aiter-sparse-indexer-cache-fusion-545d97c-266922c/csrc/cpp_itfs/sparse_attn/pa_sparse_block_select_kernels.cuh', '/shared/data/R7N/andy_luo_3v7/minimaxm3-agentx/overlays/aiter-sparse-indexer-cache-fusion-545d97c-266922c/csrc/include', '/shared/data/R7N/andy_luo_3v7/minimaxm3-agentx/overlays/aiter-sparse-indexer-cache-fusion-545d97c-266922c/csrc/include/ck_tile/'], 'sources': [], 'cxxflags': ['-mllvm -amdgpu-mfma-vgpr-form=1'], 'func_name': 'pa_sparse_block_score_decode_e77773b9e98a6959a86599d0b1b32b36', 'folder': 'pa_sparse_block_score_decode_e931eb22d09937c61fe009f1749a7b94_77acf8df', 'kwargs': OrderedDict({'block_size': 128, 'head_dim': 128, 'num_idx_heads': 1, 'num_waves': 4, 'q_tiles': 1, 'prefetch': 8, 'non_temporal': 'false'})}...
[aiter] start build /tmp/inferencex-minimaxm3-1413/home/.aiter/build/pa_sparse_block_score_decode_e931eb22d09937c61fe009f1749a7b94_77acf8df
[aiter] finish build /tmp/inferencex-minimaxm3-1413/home/.aiter/build/pa_sparse_block_score_decode_e931eb22d09937c61fe009f1749a7b94_77acf8df, cost 2.58439706s
  score-prefill waves=4 q_tiles=1
[aiter] compile_template_op func_name = 'pa_sparse_block_score_prefill_251ea0a341a15b3dc6ede6b9ae4ca663' with {'src_template': <Template memory:7a66fcf95730>, 'md_name': 'pa_sparse_block_score_prefill', 'includes': ['/shared/data/R7N/andy_luo_3v7/minimaxm3-agentx/overlays/aiter-sparse-indexer-cache-fusion-545d97c-266922c/csrc/cpp_itfs/sparse_attn/pa_sparse_block_select_kernels.cuh', '/shared/data/R7N/andy_luo_3v7/minimaxm3-agentx/overlays/aiter-sparse-indexer-cache-fusion-545d97c-266922c/csrc/include', '/shared/data/R7N/andy_luo_3v7/minimaxm3-agentx/overlays/aiter-sparse-indexer-cache-fusion-545d97c-266922c/csrc/include/ck_tile/'], 'sources': [], 'cxxflags': ['-mllvm -amdgpu-mfma-vgpr-form=1'], 'func_name': 'pa_sparse_block_score_prefill_251ea0a341a15b3dc6ede6b9ae4ca663', 'folder': 'pa_sparse_block_score_prefill_251ea0a341a15b3dc6ede6b9ae4ca663_77acf8df', 'kwargs': OrderedDict({'block_size': 128, 'head_dim': 128, 'num_idx_heads': 1, 'num_waves': 4, 'q_tiles': 1})}...
[aiter] start build /tmp/inferencex-minimaxm3-1413/home/.aiter/build/pa_sparse_block_score_prefill_251ea0a341a15b3dc6ede6b9ae4ca663_77acf8df
[aiter] finish build /tmp/inferencex-minimaxm3-1413/home/.aiter/build/pa_sparse_block_score_prefill_251ea0a341a15b3dc6ede6b9ae4ca663_77acf8df, cost 2.56109932s
  score-prefill waves=4 q_tiles=2
[aiter] compile_template_op func_name = 'pa_sparse_block_score_prefill_e5393df7d9a2212c0f081bfbfa81123a' with {'src_template': <Template memory:7a66fcf95730>, 'md_name': 'pa_sparse_block_score_prefill', 'includes': ['/shared/data/R7N/andy_luo_3v7/minimaxm3-agentx/overlays/aiter-sparse-indexer-cache-fusion-545d97c-266922c/csrc/cpp_itfs/sparse_attn/pa_sparse_block_select_kernels.cuh', '/shared/data/R7N/andy_luo_3v7/minimaxm3-agentx/overlays/aiter-sparse-indexer-cache-fusion-545d97c-266922c/csrc/include', '/shared/data/R7N/andy_luo_3v7/minimaxm3-agentx/overlays/aiter-sparse-indexer-cache-fusion-545d97c-266922c/csrc/include/ck_tile/'], 'sources': [], 'cxxflags': ['-mllvm -amdgpu-mfma-vgpr-form=1'], 'func_name': 'pa_sparse_block_score_prefill_e5393df7d9a2212c0f081bfbfa81123a', 'folder': 'pa_sparse_block_score_prefill_e5393df7d9a2212c0f081bfbfa81123a_77acf8df', 'kwargs': OrderedDict({'block_size': 128, 'head_dim': 128, 'num_idx_heads': 1, 'num_waves': 4, 'q_tiles': 2})}...
[aiter] start build /tmp/inferencex-minimaxm3-1413/home/.aiter/build/pa_sparse_block_score_prefill_e5393df7d9a2212c0f081bfbfa81123a_77acf8df
[aiter] finish build /tmp/inferencex-minimaxm3-1413/home/.aiter/build/pa_sparse_block_score_prefill_e5393df7d9a2212c0f081bfbfa81123a_77acf8df, cost 2.51167633s
  score-prefill waves=4 q_tiles=4
[aiter] compile_template_op func_name = 'pa_sparse_block_score_prefill_fcf0f2c064778ed65bd4c394b79b219f' with {'src_template': <Template memory:7a66fcf95730>, 'md_name': 'pa_sparse_block_score_prefill', 'includes': ['/shared/data/R7N/andy_luo_3v7/minimaxm3-agentx/overlays/aiter-sparse-indexer-cache-fusion-545d97c-266922c/csrc/cpp_itfs/sparse_attn/pa_sparse_block_select_kernels.cuh', '/shared/data/R7N/andy_luo_3v7/minimaxm3-agentx/overlays/aiter-sparse-indexer-cache-fusion-545d97c-266922c/csrc/include', '/shared/data/R7N/andy_luo_3v7/minimaxm3-agentx/overlays/aiter-sparse-indexer-cache-fusion-545d97c-266922c/csrc/include/ck_tile/'], 'sources': [], 'cxxflags': ['-mllvm -amdgpu-mfma-vgpr-form=1'], 'func_name': 'pa_sparse_block_score_prefill_fcf0f2c064778ed65bd4c394b79b219f', 'folder': 'pa_sparse_block_score_prefill_fcf0f2c064778ed65bd4c394b79b219f_77acf8df', 'kwargs': OrderedDict({'block_size': 128, 'head_dim': 128, 'num_idx_heads': 1, 'num_waves': 4, 'q_tiles': 4})}...
[aiter] start build /tmp/inferencex-minimaxm3-1413/home/.aiter/build/pa_sparse_block_score_prefill_fcf0f2c064778ed65bd4c394b79b219f_77acf8df
[aiter] finish build /tmp/inferencex-minimaxm3-1413/home/.aiter/build/pa_sparse_block_score_prefill_fcf0f2c064778ed65bd4c394b79b219f_77acf8df, cost 2.59738918s
Precompiling fused EAGLE metadata kernels
WARNING 08-25 19:32:34 [rocm.py:123] Using CUDA_VISIBLE_DEVICES on ROCm is deprecated and support will be removed in vLLM v0.26.0. Please use HIP_VISIBLE_DEVICES instead.
  EAGLE prepare-inputs batch=1
  EAGLE prepare-next-token batch=1
  EAGLE step slot/metadata batch=1
  EAGLE prepare-inputs batch=2
  EAGLE prepare-next-token batch=2
  EAGLE step slot/metadata batch=2
  EAGLE prepare-inputs batch=4
  EAGLE prepare-next-token batch=4
  EAGLE step slot/metadata batch=4
  EAGLE prepare-inputs batch=8
  EAGLE prepare-next-token batch=8
  EAGLE step slot/metadata batch=8
  EAGLE prepare-inputs batch=16
  EAGLE prepare-next-token batch=16
  EAGLE step slot/metadata batch=16
  EAGLE prepare-inputs batch=32
  EAGLE prepare-next-token batch=32
  EAGLE step slot/metadata batch=32
Precompiling EAGLE3 draft BF16 GEMM tail buckets
  draft BF16 GEMM M=513 N=5120 K=2880
  draft BF16 GEMM M=513 N=2880 K=4096
  draft BF16 GEMM M=513 N=128 K=2880
  draft BF16 GEMM M=513 N=640 K=2880
  draft BF16 GEMM M=513 N=2880 K=512
  draft BF16 GEMM M=1024 N=5120 K=2880
  draft BF16 GEMM M=1024 N=2880 K=4096
  draft BF16 GEMM M=1024 N=128 K=2880
  draft BF16 GEMM M=1024 N=640 K=2880
  draft BF16 GEMM M=1024 N=2880 K=512
  draft BF16 GEMM M=1025 N=5120 K=2880
  draft BF16 GEMM M=1025 N=2880 K=4096
  draft BF16 GEMM M=1025 N=128 K=2880
  draft BF16 GEMM M=1025 N=640 K=2880
  draft BF16 GEMM M=1025 N=2880 K=512
  draft BF16 GEMM M=2048 N=5120 K=2880
  draft BF16 GEMM M=2048 N=2880 K=4096
  draft BF16 GEMM M=2048 N=128 K=2880
  draft BF16 GEMM M=2048 N=640 K=2880
  draft BF16 GEMM M=2048 N=2880 K=512
  draft BF16 GEMM M=2049 N=5120 K=2880
  draft BF16 GEMM M=2049 N=2880 K=4096
  draft BF16 GEMM M=2049 N=128 K=2880
  draft BF16 GEMM M=2049 N=640 K=2880
  draft BF16 GEMM M=2049 N=2880 K=512
  draft BF16 GEMM M=4096 N=5120 K=2880
  draft BF16 GEMM M=4096 N=2880 K=4096
  draft BF16 GEMM M=4096 N=128 K=2880
  draft BF16 GEMM M=4096 N=640 K=2880
  draft BF16 GEMM M=4096 N=2880 K=512
  draft BF16 GEMM M=4097 N=5120 K=2880
  draft BF16 GEMM M=4097 N=2880 K=4096
  draft BF16 GEMM M=4097 N=128 K=2880
  draft BF16 GEMM M=4097 N=640 K=2880
  draft BF16 GEMM M=4097 N=2880 K=512
  draft BF16 GEMM M=8192 N=5120 K=2880
  draft BF16 GEMM M=8192 N=2880 K=4096
  draft BF16 GEMM M=8192 N=128 K=2880
  draft BF16 GEMM M=8192 N=640 K=2880
  draft BF16 GEMM M=8192 N=2880 K=512
  draft BF16 GEMM M=8193 N=5120 K=2880
  draft BF16 GEMM M=8193 N=2880 K=4096
  draft BF16 GEMM M=8193 N=128 K=2880
  draft BF16 GEMM M=8193 N=640 K=2880
  draft BF16 GEMM M=8193 N=2880 K=512
  draft BF16 GEMM M=32768 N=5120 K=2880
  draft BF16 GEMM M=32768 N=2880 K=4096
  draft BF16 GEMM M=32768 N=128 K=2880
  draft BF16 GEMM M=32768 N=640 K=2880
  draft BF16 GEMM M=32768 N=2880 K=512
Precompiling native top-k/top-p sampler
  sampler top-p batch=1 vocab=200064
  sampler top-k batch=1 vocab=200064
  sampler top-k+top-p batch=1 vocab=200064
  sampler top-p batch=2 vocab=200064
  sampler top-k batch=2 vocab=200064
  sampler top-k+top-p batch=2 vocab=200064
  sampler top-p batch=4 vocab=200064
  sampler top-k batch=4 vocab=200064
  sampler top-k+top-p batch=4 vocab=200064
  sampler top-p batch=8 vocab=200064
  sampler top-k batch=8 vocab=200064
  sampler top-k+top-p batch=8 vocab=200064
  sampler top-p batch=16 vocab=200064
  sampler top-k batch=16 vocab=200064
  sampler top-k+top-p batch=16 vocab=200064
  sampler top-p batch=32 vocab=200064
  sampler top-k batch=32 vocab=200064
  sampler top-k+top-p batch=32 vocab=200064
MiniMax-M3 AgentX precompile complete
++ dirname /shared/data/R7N/andy_luo_3v7/minimaxm3-agentx/repos/InferenceX/benchmarks/single_node/agentic/minimaxm3_fp4_mi355x_mtp_full_indexer.sh
+ source /shared/data/R7N/andy_luo_3v7/minimaxm3-agentx/repos/InferenceX/benchmarks/single_node/agentic/../../benchmark_lib.sh
++ export PYTHONDONTWRITEBYTECODE=1
++ PYTHONDONTWRITEBYTECODE=1
++ export PYTHONPYCACHEPREFIX=/tmp/inferencex-minimaxm3-1413/tmp/inferencex-pycache
++ PYTHONPYCACHEPREFIX=/tmp/inferencex-minimaxm3-1413/tmp/inferencex-pycache
++ mkdir -p /tmp/inferencex-minimaxm3-1413/tmp/inferencex-pycache
++ export PORT=8886
++ PORT=8886
++ _benchmark_caller=/shared/data/R7N/andy_luo_3v7/minimaxm3-agentx/repos/InferenceX/benchmarks/single_node/agentic/minimaxm3_fp4_mi355x_mtp_full_indexer.sh
++ [[ /shared/data/R7N/andy_luo_3v7/minimaxm3-agentx/repos/InferenceX/benchmarks/single_node/agentic/minimaxm3_fp4_mi355x_mtp_full_indexer.sh == */agentic/* ]]
++ unset MAX_MODEL_LEN
++ [[ -z x ]]
++ [[ -z none ]]
++ case "$KV_OFFLOADING" in
++ [[ -n '' ]]
++ unset _benchmark_caller
++ GPU_MONITOR_PID=
++ GPU_MONITOR_VENDOR=
++ GPU_MONITOR_INTERVAL=1
++ GPU_METRICS_CSV=gpu_metrics.csv
++ NVIDIA_GPU_MONITOR_QUERY=timestamp,index,power.draw,temperature.gpu,clocks.current.sm,clocks.current.memory,utilization.gpu,utilization.memory
++ export GPU_METRICS_CSV
++ INFMAX_CONTAINER_WORKSPACE=/workspace
++ AGENTIC_DIR=/workspace/utils/agentic-benchmark
++ AIPERF_DIR=/workspace/utils/aiperf
++ AIPERF_RUNTIME_DIR=/tmp/inferencex-minimaxm3-1413/runs/mtp-k4-aiter-full-indexer-resident-v19-tp4-c5-full-indexer-complete-curve-20260825-r1
++ AIPERF_VENV=/tmp/inferencex-minimaxm3-1413/runs/mtp-k4-aiter-full-indexer-resident-v19-tp4-c5-full-indexer-complete-curve-20260825-r1/venv
++ AIPERF_UV_INSTALL_DIR=/tmp/inferencex-minimaxm3-1413/uv-bin
++ AIPERF_UV_CACHE_DIR=/tmp/inferencex-minimaxm3-1413/uv-cache
++ AIPERF_PYTHON=/tmp/inferencex-minimaxm3-1413/runs/mtp-k4-aiter-full-indexer-resident-v19-tp4-c5-full-indexer-complete-curve-20260825-r1/venv/bin/python
++ AIPERF_CLI=/tmp/inferencex-minimaxm3-1413/runs/mtp-k4-aiter-full-indexer-resident-v19-tp4-c5-full-indexer-complete-curve-20260825-r1/venv/bin/aiperf
++ AIPERF_HF_CLI=/tmp/inferencex-minimaxm3-1413/runs/mtp-k4-aiter-full-indexer-resident-v19-tp4-c5-full-indexer-complete-curve-20260825-r1/venv/bin/hf
++ AIPERF_DEPS_READY=0
++ AIPERF_FAILED_REQUEST_THRESHOLD=0.10
++ AIPERF_LIVE_FAILED_REQUEST_THRESHOLD=0.10
++ AIPERF_TRACE_IDLE_GAP_CAP_SECONDS=300
+ export EVAL_FRAMEWORK=lm-eval
+ EVAL_FRAMEWORK=lm-eval
+ check_env_vars MODEL TP CONC KV_OFFLOADING TOTAL_CPU_DRAM_GB RESULT_DIR DURATION EP_SIZE DP_ATTENTION
+ missing_vars=()
+ local missing_vars
+ for var_name in "$@"
+ [[ -z amd/MiniMax-M3-MXFP4 ]]
+ for var_name in "$@"
+ [[ -z 4 ]]
+ for var_name in "$@"
+ [[ -z 5 ]]
+ for var_name in "$@"
+ [[ -z none ]]
+ for var_name in "$@"
+ [[ -z 1499 ]]
+ for var_name in "$@"
+ [[ -z /shared/data/R7N/andy_luo_3v7/minimaxm3-agentx/results/mtp-k4-aiter-full-indexer-resident-v19-tp4-c5-full-indexer-complete-curve-20260825-r1 ]]
+ for var_name in "$@"
+ [[ -z 3600 ]]
+ for var_name in "$@"
+ [[ -z 1 ]]
+ for var_name in "$@"
+ [[ -z false ]]
+ [[ 0 -gt 0 ]]
+ echo 'MODEL=amd/MiniMax-M3-MXFP4 TP=4 CONC=5 KV_OFFLOADING=none TOTAL_CPU_DRAM_GB=1499 RESULT_DIR=/shared/data/R7N/andy_luo_3v7/minimaxm3-agentx/results/mtp-k4-aiter-full-indexer-resident-v19-tp4-c5-full-indexer-complete-curve-20260825-r1 DURATION=3600 EP_SIZE=1 DP_ATTENTION=false'
MODEL=amd/MiniMax-M3-MXFP4 TP=4 CONC=5 KV_OFFLOADING=none TOTAL_CPU_DRAM_GB=1499 RESULT_DIR=/shared/data/R7N/andy_luo_3v7/minimaxm3-agentx/results/mtp-k4-aiter-full-indexer-resident-v19-tp4-c5-full-indexer-complete-curve-20260825-r1 DURATION=3600 EP_SIZE=1 DP_ATTENTION=false
+ DRAFT_MODEL=Inferact/MiniMax-M3-EAGLE3-GQA
+ NUM_SPEC_TOKENS=4
+ SYNTHETIC_ACCEPT_LEN=3.02
+ [[ -n x ]]
+ echo 'JOB 1413 running on vultr-mi355x-1'
JOB 1413 running on vultr-mi355x-1
+ [[ -n x ]]
+ export HIP_VISIBLE_DEVICES=0,1,2,3,4,5,6,7
+ HIP_VISIBLE_DEVICES=0,1,2,3,4,5,6,7
+ MODEL_REVISION_ARGS=()
+ [[ -n b83d14e3d64bf373a207f3c2a7e9f0b0f1e7fc3a ]]
+ MODEL_REVISION_ARGS=(--revision "$MODEL_REVISION")
+ [[ -n /shared/data/R7N/andy_luo_3v7/minimaxm3-agentx/storage/models/amd--MiniMax-M3-MXFP4 ]]
+ checkpoint_is_complete /shared/data/R7N/andy_luo_3v7/minimaxm3-agentx/storage/models/amd--MiniMax-M3-MXFP4
+ local dir=/shared/data/R7N/andy_luo_3v7/minimaxm3-agentx/storage/models/amd--MiniMax-M3-MXFP4
+ [[ -d /shared/data/R7N/andy_luo_3v7/minimaxm3-agentx/storage/models/amd--MiniMax-M3-MXFP4 ]]
+ [[ -f /shared/data/R7N/andy_luo_3v7/minimaxm3-agentx/storage/models/amd--MiniMax-M3-MXFP4/config.json ]]
+ CKPT_DIR=/shared/data/R7N/andy_luo_3v7/minimaxm3-agentx/storage/models/amd--MiniMax-M3-MXFP4
+ python3 -
+ checkpoint_is_complete /shared/data/R7N/andy_luo_3v7/minimaxm3-agentx/storage/models/amd--MiniMax-M3-MXFP4
+ local dir=/shared/data/R7N/andy_luo_3v7/minimaxm3-agentx/storage/models/amd--MiniMax-M3-MXFP4
+ [[ -d /shared/data/R7N/andy_luo_3v7/minimaxm3-agentx/storage/models/amd--MiniMax-M3-MXFP4 ]]
+ [[ -f /shared/data/R7N/andy_luo_3v7/minimaxm3-agentx/storage/models/amd--MiniMax-M3-MXFP4/config.json ]]
+ CKPT_DIR=/shared/data/R7N/andy_luo_3v7/minimaxm3-agentx/storage/models/amd--MiniMax-M3-MXFP4
+ python3 -
+ [[ 0 != \1 ]]
+ DRAFT_MODEL_REVISION_ARGS=()
+ [[ -n 96692486b5fd38ebf8fd2a5f6bb53427d30819a8 ]]
+ DRAFT_MODEL_REVISION_ARGS=(--revision "$DRAFT_MODEL_REVISION")
+ DRAFT_MODEL_PATH=/shared/data/R7N/andy_luo_3v7/minimaxm3-agentx/storage/models/Inferact--MiniMax-M3-EAGLE3-GQA
+ [[ /shared/data/R7N/andy_luo_3v7/minimaxm3-agentx/storage/models/Inferact--MiniMax-M3-EAGLE3-GQA == \I\n\f\e\r\a\c\t\/\M\i\n\i\M\a\x\-\M\3\-\E\A\G\L\E\3\-\G\Q\A ]]
+ checkpoint_is_complete /shared/data/R7N/andy_luo_3v7/minimaxm3-agentx/storage/models/Inferact--MiniMax-M3-EAGLE3-GQA
+ local dir=/shared/data/R7N/andy_luo_3v7/minimaxm3-agentx/storage/models/Inferact--MiniMax-M3-EAGLE3-GQA
+ [[ -d /shared/data/R7N/andy_luo_3v7/minimaxm3-agentx/storage/models/Inferact--MiniMax-M3-EAGLE3-GQA ]]
+ [[ -f /shared/data/R7N/andy_luo_3v7/minimaxm3-agentx/storage/models/Inferact--MiniMax-M3-EAGLE3-GQA/config.json ]]
+ CKPT_DIR=/shared/data/R7N/andy_luo_3v7/minimaxm3-agentx/storage/models/Inferact--MiniMax-M3-EAGLE3-GQA
+ python3 -
+ rocm-smi


============================================= ROCm System Management Interface =============================================
======================================================= Concise Info =======================================================
Device  Node  IDs              Temp        Power     Partitions          SCLK    MCLK     Fan  Perf  PwrCap   VRAM%  GPU%  
[3m              (DID,     GUID)  (Junction)  (Socket)  (Mem, Compute, ID)                                                    [0m
============================================================================================================================
0       3     0x75a3,   42583  48.0°C      256.0W    NPS1, SPX, 0        158Mhz  2000Mhz  0%   auto  1400.0W  0%     0%    
1       5     0x75a3,   27226  47.0°C      254.0W    NPS1, SPX, 0        159Mhz  2000Mhz  0%   auto  1400.0W  0%     0%    
2       4     0x75a3,   36479  46.0°C      243.0W    NPS1, SPX, 0        158Mhz  2000Mhz  0%   auto  1400.0W  0%     0%    
3       2     0x75a3,   17010  49.0°C      254.0W    NPS1, SPX, 0        167Mhz  2000Mhz  0%   auto  1400.0W  0%     0%    
4       7     0x75a3,   1590   47.0°C      250.0W    NPS1, SPX, 0        158Mhz  2000Mhz  0%   auto  1400.0W  0%     0%    
5       9     0x75a3,   51771  48.0°C      252.0W    NPS1, SPX, 0        160Mhz  2000Mhz  0%   auto  1400.0W  0%     0%    
6       8     0x75a3,   11806  45.0°C      248.0W    NPS1, SPX, 0        158Mhz  2000Mhz  0%   auto  1400.0W  0%     0%    
7       6     0x75a3,   57875  50.0°C      255.0W    NPS1, SPX, 0        159Mhz  2000Mhz  0%   auto  1400.0W  0%     0%    
============================================================================================================================
=================================================== End of ROCm SMI Log ====================================================
+ amd-smi
+------------------------------------------------------------------------------+
| AMD-SMI 26.2.2+c2d9476115    amdgpu version: 6.14.14  ROCm version: 7.2.3    |
| VBIOS version: 023.040.001.008.000001                                        |
| Platform: Linux Baremetal                                                    |
|-------------------------------------+----------------------------------------|
| BDF                        GPU-Name | Mem-Uti   Temp   UEC       Power-Usage |
| GPU  HIP-ID  OAM-ID  Partition-Mode | GFX-Uti    Fan               Mem-Usage |
|=====================================+========================================|
| 0000:05:00.0 AMD Instinct MI355 OAM | 0 %      48 °C   0          256/1400 W |
|   0       1       6        SPX/NPS1 | 0 %        N/A           283/294896 MB |
|-------------------------------------+----------------------------------------|
| 0000:15:00.0 AMD Instinct MI355 OAM | 0 %      47 °C   0          254/1400 W |
|   1       3       7        SPX/NPS1 | 0 %        N/A           283/294896 MB |
|-------------------------------------+----------------------------------------|
| 0000:65:00.0 AMD Instinct MI355 OAM | 0 %      46 °C   0          244/1400 W |
|   2       2       5        SPX/NPS1 | 0 %        N/A           283/294896 MB |
|-------------------------------------+----------------------------------------|
| 0000:75:00.0 AMD Instinct MI355 OAM | 0 %      49 °C   0          254/1400 W |
|   3       0       4        SPX/NPS1 | 0 %        N/A           283/294896 MB |
|-------------------------------------+----------------------------------------|
| 0000:85:00.0 AMD Instinct MI355 OAM | 0 %      47 °C   0          250/1400 W |
|   4       5       2        SPX/NPS1 | 0 %        N/A           283/294896 MB |
|-------------------------------------+----------------------------------------|
| 0000:95:00.0 AMD Instinct MI355 OAM | 0 %      48 °C   0          252/1400 W |
|   5       7       3        SPX/NPS1 | 0 %        N/A           283/294896 MB |
|-------------------------------------+----------------------------------------|
| 0000:e5:00.0 AMD Instinct MI355 OAM | 0 %      45 °C   0          248/1400 W |
|   6       6       1        SPX/NPS1 | 0 %        N/A           283/294896 MB |
|-------------------------------------+----------------------------------------|
| 0000:f5:00.0 AMD Instinct MI355 OAM | 0 %      50 °C   0          256/1400 W |
|   7       4       0        SPX/NPS1 | 0 %        N/A           283/294896 MB |
+-------------------------------------+----------------------------------------+
+------------------------------------------------------------------------------+
| Processes:                                                                   |
|  GPU        PID  Process Name          GTT_MEM  VRAM_MEM  MEM_USAGE     CU % |
|==============================================================================|
|  No running processes found                                                  |
+------------------------------------------------------------------------------+
+ resolve_trace_source
+ local default_loader
+ case "${MODEL_PREFIX:-}" in
+ default_loader=semianalysis_cc_traces_weka_062126
+ local loader=semianalysis_cc_traces_weka_062126
+ local dataset
+ case "$loader" in
+ dataset=semianalysisai/cc-traces-weka-062126
+ TRACE_SOURCE_FLAG='--public-dataset semianalysis_cc_traces_weka_062126'
+ echo 'Loading traces via aiperf public-dataset: semianalysis_cc_traces_weka_062126 (semianalysisai/cc-traces-weka-062126) [MODEL_PREFIX=minimaxm3]'
Loading traces via aiperf public-dataset: semianalysis_cc_traces_weka_062126 (semianalysisai/cc-traces-weka-062126) [MODEL_PREFIX=minimaxm3]
+ ensure_hf_cli
+ install_agentic_deps
+ '[' 0 = 1 ']'
+ command -v git
+ ensure_agentic_uv
+ command -v uv
++ command -v uv
+ AIPERF_UV_BIN=/usr/local/bin/uv
+ return
+ rm -rf /tmp/inferencex-minimaxm3-1413/runs/mtp-k4-aiter-full-indexer-resident-v19-tp4-c5-full-indexer-complete-curve-20260825-r1/venv
+ mkdir -p /tmp/inferencex-minimaxm3-1413/uv-cache
+ UV_CACHE_DIR=/tmp/inferencex-minimaxm3-1413/uv-cache
+ /usr/local/bin/uv venv --python 3.11 /tmp/inferencex-minimaxm3-1413/runs/mtp-k4-aiter-full-indexer-resident-v19-tp4-c5-full-indexer-complete-curve-20260825-r1/venv
Downloading cpython-3.11.15-linux-x86_64-gnu (download) (29.5MiB)
 Downloaded cpython-3.11.15-linux-x86_64-gnu (download)
Using CPython 3.11.15
Creating virtual environment at: /tmp/inferencex-minimaxm3-1413/runs/mtp-k4-aiter-full-indexer-resident-v19-tp4-c5-full-indexer-complete-curve-20260825-r1/venv
Activate with: source /tmp/inferencex-minimaxm3-1413/runs/mtp-k4-aiter-full-indexer-resident-v19-tp4-c5-full-indexer-complete-curve-20260825-r1/venv/bin/activate
+ UV_CACHE_DIR=/tmp/inferencex-minimaxm3-1413/uv-cache
+ /usr/local/bin/uv pip install --python /tmp/inferencex-minimaxm3-1413/runs/mtp-k4-aiter-full-indexer-resident-v19-tp4-c5-full-indexer-complete-curve-20260825-r1/venv/bin/python -r /workspace/utils/agentic-benchmark/requirements.txt -e /workspace/utils/aiperf 'datasets>=4.7.0' 'huggingface_hub[cli]>=0.25.0' urllib3 requests
Using Python 3.11.15 environment at: /tmp/inferencex-minimaxm3-1413/runs/mtp-k4-aiter-full-indexer-resident-v19-tp4-c5-full-indexer-complete-curve-20260825-r1/venv
Resolved 132 packages in 488ms
   Building aiperf @ file:///workspace/utils/aiperf
Downloading scipy (33.7MiB)
Downloading brotli (1.4MiB)
Downloading pygments (1.2MiB)
Downloading transformers (11.2MiB)
Downloading numpy (16.1MiB)
Downloading pyarrow (47.7MiB)
Downloading pydantic-core (2.0MiB)
Downloading uvloop (3.6MiB)
Downloading tiktoken (1.2MiB)
Downloading pandas (12.2MiB)
Downloading tokenizers (3.1MiB)
Downloading hf-xet (4.3MiB)
Downloading sqlalchemy (3.2MiB)
Downloading fonttools (4.8MiB)
Downloading soundfile (1.3MiB)
Downloading matplotlib (9.6MiB)
Downloading aiohttp (1.7MiB)
Downloading pillow (6.8MiB)
Downloading crick (1.7MiB)
Downloading plotly (9.4MiB)
Downloading sentencepiece (1.3MiB)
Downloading dash (7.5MiB)
Downloading zstandard (5.3MiB)
Downloading kiwisolver (1.4MiB)
 Downloaded tiktoken
 Downloaded soundfile
 Downloaded sentencepiece
 Downloaded brotli
 Downloaded kiwisolver
 Downloaded aiohttp
 Downloaded crick
 Downloaded pydantic-core
 Downloaded pygments
 Downloaded tokenizers
 Downloaded sqlalchemy
 Downloaded uvloop
 Downloaded hf-xet
 Downloaded fonttools
 Downloaded zstandard
 Downloaded pillow
 Downloaded dash
      Built aiperf @ file:///workspace/utils/aiperf
 Downloaded matplotlib
 Downloaded plotly
 Downloaded numpy
 Downloaded scipy
 Downloaded pandas
 Downloaded transformers
 Downloaded pyarrow
Prepared 132 packages in 1.59s
Installed 132 packages in 340ms
 + aiofiles==24.1.0
 + aiohappyeyeballs==2.7.1
 + aiohttp==3.13.5
 + aiosignal==1.4.0
 + aiperf==0.12.0 (from file:///workspace/utils/aiperf)
 + alembic==1.19.1
 + annotated-doc==0.0.5
 + annotated-types==0.8.0
 + anyio==4.14.2
 + attrs==26.1.0
 + blinker==1.9.0
 + brotli==1.2.0
 + certifi==2026.7.22
 + cffi==2.1.1
 + charset-normalizer==3.5.1
 + choreographer==1.3.0
 + click==8.4.2
 + colorlog==6.12.0
 + contourpy==1.3.3
 + crick==0.0.8
 + cycler==0.12.1
 + cyclopts==4.23.2
 + dash==3.1.1
 + dash-bootstrap-components==2.0.4
 + datasets==5.0.1
 + dill==0.4.1
 + docstring-parser==0.18.0
 + fastapi==0.141.1
 + ffmpeg-python==0.2.0
 + filelock==3.32.4
 + flask==3.1.3
 + fonttools==4.63.0
 + frozenlist==1.8.0
 + fsspec==2026.6.0
 + future==1.0.0
 + greenlet==3.5.5
 + h11==0.16.0
 + hf-xet==1.6.0
 + httpcore==1.0.9
 + httptools==0.8.0
 + httpx==0.28.1
 + huggingface-hub==1.28.0
 + idna==3.19
 + importlib-metadata==9.0.0
 + iniconfig==2.3.0
 + itsdangerous==2.2.0
 + jinja2==3.1.6
 + jmespath==1.0.1
 + kaleido==1.2.0
 + kiwisolver==1.5.0
 + linkify-it-py==2.1.1
 + logistro==2.0.1
 + mako==1.4.1
 + markdown-it-py==4.2.0
 + markupsafe==3.0.3
 + matplotlib==3.11.1
 + mdit-py-plugins==0.6.1
 + mdurl==0.1.2
 + msgspec==0.21.1
 + multidict==6.7.1
 + multiprocess==0.70.19
 + narwhals==2.25.0
 + nest-asyncio==1.6.0
 + numpy==2.4.6
 + nvidia-ml-py==13.610.43
 + optuna==4.9.0
 + orjson==3.11.9
 + packaging==26.3
 + pandas==2.3.3
 + pillow==12.2.0
 + platformdirs==4.11.4
 + plotly==6.4.0
 + pluggy==1.6.0
 + prometheus-client==0.23.1
 + propcache==0.5.2
 + protobuf==7.36.0
 + psutil==7.0.0
 + pyarrow==25.0.1
 + pycparser==3.0
 + pydantic==2.13.4
 + pydantic-core==2.46.4
 + pydantic-settings==2.15.0
 + pygments==2.21.0
 + pyparsing==3.3.2
 + pytest==9.1.1
 + pytest-timeout==2.4.0
 + python-dateutil==2.9.0.post0
 + python-dotenv==1.2.3
 + pytz==2026.3.post1
 + pyyaml==6.0.3
 + pyzmq==26.4.0
 + regex==2026.7.19
 + requests==2.34.2
 + retrying==1.4.2
 + rich==14.1.0
 + rich-rst==2.1.0
 + ruamel-yaml==0.18.17
 + ruamel-yaml-clib==0.2.15
 + safetensors==0.8.0
 + scipy==1.17.1
 + seaborn==0.13.2
 + sentencepiece==0.2.2
 + setproctitle==1.3.7
 + setuptools==84.0.0
 + shellingham==1.5.4
 + simplejson==4.1.1
 + six==1.17.0
 + soundfile==0.13.1
 + sqlalchemy==2.0.52
 + starlette==1.6.0
 + starlette-compress==1.8.0
 + textual==5.3.0
 + tiktoken==0.14.0
 + tokenizers==0.22.2
 + tqdm==4.70.0
 + transformers==5.15.1
 + typer==0.27.1
 + typing-extensions==4.16.0
 + typing-inspection==0.4.4
 + tzdata==2026.3
 + uc-micro-py==2.0.0
 + urllib3==2.7.0
 + uvicorn==0.52.4
 + uvloop==0.22.1
 + watchfiles==1.2.0
 + websockets==17.0.1
 + werkzeug==3.1.8
 + xlsxwriter==3.2.9
 + xxhash==4.0.1
 + yarl==1.24.5
 + zipp==4.1.0
 + zstandard==0.25.0
warning: The package `huggingface-hub==1.28.0` does not have an extra named `cli`
+ '[' '!' -x /tmp/inferencex-minimaxm3-1413/runs/mtp-k4-aiter-full-indexer-resident-v19-tp4-c5-full-indexer-complete-curve-20260825-r1/venv/bin/aiperf ']'
+ '[' '!' -x /tmp/inferencex-minimaxm3-1413/runs/mtp-k4-aiter-full-indexer-resident-v19-tp4-c5-full-indexer-complete-curve-20260825-r1/venv/bin/hf ']'
+ AIPERF_DEPS_READY=1
+ /tmp/inferencex-minimaxm3-1413/runs/mtp-k4-aiter-full-indexer-resident-v19-tp4-c5-full-indexer-complete-curve-20260825-r1/venv/bin/hf download --repo-type dataset semianalysisai/cc-traces-weka-062126
Fetching 8 files:   0%|          | 0/8 [00:00<?, ?it/s]Fetching 8 files: 100%|██████████| 8/8 [00:00<00:00, 1162.66it/s]
[32m✓ Downloaded[0m
  path: /shared/data/R7N/andy_luo_3v7/minimaxm3-agentx/storage/hf/hub/datasets--semianalysisai--cc-traces-weka-062126/snapshots/23f152f6f0f9399a85901b89a6458def0ef16729
+ install_agentic_deps
+ '[' 1 = 1 ']'
+ return
+ export AIPERF_SERVER_METRICS_URLS=http://localhost:8886/metrics
+ AIPERF_SERVER_METRICS_URLS=http://localhost:8886/metrics
+ export AIPERF_REQUIRED_SERVER_METRIC_PREFIX=vllm:
+ AIPERF_REQUIRED_SERVER_METRIC_PREFIX=vllm:
+ export VLLM_HTTP_TIMEOUT_KEEP_ALIVE=900
+ VLLM_HTTP_TIMEOUT_KEEP_ALIVE=900
+ export AIPERF_HTTP_TCP_USER_TIMEOUT=900000
+ AIPERF_HTTP_TCP_USER_TIMEOUT=900000
+ SERVER_LOG=/shared/data/R7N/andy_luo_3v7/minimaxm3-agentx/results/mtp-k4-aiter-full-indexer-resident-v19-tp4-c5-full-indexer-complete-curve-20260825-r1/server.log
+ mkdir -p /shared/data/R7N/andy_luo_3v7/minimaxm3-agentx/results/mtp-k4-aiter-full-indexer-resident-v19-tp4-c5-full-indexer-complete-curve-20260825-r1
+ SERVER_PID=
+ trap cleanup_agentic_services EXIT
+ trap 'exit 130' INT
+ trap 'exit 143' TERM
+ OFFLOAD_ARGS=()
+ case "${KV_OFFLOAD_BACKEND:-}" in
+ require_agentic_kv_offload_none
+ agentic_kv_offload_enabled
+ [[ -z x ]]
+ [[ -z none ]]
+ [[ none != \n\o\n\e ]]
+ [[ -n '' ]]
+ PARALLEL_ARGS=(--tensor-parallel-size "$TP")
+ '[' 1 -gt 1 ']'
+ SPECULATIVE_ARGS=()
+ [[ 0 != \1 ]]
+ [[ -z ROCM_AITER_UNIFIED_ATTN ]]
+ DRAFT_MAX_MODEL_LEN_FIELD=
+ [[ -n '' ]]
+ DRAFT_ATTENTION_WINDOW_FIELD=
+ [[ -n 32768 ]]
+ [[ ! 32768 =~ ^[1-9][0-9]*$ ]]
+ DRAFT_ATTENTION_WINDOW_FIELD=', "draft_attention_window": 32768'
+ case "${DRAFT_USE_LOCAL_ARGMAX_REDUCTION:-0}" in
+ DRAFT_LOCAL_ARGMAX_FIELD=
+ '[' false = true ']'
+ SPEC_CONFIG='{"method": "eagle3", "model": "/shared/data/R7N/andy_luo_3v7/minimaxm3-agentx/storage/models/Inferact--MiniMax-M3-EAGLE3-GQA", "num_speculative_tokens": 4, "attention_backend": "ROCM_AITER_UNIFIED_ATTN", "draft_attention_window": 32768, "rejection_sample_method": "synthetic", "synthetic_acceptance_length": 3.02}'
+ SPECULATIVE_ARGS=(--speculative-config "$SPEC_CONFIG")
+ echo 'Starting vllm server...'
Starting vllm server...
+ export PYTHONNOUSERSITE=1
+ PYTHONNOUSERSITE=1
+ export VLLM_ENGINE_READY_TIMEOUT_S=3600
+ VLLM_ENGINE_READY_TIMEOUT_S=3600
+ export VLLM_EXECUTE_MODEL_TIMEOUT_SECONDS=1800
+ VLLM_EXECUTE_MODEL_TIMEOUT_SECONDS=1800
+ export VLLM_USE_BREAKABLE_CUDAGRAPH=0
+ VLLM_USE_BREAKABLE_CUDAGRAPH=0
+ export VLLM_ROCM_USE_AITER=1
+ VLLM_ROCM_USE_AITER=1
+ export VLLM_ROCM_USE_AITER_MOE=1
+ VLLM_ROCM_USE_AITER_MOE=1
+ export VLLM_ROCM_USE_AITER_FUSION_SHARED_EXPERTS=1
+ VLLM_ROCM_USE_AITER_FUSION_SHARED_EXPERTS=1
+ '[' 4 -eq 4 ']'
+ export VLLM_ROCM_SHUFFLE_KV_CACHE_LAYOUT=1
+ VLLM_ROCM_SHUFFLE_KV_CACHE_LAYOUT=1
+ export VLLM_ROCM_QUICK_REDUCE_QUANTIZATION=INT4
+ VLLM_ROCM_QUICK_REDUCE_QUANTIZATION=INT4
+ export VLLM_ROCM_QUICK_REDUCE_CAST_BF16_TO_FP16=0
+ VLLM_ROCM_QUICK_REDUCE_CAST_BF16_TO_FP16=0
+ export VLLM_ROCM_QUICK_REDUCE_QUANTIZATION_MIN_SIZE_KB=256
+ VLLM_ROCM_QUICK_REDUCE_QUANTIZATION_MIN_SIZE_KB=256
+ GPU_MEMORY_UTILIZATION=0.85
+ MAX_NUM_BATCHED_TOKENS=32768
+ MAX_NUM_SEQS=256
+ KV_CACHE_DTYPE=fp8
+ MAX_CUDAGRAPH_ARGS=()
+ [[ -n 512 ]]
+ MAX_CUDAGRAPH_ARGS=(--max-cudagraph-capture-size "$MAX_CUDAGRAPH_CAPTURE_SIZE")
+ JIT_MONITOR_ARGS=()
+ case "${JIT_MONITOR_VERBOSE:-1}" in
+ JIT_MONITOR_ARGS=(--jit-monitor-verbose)
+ ATTENTION_CONFIG_ARGS=()
+ TARGET_ATTENTION_BACKEND=ROCM_AITER_UNIFIED_ATTN
+ [[ -n fp8 ]]
+ case "$INDEXER_KV_DTYPE" in
+ ATTENTION_CONFIG_ARGS=(--attention-config "{\"indexer_kv_dtype\":\"$INDEXER_KV_DTYPE\"}")
+ VLLM_CMD=(vllm serve "$MODEL_PATH" --served-model-name "$MODEL" --host 0.0.0.0 --port "$PORT" "${PARALLEL_ARGS[@]}" --trust-remote-code --block-size 128 --gpu-memory-utilization "$GPU_MEMORY_UTILIZATION" --enable-chunked-prefill --max-num-batched-tokens "$MAX_NUM_BATCHED_TOKENS" --language-model-only --enable-prefix-caching --enable-prompt-tokens-details --attention-backend "$TARGET_ATTENTION_BACKEND" "${ATTENTION_CONFIG_ARGS[@]}" --moe-backend aiter --kv-cache-dtype "$KV_CACHE_DTYPE" --tool-call-parser minimax_m3 --reasoning-parser minimax_m3 --enable-auto-tool-choice --default-chat-template-kwargs '{"thinking_mode":"enabled"}' --max-num-seqs "$MAX_NUM_SEQS" "${MAX_CUDAGRAPH_ARGS[@]}" "${JIT_MONITOR_ARGS[@]}" --stream-interval 20 "${SPECULATIVE_ARGS[@]}" "${OFFLOAD_ARGS[@]}")
+ printf '%q ' vllm serve /shared/data/R7N/andy_luo_3v7/minimaxm3-agentx/storage/models/amd--MiniMax-M3-MXFP4 --served-model-name amd/MiniMax-M3-MXFP4 --host 0.0.0.0 --port 8886 --tensor-parallel-size 4 --trust-remote-code --block-size 128 --gpu-memory-utilization 0.85 --enable-chunked-prefill --max-num-batched-tokens 32768 --language-model-only --enable-prefix-caching --enable-prompt-tokens-details --attention-backend ROCM_AITER_UNIFIED_ATTN --attention-config '{"indexer_kv_dtype":"fp8"}' --moe-backend aiter --kv-cache-dtype fp8 --tool-call-parser minimax_m3 --reasoning-parser minimax_m3 --enable-auto-tool-choice --default-chat-template-kwargs '{"thinking_mode":"enabled"}' --max-num-seqs 256 --max-cudagraph-capture-size 512 --jit-monitor-verbose --stream-interval 20 --speculative-config '{"method": "eagle3", "model": "/shared/data/R7N/andy_luo_3v7/minimaxm3-agentx/storage/models/Inferact--MiniMax-M3-EAGLE3-GQA", "num_speculative_tokens": 4, "attention_backend": "ROCM_AITER_UNIFIED_ATTN", "draft_attention_window": 32768, "rejection_sample_method": "synthetic", "synthetic_acceptance_length": 3.02}'
+ tee /shared/data/R7N/andy_luo_3v7/minimaxm3-agentx/results/mtp-k4-aiter-full-indexer-resident-v19-tp4-c5-full-indexer-complete-curve-20260825-r1/vllm_command.txt
vllm serve /shared/data/R7N/andy_luo_3v7/minimaxm3-agentx/storage/models/amd--MiniMax-M3-MXFP4 --served-model-name amd/MiniMax-M3-MXFP4 --host 0.0.0.0 --port 8886 --tensor-parallel-size 4 --trust-remote-code --block-size 128 --gpu-memory-utilization 0.85 --enable-chunked-prefill --max-num-batched-tokens 32768 --language-model-only --enable-prefix-caching --enable-prompt-tokens-details --attention-backend ROCM_AITER_UNIFIED_ATTN --attention-config \{\"indexer_kv_dtype\":\"fp8\"\} --moe-backend aiter --kv-cache-dtype fp8 --tool-call-parser minimax_m3 --reasoning-parser minimax_m3 --enable-auto-tool-choice --default-chat-template-kwargs \{\"thinking_mode\":\"enabled\"\} --max-num-seqs 256 --max-cudagraph-capture-size 512 --jit-monitor-verbose --stream-interval 20 --speculative-config \{\"method\":\ \"eagle3\"\,\ \"model\":\ \"/shared/data/R7N/andy_luo_3v7/minimaxm3-agentx/storage/models/Inferact--MiniMax-M3-EAGLE3-GQA\"\,\ \"num_speculative_tokens\":\ 4\,\ \"attention_backend\":\ \"ROCM_AITER_UNIFIED_ATTN\"\,\ \"draft_attention_window\":\ 32768\,\ \"rejection_sample_method\":\ \"synthetic\"\,\ \"synthetic_acceptance_length\":\ 3.02\} + printf '\n'
+ tee -a /shared/data/R7N/andy_luo_3v7/minimaxm3-agentx/results/mtp-k4-aiter-full-indexer-resident-v19-tp4-c5-full-indexer-complete-curve-20260825-r1/vllm_command.txt

+ SERVER_PID=1554860
+ echo 'Server PID: 1554860'
Server PID: 1554860
+ wait_for_server_ready --port 8886 --server-log /shared/data/R7N/andy_luo_3v7/minimaxm3-agentx/results/mtp-k4-aiter-full-indexer-resident-v19-tp4-c5-full-indexer-complete-curve-20260825-r1/server.log --server-pid 1554860
+ local port=
+ local server_log=
+ local server_pid=
+ local sleep_interval=5
+ [[ 6 -gt 0 ]]
+ case $1 in
+ port=8886
+ shift 2
+ [[ 4 -gt 0 ]]
+ case $1 in
+ server_log=/shared/data/R7N/andy_luo_3v7/minimaxm3-agentx/results/mtp-k4-aiter-full-indexer-resident-v19-tp4-c5-full-indexer-complete-curve-20260825-r1/server.log
+ shift 2
+ [[ 2 -gt 0 ]]
+ case $1 in
+ server_pid=1554860
+ shift 2
+ [[ 0 -gt 0 ]]
+ [[ -z 8886 ]]
+ [[ -z /shared/data/R7N/andy_luo_3v7/minimaxm3-agentx/results/mtp-k4-aiter-full-indexer-resident-v19-tp4-c5-full-indexer-complete-curve-20260825-r1/server.log ]]
+ [[ -z 1554860 ]]
+ wait_for_ready --endpoint http://0.0.0.0:8886/health --log /shared/data/R7N/andy_luo_3v7/minimaxm3-agentx/results/mtp-k4-aiter-full-indexer-resident-v19-tp4-c5-full-indexer-complete-curve-20260825-r1/server.log --pid 1554860 --sleep-interval 5
+ vllm serve /shared/data/R7N/andy_luo_3v7/minimaxm3-agentx/storage/models/amd--MiniMax-M3-MXFP4 --served-model-name amd/MiniMax-M3-MXFP4 --host 0.0.0.0 --port 8886 --tensor-parallel-size 4 --trust-remote-code --block-size 128 --gpu-memory-utilization 0.85 --enable-chunked-prefill --max-num-batched-tokens 32768 --language-model-only --enable-prefix-caching --enable-prompt-tokens-details --attention-backend ROCM_AITER_UNIFIED_ATTN --attention-config '{"indexer_kv_dtype":"fp8"}' --moe-backend aiter --kv-cache-dtype fp8 --tool-call-parser minimax_m3 --reasoning-parser minimax_m3 --enable-auto-tool-choice --default-chat-template-kwargs '{"thinking_mode":"enabled"}' --max-num-seqs 256 --max-cudagraph-capture-size 512 --jit-monitor-verbose --stream-interval 20 --speculative-config '{"method": "eagle3", "model": "/shared/data/R7N/andy_luo_3v7/minimaxm3-agentx/storage/models/Inferact--MiniMax-M3-EAGLE3-GQA", "num_speculative_tokens": 4, "attention_backend": "ROCM_AITER_UNIFIED_ATTN", "draft_attention_window": 32768, "rejection_sample_method": "synthetic", "synthetic_acceptance_length": 3.02}'
+ set +x
WARNING 08-25 19:33:01 [rocm.py:123] Using CUDA_VISIBLE_DEVICES on ROCm is deprecated and support will be removed in vLLM v0.26.0. Please use HIP_VISIBLE_DEVICES instead.
(APIServer pid=1554860) INFO 08-25 19:33:22 [api_utils.py:345] 
(APIServer pid=1554860) INFO 08-25 19:33:22 [api_utils.py:345]        █     █     █▄   ▄█
(APIServer pid=1554860) INFO 08-25 19:33:22 [api_utils.py:345]  ▄▄ ▄█ █     █     █ ▀▄▀ █  version 0.27.1
(APIServer pid=1554860) INFO 08-25 19:33:22 [api_utils.py:345]   █▄█▀ █     █     █     █  model   /shared/data/R7N/andy_luo_3v7/minimaxm3-agentx/storage/models/amd--MiniMax-M3-MXFP4
(APIServer pid=1554860) INFO 08-25 19:33:22 [api_utils.py:345]    ▀▀  ▀▀▀▀▀ ▀▀▀▀▀ ▀     ▀
(APIServer pid=1554860) INFO 08-25 19:33:22 [api_utils.py:345] 
(APIServer pid=1554860) INFO 08-25 19:33:22 [api_utils.py:273] non-default args: {'model_tag': '/shared/data/R7N/andy_luo_3v7/minimaxm3-agentx/storage/models/amd--MiniMax-M3-MXFP4', 'default_chat_template_kwargs': {'thinking_mode': 'enabled'}, 'enable_auto_tool_choice': True, 'tool_call_parser': 'minimax_m3', 'enable_prompt_tokens_details': True, 'host': '0.0.0.0', 'port': 8886, 'model': '/shared/data/R7N/andy_luo_3v7/minimaxm3-agentx/storage/models/amd--MiniMax-M3-MXFP4', 'trust_remote_code': True, 'served_model_name': ['amd/MiniMax-M3-MXFP4'], 'attention_backend': 'ROCM_AITER_UNIFIED_ATTN', 'reasoning_parser': 'minimax_m3', 'tensor_parallel_size': 4, 'block_size': 128, 'gpu_memory_utilization': 0.85, 'kv_cache_dtype': 'fp8', 'enable_prefix_caching': True, 'language_model_only': True, 'jit_monitor_verbose': True, 'max_num_batched_tokens': 32768, 'max_num_seqs': 256, 'enable_chunked_prefill': True, 'stream_interval': 20, 'max_cudagraph_capture_size': 512, 'moe_backend': 'aiter', 'speculative_config': {'method': 'eagle3', 'model': '/shared/data/R7N/andy_luo_3v7/minimaxm3-agentx/storage/models/Inferact--MiniMax-M3-EAGLE3-GQA', 'num_speculative_tokens': 4, 'attention_backend': 'ROCM_AITER_UNIFIED_ATTN', 'draft_attention_window': 32768, 'rejection_sample_method': 'synthetic', 'synthetic_acceptance_length': 3.02}, 'attention_config': AttentionConfig(backend=None, minimax_m3_msa_decode_backend='triton', backend_per_kind={}, flash_attn_version=None, use_prefill_decode_attention=False, flash_attn_max_num_splits_for_cuda_graph=32, tq_max_kv_splits_for_cuda_graph=32, use_trtllm_attention=None, disable_flashinfer_q_quantization=False, mla_prefill_backend=None, use_prefill_query_quantization=False, use_fp4_indexer_cache=False, indexer_kv_dtype='fp8', use_non_causal=False, sparse_mla_force_mqa=False, flex_attn_block_m=None, flex_attn_block_n=None, flex_attn_q_block_size=None, flex_attn_kv_block_size=None)}
(APIServer pid=1554860) WARNING 08-25 19:33:22 [envs.py:2128] Unknown vLLM environment variable detected: VLLM_ROCM_AITER_UNIFIED_ATTN_KERNEL
(APIServer pid=1554860) WARNING 08-25 19:33:22 [envs.py:2128] Unknown vLLM environment variable detected: VLLM_MINIMAX_M3_ASM_SPARSE_ATTN
(APIServer pid=1554860) WARNING 08-25 19:33:22 [envs.py:2128] Unknown vLLM environment variable detected: VLLM_ROCM_AITER_UNIFIED_ATTN_QUANT_OUTPUT
(APIServer pid=1554860) WARNING 08-25 19:33:22 [envs.py:2128] Unknown vLLM environment variable detected: VLLM_MINIMAX_M3_ROCM_FP32_ROUTER_GEMM
(APIServer pid=1554860) WARNING 08-25 19:33:22 [envs.py:2128] Unknown vLLM environment variable detected: VLLM_AITER_UNIFIED_ATTN_OVERLAY
(APIServer pid=1554860) WARNING 08-25 19:33:22 [envs.py:2128] Unknown vLLM environment variable detected: VLLM_MINIMAX_M3_WARMUP_OVERLAY
(APIServer pid=1554860) WARNING 08-25 19:33:22 [envs.py:2128] Unknown vLLM environment variable detected: VLLM_ROCM_AITER_UNIFIED_ATTN_QUANT_QUERY
(APIServer pid=1554860) WARNING 08-25 19:33:22 [envs.py:2128] Unknown vLLM environment variable detected: VLLM_ROCM_AITER_UNIFIED_ATTN_CACHE_WRITER
(APIServer pid=1554860) WARNING 08-25 19:33:22 [envs.py:2128] Unknown vLLM environment variable detected: VLLM_MINIMAX_M3_FUSED_CACHE_INSERT
(APIServer pid=1554860) WARNING 08-25 19:33:22 [envs.py:2128] Unknown vLLM environment variable detected: VLLM_MINIMAX_M3_AITER_FUSED_AR_GEMMA
(APIServer pid=1554860) WARNING 08-25 19:33:22 [envs.py:2128] Unknown vLLM environment variable detected: VLLM_MINIMAX_M3_AGENTX_JIT_WARMUP
(APIServer pid=1554860) INFO 08-25 19:33:34 [model.py:645] Resolved architecture: MiniMaxM3SparseForConditionalGeneration
(APIServer pid=1554860) INFO 08-25 19:33:34 [model.py:1883] Using max model len 1048576
(APIServer pid=1554860) INFO 08-25 19:33:34 [registry.py:134] All limits of multimodal modalities supported by the model are set to 0, running in text-only mode.
(APIServer pid=1554860) INFO 08-25 19:33:34 [model.py:842] Disabled mm_prefix attention mode because multimodal inputs are configuration-disabled. Attention backends without mm_prefix support may now be selected.
(APIServer pid=1554860) INFO 08-25 19:33:36 [cache.py:296] Using fp8 data type to store kv cache. It reduces the GPU memory footprint and boosts the performance. Meanwhile, it may cause accuracy drop without a proper scaling factor
(APIServer pid=1554860) INFO 08-25 19:33:47 [model.py:645] Resolved architecture: LlamaForCausalLMEagle3
(APIServer pid=1554860) INFO 08-25 19:33:47 [model.py:1883] Using max model len 1048576
(APIServer pid=1554860) INFO 08-25 19:33:47 [scheduler.py:242] Chunked prefill is enabled with max_num_batched_tokens=32768.
(APIServer pid=1554860) INFO 08-25 19:33:47 [kernel.py:306] Final IR op priority after setting platform defaults: IrOpPriorityConfig(rms_norm=['aiter', 'native'], fused_add_rms_norm=['aiter', 'native'])
(APIServer pid=1554860) INFO 08-25 19:33:47 [compilation.py:329] Enabled custom fusions: norm_quant, act_quant, allreduce_rms, mla_dual_rms_norm
WARNING 08-25 19:33:50 [rocm.py:123] Using CUDA_VISIBLE_DEVICES on ROCm is deprecated and support will be removed in vLLM v0.26.0. Please use HIP_VISIBLE_DEVICES instead.
(EngineCore pid=1555785) INFO 08-25 19:33:58 [core.py:121] Initializing a V1 LLM engine (v0.27.1) with config: model='/shared/data/R7N/andy_luo_3v7/minimaxm3-agentx/storage/models/amd--MiniMax-M3-MXFP4', speculative_config=SpeculativeConfig(method='eagle3', model='/shared/data/R7N/andy_luo_3v7/minimaxm3-agentx/storage/models/Inferact--MiniMax-M3-EAGLE3-GQA', num_spec_tokens=4), tokenizer='/shared/data/R7N/andy_luo_3v7/minimaxm3-agentx/storage/models/amd--MiniMax-M3-MXFP4', skip_tokenizer_init=False, tokenizer_mode=auto, revision=None, tokenizer_revision=None, trust_remote_code=True, dtype=torch.bfloat16, max_seq_len=1048576, download_dir=None, load_format=auto, tensor_parallel_size=4, pipeline_parallel_size=1, data_parallel_size=1, decode_context_parallel_size=1, dcp_comm_backend=ag_rs, disable_custom_all_reduce=False, quantization=quark, quantization_config=None, enforce_eager=False, enable_return_routed_experts=False, kv_cache_dtype=fp8, device_config=cuda, structured_outputs_config=StructuredOutputsConfig(backend='auto', disable_any_whitespace=False, disable_additional_properties=False, reasoning_parser='minimax_m3', reasoning_parser_plugin='', enable_in_reasoning=False), observability_config=ObservabilityConfig(show_hidden_metrics_for_version=None, otlp_traces_endpoint=None, collect_detailed_traces=None, kv_cache_metrics=False, kv_cache_metrics_sample=0.01, cudagraph_metrics=False, enable_layerwise_nvtx_tracing=False, enable_mfu_metrics=False, enable_mm_processor_stats=False, enable_logging_iteration_details=False, jit_monitor_mode='warn', jit_monitor_verbose=True), seed=0, served_model_name=amd/MiniMax-M3-MXFP4, enable_prefix_caching=True, enable_chunked_prefill=True, pooler_config=None, compilation_config={'mode': <CompilationMode.VLLM_COMPILE: 3>, 'debug_dump_path': None, 'cache_dir': '', 'compile_cache_save_format': 'binary', 'backend': 'inductor', 'custom_ops': ['+quant_fp8', '+grouped_topk', '+sparse_attn_indexer', 'none'], 'ir_enable_torch_wrap': True, 'splitting_ops': ['vllm::unified_attention_with_output', 'vllm::unified_mla_attention_with_output', 'vllm::mamba_mixer2', 'vllm::mamba_mixer', 'vllm::short_conv', 'vllm::linear_attention', 'vllm::qwen_gdn_attention_core', 'vllm::gdn_attention_core_xpu', 'vllm::olmo_hybrid_gdn_full_forward', 'vllm::sparse_attn_indexer', 'vllm::rocm_aiter_sparse_attn_indexer', 'vllm::deepseek_v4_attention', 'vllm::hpc_rope_norm_forward', 'vllm::unified_kv_cache_update', 'vllm::unified_mla_kv_cache_update'], 'compile_mm_encoder': False, 'cudagraph_mm_encoder': False, 'encoder_cudagraph_token_budgets': [], 'encoder_cudagraph_max_vision_items_per_batch': 0, 'encoder_cudagraph_max_frames_per_batch': None, 'compile_sizes': [], 'compile_ranges_endpoints': [5461, 32768], 'inductor_compile_config': {'enable_auto_functionalized_v2': False, 'size_asserts': False, 'alignment_asserts': False, 'scalar_asserts': False, 'combo_kernels': True, 'benchmark_combo_kernel': True}, 'inductor_passes': {}, 'cudagraph_mode': <CUDAGraphMode.FULL_AND_PIECEWISE: (2, 1)>, 'cudagraph_num_of_warmups': 1, 'cudagraph_capture_sizes': [1, 2, 4, 8, 16, 24, 32, 40, 48, 56, 64, 72, 80, 88, 96, 104, 112, 120, 128, 136, 144, 152, 160, 168, 176, 184, 192, 200, 208, 216, 224, 232, 240, 248, 256, 272, 288, 304, 320, 336, 352, 368, 384, 400, 416, 432, 448, 464, 480, 496, 512], 'cudagraph_copy_inputs': False, 'cudagraph_specialize_lora': True, 'use_inductor_graph_partition': False, 'pass_config': {'fuse_norm_quant': True, 'fuse_act_quant': True, 'fuse_attn_quant': False, 'enable_sp': False, 'fuse_gemm_comms': False, 'fuse_allreduce_rms': True, 'enable_qk_norm_rope_fusion': False, 'fuse_rope_kvcache_cat_mla': False, 'fuse_act_padding': False, 'fuse_mla_dual_rms_norm': True, 'fuse_rope_kvcache': False, 'fuse_qk_norm_rope_kvcache': False}, 'max_cudagraph_capture_size': 512, 'dynamic_shapes_config': {'type': <DynamicShapesType.BACKED: 'backed'>, 'evaluate_guards': False, 'assume_32_bit_indexing': False}, 'local_cache_dir': None, 'fast_moe_cold_start': False, 'static_all_moe_layers': []}, kernel_config=KernelConfig(ir_op_priority=IrOpPriorityConfig(rms_norm=['aiter', 'native'], fused_add_rms_norm=['aiter', 'native']), enable_flashinfer_autotune=True, enable_cutedsl_warmup=True, enable_jit_warmup=True, enable_bf16x3_router_gemm=False, moe_backend='aiter', linear_backend='auto')
(EngineCore pid=1555785) WARNING 08-25 19:33:58 [multiproc_executor.py:1081] Reducing Torch parallelism from 128 threads to 1 to avoid unnecessary CPU contention. Set OMP_NUM_THREADS in the external environment to tune this value as needed.
(EngineCore pid=1555785) INFO 08-25 19:33:58 [multiproc_executor.py:140] DP group leader: node_rank=0, node_rank_within_dp=0, master_addr=127.0.0.1, mq_connect_ip=64.177.8.33 (local), world_size=4, local_world_size=4
WARNING 08-25 19:34:00 [rocm.py:123] Using CUDA_VISIBLE_DEVICES on ROCm is deprecated and support will be removed in vLLM v0.26.0. Please use HIP_VISIBLE_DEVICES instead.
WARNING 08-25 19:34:00 [rocm.py:123] Using CUDA_VISIBLE_DEVICES on ROCm is deprecated and support will be removed in vLLM v0.26.0. Please use HIP_VISIBLE_DEVICES instead.
WARNING 08-25 19:34:00 [rocm.py:123] Using CUDA_VISIBLE_DEVICES on ROCm is deprecated and support will be removed in vLLM v0.26.0. Please use HIP_VISIBLE_DEVICES instead.
WARNING 08-25 19:34:00 [rocm.py:123] Using CUDA_VISIBLE_DEVICES on ROCm is deprecated and support will be removed in vLLM v0.26.0. Please use HIP_VISIBLE_DEVICES instead.
INFO 08-25 19:34:09 [registry.py:134] All limits of multimodal modalities supported by the model are set to 0, running in text-only mode.
INFO 08-25 19:34:09 [registry.py:134] All limits of multimodal modalities supported by the model are set to 0, running in text-only mode.
(Worker pid=1556064) INFO 08-25 19:34:10 [parallel_state.py:1640] world_size=4 rank=2 local_rank=2 distributed_init_method=tcp://127.0.0.1:37787 backend=nccl
(Worker pid=1556063) INFO 08-25 19:34:10 [parallel_state.py:1640] world_size=4 rank=1 local_rank=1 distributed_init_method=tcp://127.0.0.1:37787 backend=nccl
INFO 08-25 19:34:10 [registry.py:134] All limits of multimodal modalities supported by the model are set to 0, running in text-only mode.
INFO 08-25 19:34:10 [registry.py:134] All limits of multimodal modalities supported by the model are set to 0, running in text-only mode.
(Worker pid=1556065) INFO 08-25 19:34:10 [parallel_state.py:1640] world_size=4 rank=3 local_rank=3 distributed_init_method=tcp://127.0.0.1:37787 backend=nccl
(Worker pid=1556062) INFO 08-25 19:34:10 [parallel_state.py:1640] world_size=4 rank=0 local_rank=0 distributed_init_method=tcp://127.0.0.1:37787 backend=nccl
(Worker pid=1556062) INFO 08-25 19:34:11 [pynccl.py:113] vLLM is using nccl==2.27.7
(Worker pid=1556065) [aiter] import [module_aiter_core] under /tmp/inferencex-minimaxm3-1413/home/.aiter/jit/module_aiter_core.so
(Worker pid=1556062) [aiter] import [module_aiter_core] under /tmp/inferencex-minimaxm3-1413/home/.aiter/jit/module_aiter_core.so
(Worker pid=1556064) [aiter] import [module_aiter_core] under /tmp/inferencex-minimaxm3-1413/home/.aiter/jit/module_aiter_core.so
(Worker pid=1556063) [aiter] import [module_aiter_core] under /tmp/inferencex-minimaxm3-1413/home/.aiter/jit/module_aiter_core.so
(Worker pid=1556062) [aiter] [pid=1556062 pname=VllmWorker-0] start build [module_custom_all_reduce] under /tmp/inferencex-minimaxm3-1413/home/.aiter/jit/build/module_custom_all_reduce
(Worker pid=1556065) [aiter] [pid=1556065 pname=VllmWorker-3] waiting for baton release at /tmp/inferencex-minimaxm3-1413/home/.aiter/jit/build/lock_module_custom_all_reduce
(Worker pid=1556064) [aiter] [pid=1556064 pname=VllmWorker-2] waiting for baton release at /tmp/inferencex-minimaxm3-1413/home/.aiter/jit/build/lock_module_custom_all_reduce
(Worker pid=1556063) [aiter] [pid=1556063 pname=VllmWorker-1] waiting for baton release at /tmp/inferencex-minimaxm3-1413/home/.aiter/jit/build/lock_module_custom_all_reduce
(Worker pid=1556062) [aiter] Current hipcc not support: -mllvm -amdgpu-coerce-illegal-types=1, skip it.
(Worker pid=1556062) [aiter] [pid=1556062 pname=VllmWorker-0] [32mfinish build [module_custom_all_reduce], cost 14.0s [0m
(Worker pid=1556062) [aiter] import [module_custom_all_reduce] under /tmp/inferencex-minimaxm3-1413/home/.aiter/jit/module_custom_all_reduce.so
(Worker pid=1556064) [aiter] import [module_custom_all_reduce] under /tmp/inferencex-minimaxm3-1413/home/.aiter/jit/module_custom_all_reduce.so
(Worker pid=1556063) [aiter] import [module_custom_all_reduce] under /tmp/inferencex-minimaxm3-1413/home/.aiter/jit/module_custom_all_reduce.so
(Worker pid=1556065) [aiter] import [module_custom_all_reduce] under /tmp/inferencex-minimaxm3-1413/home/.aiter/jit/module_custom_all_reduce.so
(Worker pid=1556065) INFO 08-25 19:34:34 [quick_all_reduce.py:254] Custom quick allreduce: quantization codec threshold = 256 KB
(Worker pid=1556063) INFO 08-25 19:34:34 [quick_all_reduce.py:254] Custom quick allreduce: quantization codec threshold = 256 KB
(Worker pid=1556064) INFO 08-25 19:34:34 [quick_all_reduce.py:254] Custom quick allreduce: quantization codec threshold = 256 KB
(Worker pid=1556062) INFO 08-25 19:34:34 [quick_all_reduce.py:254] Custom quick allreduce: quantization codec threshold = 256 KB
(Worker pid=1556062) INFO 08-25 19:34:34 [cuda_communicator.py:266] Using ['QUICK_REDUCE', 'AITER_CUSTOM', 'PYNCCL'] all-reduce backends (in dispatch order) for group 'tp:0' out of potential backends: ['NCCL_SYMM_MEM', 'QUICK_REDUCE', 'FLASHINFER', 'AITER_CUSTOM', 'CUSTOM', 'SYMM_MEM', 'PYNCCL'].
(Worker pid=1556062) INFO 08-25 19:34:35 [cuda_communicator.py:266] Using ['PYNCCL'] all-reduce backends (in dispatch order) for group 'ep:0' out of potential backends: ['NCCL_SYMM_MEM', 'QUICK_REDUCE', 'FLASHINFER', 'AITER_CUSTOM', 'CUSTOM', 'SYMM_MEM', 'PYNCCL'].
(Worker pid=1556062) INFO 08-25 19:34:35 [parallel_state.py:1977] rank 0 in world size 4 is assigned as DP rank 0, PP rank 0, PCP rank 0, TP rank 0, EP rank 0, EPLB rank N/A
(Worker pid=1556062) INFO 08-25 19:34:36 [topk_topp_sampler.py:124] Using aiter sampler on ROCm (lazy import, sampling-only).
(Worker pid=1556065) WARNING 08-25 19:34:36 [__init__.py:205] min_p and logit_bias parameters won't work with speculative decoding.
(Worker pid=1556062) WARNING 08-25 19:34:36 [__init__.py:205] min_p and logit_bias parameters won't work with speculative decoding.
(Worker pid=1556064) WARNING 08-25 19:34:36 [__init__.py:205] min_p and logit_bias parameters won't work with speculative decoding.
(Worker pid=1556063) WARNING 08-25 19:34:36 [__init__.py:205] min_p and logit_bias parameters won't work with speculative decoding.
(Worker_TP0 pid=1556062) INFO 08-25 19:34:36 [gpu_model_runner.py:5308] Starting to load model /shared/data/R7N/andy_luo_3v7/minimaxm3-agentx/storage/models/amd--MiniMax-M3-MXFP4...
(Worker_TP0 pid=1556062) INFO 08-25 19:34:37 [rocm.py:697] Using AITER Flash Attention backend for ViT model.
(Worker_TP0 pid=1556062) INFO 08-25 19:34:37 [mm_encoder_attention.py:375] Using AttentionBackendEnum.ROCM_AITER_FA for MMEncoderAttention.
(Worker_TP0 pid=1556062) INFO 08-25 19:34:37 [kernel.py:306] Final IR op priority after setting platform defaults: IrOpPriorityConfig(rms_norm=['aiter', 'native'], fused_add_rms_norm=['aiter', 'native'])
(Worker_TP0 pid=1556062) INFO 08-25 19:34:37 [compilation.py:329] Enabled custom fusions: norm_quant, act_quant, allreduce_rms, mla_dual_rms_norm
(Worker_TP3 pid=1556065) INFO 08-25 19:34:37 [kernel.py:306] Final IR op priority after setting platform defaults: IrOpPriorityConfig(rms_norm=['aiter', 'native'], fused_add_rms_norm=['aiter', 'native'])
(Worker_TP2 pid=1556064) INFO 08-25 19:34:37 [kernel.py:306] Final IR op priority after setting platform defaults: IrOpPriorityConfig(rms_norm=['aiter', 'native'], fused_add_rms_norm=['aiter', 'native'])
(Worker_TP0 pid=1556062) INFO 08-25 19:34:37 [rocm.py:606] Using ROCM_AITER_UNIFIED_ATTN backend (selected via --attention-backend).
(Worker_TP0 pid=1556062) INFO 08-25 19:34:37 [rocm_aiter_unified_attn.py:175] Using aiter unified attention for RocmAiterUnifiedAttentionImpl
(Worker_TP1 pid=1556063) INFO 08-25 19:34:37 [kernel.py:306] Final IR op priority after setting platform defaults: IrOpPriorityConfig(rms_norm=['aiter', 'native'], fused_add_rms_norm=['aiter', 'native'])
(Worker_TP0 pid=1556062) INFO 08-25 19:34:37 [rocm_aiter_unified_attn.py:217] AITER unified-attention kernel is aiter; quantized query input is enabled; quantized output is enabled; cache writer is aiter.
(Worker_TP0 pid=1556062) INFO 08-25 19:34:37 [sparse_attention.py:483] MiniMax M3 sparse attention selected AITER_SPARSE_PA (kv_cache_dtype=fp8, topk_blocks=16)
(Worker_TP0 pid=1556062) INFO 08-25 19:34:37 [indexer.py:570] MiniMax M3 indexer: selected AITER (fp8 MFMA score + top-k) [topk_blocks=16, indexer_kv_dtype=fp8]
(Worker_TP0 pid=1556062) INFO 08-25 19:34:37 [mxfp4.py:425] Using 'AITER_MXFP4_MXFP4' Mxfp4 MoE backend.
(Worker_TP0 pid=1556062) INFO 08-25 19:34:37 [quark_moe.py:1139] Using AITER_MXFP4_MXFP4 backend for OCP_MX_Scheme.w_mxfp4_a_mxfp4
(Worker_TP0 pid=1556062) WARNING 08-25 19:34:37 [compilation.py:1347] Op 'grouped_topk' not present in model, enabling with '+grouped_topk' has no effect
(Worker_TP0 pid=1556062) WARNING 08-25 19:34:37 [compilation.py:1347] Op 'sparse_attn_indexer' not present in model, enabling with '+sparse_attn_indexer' has no effect
(Worker_TP0 pid=1556062) WARNING 08-25 19:34:37 [vllm.py:2415] `torch.compile` is turned on, but the model /shared/data/R7N/andy_luo_3v7/minimaxm3-agentx/storage/models/amd--MiniMax-M3-MXFP4 does not support it. Please open an issue on GitHub if you want it to be supported.
(Worker_TP3 pid=1556065) WARNING 08-25 19:34:37 [vllm.py:2415] `torch.compile` is turned on, but the model /shared/data/R7N/andy_luo_3v7/minimaxm3-agentx/storage/models/amd--MiniMax-M3-MXFP4 does not support it. Please open an issue on GitHub if you want it to be supported.
(Worker_TP0 pid=1556062) WARNING 08-25 19:34:37 [vllm.py:2415] `torch.compile` is turned on, but the model /shared/data/R7N/andy_luo_3v7/minimaxm3-agentx/storage/models/amd--MiniMax-M3-MXFP4 does not support it. Please open an issue on GitHub if you want it to be supported.
(Worker_TP3 pid=1556065) WARNING 08-25 19:34:37 [vllm.py:2415] `torch.compile` is turned on, but the model /shared/data/R7N/andy_luo_3v7/minimaxm3-agentx/storage/models/amd--MiniMax-M3-MXFP4 does not support it. Please open an issue on GitHub if you want it to be supported.
(Worker_TP3 pid=1556065) INFO 08-25 19:34:37 [weight_utils.py:829] Prefetching checkpoint files into page cache started (in background, num_threads=8, block_size=16777216 bytes)
(Worker_TP0 pid=1556062) INFO 08-25 19:34:37 [weight_utils.py:867] Filesystem type for checkpoints: NFS. Checkpoint size: 226.00 GiB. Available RAM: 2948.70 GiB.
(Worker_TP0 pid=1556062) INFO 08-25 19:34:37 [weight_utils.py:829] Prefetching checkpoint files into page cache started (in background, num_threads=8, block_size=16777216 bytes)
(Worker_TP0 pid=1556062) Loading safetensors checkpoint shards:   0% Completed | 0/59 [00:00<?, ?it/s]
(Worker_TP2 pid=1556064) WARNING 08-25 19:34:37 [vllm.py:2415] `torch.compile` is turned on, but the model /shared/data/R7N/andy_luo_3v7/minimaxm3-agentx/storage/models/amd--MiniMax-M3-MXFP4 does not support it. Please open an issue on GitHub if you want it to be supported.
(Worker_TP2 pid=1556064) WARNING 08-25 19:34:37 [vllm.py:2415] `torch.compile` is turned on, but the model /shared/data/R7N/andy_luo_3v7/minimaxm3-agentx/storage/models/amd--MiniMax-M3-MXFP4 does not support it. Please open an issue on GitHub if you want it to be supported.
(Worker_TP2 pid=1556064) INFO 08-25 19:34:37 [weight_utils.py:829] Prefetching checkpoint files into page cache started (in background, num_threads=8, block_size=16777216 bytes)
(Worker_TP1 pid=1556063) WARNING 08-25 19:34:38 [vllm.py:2415] `torch.compile` is turned on, but the model /shared/data/R7N/andy_luo_3v7/minimaxm3-agentx/storage/models/amd--MiniMax-M3-MXFP4 does not support it. Please open an issue on GitHub if you want it to be supported.
(Worker_TP1 pid=1556063) WARNING 08-25 19:34:38 [vllm.py:2415] `torch.compile` is turned on, but the model /shared/data/R7N/andy_luo_3v7/minimaxm3-agentx/storage/models/amd--MiniMax-M3-MXFP4 does not support it. Please open an issue on GitHub if you want it to be supported.
(Worker_TP1 pid=1556063) INFO 08-25 19:34:38 [weight_utils.py:829] Prefetching checkpoint files into page cache started (in background, num_threads=8, block_size=16777216 bytes)
(Worker_TP3 pid=1556065) INFO 08-25 19:34:49 [weight_utils.py:801] Prefetching checkpoint files: 10% (2/14)
(Worker_TP2 pid=1556064) INFO 08-25 19:34:49 [weight_utils.py:801] Prefetching checkpoint files: 10% (2/15)
(Worker_TP0 pid=1556062) INFO 08-25 19:34:49 [weight_utils.py:801] Prefetching checkpoint files: 10% (2/15)
(Worker_TP1 pid=1556063) INFO 08-25 19:34:49 [weight_utils.py:801] Prefetching checkpoint files: 10% (2/15)
(Worker_TP1 pid=1556063) INFO 08-25 19:34:49 [weight_utils.py:801] Prefetching checkpoint files: 20% (3/15)
(Worker_TP0 pid=1556062) INFO 08-25 19:34:49 [weight_utils.py:801] Prefetching checkpoint files: 20% (3/15)
(Worker_TP3 pid=1556065) INFO 08-25 19:34:49 [weight_utils.py:801] Prefetching checkpoint files: 20% (3/14)
(Worker_TP0 pid=1556062) INFO 08-25 19:34:50 [weight_utils.py:801] Prefetching checkpoint files: 30% (5/15)
(Worker_TP0 pid=1556062) Loading safetensors checkpoint shards:   2% Completed | 1/59 [00:13<12:37, 13.07s/it]
(Worker_TP1 pid=1556063) INFO 08-25 19:34:51 [weight_utils.py:801] Prefetching checkpoint files: 30% (5/15)
(Worker_TP0 pid=1556062) INFO 08-25 19:34:51 [weight_utils.py:801] Prefetching checkpoint files: 40% (6/15)
(Worker_TP0 pid=1556062) INFO 08-25 19:34:51 [weight_utils.py:801] Prefetching checkpoint files: 50% (8/15)
(Worker_TP2 pid=1556064) INFO 08-25 19:34:51 [weight_utils.py:801] Prefetching checkpoint files: 20% (3/15)
(Worker_TP2 pid=1556064) INFO 08-25 19:34:51 [weight_utils.py:801] Prefetching checkpoint files: 30% (5/15)
(Worker_TP3 pid=1556065) INFO 08-25 19:34:51 [weight_utils.py:801] Prefetching checkpoint files: 30% (5/14)
(Worker_TP3 pid=1556065) INFO 08-25 19:34:51 [weight_utils.py:801] Prefetching checkpoint files: 40% (6/14)
(Worker_TP3 pid=1556065) INFO 08-25 19:34:51 [weight_utils.py:801] Prefetching checkpoint files: 50% (7/14)
(Worker_TP0 pid=1556062) INFO 08-25 19:34:51 [weight_utils.py:801] Prefetching checkpoint files: 60% (9/15)
(Worker_TP2 pid=1556064) INFO 08-25 19:34:53 [weight_utils.py:801] Prefetching checkpoint files: 40% (6/15)
(Worker_TP3 pid=1556065) INFO 08-25 19:34:53 [weight_utils.py:801] Prefetching checkpoint files: 60% (9/14)
(Worker_TP2 pid=1556064) INFO 08-25 19:34:54 [weight_utils.py:801] Prefetching checkpoint files: 50% (8/15)
(Worker_TP2 pid=1556064) INFO 08-25 19:34:54 [weight_utils.py:801] Prefetching checkpoint files: 60% (9/15)
(Worker_TP0 pid=1556062) INFO 08-25 19:34:54 [weight_utils.py:801] Prefetching checkpoint files: 70% (11/15)
(Worker_TP1 pid=1556063) INFO 08-25 19:34:55 [weight_utils.py:801] Prefetching checkpoint files: 40% (6/15)
(Worker_TP2 pid=1556064) INFO 08-25 19:34:55 [weight_utils.py:801] Prefetching checkpoint files: 70% (11/15)
(Worker_TP0 pid=1556062) INFO 08-25 19:34:56 [weight_utils.py:801] Prefetching checkpoint files: 80% (12/15)
(Worker_TP1 pid=1556063) INFO 08-25 19:34:56 [weight_utils.py:801] Prefetching checkpoint files: 50% (8/15)
(Worker_TP3 pid=1556065) INFO 08-25 19:34:56 [weight_utils.py:801] Prefetching checkpoint files: 70% (10/14)
(Worker_TP2 pid=1556064) INFO 08-25 19:34:56 [weight_utils.py:801] Prefetching checkpoint files: 80% (12/15)
(Worker_TP1 pid=1556063) INFO 08-25 19:34:56 [weight_utils.py:801] Prefetching checkpoint files: 60% (9/15)
(Worker_TP1 pid=1556063) INFO 08-25 19:34:58 [weight_utils.py:801] Prefetching checkpoint files: 70% (11/15)
(Worker_TP0 pid=1556062) INFO 08-25 19:34:58 [weight_utils.py:801] Prefetching checkpoint files: 90% (14/15)
(Worker_TP2 pid=1556064) INFO 08-25 19:34:58 [weight_utils.py:801] Prefetching checkpoint files: 90% (14/15)
(Worker_TP3 pid=1556065) INFO 08-25 19:35:00 [weight_utils.py:801] Prefetching checkpoint files: 80% (12/14)
(Worker_TP3 pid=1556065) INFO 08-25 19:35:01 [weight_utils.py:801] Prefetching checkpoint files: 90% (13/14)
(Worker_TP3 pid=1556065) INFO 08-25 19:35:01 [weight_utils.py:801] Prefetching checkpoint files: 100% (14/14)
(Worker_TP3 pid=1556065) INFO 08-25 19:35:01 [weight_utils.py:824] Prefetching checkpoint files into page cache finished in 23.70s
(Worker_TP1 pid=1556063) INFO 08-25 19:35:02 [weight_utils.py:801] Prefetching checkpoint files: 80% (12/15)
(Worker_TP2 pid=1556064) INFO 08-25 19:35:04 [weight_utils.py:801] Prefetching checkpoint files: 100% (15/15)
(Worker_TP2 pid=1556064) INFO 08-25 19:35:04 [weight_utils.py:824] Prefetching checkpoint files into page cache finished in 26.51s
(Worker_TP0 pid=1556062) INFO 08-25 19:35:04 [weight_utils.py:801] Prefetching checkpoint files: 100% (15/15)
(Worker_TP0 pid=1556062) INFO 08-25 19:35:04 [weight_utils.py:824] Prefetching checkpoint files into page cache finished in 26.90s
(Worker_TP1 pid=1556063) INFO 08-25 19:35:05 [weight_utils.py:801] Prefetching checkpoint files: 90% (14/15)
(Worker_TP0 pid=1556062) Loading safetensors checkpoint shards:   3% Completed | 2/59 [00:27<13:08, 13.84s/it]
(Worker_TP1 pid=1556063) INFO 08-25 19:35:05 [weight_utils.py:801] Prefetching checkpoint files: 100% (15/15)
(Worker_TP1 pid=1556063) INFO 08-25 19:35:05 [weight_utils.py:824] Prefetching checkpoint files into page cache finished in 27.36s
(Worker_TP0 pid=1556062) Loading safetensors checkpoint shards:   5% Completed | 3/59 [00:27<07:08,  7.66s/it]
(Worker_TP0 pid=1556062) Loading safetensors checkpoint shards:   7% Completed | 4/59 [00:28<04:22,  4.78s/it]
(Worker_TP0 pid=1556062) Loading safetensors checkpoint shards:   8% Completed | 5/59 [00:28<02:51,  3.18s/it]
(Worker_TP0 pid=1556062) Loading safetensors checkpoint shards:  10% Completed | 6/59 [00:28<01:56,  2.20s/it]
(Worker_TP0 pid=1556062) Loading safetensors checkpoint shards:  12% Completed | 7/59 [00:29<01:22,  1.58s/it]
(Worker_TP0 pid=1556062) Loading safetensors checkpoint shards:  14% Completed | 8/59 [00:29<01:00,  1.19s/it]
(Worker_TP0 pid=1556062) Loading safetensors checkpoint shards:  15% Completed | 9/59 [00:29<00:45,  1.09it/s]
(Worker_TP0 pid=1556062) Loading safetensors checkpoint shards:  17% Completed | 10/59 [00:30<00:35,  1.37it/s]
(Worker_TP0 pid=1556062) Loading safetensors checkpoint shards:  19% Completed | 11/59 [00:30<00:28,  1.66it/s]
(Worker_TP0 pid=1556062) Loading safetensors checkpoint shards:  20% Completed | 12/59 [00:30<00:24,  1.92it/s]
(Worker_TP0 pid=1556062) Loading safetensors checkpoint shards:  22% Completed | 13/59 [00:31<00:21,  2.14it/s]
(Worker_TP0 pid=1556062) Loading safetensors checkpoint shards:  24% Completed | 14/59 [00:31<00:19,  2.32it/s]
(Worker_TP0 pid=1556062) Loading safetensors checkpoint shards:  25% Completed | 15/59 [00:31<00:17,  2.51it/s]
(Worker_TP0 pid=1556062) Loading safetensors checkpoint shards:  27% Completed | 16/59 [00:32<00:16,  2.62it/s]
(Worker_TP0 pid=1556062) Loading safetensors checkpoint shards:  29% Completed | 17/59 [00:32<00:15,  2.70it/s]
(Worker_TP0 pid=1556062) Loading safetensors checkpoint shards:  31% Completed | 18/59 [00:32<00:14,  2.80it/s]
(Worker_TP0 pid=1556062) Loading safetensors checkpoint shards:  32% Completed | 19/59 [00:33<00:13,  2.88it/s]
(Worker_TP0 pid=1556062) Loading safetensors checkpoint shards:  34% Completed | 20/59 [00:33<00:13,  2.87it/s]
(Worker_TP0 pid=1556062) Loading safetensors checkpoint shards:  36% Completed | 21/59 [00:33<00:13,  2.89it/s]
(Worker_TP0 pid=1556062) Loading safetensors checkpoint shards:  37% Completed | 22/59 [00:34<00:12,  2.89it/s]
(Worker_TP0 pid=1556062) Loading safetensors checkpoint shards:  39% Completed | 23/59 [00:34<00:12,  2.98it/s]
(Worker_TP0 pid=1556062) Loading safetensors checkpoint shards:  41% Completed | 24/59 [00:34<00:11,  2.95it/s]
(Worker_TP0 pid=1556062) Loading safetensors checkpoint shards:  42% Completed | 25/59 [00:34<00:09,  3.48it/s]
(Worker_TP0 pid=1556062) Loading safetensors checkpoint shards:  44% Completed | 26/59 [00:35<00:09,  3.52it/s]
(Worker_TP0 pid=1556062) Loading safetensors checkpoint shards:  46% Completed | 27/59 [00:35<00:09,  3.45it/s]
(Worker_TP0 pid=1556062) Loading safetensors checkpoint shards:  47% Completed | 28/59 [00:35<00:09,  3.33it/s]
(Worker_TP0 pid=1556062) Loading safetensors checkpoint shards:  49% Completed | 29/59 [00:36<00:08,  3.34it/s]
(Worker_TP0 pid=1556062) Loading safetensors checkpoint shards:  51% Completed | 30/59 [00:36<00:08,  3.25it/s]
(Worker_TP0 pid=1556062) Loading safetensors checkpoint shards:  53% Completed | 31/59 [00:36<00:08,  3.20it/s]
(Worker_TP0 pid=1556062) Loading safetensors checkpoint shards:  54% Completed | 32/59 [00:37<00:08,  3.17it/s]
(Worker_TP0 pid=1556062) Loading safetensors checkpoint shards:  56% Completed | 33/59 [00:37<00:08,  3.24it/s]
(Worker_TP0 pid=1556062) Loading safetensors checkpoint shards:  58% Completed | 34/59 [00:37<00:07,  3.21it/s]
(Worker_TP0 pid=1556062) Loading safetensors checkpoint shards:  59% Completed | 35/59 [00:37<00:07,  3.28it/s]
(Worker_TP0 pid=1556062) Loading safetensors checkpoint shards:  61% Completed | 36/59 [00:38<00:07,  3.24it/s]
(Worker_TP0 pid=1556062) Loading safetensors checkpoint shards:  63% Completed | 37/59 [00:38<00:06,  3.36it/s]
(Worker_TP0 pid=1556062) Loading safetensors checkpoint shards:  64% Completed | 38/59 [00:38<00:06,  3.36it/s]
(Worker_TP0 pid=1556062) Loading safetensors checkpoint shards:  66% Completed | 39/59 [00:39<00:05,  3.39it/s]
(Worker_TP0 pid=1556062) Loading safetensors checkpoint shards:  68% Completed | 40/59 [00:39<00:05,  3.42it/s]
(Worker_TP0 pid=1556062) Loading safetensors checkpoint shards:  69% Completed | 41/59 [00:39<00:05,  3.44it/s]
(Worker_TP0 pid=1556062) Loading safetensors checkpoint shards:  71% Completed | 42/59 [00:39<00:04,  3.54it/s]
(Worker_TP0 pid=1556062) Loading safetensors checkpoint shards:  73% Completed | 43/59 [00:40<00:04,  3.57it/s]
(Worker_TP0 pid=1556062) Loading safetensors checkpoint shards:  75% Completed | 44/59 [00:40<00:04,  3.46it/s]
(Worker_TP0 pid=1556062) Loading safetensors checkpoint shards:  76% Completed | 45/59 [00:40<00:04,  3.42it/s]
(Worker_TP0 pid=1556062) Loading safetensors checkpoint shards:  78% Completed | 46/59 [00:41<00:03,  3.42it/s]
(Worker_TP0 pid=1556062) Loading safetensors checkpoint shards:  80% Completed | 47/59 [00:41<00:03,  3.50it/s]
(Worker_TP0 pid=1556062) Loading safetensors checkpoint shards:  81% Completed | 48/59 [00:41<00:03,  3.40it/s]
(Worker_TP0 pid=1556062) Loading safetensors checkpoint shards:  83% Completed | 49/59 [00:42<00:02,  3.46it/s]
(Worker_TP0 pid=1556062) Loading safetensors checkpoint shards:  85% Completed | 50/59 [00:42<00:02,  3.42it/s]
(Worker_TP0 pid=1556062) Loading safetensors checkpoint shards:  86% Completed | 51/59 [00:42<00:02,  3.50it/s]
(Worker_TP0 pid=1556062) Loading safetensors checkpoint shards:  88% Completed | 52/59 [00:42<00:01,  3.55it/s]
(Worker_TP0 pid=1556062) Loading safetensors checkpoint shards:  90% Completed | 53/59 [00:43<00:01,  3.58it/s]
(Worker_TP0 pid=1556062) Loading safetensors checkpoint shards:  92% Completed | 54/59 [00:43<00:01,  3.50it/s]
(Worker_TP0 pid=1556062) Loading safetensors checkpoint shards:  93% Completed | 55/59 [00:43<00:01,  3.54it/s]
(Worker_TP0 pid=1556062) Loading safetensors checkpoint shards:  95% Completed | 56/59 [00:44<00:00,  3.49it/s]
(Worker_TP0 pid=1556062) Loading safetensors checkpoint shards:  97% Completed | 57/59 [00:44<00:00,  3.53it/s]
(Worker_TP0 pid=1556062) Loading safetensors checkpoint shards:  98% Completed | 58/59 [00:44<00:00,  3.44it/s]
(Worker_TP0 pid=1556062) Loading safetensors checkpoint shards: 100% Completed | 59/59 [00:44<00:00,  3.39it/s]
(Worker_TP0 pid=1556062) Loading safetensors checkpoint shards: 100% Completed | 59/59 [00:44<00:00,  1.31it/s]
(Worker_TP0 pid=1556062) 
(Worker_TP0 pid=1556062) INFO 08-25 19:35:22 [default_loader.py:430] Loading weights took 44.99 seconds
(Worker_TP0 pid=1556062) WARNING 08-25 19:35:22 [kv_cache.py:134] Checkpoint does not provide a q scaling factor. Setting it to k_scale. This only matters for FP8 Attention backends (flash-attn or flashinfer).
(Worker_TP0 pid=1556062) WARNING 08-25 19:35:22 [kv_cache.py:151] Using KV cache scaling factor 1.0 for fp8_e4m3. If this is unintended, verify that k/v_scale scaling factors are properly set in the checkpoint.
(Worker_TP0 pid=1556062) WARNING 08-25 19:35:22 [kv_cache.py:190] Using uncalibrated q_scale 1.0 and/or prob_scale 1.0 with fp8 attention. This may cause accuracy issues. Please make sure q/prob scaling factors are available in the fp8 checkpoint.
(Worker_TP0 pid=1556062) INFO 08-25 19:35:22 [mxfp4.py:1730] Using MoEPrepareAndFinalizeNoDPEPModular
(Worker_TP0 pid=1556062) INFO 08-25 19:35:22 [mxfp4.py:1731] Using AiterExperts
(Worker_TP0 pid=1556062) INFO 08-25 19:35:23 [gpu_model_runner.py:5332] Loading drafter model...
(Worker_TP2 pid=1556064) INFO 08-25 19:35:23 [kernel.py:306] Final IR op priority after setting platform defaults: IrOpPriorityConfig(rms_norm=['aiter', 'native'], fused_add_rms_norm=['aiter', 'native'])
(Worker_TP2 pid=1556064) INFO 08-25 19:35:23 [llama_eagle3.py:47] Using a 32768-token sliding attention window with full KV retention for all 1 Llama EAGLE3 draft layers.
(Worker_TP0 pid=1556062) INFO 08-25 19:35:23 [kernel.py:306] Final IR op priority after setting platform defaults: IrOpPriorityConfig(rms_norm=['aiter', 'native'], fused_add_rms_norm=['aiter', 'native'])
(Worker_TP0 pid=1556062) INFO 08-25 19:35:23 [llama_eagle3.py:47] Using a 32768-token sliding attention window with full KV retention for all 1 Llama EAGLE3 draft layers.
(Worker_TP2 pid=1556064) INFO 08-25 19:35:23 [weight_utils.py:829] Prefetching checkpoint files into page cache started (in background, num_threads=8, block_size=16777216 bytes)
(Worker_TP0 pid=1556062) INFO 08-25 19:35:23 [weight_utils.py:867] Filesystem type for checkpoints: NFS. Checkpoint size: 5.73 GiB. Available RAM: 2940.17 GiB.
(Worker_TP0 pid=1556062) INFO 08-25 19:35:23 [weight_utils.py:829] Prefetching checkpoint files into page cache started (in background, num_threads=8, block_size=16777216 bytes)
(Worker_TP0 pid=1556062) Loading safetensors checkpoint shards:   0% Completed | 0/1 [00:00<?, ?it/s]
(Worker_TP2 pid=1556064) INFO 08-25 19:35:23 [weight_utils.py:824] Prefetching checkpoint files into page cache finished in 0.02s
(Worker_TP0 pid=1556062) Loading safetensors checkpoint shards: 100% Completed | 1/1 [00:00<00:00, 68.44it/s]
(Worker_TP0 pid=1556062) 
(Worker_TP3 pid=1556065) INFO 08-25 19:35:23 [kernel.py:306] Final IR op priority after setting platform defaults: IrOpPriorityConfig(rms_norm=['aiter', 'native'], fused_add_rms_norm=['aiter', 'native'])
(Worker_TP3 pid=1556065) INFO 08-25 19:35:23 [llama_eagle3.py:47] Using a 32768-token sliding attention window with full KV retention for all 1 Llama EAGLE3 draft layers.
(Worker_TP1 pid=1556063) INFO 08-25 19:35:23 [kernel.py:306] Final IR op priority after setting platform defaults: IrOpPriorityConfig(rms_norm=['aiter', 'native'], fused_add_rms_norm=['aiter', 'native'])
(Worker_TP1 pid=1556063) INFO 08-25 19:35:23 [llama_eagle3.py:47] Using a 32768-token sliding attention window with full KV retention for all 1 Llama EAGLE3 draft layers.
(Worker_TP3 pid=1556065) INFO 08-25 19:35:23 [weight_utils.py:829] Prefetching checkpoint files into page cache started (in background, num_threads=8, block_size=16777216 bytes)
(Worker_TP3 pid=1556065) INFO 08-25 19:35:23 [weight_utils.py:824] Prefetching checkpoint files into page cache finished in 0.00s
(Worker_TP1 pid=1556063) INFO 08-25 19:35:23 [weight_utils.py:829] Prefetching checkpoint files into page cache started (in background, num_threads=8, block_size=16777216 bytes)
(Worker_TP1 pid=1556063) INFO 08-25 19:35:23 [weight_utils.py:824] Prefetching checkpoint files into page cache finished in 0.00s
(Worker_TP0 pid=1556062) INFO 08-25 19:35:29 [default_loader.py:430] Loading weights took 5.63 seconds
(Worker_TP0 pid=1556062) INFO 08-25 19:35:29 [llm_base_proposer.py:1465] Detected EAGLE model with embed_tokens identical to the target model. Sharing target model embedding weights with the draft model.
(Worker_TP0 pid=1556062) INFO 08-25 19:35:29 [llm_base_proposer.py:1551] Detected EAGLE model with distinct lm_head weights. Keeping separate lm_head weights from the target model.
(Worker_TP0 pid=1556062) INFO 08-25 19:35:29 [llm_base_proposer.py:1597] Detected MTP model with topk_indices_buffer. Sharing target model topk_indices_buffer with the draft model.
(Worker_TP0 pid=1556062) INFO 08-25 19:35:30 [gpu_model_runner.py:5405] Model loading took 57.7 GiB memory and 52.117598 seconds
(Worker_TP1 pid=1556063) INFO 08-25 19:35:30 [llm_base_proposer.py:1465] Detected EAGLE model with embed_tokens identical to the target model. Sharing target model embedding weights with the draft model.
(Worker_TP1 pid=1556063) INFO 08-25 19:35:31 [llm_base_proposer.py:1551] Detected EAGLE model with distinct lm_head weights. Keeping separate lm_head weights from the target model.
(Worker_TP1 pid=1556063) INFO 08-25 19:35:31 [llm_base_proposer.py:1597] Detected MTP model with topk_indices_buffer. Sharing target model topk_indices_buffer with the draft model.
(Worker_TP0 pid=1556062) INFO 08-25 19:35:31 [weight_utils.py:801] Prefetching checkpoint files: 10% (1/1)
(Worker_TP0 pid=1556062) INFO 08-25 19:35:31 [weight_utils.py:824] Prefetching checkpoint files into page cache finished in 7.65s
(Worker_TP2 pid=1556064) INFO 08-25 19:35:31 [llm_base_proposer.py:1465] Detected EAGLE model with embed_tokens identical to the target model. Sharing target model embedding weights with the draft model.
(Worker_TP2 pid=1556064) INFO 08-25 19:35:31 [llm_base_proposer.py:1551] Detected EAGLE model with distinct lm_head weights. Keeping separate lm_head weights from the target model.
(Worker_TP2 pid=1556064) INFO 08-25 19:35:31 [llm_base_proposer.py:1597] Detected MTP model with topk_indices_buffer. Sharing target model topk_indices_buffer with the draft model.
(Worker_TP3 pid=1556065) INFO 08-25 19:35:31 [llm_base_proposer.py:1465] Detected EAGLE model with embed_tokens identical to the target model. Sharing target model embedding weights with the draft model.
(Worker_TP3 pid=1556065) INFO 08-25 19:35:31 [llm_base_proposer.py:1551] Detected EAGLE model with distinct lm_head weights. Keeping separate lm_head weights from the target model.
(Worker_TP3 pid=1556065) INFO 08-25 19:35:31 [llm_base_proposer.py:1597] Detected MTP model with topk_indices_buffer. Sharing target model topk_indices_buffer with the draft model.
(Worker_TP1 pid=1556063) [aiter] merge tuned file under model_configs/ and configs/ /usr/local/lib/python3.12/dist-packages/aiter/configs/bf16_tuned_gemm.csv:/usr/local/lib/python3.12/dist-packages/aiter/configs/model_configs/dsv3_bf16_tuned_gemm.csv:/usr/local/lib/python3.12/dist-packages/aiter/configs/model_configs/dsv4_bf16_tuned_gemm.csv:/usr/local/lib/python3.12/dist-packages/aiter/configs/model_configs/glm47_bf16_tuned_gemm.csv:/usr/local/lib/python3.12/dist-packages/aiter/configs/model_configs/glm5_bf16_tuned_gemm.csv:/usr/local/lib/python3.12/dist-packages/aiter/configs/model_configs/gptoss_bf16_tuned_gemm.csv:/usr/local/lib/python3.12/dist-packages/aiter/configs/model_configs/kimi_bf16_tuned_gemm.csv:/usr/local/lib/python3.12/dist-packages/aiter/configs/model_configs/kimik2_bf16_tuned_gemm.csv:/usr/local/lib/python3.12/dist-packages/aiter/configs/model_configs/kimik3_bf16_tuned_gemm.csv:/usr/local/lib/python3.12/dist-packages/aiter/configs/model_configs/llama405B_bf16_tuned_gemm.csv:/usr/local/lib/python3.12/dist-packages/aiter/configs/model_configs/llama70B_bf16_tuned_gemm.csv:/usr/local/lib/python3.12/dist-packages/aiter/configs/model_configs/minimax_m3_eagle_bf16_tuned_gemm.csv:/usr/local/lib/python3.12/dist-packages/aiter/configs/model_configs/qwen32B_bf16_tuned_gemm.csv:/usr/local/lib/python3.12/dist-packages/aiter/configs/model_configs/qwen3_5_397b_bf16_tuned_gemm.csv
(Worker_TP0 pid=1556062) [aiter] merge tuned file under model_configs/ and configs/ /usr/local/lib/python3.12/dist-packages/aiter/configs/bf16_tuned_gemm.csv:/usr/local/lib/python3.12/dist-packages/aiter/configs/model_configs/dsv3_bf16_tuned_gemm.csv:/usr/local/lib/python3.12/dist-packages/aiter/configs/model_configs/dsv4_bf16_tuned_gemm.csv:/usr/local/lib/python3.12/dist-packages/aiter/configs/model_configs/glm47_bf16_tuned_gemm.csv:/usr/local/lib/python3.12/dist-packages/aiter/configs/model_configs/glm5_bf16_tuned_gemm.csv:/usr/local/lib/python3.12/dist-packages/aiter/configs/model_configs/gptoss_bf16_tuned_gemm.csv:/usr/local/lib/python3.12/dist-packages/aiter/configs/model_configs/kimi_bf16_tuned_gemm.csv:/usr/local/lib/python3.12/dist-packages/aiter/configs/model_configs/kimik2_bf16_tuned_gemm.csv:/usr/local/lib/python3.12/dist-packages/aiter/configs/model_configs/kimik3_bf16_tuned_gemm.csv:/usr/local/lib/python3.12/dist-packages/aiter/configs/model_configs/llama405B_bf16_tuned_gemm.csv:/usr/local/lib/python3.12/dist-packages/aiter/configs/model_configs/llama70B_bf16_tuned_gemm.csv:/usr/local/lib/python3.12/dist-packages/aiter/configs/model_configs/minimax_m3_eagle_bf16_tuned_gemm.csv:/usr/local/lib/python3.12/dist-packages/aiter/configs/model_configs/qwen32B_bf16_tuned_gemm.csv:/usr/local/lib/python3.12/dist-packages/aiter/configs/model_configs/qwen3_5_397b_bf16_tuned_gemm.csv
(Worker_TP3 pid=1556065) [aiter] merge tuned file under model_configs/ and configs/ /usr/local/lib/python3.12/dist-packages/aiter/configs/bf16_tuned_gemm.csv:/usr/local/lib/python3.12/dist-packages/aiter/configs/model_configs/dsv3_bf16_tuned_gemm.csv:/usr/local/lib/python3.12/dist-packages/aiter/configs/model_configs/dsv4_bf16_tuned_gemm.csv:/usr/local/lib/python3.12/dist-packages/aiter/configs/model_configs/glm47_bf16_tuned_gemm.csv:/usr/local/lib/python3.12/dist-packages/aiter/configs/model_configs/glm5_bf16_tuned_gemm.csv:/usr/local/lib/python3.12/dist-packages/aiter/configs/model_configs/gptoss_bf16_tuned_gemm.csv:/usr/local/lib/python3.12/dist-packages/aiter/configs/model_configs/kimi_bf16_tuned_gemm.csv:/usr/local/lib/python3.12/dist-packages/aiter/configs/model_configs/kimik2_bf16_tuned_gemm.csv:/usr/local/lib/python3.12/dist-packages/aiter/configs/model_configs/kimik3_bf16_tuned_gemm.csv:/usr/local/lib/python3.12/dist-packages/aiter/configs/model_configs/llama405B_bf16_tuned_gemm.csv:/usr/local/lib/python3.12/dist-packages/aiter/configs/model_configs/llama70B_bf16_tuned_gemm.csv:/usr/local/lib/python3.12/dist-packages/aiter/configs/model_configs/minimax_m3_eagle_bf16_tuned_gemm.csv:/usr/local/lib/python3.12/dist-packages/aiter/configs/model_configs/qwen32B_bf16_tuned_gemm.csv:/usr/local/lib/python3.12/dist-packages/aiter/configs/model_configs/qwen3_5_397b_bf16_tuned_gemm.csv
(Worker_TP2 pid=1556064) [aiter] merge tuned file under model_configs/ and configs/ /usr/local/lib/python3.12/dist-packages/aiter/configs/bf16_tuned_gemm.csv:/usr/local/lib/python3.12/dist-packages/aiter/configs/model_configs/dsv3_bf16_tuned_gemm.csv:/usr/local/lib/python3.12/dist-packages/aiter/configs/model_configs/dsv4_bf16_tuned_gemm.csv:/usr/local/lib/python3.12/dist-packages/aiter/configs/model_configs/glm47_bf16_tuned_gemm.csv:/usr/local/lib/python3.12/dist-packages/aiter/configs/model_configs/glm5_bf16_tuned_gemm.csv:/usr/local/lib/python3.12/dist-packages/aiter/configs/model_configs/gptoss_bf16_tuned_gemm.csv:/usr/local/lib/python3.12/dist-packages/aiter/configs/model_configs/kimi_bf16_tuned_gemm.csv:/usr/local/lib/python3.12/dist-packages/aiter/configs/model_configs/kimik2_bf16_tuned_gemm.csv:/usr/local/lib/python3.12/dist-packages/aiter/configs/model_configs/kimik3_bf16_tuned_gemm.csv:/usr/local/lib/python3.12/dist-packages/aiter/configs/model_configs/llama405B_bf16_tuned_gemm.csv:/usr/local/lib/python3.12/dist-packages/aiter/configs/model_configs/llama70B_bf16_tuned_gemm.csv:/usr/local/lib/python3.12/dist-packages/aiter/configs/model_configs/minimax_m3_eagle_bf16_tuned_gemm.csv:/usr/local/lib/python3.12/dist-packages/aiter/configs/model_configs/qwen32B_bf16_tuned_gemm.csv:/usr/local/lib/python3.12/dist-packages/aiter/configs/model_configs/qwen3_5_397b_bf16_tuned_gemm.csv
(Worker_TP1 pid=1556063) [aiter] [pid=1556063 pname=VllmWorker-1] start build [module_gemm_a16w16_asm] under /tmp/inferencex-minimaxm3-1413/home/.aiter/jit/build/module_gemm_a16w16_asm
(Worker_TP0 pid=1556062) [aiter] [pid=1556062 pname=VllmWorker-0] waiting for baton release at /tmp/inferencex-minimaxm3-1413/home/.aiter/jit/build/lock_module_gemm_a16w16_asm
(Worker_TP3 pid=1556065) [aiter] [pid=1556065 pname=VllmWorker-3] waiting for baton release at /tmp/inferencex-minimaxm3-1413/home/.aiter/jit/build/lock_module_gemm_a16w16_asm
(Worker_TP2 pid=1556064) [aiter] [pid=1556064 pname=VllmWorker-2] waiting for baton release at /tmp/inferencex-minimaxm3-1413/home/.aiter/jit/build/lock_module_gemm_a16w16_asm
(Worker_TP1 pid=1556063) [aiter] Current hipcc not support: -mllvm -amdgpu-coerce-illegal-types=1, skip it.
/usr/local/lib/python3.12/dist-packages/aiter_meta/hsa/codegen.py:14: Pandas4Warning: 'future.no_silent_downcasting' is deprecated, please refrain from using it.
  pd.set_option("future.no_silent_downcasting", True)
/usr/local/lib/python3.12/dist-packages/aiter_meta/hsa/codegen.py:153: Pandas4Warning: The copy keyword is deprecated and will be removed in a future version. Copy-on-Write is active in pandas since 3.0 which utilizes a lazy copy mechanism that defers copies until necessary. Use .copy() to make an eager copy if necessary.
  pd.concat(dfs, ignore_index=True).fillna(0).infer_objects(copy=False)
(Worker_TP1 pid=1556063) [aiter] [pid=1556063 pname=VllmWorker-1] [32mfinish build [module_gemm_a16w16_asm], cost 6.8s [0m
[aiter] LoadKernel: _ZN5aiter24bf16gemm_bf16_tn_256x256E hsaco: /usr/local/lib/python3.12/dist-packages/aiter_meta/hsa//gfx950/bf16gemm/bf16gemm_bf16_tn_256x256.co
[aiter] LoadKernel: _ZN5aiter24bf16gemm_bf16_tn_256x256E hsaco: /usr/local/lib/python3.12/dist-packages/aiter_meta/hsa//gfx950/bf16gemm/bf16gemm_bf16_tn_256x256.co
[aiter] LoadKernel: _ZN5aiter24bf16gemm_bf16_tn_256x256E hsaco: /usr/local/lib/python3.12/dist-packages/aiter_meta/hsa//gfx950/bf16gemm/bf16gemm_bf16_tn_256x256.co
[aiter] LoadKernel: _ZN5aiter24bf16gemm_bf16_tn_256x256E hsaco: /usr/local/lib/python3.12/dist-packages/aiter_meta/hsa//gfx950/bf16gemm/bf16gemm_bf16_tn_256x256.co
(Worker_TP3 pid=1556065) [aiter] [pid=1556065 pname=VllmWorker-3] start build [module_gemm_common] under /tmp/inferencex-minimaxm3-1413/home/.aiter/jit/build/module_gemm_common
(Worker_TP1 pid=1556063) [aiter] [pid=1556063 pname=VllmWorker-1] waiting for baton release at /tmp/inferencex-minimaxm3-1413/home/.aiter/jit/build/lock_module_gemm_common
(Worker_TP0 pid=1556062) [aiter] [pid=1556062 pname=VllmWorker-0] waiting for baton release at /tmp/inferencex-minimaxm3-1413/home/.aiter/jit/build/lock_module_gemm_common
(Worker_TP2 pid=1556064) [aiter] [pid=1556064 pname=VllmWorker-2] waiting for baton release at /tmp/inferencex-minimaxm3-1413/home/.aiter/jit/build/lock_module_gemm_common
(Worker_TP3 pid=1556065) [aiter] Current hipcc not support: -mllvm -amdgpu-coerce-illegal-types=1, skip it.
(Worker_TP3 pid=1556065) [aiter] [pid=1556065 pname=VllmWorker-3] [32mfinish build [module_gemm_common], cost 4.3s [0m
(Worker_TP3 pid=1556065) [aiter] shape is M:32768, N:128, K:6144 dtype='torch.float32' otype='torch.float32' bias=False, scaleAB=False, bpreshuffle=False, not found tuned config in /tmp/aiter_configs/bf16_tuned_gemm.csv, will use default config! using torch solution:0
(Worker_TP2 pid=1556064) [aiter] shape is M:32768, N:128, K:6144 dtype='torch.float32' otype='torch.float32' bias=False, scaleAB=False, bpreshuffle=False, not found tuned config in /tmp/aiter_configs/bf16_tuned_gemm.csv, will use default config! using torch solution:0
(Worker_TP1 pid=1556063) [aiter] shape is M:32768, N:128, K:6144 dtype='torch.float32' otype='torch.float32' bias=False, scaleAB=False, bpreshuffle=False, not found tuned config in /tmp/aiter_configs/bf16_tuned_gemm.csv, will use default config! using torch solution:0
(Worker_TP0 pid=1556062) [aiter] shape is M:32768, N:128, K:6144 dtype='torch.float32' otype='torch.float32' bias=False, scaleAB=False, bpreshuffle=False, not found tuned config in /tmp/aiter_configs/bf16_tuned_gemm.csv, will use default config! using torch solution:0
(Worker_TP3 pid=1556065) [aiter] [pid=1556065 pname=VllmWorker-3] start build [module_moe_asm] under /tmp/inferencex-minimaxm3-1413/home/.aiter/jit/build/module_moe_asm
(Worker_TP0 pid=1556062) [aiter] [pid=1556062 pname=VllmWorker-0] waiting for baton release at /tmp/inferencex-minimaxm3-1413/home/.aiter/jit/build/lock_module_moe_asm
(Worker_TP2 pid=1556064) [aiter] [pid=1556064 pname=VllmWorker-2] waiting for baton release at /tmp/inferencex-minimaxm3-1413/home/.aiter/jit/build/lock_module_moe_asm
(Worker_TP1 pid=1556063) [aiter] [pid=1556063 pname=VllmWorker-1] waiting for baton release at /tmp/inferencex-minimaxm3-1413/home/.aiter/jit/build/lock_module_moe_asm
(Worker_TP3 pid=1556065) [aiter] [pid=1556065 pname=VllmWorker-3] [32mfinish build [module_moe_asm], cost 11.9s [0m
(Worker_TP3 pid=1556065) [aiter] import [module_moe_asm] under /tmp/inferencex-minimaxm3-1413/home/.aiter/jit/module_moe_asm.so
(Worker_TP2 pid=1556064) [aiter] import [module_moe_asm] under /tmp/inferencex-minimaxm3-1413/home/.aiter/jit/module_moe_asm.so
(Worker_TP3 pid=1556065) [aiter] merge tuned file under model_configs/ and configs/ /usr/local/lib/python3.12/dist-packages/aiter/configs/tuned_fmoe.csv:/usr/local/lib/python3.12/dist-packages/aiter/configs/model_configs/a8w8_blockscale_tuned_fmoe_ds_v3.csv:/usr/local/lib/python3.12/dist-packages/aiter/configs/model_configs/a8w8_blockscale_tuned_fmoe_glm5.csv:/usr/local/lib/python3.12/dist-packages/aiter/configs/model_configs/a8w8_blockscale_tuned_fmoe_glm5_1.csv:/usr/local/lib/python3.12/dist-packages/aiter/configs/model_configs/a8w8_blockscale_tuned_fmoe_minimax-m2_5.csv:/usr/local/lib/python3.12/dist-packages/aiter/configs/model_configs/a8w8_blockscale_tuned_fmoe_qwen3_235b.csv:/usr/local/lib/python3.12/dist-packages/aiter/configs/model_configs/a8w8_blockscale_tuned_fmoe_qwen3_5_397b.csv:/usr/local/lib/python3.12/dist-packages/aiter/configs/model_configs/dsv3_fp4_tuned_fmoe.csv:/usr/local/lib/python3.12/dist-packages/aiter/configs/model_configs/dsv4_fp8fp4_tuned_fmoe.csv:/usr/local/lib/python3.12/dist-packages/aiter/configs/model_configs/glm47_fp8_tuned_fmoe.csv:/usr/local/lib/python3.12/dist-packages/aiter/configs/model_configs/glm5_fp4_tuned_fmoe.csv:/usr/local/lib/python3.12/dist-packages/aiter/configs/model_configs/glm5_mxfp8_tuned_fmoe.csv:/usr/local/lib/python3.12/dist-packages/aiter/configs/model_configs/glm5_ptpc_tuned_fmoe.csv:/usr/local/lib/python3.12/dist-packages/aiter/configs/model_configs/gptoss_a16w4_tuned_fmoe.csv:/usr/local/lib/python3.12/dist-packages/aiter/configs/model_configs/gptoss_fp4_tuned_fmoe.csv:/usr/local/lib/python3.12/dist-packages/aiter/configs/model_configs/gptoss_fp8fp4_tuned_fmoe.csv:/usr/local/lib/python3.12/dist-packages/aiter/configs/model_configs/kimik2_fp4_tuned_fmoe.csv:/usr/local/lib/python3.12/dist-packages/aiter/configs/model_configs/kimik2_fp8fp4_tuned_fmoe.csv:/usr/local/lib/python3.12/dist-packages/aiter/configs/model_configs/kimik2_i4_tuned_fmoe.csv:/usr/local/lib/python3.12/dist-packages/aiter/configs/model_configs/kimik3_a8w4_tuned_fmoe.csv:/usr/local/lib/python3.12/dist-packages/aiter/configs/model_configs/kimik3_fp4_tuned_fmoe.csv:/usr/local/lib/python3.12/dist-packages/aiter/configs/model_configs/mimo_v2_5_pro_tuned_fmoe.csv:/usr/local/lib/python3.12/dist-packages/aiter/configs/model_configs/minimax_m25_fp4_tuned_fmoe.csv:/usr/local/lib/python3.12/dist-packages/aiter/configs/model_configs/minimax_m3_fp4_tuned_fmoe.csv:/usr/local/lib/python3.12/dist-packages/aiter/configs/model_configs/minimax_m3_mxfp8_tuned_fmoe.csv:/usr/local/lib/python3.12/dist-packages/aiter/configs/model_configs/qwen3_235b_bf16_tuned_fmoe.csv:/usr/local/lib/python3.12/dist-packages/aiter/configs/model_configs/qwen3_5_397b_fp4_tuned_fmoe.csv:/usr/local/lib/python3.12/dist-packages/aiter/configs/model_configs/qwen3next_80b_fp8_tuned_fmoe.csv
(Worker_TP1 pid=1556063) [aiter] import [module_moe_asm] under /tmp/inferencex-minimaxm3-1413/home/.aiter/jit/module_moe_asm.so
(Worker_TP2 pid=1556064) [aiter] merge tuned file under model_configs/ and configs/ /usr/local/lib/python3.12/dist-packages/aiter/configs/tuned_fmoe.csv:/usr/local/lib/python3.12/dist-packages/aiter/configs/model_configs/a8w8_blockscale_tuned_fmoe_ds_v3.csv:/usr/local/lib/python3.12/dist-packages/aiter/configs/model_configs/a8w8_blockscale_tuned_fmoe_glm5.csv:/usr/local/lib/python3.12/dist-packages/aiter/configs/model_configs/a8w8_blockscale_tuned_fmoe_glm5_1.csv:/usr/local/lib/python3.12/dist-packages/aiter/configs/model_configs/a8w8_blockscale_tuned_fmoe_minimax-m2_5.csv:/usr/local/lib/python3.12/dist-packages/aiter/configs/model_configs/a8w8_blockscale_tuned_fmoe_qwen3_235b.csv:/usr/local/lib/python3.12/dist-packages/aiter/configs/model_configs/a8w8_blockscale_tuned_fmoe_qwen3_5_397b.csv:/usr/local/lib/python3.12/dist-packages/aiter/configs/model_configs/dsv3_fp4_tuned_fmoe.csv:/usr/local/lib/python3.12/dist-packages/aiter/configs/model_configs/dsv4_fp8fp4_tuned_fmoe.csv:/usr/local/lib/python3.12/dist-packages/aiter/configs/model_configs/glm47_fp8_tuned_fmoe.csv:/usr/local/lib/python3.12/dist-packages/aiter/configs/model_configs/glm5_fp4_tuned_fmoe.csv:/usr/local/lib/python3.12/dist-packages/aiter/configs/model_configs/glm5_mxfp8_tuned_fmoe.csv:/usr/local/lib/python3.12/dist-packages/aiter/configs/model_configs/glm5_ptpc_tuned_fmoe.csv:/usr/local/lib/python3.12/dist-packages/aiter/configs/model_configs/gptoss_a16w4_tuned_fmoe.csv:/usr/local/lib/python3.12/dist-packages/aiter/configs/model_configs/gptoss_fp4_tuned_fmoe.csv:/usr/local/lib/python3.12/dist-packages/aiter/configs/model_configs/gptoss_fp8fp4_tuned_fmoe.csv:/usr/local/lib/python3.12/dist-packages/aiter/configs/model_configs/kimik2_fp4_tuned_fmoe.csv:/usr/local/lib/python3.12/dist-packages/aiter/configs/model_configs/kimik2_fp8fp4_tuned_fmoe.csv:/usr/local/lib/python3.12/dist-packages/aiter/configs/model_configs/kimik2_i4_tuned_fmoe.csv:/usr/local/lib/python3.12/dist-packages/aiter/configs/model_configs/kimik3_a8w4_tuned_fmoe.csv:/usr/local/lib/python3.12/dist-packages/aiter/configs/model_configs/kimik3_fp4_tuned_fmoe.csv:/usr/local/lib/python3.12/dist-packages/aiter/configs/model_configs/mimo_v2_5_pro_tuned_fmoe.csv:/usr/local/lib/python3.12/dist-packages/aiter/configs/model_configs/minimax_m25_fp4_tuned_fmoe.csv:/usr/local/lib/python3.12/dist-packages/aiter/configs/model_configs/minimax_m3_fp4_tuned_fmoe.csv:/usr/local/lib/python3.12/dist-packages/aiter/configs/model_configs/minimax_m3_mxfp8_tuned_fmoe.csv:/usr/local/lib/python3.12/dist-packages/aiter/configs/model_configs/qwen3_235b_bf16_tuned_fmoe.csv:/usr/local/lib/python3.12/dist-packages/aiter/configs/model_configs/qwen3_5_397b_fp4_tuned_fmoe.csv:/usr/local/lib/python3.12/dist-packages/aiter/configs/model_configs/qwen3next_80b_fp8_tuned_fmoe.csv
(Worker_TP3 pid=1556065) [aiter] [fused_moe] duplicate tuned rows after disabling act_type in /tmp/aiter_configs/tuned_fmoe.csv; keeping first match for 449 rows
(Worker_TP1 pid=1556063) [aiter] merge tuned file under model_configs/ and configs/ /usr/local/lib/python3.12/dist-packages/aiter/configs/tuned_fmoe.csv:/usr/local/lib/python3.12/dist-packages/aiter/configs/model_configs/a8w8_blockscale_tuned_fmoe_ds_v3.csv:/usr/local/lib/python3.12/dist-packages/aiter/configs/model_configs/a8w8_blockscale_tuned_fmoe_glm5.csv:/usr/local/lib/python3.12/dist-packages/aiter/configs/model_configs/a8w8_blockscale_tuned_fmoe_glm5_1.csv:/usr/local/lib/python3.12/dist-packages/aiter/configs/model_configs/a8w8_blockscale_tuned_fmoe_minimax-m2_5.csv:/usr/local/lib/python3.12/dist-packages/aiter/configs/model_configs/a8w8_blockscale_tuned_fmoe_qwen3_235b.csv:/usr/local/lib/python3.12/dist-packages/aiter/configs/model_configs/a8w8_blockscale_tuned_fmoe_qwen3_5_397b.csv:/usr/local/lib/python3.12/dist-packages/aiter/configs/model_configs/dsv3_fp4_tuned_fmoe.csv:/usr/local/lib/python3.12/dist-packages/aiter/configs/model_configs/dsv4_fp8fp4_tuned_fmoe.csv:/usr/local/lib/python3.12/dist-packages/aiter/configs/model_configs/glm47_fp8_tuned_fmoe.csv:/usr/local/lib/python3.12/dist-packages/aiter/configs/model_configs/glm5_fp4_tuned_fmoe.csv:/usr/local/lib/python3.12/dist-packages/aiter/configs/model_configs/glm5_mxfp8_tuned_fmoe.csv:/usr/local/lib/python3.12/dist-packages/aiter/configs/model_configs/glm5_ptpc_tuned_fmoe.csv:/usr/local/lib/python3.12/dist-packages/aiter/configs/model_configs/gptoss_a16w4_tuned_fmoe.csv:/usr/local/lib/python3.12/dist-packages/aiter/configs/model_configs/gptoss_fp4_tuned_fmoe.csv:/usr/local/lib/python3.12/dist-packages/aiter/configs/model_configs/gptoss_fp8fp4_tuned_fmoe.csv:/usr/local/lib/python3.12/dist-packages/aiter/configs/model_configs/kimik2_fp4_tuned_fmoe.csv:/usr/local/lib/python3.12/dist-packages/aiter/configs/model_configs/kimik2_fp8fp4_tuned_fmoe.csv:/usr/local/lib/python3.12/dist-packages/aiter/configs/model_configs/kimik2_i4_tuned_fmoe.csv:/usr/local/lib/python3.12/dist-packages/aiter/configs/model_configs/kimik3_a8w4_tuned_fmoe.csv:/usr/local/lib/python3.12/dist-packages/aiter/configs/model_configs/kimik3_fp4_tuned_fmoe.csv:/usr/local/lib/python3.12/dist-packages/aiter/configs/model_configs/mimo_v2_5_pro_tuned_fmoe.csv:/usr/local/lib/python3.12/dist-packages/aiter/configs/model_configs/minimax_m25_fp4_tuned_fmoe.csv:/usr/local/lib/python3.12/dist-packages/aiter/configs/model_configs/minimax_m3_fp4_tuned_fmoe.csv:/usr/local/lib/python3.12/dist-packages/aiter/configs/model_configs/minimax_m3_mxfp8_tuned_fmoe.csv:/usr/local/lib/python3.12/dist-packages/aiter/configs/model_configs/qwen3_235b_bf16_tuned_fmoe.csv:/usr/local/lib/python3.12/dist-packages/aiter/configs/model_configs/qwen3_5_397b_fp4_tuned_fmoe.csv:/usr/local/lib/python3.12/dist-packages/aiter/configs/model_configs/qwen3next_80b_fp8_tuned_fmoe.csv
(Worker_TP0 pid=1556062) [aiter] import [module_moe_asm] under /tmp/inferencex-minimaxm3-1413/home/.aiter/jit/module_moe_asm.so
(Worker_TP3 pid=1556065) [aiter] [fused_moe] using 2stage (kernelName1='flydsl_moe1_afp4_wfp4_bf16_t128x128x256_w3_bnt0_xcd4', kernelName2='flydsl_moe2_afp4_wfp4_bf16_t64x256x256_reduce_xcd4_persist_sbm128') for ('gfx950', 256, 32768, 6144, 768, 129, 5, 'ActivationType.Swiglu', 'torch.bfloat16', 'torch.float4_e2m1fn_x2', 'torch.float4_e2m1fn_x2', 'QuantType.per_1x32', True, False) 
(Worker_TP3 pid=1556065) [aiter] [pid=1556065 pname=VllmWorker-3] start build [module_moe_sorting_opus] under /tmp/inferencex-minimaxm3-1413/home/.aiter/jit/build/module_moe_sorting_opus
(Worker_TP2 pid=1556064) [aiter] [fused_moe] duplicate tuned rows after disabling act_type in /tmp/aiter_configs/tuned_fmoe.csv; keeping first match for 449 rows
(Worker_TP2 pid=1556064) [aiter] [fused_moe] using 2stage (kernelName1='flydsl_moe1_afp4_wfp4_bf16_t128x128x256_w3_bnt0_xcd4', kernelName2='flydsl_moe2_afp4_wfp4_bf16_t64x256x256_reduce_xcd4_persist_sbm128') for ('gfx950', 256, 32768, 6144, 768, 129, 5, 'ActivationType.Swiglu', 'torch.bfloat16', 'torch.float4_e2m1fn_x2', 'torch.float4_e2m1fn_x2', 'QuantType.per_1x32', True, False) 
(Worker_TP2 pid=1556064) [aiter] [pid=1556064 pname=VllmWorker-2] waiting for baton release at /tmp/inferencex-minimaxm3-1413/home/.aiter/jit/build/lock_module_moe_sorting_opus
(Worker_TP0 pid=1556062) [aiter] merge tuned file under model_configs/ and configs/ /usr/local/lib/python3.12/dist-packages/aiter/configs/tuned_fmoe.csv:/usr/local/lib/python3.12/dist-packages/aiter/configs/model_configs/a8w8_blockscale_tuned_fmoe_ds_v3.csv:/usr/local/lib/python3.12/dist-packages/aiter/configs/model_configs/a8w8_blockscale_tuned_fmoe_glm5.csv:/usr/local/lib/python3.12/dist-packages/aiter/configs/model_configs/a8w8_blockscale_tuned_fmoe_glm5_1.csv:/usr/local/lib/python3.12/dist-packages/aiter/configs/model_configs/a8w8_blockscale_tuned_fmoe_minimax-m2_5.csv:/usr/local/lib/python3.12/dist-packages/aiter/configs/model_configs/a8w8_blockscale_tuned_fmoe_qwen3_235b.csv:/usr/local/lib/python3.12/dist-packages/aiter/configs/model_configs/a8w8_blockscale_tuned_fmoe_qwen3_5_397b.csv:/usr/local/lib/python3.12/dist-packages/aiter/configs/model_configs/dsv3_fp4_tuned_fmoe.csv:/usr/local/lib/python3.12/dist-packages/aiter/configs/model_configs/dsv4_fp8fp4_tuned_fmoe.csv:/usr/local/lib/python3.12/dist-packages/aiter/configs/model_configs/glm47_fp8_tuned_fmoe.csv:/usr/local/lib/python3.12/dist-packages/aiter/configs/model_configs/glm5_fp4_tuned_fmoe.csv:/usr/local/lib/python3.12/dist-packages/aiter/configs/model_configs/glm5_mxfp8_tuned_fmoe.csv:/usr/local/lib/python3.12/dist-packages/aiter/configs/model_configs/glm5_ptpc_tuned_fmoe.csv:/usr/local/lib/python3.12/dist-packages/aiter/configs/model_configs/gptoss_a16w4_tuned_fmoe.csv:/usr/local/lib/python3.12/dist-packages/aiter/configs/model_configs/gptoss_fp4_tuned_fmoe.csv:/usr/local/lib/python3.12/dist-packages/aiter/configs/model_configs/gptoss_fp8fp4_tuned_fmoe.csv:/usr/local/lib/python3.12/dist-packages/aiter/configs/model_configs/kimik2_fp4_tuned_fmoe.csv:/usr/local/lib/python3.12/dist-packages/aiter/configs/model_configs/kimik2_fp8fp4_tuned_fmoe.csv:/usr/local/lib/python3.12/dist-packages/aiter/configs/model_configs/kimik2_i4_tuned_fmoe.csv:/usr/local/lib/python3.12/dist-packages/aiter/configs/model_configs/kimik3_a8w4_tuned_fmoe.csv:/usr/local/lib/python3.12/dist-packages/aiter/configs/model_configs/kimik3_fp4_tuned_fmoe.csv:/usr/local/lib/python3.12/dist-packages/aiter/configs/model_configs/mimo_v2_5_pro_tuned_fmoe.csv:/usr/local/lib/python3.12/dist-packages/aiter/configs/model_configs/minimax_m25_fp4_tuned_fmoe.csv:/usr/local/lib/python3.12/dist-packages/aiter/configs/model_configs/minimax_m3_fp4_tuned_fmoe.csv:/usr/local/lib/python3.12/dist-packages/aiter/configs/model_configs/minimax_m3_mxfp8_tuned_fmoe.csv:/usr/local/lib/python3.12/dist-packages/aiter/configs/model_configs/qwen3_235b_bf16_tuned_fmoe.csv:/usr/local/lib/python3.12/dist-packages/aiter/configs/model_configs/qwen3_5_397b_fp4_tuned_fmoe.csv:/usr/local/lib/python3.12/dist-packages/aiter/configs/model_configs/qwen3next_80b_fp8_tuned_fmoe.csv
(Worker_TP1 pid=1556063) [aiter] [fused_moe] duplicate tuned rows after disabling act_type in /tmp/aiter_configs/tuned_fmoe.csv; keeping first match for 449 rows
(Worker_TP1 pid=1556063) [aiter] [fused_moe] using 2stage (kernelName1='flydsl_moe1_afp4_wfp4_bf16_t128x128x256_w3_bnt0_xcd4', kernelName2='flydsl_moe2_afp4_wfp4_bf16_t64x256x256_reduce_xcd4_persist_sbm128') for ('gfx950', 256, 32768, 6144, 768, 129, 5, 'ActivationType.Swiglu', 'torch.bfloat16', 'torch.float4_e2m1fn_x2', 'torch.float4_e2m1fn_x2', 'QuantType.per_1x32', True, False) 
(Worker_TP1 pid=1556063) [aiter] [pid=1556063 pname=VllmWorker-1] waiting for baton release at /tmp/inferencex-minimaxm3-1413/home/.aiter/jit/build/lock_module_moe_sorting_opus
(Worker_TP0 pid=1556062) [aiter] [fused_moe] duplicate tuned rows after disabling act_type in /tmp/aiter_configs/tuned_fmoe.csv; keeping first match for 449 rows
(Worker_TP0 pid=1556062) [aiter] [fused_moe] using 2stage (kernelName1='flydsl_moe1_afp4_wfp4_bf16_t128x128x256_w3_bnt0_xcd4', kernelName2='flydsl_moe2_afp4_wfp4_bf16_t64x256x256_reduce_xcd4_persist_sbm128') for ('gfx950', 256, 32768, 6144, 768, 129, 5, 'ActivationType.Swiglu', 'torch.bfloat16', 'torch.float4_e2m1fn_x2', 'torch.float4_e2m1fn_x2', 'QuantType.per_1x32', True, False) 
(Worker_TP0 pid=1556062) [aiter] [pid=1556062 pname=VllmWorker-0] waiting for baton release at /tmp/inferencex-minimaxm3-1413/home/.aiter/jit/build/lock_module_moe_sorting_opus
(Worker_TP3 pid=1556065) [aiter] [pid=1556065 pname=VllmWorker-3] [32mfinish build [module_moe_sorting_opus], cost 6.4s [0m
(Worker_TP3 pid=1556065) [aiter] import [module_moe_sorting_opus] under /tmp/inferencex-minimaxm3-1413/home/.aiter/jit/module_moe_sorting_opus.so
(Worker_TP3 pid=1556065) [aiter] [pid=1556065 pname=VllmWorker-3] start build [module_quant] under /tmp/inferencex-minimaxm3-1413/home/.aiter/jit/build/module_quant
(Worker_TP2 pid=1556064) [aiter] import [module_moe_sorting_opus] under /tmp/inferencex-minimaxm3-1413/home/.aiter/jit/module_moe_sorting_opus.so
(Worker_TP2 pid=1556064) [aiter] [pid=1556064 pname=VllmWorker-2] waiting for baton release at /tmp/inferencex-minimaxm3-1413/home/.aiter/jit/build/lock_module_quant
(Worker_TP1 pid=1556063) [aiter] import [module_moe_sorting_opus] under /tmp/inferencex-minimaxm3-1413/home/.aiter/jit/module_moe_sorting_opus.so
(Worker_TP1 pid=1556063) [aiter] [pid=1556063 pname=VllmWorker-1] waiting for baton release at /tmp/inferencex-minimaxm3-1413/home/.aiter/jit/build/lock_module_quant
(Worker_TP0 pid=1556062) [aiter] import [module_moe_sorting_opus] under /tmp/inferencex-minimaxm3-1413/home/.aiter/jit/module_moe_sorting_opus.so
(Worker_TP0 pid=1556062) [aiter] [pid=1556062 pname=VllmWorker-0] waiting for baton release at /tmp/inferencex-minimaxm3-1413/home/.aiter/jit/build/lock_module_quant
(Worker_TP3 pid=1556065) [aiter] [pid=1556065 pname=VllmWorker-3] [32mfinish build [module_quant], cost 12.4s [0m
(Worker_TP3 pid=1556065) [aiter] import [module_quant] under /tmp/inferencex-minimaxm3-1413/home/.aiter/jit/module_quant.so
(Worker_TP2 pid=1556064) [aiter] import [module_quant] under /tmp/inferencex-minimaxm3-1413/home/.aiter/jit/module_quant.so
(Worker_TP1 pid=1556063) [aiter] import [module_quant] under /tmp/inferencex-minimaxm3-1413/home/.aiter/jit/module_quant.so
(Worker_TP0 pid=1556062) [aiter] import [module_quant] under /tmp/inferencex-minimaxm3-1413/home/.aiter/jit/module_quant.so
(Worker_TP0 pid=1556062) INFO 08-25 19:36:23 [backends.py:1094] Using cache directory: /tmp/inferencex-minimaxm3-1413/home/.cache/vllm/torch_compile_cache/d3453d8e6c/rank_0_0/eagle_head for vLLM's torch.compile
(Worker_TP0 pid=1556062) INFO 08-25 19:36:23 [backends.py:1155] Dynamo bytecode transform time: 0.41 s
(Worker_TP0 pid=1556062) INFO 08-25 19:36:26 [backends.py:378] Cache the graph of compile range (1, 5461) for later use
(Worker_TP0 pid=1556062) INFO 08-25 19:36:27 [backends.py:378] Cache the graph of compile range (5462, 32768) for later use
(Worker_TP0 pid=1556062) INFO 08-25 19:36:27 [backends.py:393] Compiling a graph for compile range (1, 5461) takes 1.10 s
(Worker_TP1 pid=1556063) [aiter] [pid=1556063 pname=VllmWorker-1] start build [module_rmsnorm_quant] under /tmp/inferencex-minimaxm3-1413/home/.aiter/jit/build/module_rmsnorm_quant
(Worker_TP0 pid=1556062) INFO 08-25 19:36:28 [backends.py:393] Compiling a graph for compile range (5462, 32768) takes 1.27 s
(Worker_TP3 pid=1556065) [aiter] [pid=1556065 pname=VllmWorker-3] waiting for baton release at /tmp/inferencex-minimaxm3-1413/home/.aiter/jit/build/lock_module_rmsnorm_quant
(Worker_TP2 pid=1556064) [aiter] [pid=1556064 pname=VllmWorker-2] waiting for baton release at /tmp/inferencex-minimaxm3-1413/home/.aiter/jit/build/lock_module_rmsnorm_quant
(Worker_TP0 pid=1556062) INFO 08-25 19:36:28 [decorators.py:708] saved AOT compiled function to /tmp/inferencex-minimaxm3-1413/home/.cache/vllm/torch_compile_cache/torch_aot_compile/936ea74d63b14f3d2f59fa72ba2b47975503ad198ca5156dca9e549b3290bba6/rank_0_0/model
(Worker_TP0 pid=1556062) INFO 08-25 19:36:28 [monitor.py:53] torch.compile took 4.60 s in total
(Worker_TP0 pid=1556062) [aiter] [pid=1556062 pname=VllmWorker-0] waiting for baton release at /tmp/inferencex-minimaxm3-1413/home/.aiter/jit/build/lock_module_rmsnorm_quant
(EngineCore pid=1555785) INFO 08-25 19:36:33 [shm_broadcast.py:802] No available shared memory broadcast block found in 60 seconds. This typically happens when some processes are hanging or doing some time-consuming work (e.g. compilation, weight/kv cache quantization).
(Worker_TP1 pid=1556063) [aiter] [pid=1556063 pname=VllmWorker-1] [32mfinish build [module_rmsnorm_quant], cost 29.1s [0m
(Worker_TP1 pid=1556063) [aiter] import [module_rmsnorm_quant] under /tmp/inferencex-minimaxm3-1413/home/.aiter/jit/module_rmsnorm_quant.so
(Worker_TP0 pid=1556062) [aiter] import [module_rmsnorm_quant] under /tmp/inferencex-minimaxm3-1413/home/.aiter/jit/module_rmsnorm_quant.so
(Worker_TP1 pid=1556063) [aiter] shape is M:32768, N:2304, K:12288 dtype='torch.bfloat16' otype='torch.bfloat16' bias=False, scaleAB=False, bpreshuffle=False, not found tuned config in /tmp/aiter_configs/bf16_tuned_gemm.csv, will use default config! using torch solution:0
(Worker_TP0 pid=1556062) [aiter] shape is M:32768, N:2304, K:12288 dtype='torch.bfloat16' otype='torch.bfloat16' bias=False, scaleAB=False, bpreshuffle=False, not found tuned config in /tmp/aiter_configs/bf16_tuned_gemm.csv, will use default config! using torch solution:0
(Worker_TP3 pid=1556065) [aiter] import [module_rmsnorm_quant] under /tmp/inferencex-minimaxm3-1413/home/.aiter/jit/module_rmsnorm_quant.so
(Worker_TP1 pid=1556063) [aiter] type hints mismatch, override to --> static_per_tensor_quant(arg0: aiter_tensor_t, arg1: aiter_tensor_t, arg2: aiter_tensor_t) -> None
(Worker_TP0 pid=1556062) [aiter] type hints mismatch, override to --> static_per_tensor_quant(arg0: aiter_tensor_t, arg1: aiter_tensor_t, arg2: aiter_tensor_t) -> None
(Worker_TP2 pid=1556064) [aiter] import [module_rmsnorm_quant] under /tmp/inferencex-minimaxm3-1413/home/.aiter/jit/module_rmsnorm_quant.so
(Worker_TP3 pid=1556065) [aiter] shape is M:32768, N:2304, K:12288 dtype='torch.bfloat16' otype='torch.bfloat16' bias=False, scaleAB=False, bpreshuffle=False, not found tuned config in /tmp/aiter_configs/bf16_tuned_gemm.csv, will use default config! using torch solution:0
(Worker_TP2 pid=1556064) [aiter] shape is M:32768, N:2304, K:12288 dtype='torch.bfloat16' otype='torch.bfloat16' bias=False, scaleAB=False, bpreshuffle=False, not found tuned config in /tmp/aiter_configs/bf16_tuned_gemm.csv, will use default config! using torch solution:0
(Worker_TP3 pid=1556065) [aiter] type hints mismatch, override to --> static_per_tensor_quant(arg0: aiter_tensor_t, arg1: aiter_tensor_t, arg2: aiter_tensor_t) -> None
(Worker_TP2 pid=1556064) [aiter] type hints mismatch, override to --> static_per_tensor_quant(arg0: aiter_tensor_t, arg1: aiter_tensor_t, arg2: aiter_tensor_t) -> None
(Worker_TP0 pid=1556062) INFO 08-25 19:36:57 [monitor.py:81] Initial profiling/warmup run took 29.21 s
(Worker_TP0 pid=1556062) [aiter] compile_template_op func_name = 'top_k_top_p_sampling_from_probs_51f5779b2644c0a61347d39ea3295db7' with {'src_template': <Template memory:79034fdd59a0>, 'md_name': 'top_k_top_p_sampling_from_probs', 'includes': ['/shared/data/R7N/andy_luo_3v7/minimaxm3-agentx/overlays/aiter-sparse-indexer-cache-fusion-545d97c-266922c/csrc/cpp_itfs/utils.h', '/shared/data/R7N/andy_luo_3v7/minimaxm3-agentx/overlays/aiter-sparse-indexer-cache-fusion-545d97c-266922c/csrc/cpp_itfs/sampling/sampling.cuh', '/shared/data/R7N/andy_luo_3v7/minimaxm3-agentx/overlays/aiter-sparse-indexer-cache-fusion-545d97c-266922c/csrc/cpp_itfs/sampling/vec_dtypes.cuh'], 'sources': [], 'cxxflags': [], 'func_name': 'top_k_top_p_sampling_from_probs_51f5779b2644c0a61347d39ea3295db7', 'folder': 'top_k_top_p_sampling_from_probs_51f5779b2644c0a61347d39ea3295db7', 'kwargs': OrderedDict({'vec_size': 4, 'deterministic': True})}...
(Worker_TP0 pid=1556062) [aiter] start build /tmp/inferencex-minimaxm3-1413/home/.aiter/build/top_k_top_p_sampling_from_probs_51f5779b2644c0a61347d39ea3295db7
(Worker_TP2 pid=1556064) [aiter] compile_template_op func_name = 'top_k_top_p_sampling_from_probs_51f5779b2644c0a61347d39ea3295db7' with {'src_template': <Template memory:739adad6d880>, 'md_name': 'top_k_top_p_sampling_from_probs', 'includes': ['/shared/data/R7N/andy_luo_3v7/minimaxm3-agentx/overlays/aiter-sparse-indexer-cache-fusion-545d97c-266922c/csrc/cpp_itfs/utils.h', '/shared/data/R7N/andy_luo_3v7/minimaxm3-agentx/overlays/aiter-sparse-indexer-cache-fusion-545d97c-266922c/csrc/cpp_itfs/sampling/sampling.cuh', '/shared/data/R7N/andy_luo_3v7/minimaxm3-agentx/overlays/aiter-sparse-indexer-cache-fusion-545d97c-266922c/csrc/cpp_itfs/sampling/vec_dtypes.cuh'], 'sources': [], 'cxxflags': [], 'func_name': 'top_k_top_p_sampling_from_probs_51f5779b2644c0a61347d39ea3295db7', 'folder': 'top_k_top_p_sampling_from_probs_51f5779b2644c0a61347d39ea3295db7', 'kwargs': OrderedDict({'vec_size': 4, 'deterministic': True})}...
(Worker_TP2 pid=1556064) [aiter] [pid=1556064 pname=VllmWorker-2] waiting for baton release at /tmp/inferencex-minimaxm3-1413/home/.aiter/build/top_k_top_p_sampling_from_probs_51f5779b2644c0a61347d39ea3295db7/lock
(Worker_TP3 pid=1556065) [aiter] compile_template_op func_name = 'top_k_top_p_sampling_from_probs_51f5779b2644c0a61347d39ea3295db7' with {'src_template': <Template memory:76f22c1c36b0>, 'md_name': 'top_k_top_p_sampling_from_probs', 'includes': ['/shared/data/R7N/andy_luo_3v7/minimaxm3-agentx/overlays/aiter-sparse-indexer-cache-fusion-545d97c-266922c/csrc/cpp_itfs/utils.h', '/shared/data/R7N/andy_luo_3v7/minimaxm3-agentx/overlays/aiter-sparse-indexer-cache-fusion-545d97c-266922c/csrc/cpp_itfs/sampling/sampling.cuh', '/shared/data/R7N/andy_luo_3v7/minimaxm3-agentx/overlays/aiter-sparse-indexer-cache-fusion-545d97c-266922c/csrc/cpp_itfs/sampling/vec_dtypes.cuh'], 'sources': [], 'cxxflags': [], 'func_name': 'top_k_top_p_sampling_from_probs_51f5779b2644c0a61347d39ea3295db7', 'folder': 'top_k_top_p_sampling_from_probs_51f5779b2644c0a61347d39ea3295db7', 'kwargs': OrderedDict({'vec_size': 4, 'deterministic': True})}...
(Worker_TP3 pid=1556065) [aiter] [pid=1556065 pname=VllmWorker-3] waiting for baton release at /tmp/inferencex-minimaxm3-1413/home/.aiter/build/top_k_top_p_sampling_from_probs_51f5779b2644c0a61347d39ea3295db7/lock
(Worker_TP1 pid=1556063) [aiter] compile_template_op func_name = 'top_k_top_p_sampling_from_probs_51f5779b2644c0a61347d39ea3295db7' with {'src_template': <Template memory:752ce49e63f0>, 'md_name': 'top_k_top_p_sampling_from_probs', 'includes': ['/shared/data/R7N/andy_luo_3v7/minimaxm3-agentx/overlays/aiter-sparse-indexer-cache-fusion-545d97c-266922c/csrc/cpp_itfs/utils.h', '/shared/data/R7N/andy_luo_3v7/minimaxm3-agentx/overlays/aiter-sparse-indexer-cache-fusion-545d97c-266922c/csrc/cpp_itfs/sampling/sampling.cuh', '/shared/data/R7N/andy_luo_3v7/minimaxm3-agentx/overlays/aiter-sparse-indexer-cache-fusion-545d97c-266922c/csrc/cpp_itfs/sampling/vec_dtypes.cuh'], 'sources': [], 'cxxflags': [], 'func_name': 'top_k_top_p_sampling_from_probs_51f5779b2644c0a61347d39ea3295db7', 'folder': 'top_k_top_p_sampling_from_probs_51f5779b2644c0a61347d39ea3295db7', 'kwargs': OrderedDict({'vec_size': 4, 'deterministic': True})}...
(Worker_TP1 pid=1556063) [aiter] [pid=1556063 pname=VllmWorker-1] waiting for baton release at /tmp/inferencex-minimaxm3-1413/home/.aiter/build/top_k_top_p_sampling_from_probs_51f5779b2644c0a61347d39ea3295db7/lock
clang (LLVM option parsing): Unknown command line argument '-amdgpu-coerce-illegal-types=1'.  Try: 'clang (LLVM option parsing) --help'
clang (LLVM option parsing): Did you mean '--amdgpu-mode-register=1'?
failed to execute:/opt/rocm/lib/llvm/bin/clang++  --offload-arch=gfx950 --offload-arch=gfx950 --offload-arch=gfx950 --offload-arch=gfx950 --offload-arch=gfx950 --offload-arch=gfx950 --offload-arch=gfx950 --offload-arch=gfx950 -O3  -mllvm -amdgpu-coerce-illegal-types=1 -x hip -c /dev/null -o "/dev/null"
(Worker_TP0 pid=1556062) [aiter] -mllvm -amdgpu-coerce-illegal-types=1 is not supported by hipcc.
(Worker_TP0 pid=1556062) [aiter] finish build /tmp/inferencex-minimaxm3-1413/home/.aiter/build/top_k_top_p_sampling_from_probs_51f5779b2644c0a61347d39ea3295db7, cost 15.52274573s
(Worker_TP0 pid=1556062) WARNING 08-25 19:37:13 [topk_topp_sampler.py:240] aiter sampler does not support per-request generators; falling back to PyTorch-native.
(Worker_TP1 pid=1556063) INFO 08-25 19:37:17 [gpu_model_runner.py:6681] Profiling CUDA graph memory: PIECEWISE=48 (largest=500), FULL=48 (largest=500)
(Worker_TP3 pid=1556065) INFO 08-25 19:37:17 [gpu_model_runner.py:6681] Profiling CUDA graph memory: PIECEWISE=48 (largest=500), FULL=48 (largest=500)
(Worker_TP0 pid=1556062) INFO 08-25 19:37:17 [gpu_model_runner.py:6681] Profiling CUDA graph memory: PIECEWISE=48 (largest=500), FULL=48 (largest=500)
(Worker_TP2 pid=1556064) INFO 08-25 19:37:17 [gpu_model_runner.py:6681] Profiling CUDA graph memory: PIECEWISE=48 (largest=500), FULL=48 (largest=500)
(Worker_TP1 pid=1556063) [aiter] [pid=1556063 pname=VllmWorker-1] start build [module_minimax_m3_fused_qknorm_rope_cache_shuffle] under /tmp/inferencex-minimaxm3-1413/home/.aiter/jit/build/module_minimax_m3_fused_qknorm_rope_cache_shuffle
(Worker_TP3 pid=1556065) [aiter] [pid=1556065 pname=VllmWorker-3] waiting for baton release at /tmp/inferencex-minimaxm3-1413/home/.aiter/jit/build/lock_module_minimax_m3_fused_qknorm_rope_cache_shuffle
(Worker_TP0 pid=1556062) [aiter] [pid=1556062 pname=VllmWorker-0] waiting for baton release at /tmp/inferencex-minimaxm3-1413/home/.aiter/jit/build/lock_module_minimax_m3_fused_qknorm_rope_cache_shuffle
(Worker_TP2 pid=1556064) [aiter] [pid=1556064 pname=VllmWorker-2] waiting for baton release at /tmp/inferencex-minimaxm3-1413/home/.aiter/jit/build/lock_module_minimax_m3_fused_qknorm_rope_cache_shuffle
(Worker_TP1 pid=1556063) [aiter] [pid=1556063 pname=VllmWorker-1] [32mfinish build [module_minimax_m3_fused_qknorm_rope_cache_shuffle], cost 5.7s [0m
(Worker_TP1 pid=1556063) [aiter] import [module_minimax_m3_fused_qknorm_rope_cache_shuffle] under /tmp/inferencex-minimaxm3-1413/home/.aiter/jit/module_minimax_m3_fused_qknorm_rope_cache_shuffle.so
(Worker_TP1 pid=1556063) [aiter] shape is M:500, N:128, K:6144 dtype='torch.float32' otype='torch.float32' bias=False, scaleAB=False, bpreshuffle=False, not found tuned config in /tmp/aiter_configs/bf16_tuned_gemm.csv, will use default config! using torch solution:0
(Worker_TP2 pid=1556064) [aiter] import [module_minimax_m3_fused_qknorm_rope_cache_shuffle] under /tmp/inferencex-minimaxm3-1413/home/.aiter/jit/module_minimax_m3_fused_qknorm_rope_cache_shuffle.so
(Worker_TP1 pid=1556063) [aiter] [fused_moe] using 2stage (kernelName1='flydsl_moe1_afp4_wfp4_bf16_t32x128x256_w2_fp4', kernelName2='flydsl_moe2_afp4_wfp4_bf16_t32x128x256_atomic_persist') for ('gfx950', 256, 512, 6144, 768, 129, 5, 'ActivationType.Swiglu', 'torch.bfloat16', 'torch.float4_e2m1fn_x2', 'torch.float4_e2m1fn_x2', 'QuantType.per_1x32', True, False) 
(Worker_TP2 pid=1556064) [aiter] shape is M:500, N:128, K:6144 dtype='torch.float32' otype='torch.float32' bias=False, scaleAB=False, bpreshuffle=False, not found tuned config in /tmp/aiter_configs/bf16_tuned_gemm.csv, will use default config! using torch solution:0
(Worker_TP2 pid=1556064) [aiter] [fused_moe] using 2stage (kernelName1='flydsl_moe1_afp4_wfp4_bf16_t32x128x256_w2_fp4', kernelName2='flydsl_moe2_afp4_wfp4_bf16_t32x128x256_atomic_persist') for ('gfx950', 256, 512, 6144, 768, 129, 5, 'ActivationType.Swiglu', 'torch.bfloat16', 'torch.float4_e2m1fn_x2', 'torch.float4_e2m1fn_x2', 'QuantType.per_1x32', True, False) 
(Worker_TP3 pid=1556065) [aiter] import [module_minimax_m3_fused_qknorm_rope_cache_shuffle] under /tmp/inferencex-minimaxm3-1413/home/.aiter/jit/module_minimax_m3_fused_qknorm_rope_cache_shuffle.so
(Worker_TP3 pid=1556065) [aiter] shape is M:500, N:128, K:6144 dtype='torch.float32' otype='torch.float32' bias=False, scaleAB=False, bpreshuffle=False, not found tuned config in /tmp/aiter_configs/bf16_tuned_gemm.csv, will use default config! using torch solution:0
(Worker_TP3 pid=1556065) [aiter] [fused_moe] using 2stage (kernelName1='flydsl_moe1_afp4_wfp4_bf16_t32x128x256_w2_fp4', kernelName2='flydsl_moe2_afp4_wfp4_bf16_t32x128x256_atomic_persist') for ('gfx950', 256, 512, 6144, 768, 129, 5, 'ActivationType.Swiglu', 'torch.bfloat16', 'torch.float4_e2m1fn_x2', 'torch.float4_e2m1fn_x2', 'QuantType.per_1x32', True, False) 
(Worker_TP0 pid=1556062) [aiter] import [module_minimax_m3_fused_qknorm_rope_cache_shuffle] under /tmp/inferencex-minimaxm3-1413/home/.aiter/jit/module_minimax_m3_fused_qknorm_rope_cache_shuffle.so
(Worker_TP0 pid=1556062) [aiter] shape is M:500, N:128, K:6144 dtype='torch.float32' otype='torch.float32' bias=False, scaleAB=False, bpreshuffle=False, not found tuned config in /tmp/aiter_configs/bf16_tuned_gemm.csv, will use default config! using torch solution:0
(Worker_TP0 pid=1556062) [aiter] [fused_moe] using 2stage (kernelName1='flydsl_moe1_afp4_wfp4_bf16_t32x128x256_w2_fp4', kernelName2='flydsl_moe2_afp4_wfp4_bf16_t32x128x256_atomic_persist') for ('gfx950', 256, 512, 6144, 768, 129, 5, 'ActivationType.Swiglu', 'torch.bfloat16', 'torch.float4_e2m1fn_x2', 'torch.float4_e2m1fn_x2', 'QuantType.per_1x32', True, False) 
(Worker_TP1 pid=1556063) [aiter] shape is M:500, N:2304, K:12288 dtype='torch.bfloat16' otype='torch.bfloat16' bias=False, scaleAB=False, bpreshuffle=False, not found tuned config in /tmp/aiter_configs/bf16_tuned_gemm.csv, will use default config! using torch solution:0
(Worker_TP2 pid=1556064) [aiter] shape is M:500, N:2304, K:12288 dtype='torch.bfloat16' otype='torch.bfloat16' bias=False, scaleAB=False, bpreshuffle=False, not found tuned config in /tmp/aiter_configs/bf16_tuned_gemm.csv, will use default config! using torch solution:0
(Worker_TP3 pid=1556065) [aiter] shape is M:500, N:2304, K:12288 dtype='torch.bfloat16' otype='torch.bfloat16' bias=False, scaleAB=False, bpreshuffle=False, not found tuned config in /tmp/aiter_configs/bf16_tuned_gemm.csv, will use default config! using torch solution:0
(Worker_TP0 pid=1556062) [aiter] shape is M:500, N:2304, K:12288 dtype='torch.bfloat16' otype='torch.bfloat16' bias=False, scaleAB=False, bpreshuffle=False, not found tuned config in /tmp/aiter_configs/bf16_tuned_gemm.csv, will use default config! using torch solution:0
(Worker_TP1 pid=1556063) [aiter] shape is M:480, N:128, K:6144 dtype='torch.float32' otype='torch.float32' bias=False, scaleAB=False, bpreshuffle=False, not found tuned config in /tmp/aiter_configs/bf16_tuned_gemm.csv, will use default config! using torch solution:0
(Worker_TP2 pid=1556064) [aiter] shape is M:480, N:128, K:6144 dtype='torch.float32' otype='torch.float32' bias=False, scaleAB=False, bpreshuffle=False, not found tuned config in /tmp/aiter_configs/bf16_tuned_gemm.csv, will use default config! using torch solution:0
(Worker_TP1 pid=1556063) [aiter] shape is M:480, N:2304, K:12288 dtype='torch.bfloat16' otype='torch.bfloat16' bias=False, scaleAB=False, bpreshuffle=False, not found tuned config in /tmp/aiter_configs/bf16_tuned_gemm.csv, will use default config! using torch solution:0
(Worker_TP2 pid=1556064) [aiter] shape is M:480, N:2304, K:12288 dtype='torch.bfloat16' otype='torch.bfloat16' bias=False, scaleAB=False, bpreshuffle=False, not found tuned config in /tmp/aiter_configs/bf16_tuned_gemm.csv, will use default config! using torch solution:0
(Worker_TP3 pid=1556065) [aiter] shape is M:480, N:128, K:6144 dtype='torch.float32' otype='torch.float32' bias=False, scaleAB=False, bpreshuffle=False, not found tuned config in /tmp/aiter_configs/bf16_tuned_gemm.csv, will use default config! using torch solution:0
(Worker_TP0 pid=1556062) [aiter] shape is M:480, N:128, K:6144 dtype='torch.float32' otype='torch.float32' bias=False, scaleAB=False, bpreshuffle=False, not found tuned config in /tmp/aiter_configs/bf16_tuned_gemm.csv, will use default config! using torch solution:0
(Worker_TP3 pid=1556065) [aiter] shape is M:480, N:2304, K:12288 dtype='torch.bfloat16' otype='torch.bfloat16' bias=False, scaleAB=False, bpreshuffle=False, not found tuned config in /tmp/aiter_configs/bf16_tuned_gemm.csv, will use default config! using torch solution:0
(Worker_TP0 pid=1556062) [aiter] shape is M:480, N:2304, K:12288 dtype='torch.bfloat16' otype='torch.bfloat16' bias=False, scaleAB=False, bpreshuffle=False, not found tuned config in /tmp/aiter_configs/bf16_tuned_gemm.csv, will use default config! using torch solution:0
(Worker_TP1 pid=1556063) [aiter] compile_template_op func_name = 'pa_ps_a326c53e1b25c0f509d02cae5ec55dd0' with {'src_template': <Template memory:756db0633e00>, 'md_name': 'pa_ps', 'includes': ['/shared/data/R7N/andy_luo_3v7/minimaxm3-agentx/overlays/aiter-sparse-indexer-cache-fusion-545d97c-266922c/csrc/cpp_itfs/pa/pa_ps.cuh'], 'sources': [], 'cxxflags': [], 'func_name': 'pa_ps_a326c53e1b25c0f509d02cae5ec55dd0', 'folder': 'pa_ps_a326c53e1b25c0f509d02cae5ec55dd0', 'kwargs': OrderedDict({'head_size': 128, 'query_group_size': 16, 'context_partition_num': 2, 'out_dtype': '__hip_bfloat16', 'logits_dtype': '__hip_bfloat16', 'sink_dtype': '__hip_bfloat16', 'use_sinks': False})}...
(Worker_TP1 pid=1556063) [aiter] start build /tmp/inferencex-minimaxm3-1413/home/.aiter/build/pa_ps_a326c53e1b25c0f509d02cae5ec55dd0
(Worker_TP2 pid=1556064) [aiter] compile_template_op func_name = 'pa_ps_a326c53e1b25c0f509d02cae5ec55dd0' with {'src_template': <Template memory:73dba37c7470>, 'md_name': 'pa_ps', 'includes': ['/shared/data/R7N/andy_luo_3v7/minimaxm3-agentx/overlays/aiter-sparse-indexer-cache-fusion-545d97c-266922c/csrc/cpp_itfs/pa/pa_ps.cuh'], 'sources': [], 'cxxflags': [], 'func_name': 'pa_ps_a326c53e1b25c0f509d02cae5ec55dd0', 'folder': 'pa_ps_a326c53e1b25c0f509d02cae5ec55dd0', 'kwargs': OrderedDict({'head_size': 128, 'query_group_size': 16, 'context_partition_num': 2, 'out_dtype': '__hip_bfloat16', 'logits_dtype': '__hip_bfloat16', 'sink_dtype': '__hip_bfloat16', 'use_sinks': False})}...
(Worker_TP2 pid=1556064) [aiter] [pid=1556064 pname=VllmWorker-2] waiting for baton release at /tmp/inferencex-minimaxm3-1413/home/.aiter/build/pa_ps_a326c53e1b25c0f509d02cae5ec55dd0/lock
(Worker_TP3 pid=1556065) [aiter] compile_template_op func_name = 'pa_ps_a326c53e1b25c0f509d02cae5ec55dd0' with {'src_template': <Template memory:770ae74d5d00>, 'md_name': 'pa_ps', 'includes': ['/shared/data/R7N/andy_luo_3v7/minimaxm3-agentx/overlays/aiter-sparse-indexer-cache-fusion-545d97c-266922c/csrc/cpp_itfs/pa/pa_ps.cuh'], 'sources': [], 'cxxflags': [], 'func_name': 'pa_ps_a326c53e1b25c0f509d02cae5ec55dd0', 'folder': 'pa_ps_a326c53e1b25c0f509d02cae5ec55dd0', 'kwargs': OrderedDict({'head_size': 128, 'query_group_size': 16, 'context_partition_num': 2, 'out_dtype': '__hip_bfloat16', 'logits_dtype': '__hip_bfloat16', 'sink_dtype': '__hip_bfloat16', 'use_sinks': False})}...
(Worker_TP3 pid=1556065) [aiter] [pid=1556065 pname=VllmWorker-3] waiting for baton release at /tmp/inferencex-minimaxm3-1413/home/.aiter/build/pa_ps_a326c53e1b25c0f509d02cae5ec55dd0/lock
(Worker_TP0 pid=1556062) [aiter] compile_template_op func_name = 'pa_ps_a326c53e1b25c0f509d02cae5ec55dd0' with {'src_template': <Template memory:794420631a00>, 'md_name': 'pa_ps', 'includes': ['/shared/data/R7N/andy_luo_3v7/minimaxm3-agentx/overlays/aiter-sparse-indexer-cache-fusion-545d97c-266922c/csrc/cpp_itfs/pa/pa_ps.cuh'], 'sources': [], 'cxxflags': [], 'func_name': 'pa_ps_a326c53e1b25c0f509d02cae5ec55dd0', 'folder': 'pa_ps_a326c53e1b25c0f509d02cae5ec55dd0', 'kwargs': OrderedDict({'head_size': 128, 'query_group_size': 16, 'context_partition_num': 2, 'out_dtype': '__hip_bfloat16', 'logits_dtype': '__hip_bfloat16', 'sink_dtype': '__hip_bfloat16', 'use_sinks': False})}...
(Worker_TP0 pid=1556062) [aiter] [pid=1556062 pname=VllmWorker-0] waiting for baton release at /tmp/inferencex-minimaxm3-1413/home/.aiter/build/pa_ps_a326c53e1b25c0f509d02cae5ec55dd0/lock
(EngineCore pid=1555785) INFO 08-25 19:37:33 [shm_broadcast.py:802] No available shared memory broadcast block found in 60 seconds. This typically happens when some processes are hanging or doing some time-consuming work (e.g. compilation, weight/kv cache quantization).
clang (LLVM option parsing): Unknown command line argument '-amdgpu-coerce-illegal-types=1'.  Try: 'clang (LLVM option parsing) --help'
clang (LLVM option parsing): Did you mean '--amdgpu-mode-register=1'?
failed to execute:/opt/rocm/lib/llvm/bin/clang++  --offload-arch=gfx950 --offload-arch=gfx950 --offload-arch=gfx950 --offload-arch=gfx950 --offload-arch=gfx950 --offload-arch=gfx950 --offload-arch=gfx950 --offload-arch=gfx950 -O3  -mllvm -amdgpu-coerce-illegal-types=1 -x hip -c /dev/null -o "/dev/null"
(Worker_TP1 pid=1556063) [aiter] -mllvm -amdgpu-coerce-illegal-types=1 is not supported by hipcc.
(Worker_TP1 pid=1556063) [aiter] finish build /tmp/inferencex-minimaxm3-1413/home/.aiter/build/pa_ps_a326c53e1b25c0f509d02cae5ec55dd0, cost 13.86374161s
(Worker_TP2 pid=1556064) [aiter] Registering 248 cuda graph addresses
(Worker_TP0 pid=1556062) [aiter] Registering 248 cuda graph addresses
(Worker_TP1 pid=1556063) [aiter] Registering 248 cuda graph addresses
(Worker_TP3 pid=1556065) [aiter] Registering 248 cuda graph addresses
(Worker_TP0 pid=1556062) INFO 08-25 19:37:41 [gpu_model_runner.py:6806] Estimated CUDA graph memory: 2.31 GiB total
(Worker_TP0 pid=1556062) INFO 08-25 19:37:41 [gpu_worker.py:563] Available KV cache memory: 174.78 GiB
(Worker_TP0 pid=1556062) INFO 08-25 19:37:41 [gpu_worker.py:578] CUDA graph memory profiling is enabled (default since v0.21.0). The current --gpu-memory-utilization=0.8500 is equivalent to --gpu-memory-utilization=0.8420 without CUDA graph memory profiling. To maintain the same effective KV cache size as before, increase --gpu-memory-utilization to 0.8580. To disable, set VLLM_MEMORY_PROFILER_ESTIMATE_CUDAGRAPHS=0.
(Worker_TP3 pid=1556065) INFO 08-25 19:37:41 [gpu_model_runner.py:6806] Estimated CUDA graph memory: 2.31 GiB total
(Worker_TP3 pid=1556065) INFO 08-25 19:37:41 [gpu_worker.py:578] CUDA graph memory profiling is enabled (default since v0.21.0). The current --gpu-memory-utilization=0.8500 is equivalent to --gpu-memory-utilization=0.8420 without CUDA graph memory profiling. To maintain the same effective KV cache size as before, increase --gpu-memory-utilization to 0.8580. To disable, set VLLM_MEMORY_PROFILER_ESTIMATE_CUDAGRAPHS=0.
(Worker_TP2 pid=1556064) INFO 08-25 19:37:41 [gpu_model_runner.py:6806] Estimated CUDA graph memory: 2.31 GiB total
(Worker_TP2 pid=1556064) INFO 08-25 19:37:41 [gpu_worker.py:578] CUDA graph memory profiling is enabled (default since v0.21.0). The current --gpu-memory-utilization=0.8500 is equivalent to --gpu-memory-utilization=0.8420 without CUDA graph memory profiling. To maintain the same effective KV cache size as before, increase --gpu-memory-utilization to 0.8580. To disable, set VLLM_MEMORY_PROFILER_ESTIMATE_CUDAGRAPHS=0.
(Worker_TP1 pid=1556063) INFO 08-25 19:37:42 [gpu_model_runner.py:6806] Estimated CUDA graph memory: 2.31 GiB total
(Worker_TP1 pid=1556063) INFO 08-25 19:37:42 [gpu_worker.py:578] CUDA graph memory profiling is enabled (default since v0.21.0). The current --gpu-memory-utilization=0.8500 is equivalent to --gpu-memory-utilization=0.8420 without CUDA graph memory profiling. To maintain the same effective KV cache size as before, increase --gpu-memory-utilization to 0.8580. To disable, set VLLM_MEMORY_PROFILER_ESTIMATE_CUDAGRAPHS=0.
(EngineCore pid=1555785) INFO 08-25 19:37:42 [kv_cache_utils.py:2235] GPU KV cache size: 8,184,960 tokens
(EngineCore pid=1555785) INFO 08-25 19:37:42 [kv_cache_utils.py:2236] Maximum concurrency for 1,048,576 tokens per request: 7.81x
(Worker_TP1 pid=1556063) INFO 08-25 19:37:42 [gpu_worker.py:707] Compile and warming up model for size 32768
(Worker_TP2 pid=1556064) INFO 08-25 19:37:42 [gpu_worker.py:707] Compile and warming up model for size 32768
(Worker_TP3 pid=1556065) INFO 08-25 19:37:42 [gpu_worker.py:707] Compile and warming up model for size 32768
(Worker_TP0 pid=1556062) INFO 08-25 19:37:42 [gpu_worker.py:707] Compile and warming up model for size 32768
(Worker_TP3 pid=1556065) INFO 08-25 19:37:42 [ll_bf16.py:30] cuteDSL (CUTLASS Python) not available, ll_bf16_gemm disabled
(Worker_TP1 pid=1556063) INFO 08-25 19:37:42 [ll_bf16.py:30] cuteDSL (CUTLASS Python) not available, ll_bf16_gemm disabled
(Worker_TP3 pid=1556065) INFO 08-25 19:37:42 [minimax_m3_msa_warmup.py:455] Warming MiniMax M3 ROCm AgentX dynamic kernels in-process.
(Worker_TP3 pid=1556065) INFO 08-25 19:37:42 [minimax_m3_msa_warmup.py:225] Warming 128 MiniMax M3 AITER unified-attention configurations twice.
(Worker_TP1 pid=1556063) INFO 08-25 19:37:42 [minimax_m3_msa_warmup.py:455] Warming MiniMax M3 ROCm AgentX dynamic kernels in-process.
(Worker_TP1 pid=1556063) INFO 08-25 19:37:42 [minimax_m3_msa_warmup.py:225] Warming 128 MiniMax M3 AITER unified-attention configurations twice.
(Worker_TP2 pid=1556064) INFO 08-25 19:37:42 [ll_bf16.py:30] cuteDSL (CUTLASS Python) not available, ll_bf16_gemm disabled
(Worker_TP0 pid=1556062) INFO 08-25 19:37:42 [ll_bf16.py:30] cuteDSL (CUTLASS Python) not available, ll_bf16_gemm disabled
(Worker_TP2 pid=1556064) INFO 08-25 19:37:42 [minimax_m3_msa_warmup.py:455] Warming MiniMax M3 ROCm AgentX dynamic kernels in-process.
(Worker_TP2 pid=1556064) INFO 08-25 19:37:42 [minimax_m3_msa_warmup.py:225] Warming 128 MiniMax M3 AITER unified-attention configurations twice.
(Worker_TP0 pid=1556062) INFO 08-25 19:37:42 [minimax_m3_msa_warmup.py:455] Warming MiniMax M3 ROCm AgentX dynamic kernels in-process.
(Worker_TP0 pid=1556062) INFO 08-25 19:37:42 [minimax_m3_msa_warmup.py:225] Warming 128 MiniMax M3 AITER unified-attention configurations twice.
(Worker_TP1 pid=1556063) INFO 08-25 19:38:09 [minimax_m3_msa_warmup.py:346] Warming MiniMax M3 AITER sparse paged-attention prefills (32, 818, 820) with int32 context offsets (0, 1, 2, 3) twice.
(Worker_TP1 pid=1556063) [aiter] compile_template_op func_name = 'pa_ps_a55a84d8af60d1de6986294da4009911' with {'src_template': <Template memory:756db0633e00>, 'md_name': 'pa_ps', 'includes': ['/shared/data/R7N/andy_luo_3v7/minimaxm3-agentx/overlays/aiter-sparse-indexer-cache-fusion-545d97c-266922c/csrc/cpp_itfs/pa/pa_ps.cuh'], 'sources': [], 'cxxflags': [], 'func_name': 'pa_ps_a55a84d8af60d1de6986294da4009911', 'folder': 'pa_ps_a55a84d8af60d1de6986294da4009911', 'kwargs': OrderedDict({'head_size': 128, 'query_group_size': 16, 'context_partition_num': 8, 'out_dtype': '__hip_bfloat16', 'logits_dtype': '__hip_bfloat16', 'sink_dtype': '__hip_bfloat16', 'use_sinks': False})}...
(Worker_TP1 pid=1556063) [aiter] start build /tmp/inferencex-minimaxm3-1413/home/.aiter/build/pa_ps_a55a84d8af60d1de6986294da4009911
(Worker_TP3 pid=1556065) INFO 08-25 19:38:10 [minimax_m3_msa_warmup.py:346] Warming MiniMax M3 AITER sparse paged-attention prefills (32, 818, 820) with int32 context offsets (0, 1, 2, 3) twice.
(Worker_TP3 pid=1556065) [aiter] compile_template_op func_name = 'pa_ps_a55a84d8af60d1de6986294da4009911' with {'src_template': <Template memory:770ae74d5d00>, 'md_name': 'pa_ps', 'includes': ['/shared/data/R7N/andy_luo_3v7/minimaxm3-agentx/overlays/aiter-sparse-indexer-cache-fusion-545d97c-266922c/csrc/cpp_itfs/pa/pa_ps.cuh'], 'sources': [], 'cxxflags': [], 'func_name': 'pa_ps_a55a84d8af60d1de6986294da4009911', 'folder': 'pa_ps_a55a84d8af60d1de6986294da4009911', 'kwargs': OrderedDict({'head_size': 128, 'query_group_size': 16, 'context_partition_num': 8, 'out_dtype': '__hip_bfloat16', 'logits_dtype': '__hip_bfloat16', 'sink_dtype': '__hip_bfloat16', 'use_sinks': False})}...
(Worker_TP3 pid=1556065) [aiter] [pid=1556065 pname=VllmWorker-3] waiting for baton release at /tmp/inferencex-minimaxm3-1413/home/.aiter/build/pa_ps_a55a84d8af60d1de6986294da4009911/lock
(Worker_TP2 pid=1556064) INFO 08-25 19:38:10 [minimax_m3_msa_warmup.py:346] Warming MiniMax M3 AITER sparse paged-attention prefills (32, 818, 820) with int32 context offsets (0, 1, 2, 3) twice.
(Worker_TP2 pid=1556064) [aiter] compile_template_op func_name = 'pa_ps_a55a84d8af60d1de6986294da4009911' with {'src_template': <Template memory:73dba37c7470>, 'md_name': 'pa_ps', 'includes': ['/shared/data/R7N/andy_luo_3v7/minimaxm3-agentx/overlays/aiter-sparse-indexer-cache-fusion-545d97c-266922c/csrc/cpp_itfs/pa/pa_ps.cuh'], 'sources': [], 'cxxflags': [], 'func_name': 'pa_ps_a55a84d8af60d1de6986294da4009911', 'folder': 'pa_ps_a55a84d8af60d1de6986294da4009911', 'kwargs': OrderedDict({'head_size': 128, 'query_group_size': 16, 'context_partition_num': 8, 'out_dtype': '__hip_bfloat16', 'logits_dtype': '__hip_bfloat16', 'sink_dtype': '__hip_bfloat16', 'use_sinks': False})}...
(Worker_TP2 pid=1556064) [aiter] [pid=1556064 pname=VllmWorker-2] waiting for baton release at /tmp/inferencex-minimaxm3-1413/home/.aiter/build/pa_ps_a55a84d8af60d1de6986294da4009911/lock
(Worker_TP0 pid=1556062) INFO 08-25 19:38:10 [minimax_m3_msa_warmup.py:346] Warming MiniMax M3 AITER sparse paged-attention prefills (32, 818, 820) with int32 context offsets (0, 1, 2, 3) twice.
(Worker_TP0 pid=1556062) [aiter] compile_template_op func_name = 'pa_ps_a55a84d8af60d1de6986294da4009911' with {'src_template': <Template memory:794420631a00>, 'md_name': 'pa_ps', 'includes': ['/shared/data/R7N/andy_luo_3v7/minimaxm3-agentx/overlays/aiter-sparse-indexer-cache-fusion-545d97c-266922c/csrc/cpp_itfs/pa/pa_ps.cuh'], 'sources': [], 'cxxflags': [], 'func_name': 'pa_ps_a55a84d8af60d1de6986294da4009911', 'folder': 'pa_ps_a55a84d8af60d1de6986294da4009911', 'kwargs': OrderedDict({'head_size': 128, 'query_group_size': 16, 'context_partition_num': 8, 'out_dtype': '__hip_bfloat16', 'logits_dtype': '__hip_bfloat16', 'sink_dtype': '__hip_bfloat16', 'use_sinks': False})}...
(Worker_TP0 pid=1556062) [aiter] [pid=1556062 pname=VllmWorker-0] waiting for baton release at /tmp/inferencex-minimaxm3-1413/home/.aiter/build/pa_ps_a55a84d8af60d1de6986294da4009911/lock
(Worker_TP1 pid=1556063) [aiter] finish build /tmp/inferencex-minimaxm3-1413/home/.aiter/build/pa_ps_a55a84d8af60d1de6986294da4009911, cost 1.73943228s
(Worker_TP1 pid=1556063) INFO 08-25 19:38:13 [minimax_m3_msa_warmup.py:419] MiniMax M3 AgentX drafter BF16 GEMM warmup shapes: (('model.layers.0.self_attn.qkv_proj.weight', (2304, 12288)), ('model.layers.0.self_attn.o_proj.weight', (6144, 2048)), ('model.layers.0.mlp.down_proj.weight', (6144, 4608)), ('model.fc.weight', (6144, 18432)), ('model.layers.0.mlp.gate_up_proj.weight', (9216, 6144)))
(Worker_TP3 pid=1556065) INFO 08-25 19:38:13 [minimax_m3_msa_warmup.py:419] MiniMax M3 AgentX drafter BF16 GEMM warmup shapes: (('model.layers.0.self_attn.qkv_proj.weight', (2304, 12288)), ('model.layers.0.self_attn.o_proj.weight', (6144, 2048)), ('model.layers.0.mlp.down_proj.weight', (6144, 4608)), ('model.fc.weight', (6144, 18432)), ('model.layers.0.mlp.gate_up_proj.weight', (9216, 6144)))
(Worker_TP2 pid=1556064) INFO 08-25 19:38:13 [minimax_m3_msa_warmup.py:419] MiniMax M3 AgentX drafter BF16 GEMM warmup shapes: (('model.layers.0.self_attn.qkv_proj.weight', (2304, 12288)), ('model.layers.0.self_attn.o_proj.weight', (6144, 2048)), ('model.layers.0.mlp.down_proj.weight', (6144, 4608)), ('model.fc.weight', (6144, 18432)), ('model.layers.0.mlp.gate_up_proj.weight', (9216, 6144)))
(Worker_TP0 pid=1556062) INFO 08-25 19:38:13 [minimax_m3_msa_warmup.py:419] MiniMax M3 AgentX drafter BF16 GEMM warmup shapes: (('model.layers.0.self_attn.qkv_proj.weight', (2304, 12288)), ('model.layers.0.self_attn.o_proj.weight', (6144, 2048)), ('model.layers.0.mlp.down_proj.weight', (6144, 4608)), ('model.fc.weight', (6144, 18432)), ('model.layers.0.mlp.gate_up_proj.weight', (9216, 6144)))
(Worker_TP1 pid=1556063) INFO 08-25 19:38:29 [minimax_m3_msa_warmup.py:609] MiniMax M3 ROCm AgentX dynamic-kernel warmup complete.
(Worker_TP3 pid=1556065) INFO 08-25 19:38:30 [minimax_m3_msa_warmup.py:609] MiniMax M3 ROCm AgentX dynamic-kernel warmup complete.
(Worker_TP2 pid=1556064) INFO 08-25 19:38:30 [minimax_m3_msa_warmup.py:609] MiniMax M3 ROCm AgentX dynamic-kernel warmup complete.
(Worker_TP0 pid=1556062) INFO 08-25 19:38:30 [minimax_m3_msa_warmup.py:609] MiniMax M3 ROCm AgentX dynamic-kernel warmup complete.
(Worker_TP0 pid=1556062) INFO 08-25 19:38:30 [gpu_model_runner.py:6867] Rank 0: Torch profiler disabled for CUDA graph capture
(Worker_TP1 pid=1556063) [aiter] shape is M:465, N:128, K:6144 dtype='torch.float32' otype='torch.float32' bias=False, scaleAB=False, bpreshuffle=False, not found tuned config in /tmp/aiter_configs/bf16_tuned_gemm.csv, will use default config! using torch solution:0
(Worker_TP1 pid=1556063) [aiter] shape is M:465, N:2304, K:12288 dtype='torch.bfloat16' otype='torch.bfloat16' bias=False, scaleAB=False, bpreshuffle=False, not found tuned config in /tmp/aiter_configs/bf16_tuned_gemm.csv, will use default config! using torch solution:0
(Worker_TP1 pid=1556063) [aiter] shape is M:450, N:128, K:6144 dtype='torch.float32' otype='torch.float32' bias=False, scaleAB=False, bpreshuffle=False, not found tuned config in /tmp/aiter_configs/bf16_tuned_gemm.csv, will use default config! using torch solution:0
(Worker_TP1 pid=1556063) [aiter] shape is M:450, N:2304, K:12288 dtype='torch.bfloat16' otype='torch.bfloat16' bias=False, scaleAB=False, bpreshuffle=False, not found tuned config in /tmp/aiter_configs/bf16_tuned_gemm.csv, will use default config! using torch solution:0
(Worker_TP1 pid=1556063) [aiter] shape is M:435, N:128, K:6144 dtype='torch.float32' otype='torch.float32' bias=False, scaleAB=False, bpreshuffle=False, not found tuned config in /tmp/aiter_configs/bf16_tuned_gemm.csv, will use default config! using torch solution:0
(Worker_TP1 pid=1556063) [aiter] shape is M:435, N:2304, K:12288 dtype='torch.bfloat16' otype='torch.bfloat16' bias=False, scaleAB=False, bpreshuffle=False, not found tuned config in /tmp/aiter_configs/bf16_tuned_gemm.csv, will use default config! using torch solution:0
(Worker_TP1 pid=1556063) [aiter] shape is M:420, N:128, K:6144 dtype='torch.float32' otype='torch.float32' bias=False, scaleAB=False, bpreshuffle=False, not found tuned config in /tmp/aiter_configs/bf16_tuned_gemm.csv, will use default config! using torch solution:0
(Worker_TP1 pid=1556063) [aiter] shape is M:420, N:2304, K:12288 dtype='torch.bfloat16' otype='torch.bfloat16' bias=False, scaleAB=False, bpreshuffle=False, not found tuned config in /tmp/aiter_configs/bf16_tuned_gemm.csv, will use default config! using torch solution:0
(Worker_TP1 pid=1556063) [aiter] shape is M:400, N:128, K:6144 dtype='torch.float32' otype='torch.float32' bias=False, scaleAB=False, bpreshuffle=False, not found tuned config in /tmp/aiter_configs/bf16_tuned_gemm.csv, will use default config! using torch solution:0
(Worker_TP1 pid=1556063) [aiter] shape is M:400, N:2304, K:12288 dtype='torch.bfloat16' otype='torch.bfloat16' bias=False, scaleAB=False, bpreshuffle=False, not found tuned config in /tmp/aiter_configs/bf16_tuned_gemm.csv, will use default config! using torch solution:0
(Worker_TP1 pid=1556063) [aiter] shape is M:385, N:128, K:6144 dtype='torch.float32' otype='torch.float32' bias=False, scaleAB=False, bpreshuffle=False, not found tuned config in /tmp/aiter_configs/bf16_tuned_gemm.csv, will use default config! using torch solution:0
(Worker_TP3 pid=1556065) [aiter] shape is M:465, N:128, K:6144 dtype='torch.float32' otype='torch.float32' bias=False, scaleAB=False, bpreshuffle=False, not found tuned config in /tmp/aiter_configs/bf16_tuned_gemm.csv, will use default config! using torch solution:0
(Worker_TP1 pid=1556063) [aiter] shape is M:385, N:2304, K:12288 dtype='torch.bfloat16' otype='torch.bfloat16' bias=False, scaleAB=False, bpreshuffle=False, not found tuned config in /tmp/aiter_configs/bf16_tuned_gemm.csv, will use default config! using torch solution:0
(Worker_TP3 pid=1556065) [aiter] shape is M:465, N:2304, K:12288 dtype='torch.bfloat16' otype='torch.bfloat16' bias=False, scaleAB=False, bpreshuffle=False, not found tuned config in /tmp/aiter_configs/bf16_tuned_gemm.csv, will use default config! using torch solution:0
(Worker_TP1 pid=1556063) [aiter] shape is M:370, N:128, K:6144 dtype='torch.float32' otype='torch.float32' bias=False, scaleAB=False, bpreshuffle=False, not found tuned config in /tmp/aiter_configs/bf16_tuned_gemm.csv, will use default config! using torch solution:0
(Worker_TP0 pid=1556062) Capturing CUDA graphs (mixed prefill-decode, PIECEWISE):   0%|          | 0/48 [00:00<?, ?it/s](Worker_TP3 pid=1556065) [aiter] shape is M:450, N:128, K:6144 dtype='torch.float32' otype='torch.float32' bias=False, scaleAB=False, bpreshuffle=False, not found tuned config in /tmp/aiter_configs/bf16_tuned_gemm.csv, will use default config! using torch solution:0
(Worker_TP1 pid=1556063) [aiter] shape is M:370, N:2304, K:12288 dtype='torch.bfloat16' otype='torch.bfloat16' bias=False, scaleAB=False, bpreshuffle=False, not found tuned config in /tmp/aiter_configs/bf16_tuned_gemm.csv, will use default config! using torch solution:0
(Worker_TP3 pid=1556065) [aiter] shape is M:450, N:2304, K:12288 dtype='torch.bfloat16' otype='torch.bfloat16' bias=False, scaleAB=False, bpreshuffle=False, not found tuned config in /tmp/aiter_configs/bf16_tuned_gemm.csv, will use default config! using torch solution:0
(Worker_TP1 pid=1556063) [aiter] shape is M:355, N:128, K:6144 dtype='torch.float32' otype='torch.float32' bias=False, scaleAB=False, bpreshuffle=False, not found tuned config in /tmp/aiter_configs/bf16_tuned_gemm.csv, will use default config! using torch solution:0
(Worker_TP3 pid=1556065) [aiter] shape is M:435, N:128, K:6144 dtype='torch.float32' otype='torch.float32' bias=False, scaleAB=False, bpreshuffle=False, not found tuned config in /tmp/aiter_configs/bf16_tuned_gemm.csv, will use default config! using torch solution:0
(Worker_TP1 pid=1556063) [aiter] shape is M:355, N:2304, K:12288 dtype='torch.bfloat16' otype='torch.bfloat16' bias=False, scaleAB=False, bpreshuffle=False, not found tuned config in /tmp/aiter_configs/bf16_tuned_gemm.csv, will use default config! using torch solution:0
Capturing CUDA graphs (mixed prefill-decode, PIECEWISE):   2%|▏         | 1/48 [00:00<00:06,  7.28it/s](Worker_TP3 pid=1556065) [aiter] shape is M:435, N:2304, K:12288 dtype='torch.bfloat16' otype='torch.bfloat16' bias=False, scaleAB=False, bpreshuffle=False, not found tuned config in /tmp/aiter_configs/bf16_tuned_gemm.csv, will use default config! using torch solution:0
(Worker_TP2 pid=1556064) [aiter] shape is M:465, N:128, K:6144 dtype='torch.float32' otype='torch.float32' bias=False, scaleAB=False, bpreshuffle=False, not found tuned config in /tmp/aiter_configs/bf16_tuned_gemm.csv, will use default config! using torch solution:0
(Worker_TP1 pid=1556063) [aiter] shape is M:340, N:128, K:6144 dtype='torch.float32' otype='torch.float32' bias=False, scaleAB=False, bpreshuffle=False, not found tuned config in /tmp/aiter_configs/bf16_tuned_gemm.csv, will use default config! using torch solution:0
(Worker_TP2 pid=1556064) [aiter] shape is M:465, N:2304, K:12288 dtype='torch.bfloat16' otype='torch.bfloat16' bias=False, scaleAB=False, bpreshuffle=False, not found tuned config in /tmp/aiter_configs/bf16_tuned_gemm.csv, will use default config! using torch solution:0
(Worker_TP3 pid=1556065) [aiter] shape is M:420, N:128, K:6144 dtype='torch.float32' otype='torch.float32' bias=False, scaleAB=False, bpreshuffle=False, not found tuned config in /tmp/aiter_configs/bf16_tuned_gemm.csv, will use default config! using torch solution:0
(Worker_TP1 pid=1556063) [aiter] shape is M:340, N:2304, K:12288 dtype='torch.bfloat16' otype='torch.bfloat16' bias=False, scaleAB=False, bpreshuffle=False, not found tuned config in /tmp/aiter_configs/bf16_tuned_gemm.csv, will use default config! using torch solution:0
[aiter] shape is M:465, N:128, K:6144 dtype='torch.float32' otype='torch.float32' bias=False, scaleAB=False, bpreshuffle=False, not found tuned config in /tmp/aiter_configs/bf16_tuned_gemm.csv, will use default config! using torch solution:0
(Worker_TP3 pid=1556065) [aiter] shape is M:420, N:2304, K:12288 dtype='torch.bfloat16' otype='torch.bfloat16' bias=False, scaleAB=False, bpreshuffle=False, not found tuned config in /tmp/aiter_configs/bf16_tuned_gemm.csv, will use default config! using torch solution:0
(Worker_TP2 pid=1556064) [aiter] shape is M:450, N:128, K:6144 dtype='torch.float32' otype='torch.float32' bias=False, scaleAB=False, bpreshuffle=False, not found tuned config in /tmp/aiter_configs/bf16_tuned_gemm.csv, will use default config! using torch solution:0
(Worker_TP0 pid=1556062) [aiter] shape is M:465, N:2304, K:12288 dtype='torch.bfloat16' otype='torch.bfloat16' bias=False, scaleAB=False, bpreshuffle=False, not found tuned config in /tmp/aiter_configs/bf16_tuned_gemm.csv, will use default config! using torch solution:0
(Worker_TP2 pid=1556064) [aiter] shape is M:450, N:2304, K:12288 dtype='torch.bfloat16' otype='torch.bfloat16' bias=False, scaleAB=False, bpreshuffle=False, not found tuned config in /tmp/aiter_configs/bf16_tuned_gemm.csv, will use default config! using torch solution:0
(Worker_TP3 pid=1556065) [aiter] shape is M:400, N:128, K:6144 dtype='torch.float32' otype='torch.float32' bias=False, scaleAB=False, bpreshuffle=False, not found tuned config in /tmp/aiter_configs/bf16_tuned_gemm.csv, will use default config! using torch solution:0
(Worker_TP0 pid=1556062) Capturing CUDA graphs (mixed prefill-decode, PIECEWISE):   6%|▋         | 3/48 [00:00<00:04,  9.21it/s][aiter] shape is M:450, N:128, K:6144 dtype='torch.float32' otype='torch.float32' bias=False, scaleAB=False, bpreshuffle=False, not found tuned config in /tmp/aiter_configs/bf16_tuned_gemm.csv, will use default config! using torch solution:0
(Worker_TP3 pid=1556065) [aiter] shape is M:400, N:2304, K:12288 dtype='torch.bfloat16' otype='torch.bfloat16' bias=False, scaleAB=False, bpreshuffle=False, not found tuned config in /tmp/aiter_configs/bf16_tuned_gemm.csv, will use default config! using torch solution:0
(Worker_TP2 pid=1556064) [aiter] shape is M:435, N:128, K:6144 dtype='torch.float32' otype='torch.float32' bias=False, scaleAB=False, bpreshuffle=False, not found tuned config in /tmp/aiter_configs/bf16_tuned_gemm.csv, will use default config! using torch solution:0
(Worker_TP0 pid=1556062) [aiter] shape is M:450, N:2304, K:12288 dtype='torch.bfloat16' otype='torch.bfloat16' bias=False, scaleAB=False, bpreshuffle=False, not found tuned config in /tmp/aiter_configs/bf16_tuned_gemm.csv, will use default config! using torch solution:0
(Worker_TP3 pid=1556065) [aiter] shape is M:385, N:128, K:6144 dtype='torch.float32' otype='torch.float32' bias=False, scaleAB=False, bpreshuffle=False, not found tuned config in /tmp/aiter_configs/bf16_tuned_gemm.csv, will use default config! using torch solution:0
(Worker_TP2 pid=1556064) [aiter] shape is M:435, N:2304, K:12288 dtype='torch.bfloat16' otype='torch.bfloat16' bias=False, scaleAB=False, bpreshuffle=False, not found tuned config in /tmp/aiter_configs/bf16_tuned_gemm.csv, will use default config! using torch solution:0
(Worker_TP3 pid=1556065) [aiter] shape is M:385, N:2304, K:12288 dtype='torch.bfloat16' otype='torch.bfloat16' bias=False, scaleAB=False, bpreshuffle=False, not found tuned config in /tmp/aiter_configs/bf16_tuned_gemm.csv, will use default config! using torch solution:0
(Worker_TP0 pid=1556062) [aiter] shape is M:435, N:128, K:6144 dtype='torch.float32' otype='torch.float32' bias=False, scaleAB=False, bpreshuffle=False, not found tuned config in /tmp/aiter_configs/bf16_tuned_gemm.csv, will use default config! using torch solution:0
(Worker_TP2 pid=1556064) [aiter] shape is M:420, N:128, K:6144 dtype='torch.float32' otype='torch.float32' bias=False, scaleAB=False, bpreshuffle=False, not found tuned config in /tmp/aiter_configs/bf16_tuned_gemm.csv, will use default config! using torch solution:0
(Worker_TP0 pid=1556062) [aiter] shape is M:435, N:2304, K:12288 dtype='torch.bfloat16' otype='torch.bfloat16' bias=False, scaleAB=False, bpreshuffle=False, not found tuned config in /tmp/aiter_configs/bf16_tuned_gemm.csv, will use default config! using torch solution:0
(Worker_TP3 pid=1556065) [aiter] shape is M:370, N:128, K:6144 dtype='torch.float32' otype='torch.float32' bias=False, scaleAB=False, bpreshuffle=False, not found tuned config in /tmp/aiter_configs/bf16_tuned_gemm.csv, will use default config! using torch solution:0
(Worker_TP2 pid=1556064) [aiter] shape is M:420, N:2304, K:12288 dtype='torch.bfloat16' otype='torch.bfloat16' bias=False, scaleAB=False, bpreshuffle=False, not found tuned config in /tmp/aiter_configs/bf16_tuned_gemm.csv, will use default config! using torch solution:0
(Worker_TP3 pid=1556065) [aiter] shape is M:370, N:2304, K:12288 dtype='torch.bfloat16' otype='torch.bfloat16' bias=False, scaleAB=False, bpreshuffle=False, not found tuned config in /tmp/aiter_configs/bf16_tuned_gemm.csv, will use default config! using torch solution:0
(Worker_TP0 pid=1556062) Capturing CUDA graphs (mixed prefill-decode, PIECEWISE):  10%|█         | 5/48 [00:00<00:04,  9.68it/s][aiter] shape is M:420, N:128, K:6144 dtype='torch.float32' otype='torch.float32' bias=False, scaleAB=False, bpreshuffle=False, not found tuned config in /tmp/aiter_configs/bf16_tuned_gemm.csv, will use default config! using torch solution:0
(Worker_TP2 pid=1556064) [aiter] shape is M:400, N:128, K:6144 dtype='torch.float32' otype='torch.float32' bias=False, scaleAB=False, bpreshuffle=False, not found tuned config in /tmp/aiter_configs/bf16_tuned_gemm.csv, will use default config! using torch solution:0
(Worker_TP3 pid=1556065) [aiter] shape is M:355, N:128, K:6144 dtype='torch.float32' otype='torch.float32' bias=False, scaleAB=False, bpreshuffle=False, not found tuned config in /tmp/aiter_configs/bf16_tuned_gemm.csv, will use default config! using torch solution:0
(Worker_TP0 pid=1556062) [aiter] shape is M:420, N:2304, K:12288 dtype='torch.bfloat16' otype='torch.bfloat16' bias=False, scaleAB=False, bpreshuffle=False, not found tuned config in /tmp/aiter_configs/bf16_tuned_gemm.csv, will use default config! using torch solution:0
(Worker_TP2 pid=1556064) [aiter] shape is M:400, N:2304, K:12288 dtype='torch.bfloat16' otype='torch.bfloat16' bias=False, scaleAB=False, bpreshuffle=False, not found tuned config in /tmp/aiter_configs/bf16_tuned_gemm.csv, will use default config! using torch solution:0
(Worker_TP1 pid=1556063) [aiter] shape is M:320, N:128, K:6144 dtype='torch.float32' otype='torch.float32' bias=False, scaleAB=False, bpreshuffle=False, not found tuned config in /tmp/aiter_configs/bf16_tuned_gemm.csv, will use default config! using torch solution:0
(Worker_TP3 pid=1556065) [aiter] shape is M:355, N:2304, K:12288 dtype='torch.bfloat16' otype='torch.bfloat16' bias=False, scaleAB=False, bpreshuffle=False, not found tuned config in /tmp/aiter_configs/bf16_tuned_gemm.csv, will use default config! using torch solution:0
(Worker_TP0 pid=1556062) [aiter] shape is M:400, N:128, K:6144 dtype='torch.float32' otype='torch.float32' bias=False, scaleAB=False, bpreshuffle=False, not found tuned config in /tmp/aiter_configs/bf16_tuned_gemm.csv, will use default config! using torch solution:0
(Worker_TP2 pid=1556064) [aiter] shape is M:385, N:128, K:6144 dtype='torch.float32' otype='torch.float32' bias=False, scaleAB=False, bpreshuffle=False, not found tuned config in /tmp/aiter_configs/bf16_tuned_gemm.csv, will use default config! using torch solution:0
(Worker_TP1 pid=1556063) [aiter] shape is M:320, N:2304, K:12288 dtype='torch.bfloat16' otype='torch.bfloat16' bias=False, scaleAB=False, bpreshuffle=False, not found tuned config in /tmp/aiter_configs/bf16_tuned_gemm.csv, will use default config! using torch solution:0
(Worker_TP3 pid=1556065) [aiter] shape is M:340, N:128, K:6144 dtype='torch.float32' otype='torch.float32' bias=False, scaleAB=False, bpreshuffle=False, not found tuned config in /tmp/aiter_configs/bf16_tuned_gemm.csv, will use default config! using torch solution:0
(Worker_TP0 pid=1556062) [aiter] shape is M:400, N:2304, K:12288 dtype='torch.bfloat16' otype='torch.bfloat16' bias=False, scaleAB=False, bpreshuffle=False, not found tuned config in /tmp/aiter_configs/bf16_tuned_gemm.csv, will use default config! using torch solution:0
(Worker_TP2 pid=1556064) [aiter] shape is M:385, N:2304, K:12288 dtype='torch.bfloat16' otype='torch.bfloat16' bias=False, scaleAB=False, bpreshuffle=False, not found tuned config in /tmp/aiter_configs/bf16_tuned_gemm.csv, will use default config! using torch solution:0
(Worker_TP3 pid=1556065) [aiter] shape is M:340, N:2304, K:12288 dtype='torch.bfloat16' otype='torch.bfloat16' bias=False, scaleAB=False, bpreshuffle=False, not found tuned config in /tmp/aiter_configs/bf16_tuned_gemm.csv, will use default config! using torch solution:0
(Worker_TP0 pid=1556062) Capturing CUDA graphs (mixed prefill-decode, PIECEWISE):  15%|█▍        | 7/48 [00:00<00:04, 10.03it/s][aiter] shape is M:385, N:128, K:6144 dtype='torch.float32' otype='torch.float32' bias=False, scaleAB=False, bpreshuffle=False, not found tuned config in /tmp/aiter_configs/bf16_tuned_gemm.csv, will use default config! using torch solution:0
(Worker_TP2 pid=1556064) [aiter] shape is M:370, N:128, K:6144 dtype='torch.float32' otype='torch.float32' bias=False, scaleAB=False, bpreshuffle=False, not found tuned config in /tmp/aiter_configs/bf16_tuned_gemm.csv, will use default config! using torch solution:0
(Worker_TP0 pid=1556062) [aiter] shape is M:385, N:2304, K:12288 dtype='torch.bfloat16' otype='torch.bfloat16' bias=False, scaleAB=False, bpreshuffle=False, not found tuned config in /tmp/aiter_configs/bf16_tuned_gemm.csv, will use default config! using torch solution:0
(Worker_TP2 pid=1556064) [aiter] shape is M:370, N:2304, K:12288 dtype='torch.bfloat16' otype='torch.bfloat16' bias=False, scaleAB=False, bpreshuffle=False, not found tuned config in /tmp/aiter_configs/bf16_tuned_gemm.csv, will use default config! using torch solution:0
(Worker_TP0 pid=1556062) [aiter] shape is M:370, N:128, K:6144 dtype='torch.float32' otype='torch.float32' bias=False, scaleAB=False, bpreshuffle=False, not found tuned config in /tmp/aiter_configs/bf16_tuned_gemm.csv, will use default config! using torch solution:0
(Worker_TP2 pid=1556064) [aiter] shape is M:355, N:128, K:6144 dtype='torch.float32' otype='torch.float32' bias=False, scaleAB=False, bpreshuffle=False, not found tuned config in /tmp/aiter_configs/bf16_tuned_gemm.csv, will use default config! using torch solution:0
(Worker_TP0 pid=1556062) [aiter] shape is M:370, N:2304, K:12288 dtype='torch.bfloat16' otype='torch.bfloat16' bias=False, scaleAB=False, bpreshuffle=False, not found tuned config in /tmp/aiter_configs/bf16_tuned_gemm.csv, will use default config! using torch solution:0
(Worker_TP1 pid=1556063) [aiter] shape is M:305, N:128, K:6144 dtype='torch.float32' otype='torch.float32' bias=False, scaleAB=False, bpreshuffle=False, not found tuned config in /tmp/aiter_configs/bf16_tuned_gemm.csv, will use default config! using torch solution:0
(Worker_TP2 pid=1556064) [aiter] shape is M:355, N:2304, K:12288 dtype='torch.bfloat16' otype='torch.bfloat16' bias=False, scaleAB=False, bpreshuffle=False, not found tuned config in /tmp/aiter_configs/bf16_tuned_gemm.csv, will use default config! using torch solution:0
(Worker_TP1 pid=1556063) [aiter] shape is M:305, N:2304, K:12288 dtype='torch.bfloat16' otype='torch.bfloat16' bias=False, scaleAB=False, bpreshuffle=False, not found tuned config in /tmp/aiter_configs/bf16_tuned_gemm.csv, will use default config! using torch solution:0
(Worker_TP0 pid=1556062) Capturing CUDA graphs (mixed prefill-decode, PIECEWISE):  19%|█▉        | 9/48 [00:00<00:03, 10.31it/s][aiter] shape is M:355, N:128, K:6144 dtype='torch.float32' otype='torch.float32' bias=False, scaleAB=False, bpreshuffle=False, not found tuned config in /tmp/aiter_configs/bf16_tuned_gemm.csv, will use default config! using torch solution:0
(Worker_TP2 pid=1556064) [aiter] shape is M:340, N:128, K:6144 dtype='torch.float32' otype='torch.float32' bias=False, scaleAB=False, bpreshuffle=False, not found tuned config in /tmp/aiter_configs/bf16_tuned_gemm.csv, will use default config! using torch solution:0
(Worker_TP0 pid=1556062) [aiter] shape is M:355, N:2304, K:12288 dtype='torch.bfloat16' otype='torch.bfloat16' bias=False, scaleAB=False, bpreshuffle=False, not found tuned config in /tmp/aiter_configs/bf16_tuned_gemm.csv, will use default config! using torch solution:0
(Worker_TP1 pid=1556063) [aiter] shape is M:290, N:128, K:6144 dtype='torch.float32' otype='torch.float32' bias=False, scaleAB=False, bpreshuffle=False, not found tuned config in /tmp/aiter_configs/bf16_tuned_gemm.csv, will use default config! using torch solution:0
(Worker_TP2 pid=1556064) [aiter] shape is M:340, N:2304, K:12288 dtype='torch.bfloat16' otype='torch.bfloat16' bias=False, scaleAB=False, bpreshuffle=False, not found tuned config in /tmp/aiter_configs/bf16_tuned_gemm.csv, will use default config! using torch solution:0
(Worker_TP1 pid=1556063) [aiter] shape is M:290, N:2304, K:12288 dtype='torch.bfloat16' otype='torch.bfloat16' bias=False, scaleAB=False, bpreshuffle=False, not found tuned config in /tmp/aiter_configs/bf16_tuned_gemm.csv, will use default config! using torch solution:0
(Worker_TP0 pid=1556062) [aiter] shape is M:340, N:128, K:6144 dtype='torch.float32' otype='torch.float32' bias=False, scaleAB=False, bpreshuffle=False, not found tuned config in /tmp/aiter_configs/bf16_tuned_gemm.csv, will use default config! using torch solution:0
(Worker_TP0 pid=1556062) [aiter] shape is M:340, N:2304, K:12288 dtype='torch.bfloat16' otype='torch.bfloat16' bias=False, scaleAB=False, bpreshuffle=False, not found tuned config in /tmp/aiter_configs/bf16_tuned_gemm.csv, will use default config! using torch solution:0
(Worker_TP1 pid=1556063) [aiter] shape is M:275, N:128, K:6144 dtype='torch.float32' otype='torch.float32' bias=False, scaleAB=False, bpreshuffle=False, not found tuned config in /tmp/aiter_configs/bf16_tuned_gemm.csv, will use default config! using torch solution:0
(Worker_TP3 pid=1556065) [aiter] shape is M:320, N:128, K:6144 dtype='torch.float32' otype='torch.float32' bias=False, scaleAB=False, bpreshuffle=False, not found tuned config in /tmp/aiter_configs/bf16_tuned_gemm.csv, will use default config! using torch solution:0
(Worker_TP0 pid=1556062) Capturing CUDA graphs (mixed prefill-decode, PIECEWISE):  23%|██▎       | 11/48 [00:01<00:03, 10.49it/s](Worker_TP1 pid=1556063) [aiter] shape is M:275, N:2304, K:12288 dtype='torch.bfloat16' otype='torch.bfloat16' bias=False, scaleAB=False, bpreshuffle=False, not found tuned config in /tmp/aiter_configs/bf16_tuned_gemm.csv, will use default config! using torch solution:0
(Worker_TP3 pid=1556065) [aiter] shape is M:320, N:2304, K:12288 dtype='torch.bfloat16' otype='torch.bfloat16' bias=False, scaleAB=False, bpreshuffle=False, not found tuned config in /tmp/aiter_configs/bf16_tuned_gemm.csv, will use default config! using torch solution:0
(Worker_TP1 pid=1556063) [aiter] shape is M:260, N:128, K:6144 dtype='torch.float32' otype='torch.float32' bias=False, scaleAB=False, bpreshuffle=False, not found tuned config in /tmp/aiter_configs/bf16_tuned_gemm.csv, will use default config! using torch solution:0
(Worker_TP1 pid=1556063) [aiter] shape is M:260, N:2304, K:12288 dtype='torch.bfloat16' otype='torch.bfloat16' bias=False, scaleAB=False, bpreshuffle=False, not found tuned config in /tmp/aiter_configs/bf16_tuned_gemm.csv, will use default config! using torch solution:0
(Worker_TP2 pid=1556064) [aiter] shape is M:320, N:128, K:6144 dtype='torch.float32' otype='torch.float32' bias=False, scaleAB=False, bpreshuffle=False, not found tuned config in /tmp/aiter_configs/bf16_tuned_gemm.csv, will use default config! using torch solution:0
(Worker_TP3 pid=1556065) [aiter] shape is M:305, N:128, K:6144 dtype='torch.float32' otype='torch.float32' bias=False, scaleAB=False, bpreshuffle=False, not found tuned config in /tmp/aiter_configs/bf16_tuned_gemm.csv, will use default config! using torch solution:0
[aiter] LoadKernel: _ZN5aiter39bf16gemm_fp32bf16_tn_96x64_splitk_cleanE hsaco: /usr/local/lib/python3.12/dist-packages/aiter_meta/hsa//gfx950/bf16gemm/bf16gemm_fp32bf16_tn_96x64_splitk_clean.co
(Worker_TP1 pid=1556063) [aiter] shape is M:250, N:128, K:6144 dtype='torch.float32' otype='torch.float32' bias=False, scaleAB=False, bpreshuffle=False, not found tuned config in /tmp/aiter_configs/bf16_tuned_gemm.csv, will use default config! using torch solution:0
(Worker_TP1 pid=1556063) [aiter] run_1stage = False, xbf16 = False, ksplit = 0 q_type = QuantType.per_1x32 block_m = 32 use_nt = True, estimated_m_per_expert = 9
(Worker_TP1 pid=1556063) [aiter] [fused_moe] using 2stage default for ('gfx950', 256, 256, 6144, 768, 129, 5, 'ActivationType.Swiglu', 'torch.bfloat16', 'torch.bfloat16', 'torch.float4_e2m1fn_x2', 'QuantType.per_1x32', True, False) 
(Worker_TP1 pid=1556063) [aiter] [pid=1556063 pname=VllmWorker-1] start build [module_moe_cktile2stages] under /tmp/inferencex-minimaxm3-1413/home/.aiter/jit/build/module_moe_cktile2stages
(Worker_TP2 pid=1556064) [aiter] shape is M:320, N:2304, K:12288 dtype='torch.bfloat16' otype='torch.bfloat16' bias=False, scaleAB=False, bpreshuffle=False, not found tuned config in /tmp/aiter_configs/bf16_tuned_gemm.csv, will use default config! using torch solution:0
(Worker_TP3 pid=1556065) [aiter] shape is M:305, N:2304, K:12288 dtype='torch.bfloat16' otype='torch.bfloat16' bias=False, scaleAB=False, bpreshuffle=False, not found tuned config in /tmp/aiter_configs/bf16_tuned_gemm.csv, will use default config! using torch solution:0
[aiter] shape is M:320, N:128, K:6144 dtype='torch.float32' otype='torch.float32' bias=False, scaleAB=False, bpreshuffle=False, not found tuned config in /tmp/aiter_configs/bf16_tuned_gemm.csv, will use default config! using torch solution:0
(Worker_TP3 pid=1556065) [aiter] shape is M:290, N:128, K:6144 dtype='torch.float32' otype='torch.float32' bias=False, scaleAB=False, bpreshuffle=False, not found tuned config in /tmp/aiter_configs/bf16_tuned_gemm.csv, will use default config! using torch solution:0
(Worker_TP0 pid=1556062) [aiter] shape is M:320, N:2304, K:12288 dtype='torch.bfloat16' otype='torch.bfloat16' bias=False, scaleAB=False, bpreshuffle=False, not found tuned config in /tmp/aiter_configs/bf16_tuned_gemm.csv, will use default config! using torch solution:0
(Worker_TP3 pid=1556065) [aiter] shape is M:290, N:2304, K:12288 dtype='torch.bfloat16' otype='torch.bfloat16' bias=False, scaleAB=False, bpreshuffle=False, not found tuned config in /tmp/aiter_configs/bf16_tuned_gemm.csv, will use default config! using torch solution:0
(Worker_TP3 pid=1556065) [aiter] shape is M:275, N:128, K:6144 dtype='torch.float32' otype='torch.float32' bias=False, scaleAB=False, bpreshuffle=False, not found tuned config in /tmp/aiter_configs/bf16_tuned_gemm.csv, will use default config! using torch solution:0
(Worker_TP3 pid=1556065) [aiter] shape is M:275, N:2304, K:12288 dtype='torch.bfloat16' otype='torch.bfloat16' bias=False, scaleAB=False, bpreshuffle=False, not found tuned config in /tmp/aiter_configs/bf16_tuned_gemm.csv, will use default config! using torch solution:0
(Worker_TP2 pid=1556064) [aiter] shape is M:305, N:128, K:6144 dtype='torch.float32' otype='torch.float32' bias=False, scaleAB=False, bpreshuffle=False, not found tuned config in /tmp/aiter_configs/bf16_tuned_gemm.csv, will use default config! using torch solution:0
(Worker_TP3 pid=1556065) [aiter] shape is M:260, N:128, K:6144 dtype='torch.float32' otype='torch.float32' bias=False, scaleAB=False, bpreshuffle=False, not found tuned config in /tmp/aiter_configs/bf16_tuned_gemm.csv, will use default config! using torch solution:0
(Worker_TP2 pid=1556064) [aiter] shape is M:305, N:2304, K:12288 dtype='torch.bfloat16' otype='torch.bfloat16' bias=False, scaleAB=False, bpreshuffle=False, not found tuned config in /tmp/aiter_configs/bf16_tuned_gemm.csv, will use default config! using torch solution:0
(Worker_TP3 pid=1556065) [aiter] shape is M:260, N:2304, K:12288 dtype='torch.bfloat16' otype='torch.bfloat16' bias=False, scaleAB=False, bpreshuffle=False, not found tuned config in /tmp/aiter_configs/bf16_tuned_gemm.csv, will use default config! using torch solution:0
(Worker_TP2 pid=1556064) [aiter] shape is M:290, N:128, K:6144 dtype='torch.float32' otype='torch.float32' bias=False, scaleAB=False, bpreshuffle=False, not found tuned config in /tmp/aiter_configs/bf16_tuned_gemm.csv, will use default config! using torch solution:0
(Worker_TP0 pid=1556062) [aiter] shape is M:305, N:128, K:6144 dtype='torch.float32' otype='torch.float32' bias=False, scaleAB=False, bpreshuffle=False, not found tuned config in /tmp/aiter_configs/bf16_tuned_gemm.csv, will use default config! using torch solution:0
(Worker_TP2 pid=1556064) [aiter] shape is M:290, N:2304, K:12288 dtype='torch.bfloat16' otype='torch.bfloat16' bias=False, scaleAB=False, bpreshuffle=False, not found tuned config in /tmp/aiter_configs/bf16_tuned_gemm.csv, will use default config! using torch solution:0
(Worker_TP0 pid=1556062) [aiter] shape is M:305, N:2304, K:12288 dtype='torch.bfloat16' otype='torch.bfloat16' bias=False, scaleAB=False, bpreshuffle=False, not found tuned config in /tmp/aiter_configs/bf16_tuned_gemm.csv, will use default config! using torch solution:0
(Worker_TP2 pid=1556064) [aiter] shape is M:275, N:128, K:6144 dtype='torch.float32' otype='torch.float32' bias=False, scaleAB=False, bpreshuffle=False, not found tuned config in /tmp/aiter_configs/bf16_tuned_gemm.csv, will use default config! using torch solution:0
(Worker_TP0 pid=1556062) Capturing CUDA graphs (mixed prefill-decode, PIECEWISE):  27%|██▋       | 13/48 [00:01<00:06,  5.51it/s][aiter] shape is M:290, N:128, K:6144 dtype='torch.float32' otype='torch.float32' bias=False, scaleAB=False, bpreshuffle=False, not found tuned config in /tmp/aiter_configs/bf16_tuned_gemm.csv, will use default config! using torch solution:0
(Worker_TP2 pid=1556064) [aiter] shape is M:275, N:2304, K:12288 dtype='torch.bfloat16' otype='torch.bfloat16' bias=False, scaleAB=False, bpreshuffle=False, not found tuned config in /tmp/aiter_configs/bf16_tuned_gemm.csv, will use default config! using torch solution:0
(Worker_TP0 pid=1556062) [aiter] shape is M:290, N:2304, K:12288 dtype='torch.bfloat16' otype='torch.bfloat16' bias=False, scaleAB=False, bpreshuffle=False, not found tuned config in /tmp/aiter_configs/bf16_tuned_gemm.csv, will use default config! using torch solution:0
[aiter] LoadKernel: _ZN5aiter39bf16gemm_fp32bf16_tn_96x64_splitk_cleanE hsaco: /usr/local/lib/python3.12/dist-packages/aiter_meta/hsa//gfx950/bf16gemm/bf16gemm_fp32bf16_tn_96x64_splitk_clean.co
(Worker_TP3 pid=1556065) [aiter] shape is M:250, N:128, K:6144 dtype='torch.float32' otype='torch.float32' bias=False, scaleAB=False, bpreshuffle=False, not found tuned config in /tmp/aiter_configs/bf16_tuned_gemm.csv, will use default config! using torch solution:0
(Worker_TP3 pid=1556065) [aiter] run_1stage = False, xbf16 = False, ksplit = 0 q_type = QuantType.per_1x32 block_m = 32 use_nt = True, estimated_m_per_expert = 9
(Worker_TP3 pid=1556065) [aiter] [fused_moe] using 2stage default for ('gfx950', 256, 256, 6144, 768, 129, 5, 'ActivationType.Swiglu', 'torch.bfloat16', 'torch.bfloat16', 'torch.float4_e2m1fn_x2', 'QuantType.per_1x32', True, False) 
(Worker_TP3 pid=1556065) [aiter] [pid=1556065 pname=VllmWorker-3] waiting for baton release at /tmp/inferencex-minimaxm3-1413/home/.aiter/jit/build/lock_module_moe_cktile2stages
(Worker_TP2 pid=1556064) [aiter] shape is M:260, N:128, K:6144 dtype='torch.float32' otype='torch.float32' bias=False, scaleAB=False, bpreshuffle=False, not found tuned config in /tmp/aiter_configs/bf16_tuned_gemm.csv, will use default config! using torch solution:0
(Worker_TP0 pid=1556062) [aiter] shape is M:275, N:128, K:6144 dtype='torch.float32' otype='torch.float32' bias=False, scaleAB=False, bpreshuffle=False, not found tuned config in /tmp/aiter_configs/bf16_tuned_gemm.csv, will use default config! using torch solution:0
(Worker_TP2 pid=1556064) [aiter] shape is M:260, N:2304, K:12288 dtype='torch.bfloat16' otype='torch.bfloat16' bias=False, scaleAB=False, bpreshuffle=False, not found tuned config in /tmp/aiter_configs/bf16_tuned_gemm.csv, will use default config! using torch solution:0
(Worker_TP0 pid=1556062) [aiter] shape is M:275, N:2304, K:12288 dtype='torch.bfloat16' otype='torch.bfloat16' bias=False, scaleAB=False, bpreshuffle=False, not found tuned config in /tmp/aiter_configs/bf16_tuned_gemm.csv, will use default config! using torch solution:0
(Worker_TP0 pid=1556062) Capturing CUDA graphs (mixed prefill-decode, PIECEWISE):  31%|███▏      | 15/48 [00:01<00:05,  6.49it/s][aiter] shape is M:260, N:128, K:6144 dtype='torch.float32' otype='torch.float32' bias=False, scaleAB=False, bpreshuffle=False, not found tuned config in /tmp/aiter_configs/bf16_tuned_gemm.csv, will use default config! using torch solution:0
(Worker_TP0 pid=1556062) [aiter] shape is M:260, N:2304, K:12288 dtype='torch.bfloat16' otype='torch.bfloat16' bias=False, scaleAB=False, bpreshuffle=False, not found tuned config in /tmp/aiter_configs/bf16_tuned_gemm.csv, will use default config! using torch solution:0
[aiter] LoadKernel: _ZN5aiter39bf16gemm_fp32bf16_tn_96x64_splitk_cleanE hsaco: /usr/local/lib/python3.12/dist-packages/aiter_meta/hsa//gfx950/bf16gemm/bf16gemm_fp32bf16_tn_96x64_splitk_clean.co
(Worker_TP2 pid=1556064) [aiter] shape is M:250, N:128, K:6144 dtype='torch.float32' otype='torch.float32' bias=False, scaleAB=False, bpreshuffle=False, not found tuned config in /tmp/aiter_configs/bf16_tuned_gemm.csv, will use default config! using torch solution:0
(Worker_TP2 pid=1556064) [aiter] run_1stage = False, xbf16 = False, ksplit = 0 q_type = QuantType.per_1x32 block_m = 32 use_nt = True, estimated_m_per_expert = 9
(Worker_TP2 pid=1556064) [aiter] [fused_moe] using 2stage default for ('gfx950', 256, 256, 6144, 768, 129, 5, 'ActivationType.Swiglu', 'torch.bfloat16', 'torch.bfloat16', 'torch.float4_e2m1fn_x2', 'QuantType.per_1x32', True, False) 
(Worker_TP2 pid=1556064) [aiter] [pid=1556064 pname=VllmWorker-2] waiting for baton release at /tmp/inferencex-minimaxm3-1413/home/.aiter/jit/build/lock_module_moe_cktile2stages
[aiter] LoadKernel: _ZN5aiter39bf16gemm_fp32bf16_tn_96x64_splitk_cleanE hsaco: /usr/local/lib/python3.12/dist-packages/aiter_meta/hsa//gfx950/bf16gemm/bf16gemm_fp32bf16_tn_96x64_splitk_clean.co
(Worker_TP0 pid=1556062) [aiter] shape is M:250, N:128, K:6144 dtype='torch.float32' otype='torch.float32' bias=False, scaleAB=False, bpreshuffle=False, not found tuned config in /tmp/aiter_configs/bf16_tuned_gemm.csv, will use default config! using torch solution:0
(Worker_TP0 pid=1556062) [aiter] run_1stage = False, xbf16 = False, ksplit = 0 q_type = QuantType.per_1x32 block_m = 32 use_nt = True, estimated_m_per_expert = 9
(Worker_TP0 pid=1556062) [aiter] [fused_moe] using 2stage default for ('gfx950', 256, 256, 6144, 768, 129, 5, 'ActivationType.Swiglu', 'torch.bfloat16', 'torch.bfloat16', 'torch.float4_e2m1fn_x2', 'QuantType.per_1x32', True, False) 
(Worker_TP0 pid=1556062) [aiter] [pid=1556062 pname=VllmWorker-0] waiting for baton release at /tmp/inferencex-minimaxm3-1413/home/.aiter/jit/build/lock_module_moe_cktile2stages
(EngineCore pid=1555785) INFO 08-25 19:38:43 [shm_broadcast.py:802] No available shared memory broadcast block found in 60 seconds. This typically happens when some processes are hanging or doing some time-consuming work (e.g. compilation, weight/kv cache quantization).
(EngineCore pid=1555785) INFO 08-25 19:39:43 [shm_broadcast.py:802] No available shared memory broadcast block found in 60 seconds. This typically happens when some processes are hanging or doing some time-consuming work (e.g. compilation, weight/kv cache quantization).
(EngineCore pid=1555785) INFO 08-25 19:40:43 [shm_broadcast.py:802] No available shared memory broadcast block found in 60 seconds. This typically happens when some processes are hanging or doing some time-consuming work (e.g. compilation, weight/kv cache quantization).
(EngineCore pid=1555785) INFO 08-25 19:41:43 [shm_broadcast.py:802] No available shared memory broadcast block found in 60 seconds. This typically happens when some processes are hanging or doing some time-consuming work (e.g. compilation, weight/kv cache quantization).
(Worker_TP1 pid=1556063) [aiter] [pid=1556063 pname=VllmWorker-1] [32mfinish build [module_moe_cktile2stages], cost 242.1s [0m
(Worker_TP1 pid=1556063) [aiter] import [module_moe_cktile2stages] under /tmp/inferencex-minimaxm3-1413/home/.aiter/jit/module_moe_cktile2stages.so
(Worker_TP1 pid=1556063) [aiter] [pid=1556063 pname=VllmWorker-1] start build [module_activation] under /tmp/inferencex-minimaxm3-1413/home/.aiter/jit/build/module_activation
(Worker_TP2 pid=1556064) [aiter] import [module_moe_cktile2stages] under /tmp/inferencex-minimaxm3-1413/home/.aiter/jit/module_moe_cktile2stages.so
(Worker_TP2 pid=1556064) [aiter] [pid=1556064 pname=VllmWorker-2] waiting for baton release at /tmp/inferencex-minimaxm3-1413/home/.aiter/jit/build/lock_module_activation
(Worker_TP0 pid=1556062) [aiter] import [module_moe_cktile2stages] under /tmp/inferencex-minimaxm3-1413/home/.aiter/jit/module_moe_cktile2stages.so
(Worker_TP0 pid=1556062) [aiter] [pid=1556062 pname=VllmWorker-0] waiting for baton release at /tmp/inferencex-minimaxm3-1413/home/.aiter/jit/build/lock_module_activation
(Worker_TP3 pid=1556065) [aiter] import [module_moe_cktile2stages] under /tmp/inferencex-minimaxm3-1413/home/.aiter/jit/module_moe_cktile2stages.so
(Worker_TP3 pid=1556065) [aiter] [pid=1556065 pname=VllmWorker-3] waiting for baton release at /tmp/inferencex-minimaxm3-1413/home/.aiter/jit/build/lock_module_activation
(EngineCore pid=1555785) INFO 08-25 19:42:43 [shm_broadcast.py:802] No available shared memory broadcast block found in 60 seconds. This typically happens when some processes are hanging or doing some time-consuming work (e.g. compilation, weight/kv cache quantization).
(Worker_TP1 pid=1556063) [aiter] [pid=1556063 pname=VllmWorker-1] [32mfinish build [module_activation], cost 16.8s [0m
(Worker_TP1 pid=1556063) [aiter] import [module_activation] under /tmp/inferencex-minimaxm3-1413/home/.aiter/jit/module_activation.so
(Worker_TP3 pid=1556065) [aiter] import [module_activation] under /tmp/inferencex-minimaxm3-1413/home/.aiter/jit/module_activation.so
(Worker_TP2 pid=1556064) [aiter] import [module_activation] under /tmp/inferencex-minimaxm3-1413/home/.aiter/jit/module_activation.so
(Worker_TP1 pid=1556063) [aiter] shape is M:250, N:2304, K:12288 dtype='torch.bfloat16' otype='torch.bfloat16' bias=False, scaleAB=False, bpreshuffle=False, not found tuned config in /tmp/aiter_configs/bf16_tuned_gemm.csv, will use default config! using torch solution:0
(Worker_TP3 pid=1556065) [aiter] shape is M:250, N:2304, K:12288 dtype='torch.bfloat16' otype='torch.bfloat16' bias=False, scaleAB=False, bpreshuffle=False, not found tuned config in /tmp/aiter_configs/bf16_tuned_gemm.csv, will use default config! using torch solution:0
(Worker_TP1 pid=1556063) [aiter] shape is M:240, N:128, K:6144 dtype='torch.float32' otype='torch.float32' bias=False, scaleAB=False, bpreshuffle=False, not found tuned config in /tmp/aiter_configs/bf16_tuned_gemm.csv, will use default config! using torch solution:0
(Worker_TP3 pid=1556065) [aiter] shape is M:240, N:128, K:6144 dtype='torch.float32' otype='torch.float32' bias=False, scaleAB=False, bpreshuffle=False, not found tuned config in /tmp/aiter_configs/bf16_tuned_gemm.csv, will use default config! using torch solution:0
(Worker_TP2 pid=1556064) [aiter] shape is M:250, N:2304, K:12288 dtype='torch.bfloat16' otype='torch.bfloat16' bias=False, scaleAB=False, bpreshuffle=False, not found tuned config in /tmp/aiter_configs/bf16_tuned_gemm.csv, will use default config! using torch solution:0
(Worker_TP0 pid=1556062) [aiter] import [module_activation] under /tmp/inferencex-minimaxm3-1413/home/.aiter/jit/module_activation.so
(Worker_TP1 pid=1556063) [aiter] shape is M:240, N:2304, K:12288 dtype='torch.bfloat16' otype='torch.bfloat16' bias=False, scaleAB=False, bpreshuffle=False, not found tuned config in /tmp/aiter_configs/bf16_tuned_gemm.csv, will use default config! using torch solution:0
(Worker_TP3 pid=1556065) [aiter] shape is M:240, N:2304, K:12288 dtype='torch.bfloat16' otype='torch.bfloat16' bias=False, scaleAB=False, bpreshuffle=False, not found tuned config in /tmp/aiter_configs/bf16_tuned_gemm.csv, will use default config! using torch solution:0
(Worker_TP2 pid=1556064) [aiter] shape is M:240, N:128, K:6144 dtype='torch.float32' otype='torch.float32' bias=False, scaleAB=False, bpreshuffle=False, not found tuned config in /tmp/aiter_configs/bf16_tuned_gemm.csv, will use default config! using torch solution:0
(Worker_TP1 pid=1556063) [aiter] shape is M:235, N:128, K:6144 dtype='torch.float32' otype='torch.float32' bias=False, scaleAB=False, bpreshuffle=False, not found tuned config in /tmp/aiter_configs/bf16_tuned_gemm.csv, will use default config! using torch solution:0
(Worker_TP3 pid=1556065) [aiter] shape is M:235, N:128, K:6144 dtype='torch.float32' otype='torch.float32' bias=False, scaleAB=False, bpreshuffle=False, not found tuned config in /tmp/aiter_configs/bf16_tuned_gemm.csv, will use default config! using torch solution:0
(Worker_TP2 pid=1556064) [aiter] shape is M:240, N:2304, K:12288 dtype='torch.bfloat16' otype='torch.bfloat16' bias=False, scaleAB=False, bpreshuffle=False, not found tuned config in /tmp/aiter_configs/bf16_tuned_gemm.csv, will use default config! using torch solution:0
(Worker_TP0 pid=1556062) [aiter] shape is M:250, N:2304, K:12288 dtype='torch.bfloat16' otype='torch.bfloat16' bias=False, scaleAB=False, bpreshuffle=False, not found tuned config in /tmp/aiter_configs/bf16_tuned_gemm.csv, will use default config! using torch solution:0
(Worker_TP1 pid=1556063) [aiter] shape is M:235, N:2304, K:12288 dtype='torch.bfloat16' otype='torch.bfloat16' bias=False, scaleAB=False, bpreshuffle=False, not found tuned config in /tmp/aiter_configs/bf16_tuned_gemm.csv, will use default config! using torch solution:0
(Worker_TP3 pid=1556065) [aiter] shape is M:235, N:2304, K:12288 dtype='torch.bfloat16' otype='torch.bfloat16' bias=False, scaleAB=False, bpreshuffle=False, not found tuned config in /tmp/aiter_configs/bf16_tuned_gemm.csv, will use default config! using torch solution:0
(Worker_TP2 pid=1556064) [aiter] shape is M:235, N:128, K:6144 dtype='torch.float32' otype='torch.float32' bias=False, scaleAB=False, bpreshuffle=False, not found tuned config in /tmp/aiter_configs/bf16_tuned_gemm.csv, will use default config! using torch solution:0
(Worker_TP0 pid=1556062) Capturing CUDA graphs (mixed prefill-decode, PIECEWISE):  35%|███▌      | 17/48 [04:20<21:07, 40.90s/it](Worker_TP1 pid=1556063) [aiter] shape is M:225, N:128, K:6144 dtype='torch.float32' otype='torch.float32' bias=False, scaleAB=False, bpreshuffle=False, not found tuned config in /tmp/aiter_configs/bf16_tuned_gemm.csv, will use default config! using torch solution:0
[aiter] shape is M:240, N:128, K:6144 dtype='torch.float32' otype='torch.float32' bias=False, scaleAB=False, bpreshuffle=False, not found tuned config in /tmp/aiter_configs/bf16_tuned_gemm.csv, will use default config! using torch solution:0
(Worker_TP3 pid=1556065) [aiter] shape is M:225, N:128, K:6144 dtype='torch.float32' otype='torch.float32' bias=False, scaleAB=False, bpreshuffle=False, not found tuned config in /tmp/aiter_configs/bf16_tuned_gemm.csv, will use default config! using torch solution:0
(Worker_TP2 pid=1556064) [aiter] shape is M:235, N:2304, K:12288 dtype='torch.bfloat16' otype='torch.bfloat16' bias=False, scaleAB=False, bpreshuffle=False, not found tuned config in /tmp/aiter_configs/bf16_tuned_gemm.csv, will use default config! using torch solution:0
(Worker_TP1 pid=1556063) [aiter] shape is M:225, N:2304, K:12288 dtype='torch.bfloat16' otype='torch.bfloat16' bias=False, scaleAB=False, bpreshuffle=False, not found tuned config in /tmp/aiter_configs/bf16_tuned_gemm.csv, will use default config! using torch solution:0
(Worker_TP0 pid=1556062) [aiter] shape is M:240, N:2304, K:12288 dtype='torch.bfloat16' otype='torch.bfloat16' bias=False, scaleAB=False, bpreshuffle=False, not found tuned config in /tmp/aiter_configs/bf16_tuned_gemm.csv, will use default config! using torch solution:0
(Worker_TP3 pid=1556065) [aiter] shape is M:225, N:2304, K:12288 dtype='torch.bfloat16' otype='torch.bfloat16' bias=False, scaleAB=False, bpreshuffle=False, not found tuned config in /tmp/aiter_configs/bf16_tuned_gemm.csv, will use default config! using torch solution:0
(Worker_TP2 pid=1556064) [aiter] shape is M:225, N:128, K:6144 dtype='torch.float32' otype='torch.float32' bias=False, scaleAB=False, bpreshuffle=False, not found tuned config in /tmp/aiter_configs/bf16_tuned_gemm.csv, will use default config! using torch solution:0
(Worker_TP1 pid=1556063) [aiter] shape is M:220, N:128, K:6144 dtype='torch.float32' otype='torch.float32' bias=False, scaleAB=False, bpreshuffle=False, not found tuned config in /tmp/aiter_configs/bf16_tuned_gemm.csv, will use default config! using torch solution:0
(Worker_TP0 pid=1556062) [aiter] shape is M:235, N:128, K:6144 dtype='torch.float32' otype='torch.float32' bias=False, scaleAB=False, bpreshuffle=False, not found tuned config in /tmp/aiter_configs/bf16_tuned_gemm.csv, will use default config! using torch solution:0
(Worker_TP3 pid=1556065) [aiter] shape is M:220, N:128, K:6144 dtype='torch.float32' otype='torch.float32' bias=False, scaleAB=False, bpreshuffle=False, not found tuned config in /tmp/aiter_configs/bf16_tuned_gemm.csv, will use default config! using torch solution:0
(Worker_TP2 pid=1556064) [aiter] shape is M:225, N:2304, K:12288 dtype='torch.bfloat16' otype='torch.bfloat16' bias=False, scaleAB=False, bpreshuffle=False, not found tuned config in /tmp/aiter_configs/bf16_tuned_gemm.csv, will use default config! using torch solution:0
(Worker_TP1 pid=1556063) [aiter] shape is M:220, N:2304, K:12288 dtype='torch.bfloat16' otype='torch.bfloat16' bias=False, scaleAB=False, bpreshuffle=False, not found tuned config in /tmp/aiter_configs/bf16_tuned_gemm.csv, will use default config! using torch solution:0
(Worker_TP0 pid=1556062) [aiter] shape is M:235, N:2304, K:12288 dtype='torch.bfloat16' otype='torch.bfloat16' bias=False, scaleAB=False, bpreshuffle=False, not found tuned config in /tmp/aiter_configs/bf16_tuned_gemm.csv, will use default config! using torch solution:0
(Worker_TP3 pid=1556065) [aiter] shape is M:220, N:2304, K:12288 dtype='torch.bfloat16' otype='torch.bfloat16' bias=False, scaleAB=False, bpreshuffle=False, not found tuned config in /tmp/aiter_configs/bf16_tuned_gemm.csv, will use default config! using torch solution:0
(Worker_TP2 pid=1556064) [aiter] shape is M:220, N:128, K:6144 dtype='torch.float32' otype='torch.float32' bias=False, scaleAB=False, bpreshuffle=False, not found tuned config in /tmp/aiter_configs/bf16_tuned_gemm.csv, will use default config! using torch solution:0
(Worker_TP1 pid=1556063) [aiter] shape is M:210, N:128, K:6144 dtype='torch.float32' otype='torch.float32' bias=False, scaleAB=False, bpreshuffle=False, not found tuned config in /tmp/aiter_configs/bf16_tuned_gemm.csv, will use default config! using torch solution:0
(Worker_TP0 pid=1556062) Capturing CUDA graphs (mixed prefill-decode, PIECEWISE):  40%|███▉      | 19/48 [04:20<13:38, 28.22s/it][aiter] shape is M:225, N:128, K:6144 dtype='torch.float32' otype='torch.float32' bias=False, scaleAB=False, bpreshuffle=False, not found tuned config in /tmp/aiter_configs/bf16_tuned_gemm.csv, will use default config! using torch solution:0
(Worker_TP3 pid=1556065) [aiter] shape is M:210, N:128, K:6144 dtype='torch.float32' otype='torch.float32' bias=False, scaleAB=False, bpreshuffle=False, not found tuned config in /tmp/aiter_configs/bf16_tuned_gemm.csv, will use default config! using torch solution:0
(Worker_TP2 pid=1556064) [aiter] shape is M:220, N:2304, K:12288 dtype='torch.bfloat16' otype='torch.bfloat16' bias=False, scaleAB=False, bpreshuffle=False, not found tuned config in /tmp/aiter_configs/bf16_tuned_gemm.csv, will use default config! using torch solution:0
(Worker_TP1 pid=1556063) [aiter] shape is M:210, N:2304, K:12288 dtype='torch.bfloat16' otype='torch.bfloat16' bias=False, scaleAB=False, bpreshuffle=False, not found tuned config in /tmp/aiter_configs/bf16_tuned_gemm.csv, will use default config! using torch solution:0
(Worker_TP0 pid=1556062) [aiter] shape is M:225, N:2304, K:12288 dtype='torch.bfloat16' otype='torch.bfloat16' bias=False, scaleAB=False, bpreshuffle=False, not found tuned config in /tmp/aiter_configs/bf16_tuned_gemm.csv, will use default config! using torch solution:0
(Worker_TP3 pid=1556065) [aiter] shape is M:210, N:2304, K:12288 dtype='torch.bfloat16' otype='torch.bfloat16' bias=False, scaleAB=False, bpreshuffle=False, not found tuned config in /tmp/aiter_configs/bf16_tuned_gemm.csv, will use default config! using torch solution:0
(Worker_TP2 pid=1556064) [aiter] shape is M:210, N:128, K:6144 dtype='torch.float32' otype='torch.float32' bias=False, scaleAB=False, bpreshuffle=False, not found tuned config in /tmp/aiter_configs/bf16_tuned_gemm.csv, will use default config! using torch solution:0
(Worker_TP1 pid=1556063) [aiter] shape is M:200, N:128, K:6144 dtype='torch.float32' otype='torch.float32' bias=False, scaleAB=False, bpreshuffle=False, not found tuned config in /tmp/aiter_configs/bf16_tuned_gemm.csv, will use default config! using torch solution:0
(Worker_TP0 pid=1556062) [aiter] shape is M:220, N:128, K:6144 dtype='torch.float32' otype='torch.float32' bias=False, scaleAB=False, bpreshuffle=False, not found tuned config in /tmp/aiter_configs/bf16_tuned_gemm.csv, will use default config! using torch solution:0
(Worker_TP3 pid=1556065) [aiter] shape is M:200, N:128, K:6144 dtype='torch.float32' otype='torch.float32' bias=False, scaleAB=False, bpreshuffle=False, not found tuned config in /tmp/aiter_configs/bf16_tuned_gemm.csv, will use default config! using torch solution:0
(Worker_TP2 pid=1556064) [aiter] shape is M:210, N:2304, K:12288 dtype='torch.bfloat16' otype='torch.bfloat16' bias=False, scaleAB=False, bpreshuffle=False, not found tuned config in /tmp/aiter_configs/bf16_tuned_gemm.csv, will use default config! using torch solution:0
(Worker_TP1 pid=1556063) [aiter] shape is M:200, N:2304, K:12288 dtype='torch.bfloat16' otype='torch.bfloat16' bias=False, scaleAB=False, bpreshuffle=False, not found tuned config in /tmp/aiter_configs/bf16_tuned_gemm.csv, will use default config! using torch solution:0
(Worker_TP0 pid=1556062) [aiter] shape is M:220, N:2304, K:12288 dtype='torch.bfloat16' otype='torch.bfloat16' bias=False, scaleAB=False, bpreshuffle=False, not found tuned config in /tmp/aiter_configs/bf16_tuned_gemm.csv, will use default config! using torch solution:0
(Worker_TP3 pid=1556065) [aiter] shape is M:200, N:2304, K:12288 dtype='torch.bfloat16' otype='torch.bfloat16' bias=False, scaleAB=False, bpreshuffle=False, not found tuned config in /tmp/aiter_configs/bf16_tuned_gemm.csv, will use default config! using torch solution:0
(Worker_TP2 pid=1556064) [aiter] shape is M:200, N:128, K:6144 dtype='torch.float32' otype='torch.float32' bias=False, scaleAB=False, bpreshuffle=False, not found tuned config in /tmp/aiter_configs/bf16_tuned_gemm.csv, will use default config! using torch solution:0
(Worker_TP1 pid=1556063) [aiter] shape is M:195, N:128, K:6144 dtype='torch.float32' otype='torch.float32' bias=False, scaleAB=False, bpreshuffle=False, not found tuned config in /tmp/aiter_configs/bf16_tuned_gemm.csv, will use default config! using torch solution:0
(Worker_TP0 pid=1556062) Capturing CUDA graphs (mixed prefill-decode, PIECEWISE):  44%|████▍     | 21/48 [04:20<08:48, 19.57s/it][aiter] shape is M:210, N:128, K:6144 dtype='torch.float32' otype='torch.float32' bias=False, scaleAB=False, bpreshuffle=False, not found tuned config in /tmp/aiter_configs/bf16_tuned_gemm.csv, will use default config! using torch solution:0
(Worker_TP3 pid=1556065) [aiter] shape is M:195, N:128, K:6144 dtype='torch.float32' otype='torch.float32' bias=False, scaleAB=False, bpreshuffle=False, not found tuned config in /tmp/aiter_configs/bf16_tuned_gemm.csv, will use default config! using torch solution:0
(Worker_TP2 pid=1556064) [aiter] shape is M:200, N:2304, K:12288 dtype='torch.bfloat16' otype='torch.bfloat16' bias=False, scaleAB=False, bpreshuffle=False, not found tuned config in /tmp/aiter_configs/bf16_tuned_gemm.csv, will use default config! using torch solution:0
(Worker_TP1 pid=1556063) [aiter] shape is M:195, N:2304, K:12288 dtype='torch.bfloat16' otype='torch.bfloat16' bias=False, scaleAB=False, bpreshuffle=False, not found tuned config in /tmp/aiter_configs/bf16_tuned_gemm.csv, will use default config! using torch solution:0
(Worker_TP0 pid=1556062) [aiter] shape is M:210, N:2304, K:12288 dtype='torch.bfloat16' otype='torch.bfloat16' bias=False, scaleAB=False, bpreshuffle=False, not found tuned config in /tmp/aiter_configs/bf16_tuned_gemm.csv, will use default config! using torch solution:0
(Worker_TP3 pid=1556065) [aiter] shape is M:195, N:2304, K:12288 dtype='torch.bfloat16' otype='torch.bfloat16' bias=False, scaleAB=False, bpreshuffle=False, not found tuned config in /tmp/aiter_configs/bf16_tuned_gemm.csv, will use default config! using torch solution:0
(Worker_TP2 pid=1556064) [aiter] shape is M:195, N:128, K:6144 dtype='torch.float32' otype='torch.float32' bias=False, scaleAB=False, bpreshuffle=False, not found tuned config in /tmp/aiter_configs/bf16_tuned_gemm.csv, will use default config! using torch solution:0
(Worker_TP1 pid=1556063) [aiter] shape is M:185, N:128, K:6144 dtype='torch.float32' otype='torch.float32' bias=False, scaleAB=False, bpreshuffle=False, not found tuned config in /tmp/aiter_configs/bf16_tuned_gemm.csv, will use default config! using torch solution:0
(Worker_TP0 pid=1556062) [aiter] shape is M:200, N:128, K:6144 dtype='torch.float32' otype='torch.float32' bias=False, scaleAB=False, bpreshuffle=False, not found tuned config in /tmp/aiter_configs/bf16_tuned_gemm.csv, will use default config! using torch solution:0
(Worker_TP3 pid=1556065) [aiter] shape is M:185, N:128, K:6144 dtype='torch.float32' otype='torch.float32' bias=False, scaleAB=False, bpreshuffle=False, not found tuned config in /tmp/aiter_configs/bf16_tuned_gemm.csv, will use default config! using torch solution:0
(Worker_TP2 pid=1556064) [aiter] shape is M:195, N:2304, K:12288 dtype='torch.bfloat16' otype='torch.bfloat16' bias=False, scaleAB=False, bpreshuffle=False, not found tuned config in /tmp/aiter_configs/bf16_tuned_gemm.csv, will use default config! using torch solution:0
(Worker_TP1 pid=1556063) [aiter] shape is M:185, N:2304, K:12288 dtype='torch.bfloat16' otype='torch.bfloat16' bias=False, scaleAB=False, bpreshuffle=False, not found tuned config in /tmp/aiter_configs/bf16_tuned_gemm.csv, will use default config! using torch solution:0
(Worker_TP0 pid=1556062) [aiter] shape is M:200, N:2304, K:12288 dtype='torch.bfloat16' otype='torch.bfloat16' bias=False, scaleAB=False, bpreshuffle=False, not found tuned config in /tmp/aiter_configs/bf16_tuned_gemm.csv, will use default config! using torch solution:0
(Worker_TP3 pid=1556065) [aiter] shape is M:185, N:2304, K:12288 dtype='torch.bfloat16' otype='torch.bfloat16' bias=False, scaleAB=False, bpreshuffle=False, not found tuned config in /tmp/aiter_configs/bf16_tuned_gemm.csv, will use default config! using torch solution:0
(Worker_TP2 pid=1556064) [aiter] shape is M:185, N:128, K:6144 dtype='torch.float32' otype='torch.float32' bias=False, scaleAB=False, bpreshuffle=False, not found tuned config in /tmp/aiter_configs/bf16_tuned_gemm.csv, will use default config! using torch solution:0
(Worker_TP1 pid=1556063) [aiter] shape is M:180, N:128, K:6144 dtype='torch.float32' otype='torch.float32' bias=False, scaleAB=False, bpreshuffle=False, not found tuned config in /tmp/aiter_configs/bf16_tuned_gemm.csv, will use default config! using torch solution:0
(Worker_TP0 pid=1556062) Capturing CUDA graphs (mixed prefill-decode, PIECEWISE):  48%|████▊     | 23/48 [04:21<05:40, 13.63s/it](Worker_TP3 pid=1556065) [aiter] shape is M:180, N:128, K:6144 dtype='torch.float32' otype='torch.float32' bias=False, scaleAB=False, bpreshuffle=False, not found tuned config in /tmp/aiter_configs/bf16_tuned_gemm.csv, will use default config! using torch solution:0
[aiter] shape is M:195, N:128, K:6144 dtype='torch.float32' otype='torch.float32' bias=False, scaleAB=False, bpreshuffle=False, not found tuned config in /tmp/aiter_configs/bf16_tuned_gemm.csv, will use default config! using torch solution:0
(Worker_TP2 pid=1556064) [aiter] shape is M:185, N:2304, K:12288 dtype='torch.bfloat16' otype='torch.bfloat16' bias=False, scaleAB=False, bpreshuffle=False, not found tuned config in /tmp/aiter_configs/bf16_tuned_gemm.csv, will use default config! using torch solution:0
(Worker_TP1 pid=1556063) [aiter] shape is M:180, N:2304, K:12288 dtype='torch.bfloat16' otype='torch.bfloat16' bias=False, scaleAB=False, bpreshuffle=False, not found tuned config in /tmp/aiter_configs/bf16_tuned_gemm.csv, will use default config! using torch solution:0
(Worker_TP3 pid=1556065) [aiter] shape is M:180, N:2304, K:12288 dtype='torch.bfloat16' otype='torch.bfloat16' bias=False, scaleAB=False, bpreshuffle=False, not found tuned config in /tmp/aiter_configs/bf16_tuned_gemm.csv, will use default config! using torch solution:0
(Worker_TP0 pid=1556062) [aiter] shape is M:195, N:2304, K:12288 dtype='torch.bfloat16' otype='torch.bfloat16' bias=False, scaleAB=False, bpreshuffle=False, not found tuned config in /tmp/aiter_configs/bf16_tuned_gemm.csv, will use default config! using torch solution:0
(Worker_TP2 pid=1556064) [aiter] shape is M:180, N:128, K:6144 dtype='torch.float32' otype='torch.float32' bias=False, scaleAB=False, bpreshuffle=False, not found tuned config in /tmp/aiter_configs/bf16_tuned_gemm.csv, will use default config! using torch solution:0
(Worker_TP1 pid=1556063) [aiter] shape is M:170, N:128, K:6144 dtype='torch.float32' otype='torch.float32' bias=False, scaleAB=False, bpreshuffle=False, not found tuned config in /tmp/aiter_configs/bf16_tuned_gemm.csv, will use default config! using torch solution:0
(Worker_TP3 pid=1556065) [aiter] shape is M:170, N:128, K:6144 dtype='torch.float32' otype='torch.float32' bias=False, scaleAB=False, bpreshuffle=False, not found tuned config in /tmp/aiter_configs/bf16_tuned_gemm.csv, will use default config! using torch solution:0
(Worker_TP0 pid=1556062) [aiter] shape is M:185, N:128, K:6144 dtype='torch.float32' otype='torch.float32' bias=False, scaleAB=False, bpreshuffle=False, not found tuned config in /tmp/aiter_configs/bf16_tuned_gemm.csv, will use default config! using torch solution:0
(Worker_TP2 pid=1556064) [aiter] shape is M:180, N:2304, K:12288 dtype='torch.bfloat16' otype='torch.bfloat16' bias=False, scaleAB=False, bpreshuffle=False, not found tuned config in /tmp/aiter_configs/bf16_tuned_gemm.csv, will use default config! using torch solution:0
(Worker_TP1 pid=1556063) [aiter] shape is M:170, N:2304, K:12288 dtype='torch.bfloat16' otype='torch.bfloat16' bias=False, scaleAB=False, bpreshuffle=False, not found tuned config in /tmp/aiter_configs/bf16_tuned_gemm.csv, will use default config! using torch solution:0
(Worker_TP3 pid=1556065) [aiter] shape is M:170, N:2304, K:12288 dtype='torch.bfloat16' otype='torch.bfloat16' bias=False, scaleAB=False, bpreshuffle=False, not found tuned config in /tmp/aiter_configs/bf16_tuned_gemm.csv, will use default config! using torch solution:0
(Worker_TP0 pid=1556062) [aiter] shape is M:185, N:2304, K:12288 dtype='torch.bfloat16' otype='torch.bfloat16' bias=False, scaleAB=False, bpreshuffle=False, not found tuned config in /tmp/aiter_configs/bf16_tuned_gemm.csv, will use default config! using torch solution:0
(Worker_TP1 pid=1556063) [aiter] shape is M:160, N:128, K:6144 dtype='torch.float32' otype='torch.float32' bias=False, scaleAB=False, bpreshuffle=False, not found tuned config in /tmp/aiter_configs/bf16_tuned_gemm.csv, will use default config! using torch solution:0
(Worker_TP2 pid=1556064) [aiter] shape is M:170, N:128, K:6144 dtype='torch.float32' otype='torch.float32' bias=False, scaleAB=False, bpreshuffle=False, not found tuned config in /tmp/aiter_configs/bf16_tuned_gemm.csv, will use default config! using torch solution:0
(Worker_TP3 pid=1556065) [aiter] shape is M:160, N:128, K:6144 dtype='torch.float32' otype='torch.float32' bias=False, scaleAB=False, bpreshuffle=False, not found tuned config in /tmp/aiter_configs/bf16_tuned_gemm.csv, will use default config! using torch solution:0
(Worker_TP0 pid=1556062) Capturing CUDA graphs (mixed prefill-decode, PIECEWISE):  52%|█████▏    | 25/48 [04:21<03:38,  9.52s/it][aiter] shape is M:180, N:128, K:6144 dtype='torch.float32' otype='torch.float32' bias=False, scaleAB=False, bpreshuffle=False, not found tuned config in /tmp/aiter_configs/bf16_tuned_gemm.csv, will use default config! using torch solution:0
(Worker_TP1 pid=1556063) [aiter] shape is M:160, N:2304, K:12288 dtype='torch.bfloat16' otype='torch.bfloat16' bias=False, scaleAB=False, bpreshuffle=False, not found tuned config in /tmp/aiter_configs/bf16_tuned_gemm.csv, will use default config! using torch solution:0
(Worker_TP2 pid=1556064) [aiter] shape is M:170, N:2304, K:12288 dtype='torch.bfloat16' otype='torch.bfloat16' bias=False, scaleAB=False, bpreshuffle=False, not found tuned config in /tmp/aiter_configs/bf16_tuned_gemm.csv, will use default config! using torch solution:0
(Worker_TP3 pid=1556065) [aiter] shape is M:160, N:2304, K:12288 dtype='torch.bfloat16' otype='torch.bfloat16' bias=False, scaleAB=False, bpreshuffle=False, not found tuned config in /tmp/aiter_configs/bf16_tuned_gemm.csv, will use default config! using torch solution:0
(Worker_TP0 pid=1556062) [aiter] shape is M:180, N:2304, K:12288 dtype='torch.bfloat16' otype='torch.bfloat16' bias=False, scaleAB=False, bpreshuffle=False, not found tuned config in /tmp/aiter_configs/bf16_tuned_gemm.csv, will use default config! using torch solution:0
(Worker_TP1 pid=1556063) [aiter] shape is M:155, N:128, K:6144 dtype='torch.float32' otype='torch.float32' bias=False, scaleAB=False, bpreshuffle=False, not found tuned config in /tmp/aiter_configs/bf16_tuned_gemm.csv, will use default config! using torch solution:0
(Worker_TP2 pid=1556064) [aiter] shape is M:160, N:128, K:6144 dtype='torch.float32' otype='torch.float32' bias=False, scaleAB=False, bpreshuffle=False, not found tuned config in /tmp/aiter_configs/bf16_tuned_gemm.csv, will use default config! using torch solution:0
(Worker_TP3 pid=1556065) [aiter] shape is M:155, N:128, K:6144 dtype='torch.float32' otype='torch.float32' bias=False, scaleAB=False, bpreshuffle=False, not found tuned config in /tmp/aiter_configs/bf16_tuned_gemm.csv, will use default config! using torch solution:0
(Worker_TP0 pid=1556062) [aiter] shape is M:170, N:128, K:6144 dtype='torch.float32' otype='torch.float32' bias=False, scaleAB=False, bpreshuffle=False, not found tuned config in /tmp/aiter_configs/bf16_tuned_gemm.csv, will use default config! using torch solution:0
(Worker_TP1 pid=1556063) [aiter] shape is M:155, N:2304, K:12288 dtype='torch.bfloat16' otype='torch.bfloat16' bias=False, scaleAB=False, bpreshuffle=False, not found tuned config in /tmp/aiter_configs/bf16_tuned_gemm.csv, will use default config! using torch solution:0
(Worker_TP2 pid=1556064) [aiter] shape is M:160, N:2304, K:12288 dtype='torch.bfloat16' otype='torch.bfloat16' bias=False, scaleAB=False, bpreshuffle=False, not found tuned config in /tmp/aiter_configs/bf16_tuned_gemm.csv, will use default config! using torch solution:0
(Worker_TP3 pid=1556065) [aiter] shape is M:155, N:2304, K:12288 dtype='torch.bfloat16' otype='torch.bfloat16' bias=False, scaleAB=False, bpreshuffle=False, not found tuned config in /tmp/aiter_configs/bf16_tuned_gemm.csv, will use default config! using torch solution:0
(Worker_TP0 pid=1556062) [aiter] shape is M:170, N:2304, K:12288 dtype='torch.bfloat16' otype='torch.bfloat16' bias=False, scaleAB=False, bpreshuffle=False, not found tuned config in /tmp/aiter_configs/bf16_tuned_gemm.csv, will use default config! using torch solution:0
(Worker_TP1 pid=1556063) [aiter] shape is M:145, N:128, K:6144 dtype='torch.float32' otype='torch.float32' bias=False, scaleAB=False, bpreshuffle=False, not found tuned config in /tmp/aiter_configs/bf16_tuned_gemm.csv, will use default config! using torch solution:0
(Worker_TP2 pid=1556064) [aiter] shape is M:155, N:128, K:6144 dtype='torch.float32' otype='torch.float32' bias=False, scaleAB=False, bpreshuffle=False, not found tuned config in /tmp/aiter_configs/bf16_tuned_gemm.csv, will use default config! using torch solution:0
(Worker_TP3 pid=1556065) [aiter] shape is M:145, N:128, K:6144 dtype='torch.float32' otype='torch.float32' bias=False, scaleAB=False, bpreshuffle=False, not found tuned config in /tmp/aiter_configs/bf16_tuned_gemm.csv, will use default config! using torch solution:0
(Worker_TP0 pid=1556062) Capturing CUDA graphs (mixed prefill-decode, PIECEWISE):  56%|█████▋    | 27/48 [04:21<02:19,  6.67s/it][aiter] shape is M:160, N:128, K:6144 dtype='torch.float32' otype='torch.float32' bias=False, scaleAB=False, bpreshuffle=False, not found tuned config in /tmp/aiter_configs/bf16_tuned_gemm.csv, will use default config! using torch solution:0
(Worker_TP1 pid=1556063) [aiter] shape is M:145, N:2304, K:12288 dtype='torch.bfloat16' otype='torch.bfloat16' bias=False, scaleAB=False, bpreshuffle=False, not found tuned config in /tmp/aiter_configs/bf16_tuned_gemm.csv, will use default config! using torch solution:0
(Worker_TP2 pid=1556064) [aiter] shape is M:155, N:2304, K:12288 dtype='torch.bfloat16' otype='torch.bfloat16' bias=False, scaleAB=False, bpreshuffle=False, not found tuned config in /tmp/aiter_configs/bf16_tuned_gemm.csv, will use default config! using torch solution:0
(Worker_TP3 pid=1556065) [aiter] shape is M:145, N:2304, K:12288 dtype='torch.bfloat16' otype='torch.bfloat16' bias=False, scaleAB=False, bpreshuffle=False, not found tuned config in /tmp/aiter_configs/bf16_tuned_gemm.csv, will use default config! using torch solution:0
(Worker_TP0 pid=1556062) [aiter] shape is M:160, N:2304, K:12288 dtype='torch.bfloat16' otype='torch.bfloat16' bias=False, scaleAB=False, bpreshuffle=False, not found tuned config in /tmp/aiter_configs/bf16_tuned_gemm.csv, will use default config! using torch solution:0
(Worker_TP1 pid=1556063) [aiter] shape is M:140, N:128, K:6144 dtype='torch.float32' otype='torch.float32' bias=False, scaleAB=False, bpreshuffle=False, not found tuned config in /tmp/aiter_configs/bf16_tuned_gemm.csv, will use default config! using torch solution:0
(Worker_TP2 pid=1556064) [aiter] shape is M:145, N:128, K:6144 dtype='torch.float32' otype='torch.float32' bias=False, scaleAB=False, bpreshuffle=False, not found tuned config in /tmp/aiter_configs/bf16_tuned_gemm.csv, will use default config! using torch solution:0
(Worker_TP3 pid=1556065) [aiter] shape is M:140, N:128, K:6144 dtype='torch.float32' otype='torch.float32' bias=False, scaleAB=False, bpreshuffle=False, not found tuned config in /tmp/aiter_configs/bf16_tuned_gemm.csv, will use default config! using torch solution:0
(Worker_TP0 pid=1556062) [aiter] shape is M:155, N:128, K:6144 dtype='torch.float32' otype='torch.float32' bias=False, scaleAB=False, bpreshuffle=False, not found tuned config in /tmp/aiter_configs/bf16_tuned_gemm.csv, will use default config! using torch solution:0
(Worker_TP1 pid=1556063) [aiter] shape is M:140, N:2304, K:12288 dtype='torch.bfloat16' otype='torch.bfloat16' bias=False, scaleAB=False, bpreshuffle=False, not found tuned config in /tmp/aiter_configs/bf16_tuned_gemm.csv, will use default config! using torch solution:0
(Worker_TP2 pid=1556064) [aiter] shape is M:145, N:2304, K:12288 dtype='torch.bfloat16' otype='torch.bfloat16' bias=False, scaleAB=False, bpreshuffle=False, not found tuned config in /tmp/aiter_configs/bf16_tuned_gemm.csv, will use default config! using torch solution:0
(Worker_TP3 pid=1556065) [aiter] shape is M:140, N:2304, K:12288 dtype='torch.bfloat16' otype='torch.bfloat16' bias=False, scaleAB=False, bpreshuffle=False, not found tuned config in /tmp/aiter_configs/bf16_tuned_gemm.csv, will use default config! using torch solution:0
(Worker_TP0 pid=1556062) [aiter] shape is M:155, N:2304, K:12288 dtype='torch.bfloat16' otype='torch.bfloat16' bias=False, scaleAB=False, bpreshuffle=False, not found tuned config in /tmp/aiter_configs/bf16_tuned_gemm.csv, will use default config! using torch solution:0
(Worker_TP1 pid=1556063) [aiter] shape is M:130, N:128, K:6144 dtype='torch.float32' otype='torch.float32' bias=False, scaleAB=False, bpreshuffle=False, not found tuned config in /tmp/aiter_configs/bf16_tuned_gemm.csv, will use default config! using torch solution:0
(Worker_TP2 pid=1556064) [aiter] shape is M:140, N:128, K:6144 dtype='torch.float32' otype='torch.float32' bias=False, scaleAB=False, bpreshuffle=False, not found tuned config in /tmp/aiter_configs/bf16_tuned_gemm.csv, will use default config! using torch solution:0
(Worker_TP3 pid=1556065) [aiter] shape is M:130, N:128, K:6144 dtype='torch.float32' otype='torch.float32' bias=False, scaleAB=False, bpreshuffle=False, not found tuned config in /tmp/aiter_configs/bf16_tuned_gemm.csv, will use default config! using torch solution:0
(Worker_TP0 pid=1556062) Capturing CUDA graphs (mixed prefill-decode, PIECEWISE):  60%|██████    | 29/48 [04:21<01:28,  4.68s/it](Worker_TP1 pid=1556063) [aiter] shape is M:130, N:2304, K:12288 dtype='torch.bfloat16' otype='torch.bfloat16' bias=False, scaleAB=False, bpreshuffle=False, not found tuned config in /tmp/aiter_configs/bf16_tuned_gemm.csv, will use default config! using torch solution:0
[aiter] shape is M:145, N:128, K:6144 dtype='torch.float32' otype='torch.float32' bias=False, scaleAB=False, bpreshuffle=False, not found tuned config in /tmp/aiter_configs/bf16_tuned_gemm.csv, will use default config! using torch solution:0
(Worker_TP2 pid=1556064) [aiter] shape is M:140, N:2304, K:12288 dtype='torch.bfloat16' otype='torch.bfloat16' bias=False, scaleAB=False, bpreshuffle=False, not found tuned config in /tmp/aiter_configs/bf16_tuned_gemm.csv, will use default config! using torch solution:0
(Worker_TP3 pid=1556065) [aiter] shape is M:130, N:2304, K:12288 dtype='torch.bfloat16' otype='torch.bfloat16' bias=False, scaleAB=False, bpreshuffle=False, not found tuned config in /tmp/aiter_configs/bf16_tuned_gemm.csv, will use default config! using torch solution:0
(Worker_TP0 pid=1556062) [aiter] shape is M:145, N:2304, K:12288 dtype='torch.bfloat16' otype='torch.bfloat16' bias=False, scaleAB=False, bpreshuffle=False, not found tuned config in /tmp/aiter_configs/bf16_tuned_gemm.csv, will use default config! using torch solution:0
[aiter] LoadKernel: _ZN5aiter39bf16gemm_fp32bf16_tn_64x64_splitk_cleanE hsaco: /usr/local/lib/python3.12/dist-packages/aiter_meta/hsa//gfx950/bf16gemm/bf16gemm_fp32bf16_tn_64x64_splitk_clean.co
(Worker_TP2 pid=1556064) [aiter] shape is M:130, N:128, K:6144 dtype='torch.float32' otype='torch.float32' bias=False, scaleAB=False, bpreshuffle=False, not found tuned config in /tmp/aiter_configs/bf16_tuned_gemm.csv, will use default config! using torch solution:0
[aiter] LoadKernel: _ZN5aiter39bf16gemm_fp32bf16_tn_64x64_splitk_cleanE hsaco: /usr/local/lib/python3.12/dist-packages/aiter_meta/hsa//gfx950/bf16gemm/bf16gemm_fp32bf16_tn_64x64_splitk_clean.co
(Worker_TP0 pid=1556062) [aiter] shape is M:140, N:128, K:6144 dtype='torch.float32' otype='torch.float32' bias=False, scaleAB=False, bpreshuffle=False, not found tuned config in /tmp/aiter_configs/bf16_tuned_gemm.csv, will use default config! using torch solution:0
(Worker_TP2 pid=1556064) [aiter] shape is M:130, N:2304, K:12288 dtype='torch.bfloat16' otype='torch.bfloat16' bias=False, scaleAB=False, bpreshuffle=False, not found tuned config in /tmp/aiter_configs/bf16_tuned_gemm.csv, will use default config! using torch solution:0
(Worker_TP0 pid=1556062) [aiter] shape is M:140, N:2304, K:12288 dtype='torch.bfloat16' otype='torch.bfloat16' bias=False, scaleAB=False, bpreshuffle=False, not found tuned config in /tmp/aiter_configs/bf16_tuned_gemm.csv, will use default config! using torch solution:0
[aiter] LoadKernel: _ZN5aiter39bf16gemm_fp32bf16_tn_64x64_splitk_cleanE hsaco: /usr/local/lib/python3.12/dist-packages/aiter_meta/hsa//gfx950/bf16gemm/bf16gemm_fp32bf16_tn_64x64_splitk_clean.co
(Worker_TP0 pid=1556062) Capturing CUDA graphs (mixed prefill-decode, PIECEWISE):  65%|██████▍   | 31/48 [04:21<00:56,  3.30s/it][aiter] shape is M:130, N:128, K:6144 dtype='torch.float32' otype='torch.float32' bias=False, scaleAB=False, bpreshuffle=False, not found tuned config in /tmp/aiter_configs/bf16_tuned_gemm.csv, will use default config! using torch solution:0
(Worker_TP0 pid=1556062) [aiter] shape is M:130, N:2304, K:12288 dtype='torch.bfloat16' otype='torch.bfloat16' bias=False, scaleAB=False, bpreshuffle=False, not found tuned config in /tmp/aiter_configs/bf16_tuned_gemm.csv, will use default config! using torch solution:0
(Worker_TP1 pid=1556063) [aiter] shape is M:120, N:128, K:6144 dtype='torch.float32' otype='torch.float32' bias=False, scaleAB=False, bpreshuffle=False, not found tuned config in /tmp/aiter_configs/bf16_tuned_gemm.csv, will use default config! using torch solution:0
(Worker_TP1 pid=1556063) [aiter] run_1stage = False, xbf16 = False, ksplit = 0 q_type = QuantType.per_1x32 block_m = 32 use_nt = True, estimated_m_per_expert = 4
(Worker_TP1 pid=1556063) [aiter] [fused_moe] using 2stage default for ('gfx950', 256, 128, 6144, 768, 129, 5, 'ActivationType.Swiglu', 'torch.bfloat16', 'torch.bfloat16', 'torch.float4_e2m1fn_x2', 'QuantType.per_1x32', True, False) 
(Worker_TP3 pid=1556065) [aiter] shape is M:120, N:128, K:6144 dtype='torch.float32' otype='torch.float32' bias=False, scaleAB=False, bpreshuffle=False, not found tuned config in /tmp/aiter_configs/bf16_tuned_gemm.csv, will use default config! using torch solution:0
(Worker_TP3 pid=1556065) [aiter] run_1stage = False, xbf16 = False, ksplit = 0 q_type = QuantType.per_1x32 block_m = 32 use_nt = True, estimated_m_per_expert = 4
(Worker_TP3 pid=1556065) [aiter] [fused_moe] using 2stage default for ('gfx950', 256, 128, 6144, 768, 129, 5, 'ActivationType.Swiglu', 'torch.bfloat16', 'torch.bfloat16', 'torch.float4_e2m1fn_x2', 'QuantType.per_1x32', True, False) 
[aiter] LoadKernel: _ZN5aiter39bf16gemm_fp32bf16_tn_64x64_splitk_cleanE hsaco: /usr/local/lib/python3.12/dist-packages/aiter_meta/hsa//gfx950/bf16gemm/bf16gemm_fp32bf16_tn_64x64_splitk_clean.co
(Worker_TP1 pid=1556063) [aiter] shape is M:120, N:2304, K:12288 dtype='torch.bfloat16' otype='torch.bfloat16' bias=False, scaleAB=False, bpreshuffle=False, not found tuned config in /tmp/aiter_configs/bf16_tuned_gemm.csv, will use default config! using torch solution:0
(Worker_TP3 pid=1556065) [aiter] shape is M:120, N:2304, K:12288 dtype='torch.bfloat16' otype='torch.bfloat16' bias=False, scaleAB=False, bpreshuffle=False, not found tuned config in /tmp/aiter_configs/bf16_tuned_gemm.csv, will use default config! using torch solution:0
(Worker_TP2 pid=1556064) [aiter] shape is M:120, N:128, K:6144 dtype='torch.float32' otype='torch.float32' bias=False, scaleAB=False, bpreshuffle=False, not found tuned config in /tmp/aiter_configs/bf16_tuned_gemm.csv, will use default config! using torch solution:0
(Worker_TP2 pid=1556064) [aiter] run_1stage = False, xbf16 = False, ksplit = 0 q_type = QuantType.per_1x32 block_m = 32 use_nt = True, estimated_m_per_expert = 4
(Worker_TP2 pid=1556064) [aiter] [fused_moe] using 2stage default for ('gfx950', 256, 128, 6144, 768, 129, 5, 'ActivationType.Swiglu', 'torch.bfloat16', 'torch.bfloat16', 'torch.float4_e2m1fn_x2', 'QuantType.per_1x32', True, False) 
(Worker_TP2 pid=1556064) [aiter] shape is M:120, N:2304, K:12288 dtype='torch.bfloat16' otype='torch.bfloat16' bias=False, scaleAB=False, bpreshuffle=False, not found tuned config in /tmp/aiter_configs/bf16_tuned_gemm.csv, will use default config! using torch solution:0
(Worker_TP1 pid=1556063) [aiter] shape is M:115, N:128, K:6144 dtype='torch.float32' otype='torch.float32' bias=False, scaleAB=False, bpreshuffle=False, not found tuned config in /tmp/aiter_configs/bf16_tuned_gemm.csv, will use default config! using torch solution:0
(Worker_TP3 pid=1556065) [aiter] shape is M:115, N:128, K:6144 dtype='torch.float32' otype='torch.float32' bias=False, scaleAB=False, bpreshuffle=False, not found tuned config in /tmp/aiter_configs/bf16_tuned_gemm.csv, will use default config! using torch solution:0
(Worker_TP1 pid=1556063) [aiter] shape is M:115, N:2304, K:12288 dtype='torch.bfloat16' otype='torch.bfloat16' bias=False, scaleAB=False, bpreshuffle=False, not found tuned config in /tmp/aiter_configs/bf16_tuned_gemm.csv, will use default config! using torch solution:0
(Worker_TP0 pid=1556062) [aiter] shape is M:120, N:128, K:6144 dtype='torch.float32' otype='torch.float32' bias=False, scaleAB=False, bpreshuffle=False, not found tuned config in /tmp/aiter_configs/bf16_tuned_gemm.csv, will use default config! using torch solution:0
(Worker_TP0 pid=1556062) [aiter] run_1stage = False, xbf16 = False, ksplit = 0 q_type = QuantType.per_1x32 block_m = 32 use_nt = True, estimated_m_per_expert = 4
(Worker_TP0 pid=1556062) [aiter] [fused_moe] using 2stage default for ('gfx950', 256, 128, 6144, 768, 129, 5, 'ActivationType.Swiglu', 'torch.bfloat16', 'torch.bfloat16', 'torch.float4_e2m1fn_x2', 'QuantType.per_1x32', True, False) 
(Worker_TP3 pid=1556065) [aiter] shape is M:115, N:2304, K:12288 dtype='torch.bfloat16' otype='torch.bfloat16' bias=False, scaleAB=False, bpreshuffle=False, not found tuned config in /tmp/aiter_configs/bf16_tuned_gemm.csv, will use default config! using torch solution:0
(Worker_TP1 pid=1556063) [aiter] shape is M:105, N:128, K:6144 dtype='torch.float32' otype='torch.float32' bias=False, scaleAB=False, bpreshuffle=False, not found tuned config in /tmp/aiter_configs/bf16_tuned_gemm.csv, will use default config! using torch solution:0
(Worker_TP0 pid=1556062) [aiter] shape is M:120, N:2304, K:12288 dtype='torch.bfloat16' otype='torch.bfloat16' bias=False, scaleAB=False, bpreshuffle=False, not found tuned config in /tmp/aiter_configs/bf16_tuned_gemm.csv, will use default config! using torch solution:0
(Worker_TP2 pid=1556064) [aiter] shape is M:115, N:128, K:6144 dtype='torch.float32' otype='torch.float32' bias=False, scaleAB=False, bpreshuffle=False, not found tuned config in /tmp/aiter_configs/bf16_tuned_gemm.csv, will use default config! using torch solution:0
(Worker_TP3 pid=1556065) [aiter] shape is M:105, N:128, K:6144 dtype='torch.float32' otype='torch.float32' bias=False, scaleAB=False, bpreshuffle=False, not found tuned config in /tmp/aiter_configs/bf16_tuned_gemm.csv, will use default config! using torch solution:0
(Worker_TP1 pid=1556063) [aiter] shape is M:105, N:2304, K:12288 dtype='torch.bfloat16' otype='torch.bfloat16' bias=False, scaleAB=False, bpreshuffle=False, not found tuned config in /tmp/aiter_configs/bf16_tuned_gemm.csv, will use default config! using torch solution:0
(Worker_TP2 pid=1556064) [aiter] shape is M:115, N:2304, K:12288 dtype='torch.bfloat16' otype='torch.bfloat16' bias=False, scaleAB=False, bpreshuffle=False, not found tuned config in /tmp/aiter_configs/bf16_tuned_gemm.csv, will use default config! using torch solution:0
(Worker_TP3 pid=1556065) [aiter] shape is M:105, N:2304, K:12288 dtype='torch.bfloat16' otype='torch.bfloat16' bias=False, scaleAB=False, bpreshuffle=False, not found tuned config in /tmp/aiter_configs/bf16_tuned_gemm.csv, will use default config! using torch solution:0
(Worker_TP1 pid=1556063) [aiter] shape is M:100, N:128, K:6144 dtype='torch.float32' otype='torch.float32' bias=False, scaleAB=False, bpreshuffle=False, not found tuned config in /tmp/aiter_configs/bf16_tuned_gemm.csv, will use default config! using torch solution:0
(Worker_TP2 pid=1556064) [aiter] shape is M:105, N:128, K:6144 dtype='torch.float32' otype='torch.float32' bias=False, scaleAB=False, bpreshuffle=False, not found tuned config in /tmp/aiter_configs/bf16_tuned_gemm.csv, will use default config! using torch solution:0
(Worker_TP3 pid=1556065) [aiter] shape is M:100, N:128, K:6144 dtype='torch.float32' otype='torch.float32' bias=False, scaleAB=False, bpreshuffle=False, not found tuned config in /tmp/aiter_configs/bf16_tuned_gemm.csv, will use default config! using torch solution:0
(Worker_TP1 pid=1556063) [aiter] shape is M:100, N:2304, K:12288 dtype='torch.bfloat16' otype='torch.bfloat16' bias=False, scaleAB=False, bpreshuffle=False, not found tuned config in /tmp/aiter_configs/bf16_tuned_gemm.csv, will use default config! using torch solution:0
(Worker_TP0 pid=1556062) Capturing CUDA graphs (mixed prefill-decode, PIECEWISE):  69%|██████▉   | 33/48 [04:22<00:35,  2.38s/it][aiter] shape is M:115, N:128, K:6144 dtype='torch.float32' otype='torch.float32' bias=False, scaleAB=False, bpreshuffle=False, not found tuned config in /tmp/aiter_configs/bf16_tuned_gemm.csv, will use default config! using torch solution:0
(Worker_TP2 pid=1556064) [aiter] shape is M:105, N:2304, K:12288 dtype='torch.bfloat16' otype='torch.bfloat16' bias=False, scaleAB=False, bpreshuffle=False, not found tuned config in /tmp/aiter_configs/bf16_tuned_gemm.csv, will use default config! using torch solution:0
(Worker_TP3 pid=1556065) [aiter] shape is M:100, N:2304, K:12288 dtype='torch.bfloat16' otype='torch.bfloat16' bias=False, scaleAB=False, bpreshuffle=False, not found tuned config in /tmp/aiter_configs/bf16_tuned_gemm.csv, will use default config! using torch solution:0
(Worker_TP1 pid=1556063) [aiter] shape is M:90, N:128, K:6144 dtype='torch.float32' otype='torch.float32' bias=False, scaleAB=False, bpreshuffle=False, not found tuned config in /tmp/aiter_configs/bf16_tuned_gemm.csv, will use default config! using torch solution:0
(Worker_TP0 pid=1556062) [aiter] shape is M:115, N:2304, K:12288 dtype='torch.bfloat16' otype='torch.bfloat16' bias=False, scaleAB=False, bpreshuffle=False, not found tuned config in /tmp/aiter_configs/bf16_tuned_gemm.csv, will use default config! using torch solution:0
(Worker_TP2 pid=1556064) [aiter] shape is M:100, N:128, K:6144 dtype='torch.float32' otype='torch.float32' bias=False, scaleAB=False, bpreshuffle=False, not found tuned config in /tmp/aiter_configs/bf16_tuned_gemm.csv, will use default config! using torch solution:0
(Worker_TP3 pid=1556065) [aiter] shape is M:90, N:128, K:6144 dtype='torch.float32' otype='torch.float32' bias=False, scaleAB=False, bpreshuffle=False, not found tuned config in /tmp/aiter_configs/bf16_tuned_gemm.csv, will use default config! using torch solution:0
(Worker_TP1 pid=1556063) [aiter] shape is M:90, N:2304, K:12288 dtype='torch.bfloat16' otype='torch.bfloat16' bias=False, scaleAB=False, bpreshuffle=False, not found tuned config in /tmp/aiter_configs/bf16_tuned_gemm.csv, will use default config! using torch solution:0
(Worker_TP0 pid=1556062) [aiter] shape is M:105, N:128, K:6144 dtype='torch.float32' otype='torch.float32' bias=False, scaleAB=False, bpreshuffle=False, not found tuned config in /tmp/aiter_configs/bf16_tuned_gemm.csv, will use default config! using torch solution:0
(Worker_TP2 pid=1556064) [aiter] shape is M:100, N:2304, K:12288 dtype='torch.bfloat16' otype='torch.bfloat16' bias=False, scaleAB=False, bpreshuffle=False, not found tuned config in /tmp/aiter_configs/bf16_tuned_gemm.csv, will use default config! using torch solution:0
(Worker_TP3 pid=1556065) [aiter] shape is M:90, N:2304, K:12288 dtype='torch.bfloat16' otype='torch.bfloat16' bias=False, scaleAB=False, bpreshuffle=False, not found tuned config in /tmp/aiter_configs/bf16_tuned_gemm.csv, will use default config! using torch solution:0
(Worker_TP1 pid=1556063) [aiter] shape is M:80, N:128, K:6144 dtype='torch.float32' otype='torch.float32' bias=False, scaleAB=False, bpreshuffle=False, not found tuned config in /tmp/aiter_configs/bf16_tuned_gemm.csv, will use default config! using torch solution:0
(Worker_TP0 pid=1556062) [aiter] shape is M:105, N:2304, K:12288 dtype='torch.bfloat16' otype='torch.bfloat16' bias=False, scaleAB=False, bpreshuffle=False, not found tuned config in /tmp/aiter_configs/bf16_tuned_gemm.csv, will use default config! using torch solution:0
(Worker_TP2 pid=1556064) [aiter] shape is M:90, N:128, K:6144 dtype='torch.float32' otype='torch.float32' bias=False, scaleAB=False, bpreshuffle=False, not found tuned config in /tmp/aiter_configs/bf16_tuned_gemm.csv, will use default config! using torch solution:0
(Worker_TP3 pid=1556065) [aiter] shape is M:80, N:128, K:6144 dtype='torch.float32' otype='torch.float32' bias=False, scaleAB=False, bpreshuffle=False, not found tuned config in /tmp/aiter_configs/bf16_tuned_gemm.csv, will use default config! using torch solution:0
(Worker_TP1 pid=1556063) [aiter] shape is M:80, N:2304, K:12288 dtype='torch.bfloat16' otype='torch.bfloat16' bias=False, scaleAB=False, bpreshuffle=False, not found tuned config in /tmp/aiter_configs/bf16_tuned_gemm.csv, will use default config! using torch solution:0
(Worker_TP0 pid=1556062) Capturing CUDA graphs (mixed prefill-decode, PIECEWISE):  73%|███████▎  | 35/48 [04:22<00:21,  1.69s/it][aiter] shape is M:100, N:128, K:6144 dtype='torch.float32' otype='torch.float32' bias=False, scaleAB=False, bpreshuffle=False, not found tuned config in /tmp/aiter_configs/bf16_tuned_gemm.csv, will use default config! using torch solution:0
(Worker_TP2 pid=1556064) [aiter] shape is M:90, N:2304, K:12288 dtype='torch.bfloat16' otype='torch.bfloat16' bias=False, scaleAB=False, bpreshuffle=False, not found tuned config in /tmp/aiter_configs/bf16_tuned_gemm.csv, will use default config! using torch solution:0
(Worker_TP3 pid=1556065) [aiter] shape is M:80, N:2304, K:12288 dtype='torch.bfloat16' otype='torch.bfloat16' bias=False, scaleAB=False, bpreshuffle=False, not found tuned config in /tmp/aiter_configs/bf16_tuned_gemm.csv, will use default config! using torch solution:0
(Worker_TP1 pid=1556063) [aiter] shape is M:75, N:128, K:6144 dtype='torch.float32' otype='torch.float32' bias=False, scaleAB=False, bpreshuffle=False, not found tuned config in /tmp/aiter_configs/bf16_tuned_gemm.csv, will use default config! using torch solution:0
(Worker_TP0 pid=1556062) [aiter] shape is M:100, N:2304, K:12288 dtype='torch.bfloat16' otype='torch.bfloat16' bias=False, scaleAB=False, bpreshuffle=False, not found tuned config in /tmp/aiter_configs/bf16_tuned_gemm.csv, will use default config! using torch solution:0
(Worker_TP2 pid=1556064) [aiter] shape is M:80, N:128, K:6144 dtype='torch.float32' otype='torch.float32' bias=False, scaleAB=False, bpreshuffle=False, not found tuned config in /tmp/aiter_configs/bf16_tuned_gemm.csv, will use default config! using torch solution:0
(Worker_TP3 pid=1556065) [aiter] shape is M:75, N:128, K:6144 dtype='torch.float32' otype='torch.float32' bias=False, scaleAB=False, bpreshuffle=False, not found tuned config in /tmp/aiter_configs/bf16_tuned_gemm.csv, will use default config! using torch solution:0
(Worker_TP1 pid=1556063) [aiter] shape is M:75, N:2304, K:12288 dtype='torch.bfloat16' otype='torch.bfloat16' bias=False, scaleAB=False, bpreshuffle=False, not found tuned config in /tmp/aiter_configs/bf16_tuned_gemm.csv, will use default config! using torch solution:0
(Worker_TP0 pid=1556062) [aiter] shape is M:90, N:128, K:6144 dtype='torch.float32' otype='torch.float32' bias=False, scaleAB=False, bpreshuffle=False, not found tuned config in /tmp/aiter_configs/bf16_tuned_gemm.csv, will use default config! using torch solution:0
(Worker_TP2 pid=1556064) [aiter] shape is M:80, N:2304, K:12288 dtype='torch.bfloat16' otype='torch.bfloat16' bias=False, scaleAB=False, bpreshuffle=False, not found tuned config in /tmp/aiter_configs/bf16_tuned_gemm.csv, will use default config! using torch solution:0
(Worker_TP3 pid=1556065) [aiter] shape is M:75, N:2304, K:12288 dtype='torch.bfloat16' otype='torch.bfloat16' bias=False, scaleAB=False, bpreshuffle=False, not found tuned config in /tmp/aiter_configs/bf16_tuned_gemm.csv, will use default config! using torch solution:0
(Worker_TP1 pid=1556063) [aiter] shape is M:65, N:128, K:6144 dtype='torch.float32' otype='torch.float32' bias=False, scaleAB=False, bpreshuffle=False, not found tuned config in /tmp/aiter_configs/bf16_tuned_gemm.csv, will use default config! using torch solution:0
(Worker_TP0 pid=1556062) [aiter] shape is M:90, N:2304, K:12288 dtype='torch.bfloat16' otype='torch.bfloat16' bias=False, scaleAB=False, bpreshuffle=False, not found tuned config in /tmp/aiter_configs/bf16_tuned_gemm.csv, will use default config! using torch solution:0
(Worker_TP2 pid=1556064) [aiter] shape is M:75, N:128, K:6144 dtype='torch.float32' otype='torch.float32' bias=False, scaleAB=False, bpreshuffle=False, not found tuned config in /tmp/aiter_configs/bf16_tuned_gemm.csv, will use default config! using torch solution:0
(Worker_TP3 pid=1556065) [aiter] shape is M:65, N:128, K:6144 dtype='torch.float32' otype='torch.float32' bias=False, scaleAB=False, bpreshuffle=False, not found tuned config in /tmp/aiter_configs/bf16_tuned_gemm.csv, will use default config! using torch solution:0
(Worker_TP1 pid=1556063) [aiter] shape is M:65, N:2304, K:12288 dtype='torch.bfloat16' otype='torch.bfloat16' bias=False, scaleAB=False, bpreshuffle=False, not found tuned config in /tmp/aiter_configs/bf16_tuned_gemm.csv, will use default config! using torch solution:0
(Worker_TP0 pid=1556062) Capturing CUDA graphs (mixed prefill-decode, PIECEWISE):  77%|███████▋  | 37/48 [04:22<00:13,  1.21s/it][aiter] shape is M:80, N:128, K:6144 dtype='torch.float32' otype='torch.float32' bias=False, scaleAB=False, bpreshuffle=False, not found tuned config in /tmp/aiter_configs/bf16_tuned_gemm.csv, will use default config! using torch solution:0
(Worker_TP2 pid=1556064) [aiter] shape is M:75, N:2304, K:12288 dtype='torch.bfloat16' otype='torch.bfloat16' bias=False, scaleAB=False, bpreshuffle=False, not found tuned config in /tmp/aiter_configs/bf16_tuned_gemm.csv, will use default config! using torch solution:0
(Worker_TP3 pid=1556065) [aiter] shape is M:65, N:2304, K:12288 dtype='torch.bfloat16' otype='torch.bfloat16' bias=False, scaleAB=False, bpreshuffle=False, not found tuned config in /tmp/aiter_configs/bf16_tuned_gemm.csv, will use default config! using torch solution:0
(Worker_TP0 pid=1556062) [aiter] shape is M:80, N:2304, K:12288 dtype='torch.bfloat16' otype='torch.bfloat16' bias=False, scaleAB=False, bpreshuffle=False, not found tuned config in /tmp/aiter_configs/bf16_tuned_gemm.csv, will use default config! using torch solution:0
(Worker_TP2 pid=1556064) [aiter] shape is M:65, N:128, K:6144 dtype='torch.float32' otype='torch.float32' bias=False, scaleAB=False, bpreshuffle=False, not found tuned config in /tmp/aiter_configs/bf16_tuned_gemm.csv, will use default config! using torch solution:0
(Worker_TP0 pid=1556062) [aiter] shape is M:75, N:128, K:6144 dtype='torch.float32' otype='torch.float32' bias=False, scaleAB=False, bpreshuffle=False, not found tuned config in /tmp/aiter_configs/bf16_tuned_gemm.csv, will use default config! using torch solution:0
(Worker_TP2 pid=1556064) [aiter] shape is M:65, N:2304, K:12288 dtype='torch.bfloat16' otype='torch.bfloat16' bias=False, scaleAB=False, bpreshuffle=False, not found tuned config in /tmp/aiter_configs/bf16_tuned_gemm.csv, will use default config! using torch solution:0
(Worker_TP0 pid=1556062) [aiter] shape is M:75, N:2304, K:12288 dtype='torch.bfloat16' otype='torch.bfloat16' bias=False, scaleAB=False, bpreshuffle=False, not found tuned config in /tmp/aiter_configs/bf16_tuned_gemm.csv, will use default config! using torch solution:0
(Worker_TP0 pid=1556062) Capturing CUDA graphs (mixed prefill-decode, PIECEWISE):  81%|████████▏ | 39/48 [04:22<00:07,  1.15it/s][aiter] shape is M:65, N:128, K:6144 dtype='torch.float32' otype='torch.float32' bias=False, scaleAB=False, bpreshuffle=False, not found tuned config in /tmp/aiter_configs/bf16_tuned_gemm.csv, will use default config! using torch solution:0
(Worker_TP0 pid=1556062) [aiter] shape is M:65, N:2304, K:12288 dtype='torch.bfloat16' otype='torch.bfloat16' bias=False, scaleAB=False, bpreshuffle=False, not found tuned config in /tmp/aiter_configs/bf16_tuned_gemm.csv, will use default config! using torch solution:0
(Worker_TP1 pid=1556063) [aiter] shape is M:60, N:128, K:6144 dtype='torch.float32' otype='torch.float32' bias=False, scaleAB=False, bpreshuffle=False, not found tuned config in /tmp/aiter_configs/bf16_tuned_gemm.csv, will use default config! using torch solution:0
(Worker_TP1 pid=1556063) [aiter] run_1stage = False, xbf16 = False, ksplit = 0 q_type = QuantType.per_1x32 block_m = 32 use_nt = True, estimated_m_per_expert = 2
(Worker_TP1 pid=1556063) [aiter] [fused_moe] using 2stage default for ('gfx950', 256, 64, 6144, 768, 129, 5, 'ActivationType.Swiglu', 'torch.bfloat16', 'torch.bfloat16', 'torch.float4_e2m1fn_x2', 'QuantType.per_1x32', True, False) 
(Worker_TP1 pid=1556063) [aiter] shape is M:60, N:2304, K:12288 dtype='torch.bfloat16' otype='torch.bfloat16' bias=False, scaleAB=False, bpreshuffle=False, not found tuned config in /tmp/aiter_configs/bf16_tuned_gemm.csv, will use default config! using torch solution:0
(Worker_TP3 pid=1556065) [aiter] shape is M:60, N:128, K:6144 dtype='torch.float32' otype='torch.float32' bias=False, scaleAB=False, bpreshuffle=False, not found tuned config in /tmp/aiter_configs/bf16_tuned_gemm.csv, will use default config! using torch solution:0
(Worker_TP3 pid=1556065) [aiter] run_1stage = False, xbf16 = False, ksplit = 0 q_type = QuantType.per_1x32 block_m = 32 use_nt = True, estimated_m_per_expert = 2
(Worker_TP3 pid=1556065) [aiter] [fused_moe] using 2stage default for ('gfx950', 256, 64, 6144, 768, 129, 5, 'ActivationType.Swiglu', 'torch.bfloat16', 'torch.bfloat16', 'torch.float4_e2m1fn_x2', 'QuantType.per_1x32', True, False) 
(Worker_TP3 pid=1556065) [aiter] shape is M:60, N:2304, K:12288 dtype='torch.bfloat16' otype='torch.bfloat16' bias=False, scaleAB=False, bpreshuffle=False, not found tuned config in /tmp/aiter_configs/bf16_tuned_gemm.csv, will use default config! using torch solution:0
(Worker_TP2 pid=1556064) [aiter] shape is M:60, N:128, K:6144 dtype='torch.float32' otype='torch.float32' bias=False, scaleAB=False, bpreshuffle=False, not found tuned config in /tmp/aiter_configs/bf16_tuned_gemm.csv, will use default config! using torch solution:0
(Worker_TP2 pid=1556064) [aiter] run_1stage = False, xbf16 = False, ksplit = 0 q_type = QuantType.per_1x32 block_m = 32 use_nt = True, estimated_m_per_expert = 2
(Worker_TP2 pid=1556064) [aiter] [fused_moe] using 2stage default for ('gfx950', 256, 64, 6144, 768, 129, 5, 'ActivationType.Swiglu', 'torch.bfloat16', 'torch.bfloat16', 'torch.float4_e2m1fn_x2', 'QuantType.per_1x32', True, False) 
(Worker_TP1 pid=1556063) [aiter] shape is M:50, N:128, K:6144 dtype='torch.float32' otype='torch.float32' bias=False, scaleAB=False, bpreshuffle=False, not found tuned config in /tmp/aiter_configs/bf16_tuned_gemm.csv, will use default config! using torch solution:0
(Worker_TP2 pid=1556064) [aiter] shape is M:60, N:2304, K:12288 dtype='torch.bfloat16' otype='torch.bfloat16' bias=False, scaleAB=False, bpreshuffle=False, not found tuned config in /tmp/aiter_configs/bf16_tuned_gemm.csv, will use default config! using torch solution:0
(Worker_TP1 pid=1556063) [aiter] shape is M:50, N:2304, K:12288 dtype='torch.bfloat16' otype='torch.bfloat16' bias=False, scaleAB=False, bpreshuffle=False, not found tuned config in /tmp/aiter_configs/bf16_tuned_gemm.csv, will use default config! using torch solution:0
(Worker_TP3 pid=1556065) [aiter] shape is M:50, N:128, K:6144 dtype='torch.float32' otype='torch.float32' bias=False, scaleAB=False, bpreshuffle=False, not found tuned config in /tmp/aiter_configs/bf16_tuned_gemm.csv, will use default config! using torch solution:0
(Worker_TP0 pid=1556062) [aiter] shape is M:60, N:128, K:6144 dtype='torch.float32' otype='torch.float32' bias=False, scaleAB=False, bpreshuffle=False, not found tuned config in /tmp/aiter_configs/bf16_tuned_gemm.csv, will use default config! using torch solution:0
(Worker_TP0 pid=1556062) [aiter] run_1stage = False, xbf16 = False, ksplit = 0 q_type = QuantType.per_1x32 block_m = 32 use_nt = True, estimated_m_per_expert = 2
(Worker_TP0 pid=1556062) [aiter] [fused_moe] using 2stage default for ('gfx950', 256, 64, 6144, 768, 129, 5, 'ActivationType.Swiglu', 'torch.bfloat16', 'torch.bfloat16', 'torch.float4_e2m1fn_x2', 'QuantType.per_1x32', True, False) 
(Worker_TP3 pid=1556065) [aiter] shape is M:50, N:2304, K:12288 dtype='torch.bfloat16' otype='torch.bfloat16' bias=False, scaleAB=False, bpreshuffle=False, not found tuned config in /tmp/aiter_configs/bf16_tuned_gemm.csv, will use default config! using torch solution:0
(Worker_TP0 pid=1556062) [aiter] shape is M:60, N:2304, K:12288 dtype='torch.bfloat16' otype='torch.bfloat16' bias=False, scaleAB=False, bpreshuffle=False, not found tuned config in /tmp/aiter_configs/bf16_tuned_gemm.csv, will use default config! using torch solution:0
(Worker_TP2 pid=1556064) [aiter] shape is M:50, N:128, K:6144 dtype='torch.float32' otype='torch.float32' bias=False, scaleAB=False, bpreshuffle=False, not found tuned config in /tmp/aiter_configs/bf16_tuned_gemm.csv, will use default config! using torch solution:0
(Worker_TP2 pid=1556064) [aiter] shape is M:50, N:2304, K:12288 dtype='torch.bfloat16' otype='torch.bfloat16' bias=False, scaleAB=False, bpreshuffle=False, not found tuned config in /tmp/aiter_configs/bf16_tuned_gemm.csv, will use default config! using torch solution:0
(Worker_TP1 pid=1556063) [aiter] shape is M:40, N:128, K:6144 dtype='torch.float32' otype='torch.float32' bias=False, scaleAB=False, bpreshuffle=False, not found tuned config in /tmp/aiter_configs/bf16_tuned_gemm.csv, will use default config! using torch solution:0
(Worker_TP1 pid=1556063) [aiter] shape is M:40, N:2304, K:12288 dtype='torch.bfloat16' otype='torch.bfloat16' bias=False, scaleAB=False, bpreshuffle=False, not found tuned config in /tmp/aiter_configs/bf16_tuned_gemm.csv, will use default config! using torch solution:0
(Worker_TP0 pid=1556062) Capturing CUDA graphs (mixed prefill-decode, PIECEWISE):  85%|████████▌ | 41/48 [04:23<00:04,  1.43it/s][aiter] shape is M:50, N:128, K:6144 dtype='torch.float32' otype='torch.float32' bias=False, scaleAB=False, bpreshuffle=False, not found tuned config in /tmp/aiter_configs/bf16_tuned_gemm.csv, will use default config! using torch solution:0
(Worker_TP3 pid=1556065) [aiter] shape is M:40, N:128, K:6144 dtype='torch.float32' otype='torch.float32' bias=False, scaleAB=False, bpreshuffle=False, not found tuned config in /tmp/aiter_configs/bf16_tuned_gemm.csv, will use default config! using torch solution:0
(Worker_TP0 pid=1556062) [aiter] shape is M:50, N:2304, K:12288 dtype='torch.bfloat16' otype='torch.bfloat16' bias=False, scaleAB=False, bpreshuffle=False, not found tuned config in /tmp/aiter_configs/bf16_tuned_gemm.csv, will use default config! using torch solution:0
(Worker_TP1 pid=1556063) [aiter] shape is M:35, N:128, K:6144 dtype='torch.float32' otype='torch.float32' bias=False, scaleAB=False, bpreshuffle=False, not found tuned config in /tmp/aiter_configs/bf16_tuned_gemm.csv, will use default config! using torch solution:0
(Worker_TP3 pid=1556065) [aiter] shape is M:40, N:2304, K:12288 dtype='torch.bfloat16' otype='torch.bfloat16' bias=False, scaleAB=False, bpreshuffle=False, not found tuned config in /tmp/aiter_configs/bf16_tuned_gemm.csv, will use default config! using torch solution:0
(Worker_TP1 pid=1556063) [aiter] shape is M:35, N:2304, K:12288 dtype='torch.bfloat16' otype='torch.bfloat16' bias=False, scaleAB=False, bpreshuffle=False, not found tuned config in /tmp/aiter_configs/bf16_tuned_gemm.csv, will use default config! using torch solution:0
(Worker_TP2 pid=1556064) [aiter] shape is M:40, N:128, K:6144 dtype='torch.float32' otype='torch.float32' bias=False, scaleAB=False, bpreshuffle=False, not found tuned config in /tmp/aiter_configs/bf16_tuned_gemm.csv, will use default config! using torch solution:0
(Worker_TP3 pid=1556065) [aiter] shape is M:35, N:128, K:6144 dtype='torch.float32' otype='torch.float32' bias=False, scaleAB=False, bpreshuffle=False, not found tuned config in /tmp/aiter_configs/bf16_tuned_gemm.csv, will use default config! using torch solution:0
(Worker_TP2 pid=1556064) [aiter] shape is M:40, N:2304, K:12288 dtype='torch.bfloat16' otype='torch.bfloat16' bias=False, scaleAB=False, bpreshuffle=False, not found tuned config in /tmp/aiter_configs/bf16_tuned_gemm.csv, will use default config! using torch solution:0
(Worker_TP3 pid=1556065) [aiter] shape is M:35, N:2304, K:12288 dtype='torch.bfloat16' otype='torch.bfloat16' bias=False, scaleAB=False, bpreshuffle=False, not found tuned config in /tmp/aiter_configs/bf16_tuned_gemm.csv, will use default config! using torch solution:0
(Worker_TP2 pid=1556064) [aiter] shape is M:35, N:128, K:6144 dtype='torch.float32' otype='torch.float32' bias=False, scaleAB=False, bpreshuffle=False, not found tuned config in /tmp/aiter_configs/bf16_tuned_gemm.csv, will use default config! using torch solution:0
(Worker_TP0 pid=1556062) [aiter] shape is M:40, N:128, K:6144 dtype='torch.float32' otype='torch.float32' bias=False, scaleAB=False, bpreshuffle=False, not found tuned config in /tmp/aiter_configs/bf16_tuned_gemm.csv, will use default config! using torch solution:0
(Worker_TP2 pid=1556064) [aiter] shape is M:35, N:2304, K:12288 dtype='torch.bfloat16' otype='torch.bfloat16' bias=False, scaleAB=False, bpreshuffle=False, not found tuned config in /tmp/aiter_configs/bf16_tuned_gemm.csv, will use default config! using torch solution:0
(Worker_TP0 pid=1556062) [aiter] shape is M:40, N:2304, K:12288 dtype='torch.bfloat16' otype='torch.bfloat16' bias=False, scaleAB=False, bpreshuffle=False, not found tuned config in /tmp/aiter_configs/bf16_tuned_gemm.csv, will use default config! using torch solution:0
(Worker_TP0 pid=1556062) Capturing CUDA graphs (mixed prefill-decode, PIECEWISE):  90%|████████▉ | 43/48 [04:23<00:02,  1.88it/s][aiter] shape is M:35, N:128, K:6144 dtype='torch.float32' otype='torch.float32' bias=False, scaleAB=False, bpreshuffle=False, not found tuned config in /tmp/aiter_configs/bf16_tuned_gemm.csv, will use default config! using torch solution:0
(Worker_TP0 pid=1556062) [aiter] shape is M:35, N:2304, K:12288 dtype='torch.bfloat16' otype='torch.bfloat16' bias=False, scaleAB=False, bpreshuffle=False, not found tuned config in /tmp/aiter_configs/bf16_tuned_gemm.csv, will use default config! using torch solution:0
(Worker_TP1 pid=1556063) [aiter] shape is M:25, N:128, K:6144 dtype='torch.float32' otype='torch.float32' bias=False, scaleAB=False, bpreshuffle=False, not found tuned config in /tmp/aiter_configs/bf16_tuned_gemm.csv, will use default config! using torch solution:0
(Worker_TP1 pid=1556063) [aiter] run_1stage = False, xbf16 = False, ksplit = 0 q_type = QuantType.per_1x32 block_m = 32 use_nt = True, estimated_m_per_expert = 1
(Worker_TP1 pid=1556063) [aiter] [fused_moe] using 2stage default for ('gfx950', 256, 32, 6144, 768, 129, 5, 'ActivationType.Swiglu', 'torch.bfloat16', 'torch.bfloat16', 'torch.float4_e2m1fn_x2', 'QuantType.per_1x32', True, False) 
(Worker_TP1 pid=1556063) [aiter] shape is M:25, N:2304, K:12288 dtype='torch.bfloat16' otype='torch.bfloat16' bias=False, scaleAB=False, bpreshuffle=False, not found tuned config in /tmp/aiter_configs/bf16_tuned_gemm.csv, will use default config! using torch solution:0
(Worker_TP3 pid=1556065) [aiter] shape is M:25, N:128, K:6144 dtype='torch.float32' otype='torch.float32' bias=False, scaleAB=False, bpreshuffle=False, not found tuned config in /tmp/aiter_configs/bf16_tuned_gemm.csv, will use default config! using torch solution:0
(Worker_TP3 pid=1556065) [aiter] run_1stage = False, xbf16 = False, ksplit = 0 q_type = QuantType.per_1x32 block_m = 32 use_nt = True, estimated_m_per_expert = 1
(Worker_TP3 pid=1556065) [aiter] [fused_moe] using 2stage default for ('gfx950', 256, 32, 6144, 768, 129, 5, 'ActivationType.Swiglu', 'torch.bfloat16', 'torch.bfloat16', 'torch.float4_e2m1fn_x2', 'QuantType.per_1x32', True, False) 
(Worker_TP3 pid=1556065) [aiter] shape is M:25, N:2304, K:12288 dtype='torch.bfloat16' otype='torch.bfloat16' bias=False, scaleAB=False, bpreshuffle=False, not found tuned config in /tmp/aiter_configs/bf16_tuned_gemm.csv, will use default config! using torch solution:0
(Worker_TP2 pid=1556064) [aiter] shape is M:25, N:128, K:6144 dtype='torch.float32' otype='torch.float32' bias=False, scaleAB=False, bpreshuffle=False, not found tuned config in /tmp/aiter_configs/bf16_tuned_gemm.csv, will use default config! using torch solution:0
(Worker_TP2 pid=1556064) [aiter] run_1stage = False, xbf16 = False, ksplit = 0 q_type = QuantType.per_1x32 block_m = 32 use_nt = True, estimated_m_per_expert = 1
(Worker_TP2 pid=1556064) [aiter] [fused_moe] using 2stage default for ('gfx950', 256, 32, 6144, 768, 129, 5, 'ActivationType.Swiglu', 'torch.bfloat16', 'torch.bfloat16', 'torch.float4_e2m1fn_x2', 'QuantType.per_1x32', True, False) 
(Worker_TP1 pid=1556063) [aiter] shape is M:20, N:128, K:6144 dtype='torch.float32' otype='torch.float32' bias=False, scaleAB=False, bpreshuffle=False, not found tuned config in /tmp/aiter_configs/bf16_tuned_gemm.csv, will use default config! using torch solution:0
(Worker_TP2 pid=1556064) [aiter] shape is M:25, N:2304, K:12288 dtype='torch.bfloat16' otype='torch.bfloat16' bias=False, scaleAB=False, bpreshuffle=False, not found tuned config in /tmp/aiter_configs/bf16_tuned_gemm.csv, will use default config! using torch solution:0
(Worker_TP1 pid=1556063) [aiter] shape is M:20, N:2304, K:12288 dtype='torch.bfloat16' otype='torch.bfloat16' bias=False, scaleAB=False, bpreshuffle=False, not found tuned config in /tmp/aiter_configs/bf16_tuned_gemm.csv, will use default config! using torch solution:0
(Worker_TP3 pid=1556065) [aiter] shape is M:20, N:128, K:6144 dtype='torch.float32' otype='torch.float32' bias=False, scaleAB=False, bpreshuffle=False, not found tuned config in /tmp/aiter_configs/bf16_tuned_gemm.csv, will use default config! using torch solution:0
(Worker_TP0 pid=1556062) [aiter] shape is M:25, N:128, K:6144 dtype='torch.float32' otype='torch.float32' bias=False, scaleAB=False, bpreshuffle=False, not found tuned config in /tmp/aiter_configs/bf16_tuned_gemm.csv, will use default config! using torch solution:0
(Worker_TP0 pid=1556062) [aiter] run_1stage = False, xbf16 = False, ksplit = 0 q_type = QuantType.per_1x32 block_m = 32 use_nt = True, estimated_m_per_expert = 1
(Worker_TP0 pid=1556062) [aiter] [fused_moe] using 2stage default for ('gfx950', 256, 32, 6144, 768, 129, 5, 'ActivationType.Swiglu', 'torch.bfloat16', 'torch.bfloat16', 'torch.float4_e2m1fn_x2', 'QuantType.per_1x32', True, False) 
(Worker_TP3 pid=1556065) [aiter] shape is M:20, N:2304, K:12288 dtype='torch.bfloat16' otype='torch.bfloat16' bias=False, scaleAB=False, bpreshuffle=False, not found tuned config in /tmp/aiter_configs/bf16_tuned_gemm.csv, will use default config! using torch solution:0
(Worker_TP0 pid=1556062) [aiter] shape is M:25, N:2304, K:12288 dtype='torch.bfloat16' otype='torch.bfloat16' bias=False, scaleAB=False, bpreshuffle=False, not found tuned config in /tmp/aiter_configs/bf16_tuned_gemm.csv, will use default config! using torch solution:0
(Worker_TP2 pid=1556064) [aiter] shape is M:20, N:128, K:6144 dtype='torch.float32' otype='torch.float32' bias=False, scaleAB=False, bpreshuffle=False, not found tuned config in /tmp/aiter_configs/bf16_tuned_gemm.csv, will use default config! using torch solution:0
(Worker_TP2 pid=1556064) [aiter] shape is M:20, N:2304, K:12288 dtype='torch.bfloat16' otype='torch.bfloat16' bias=False, scaleAB=False, bpreshuffle=False, not found tuned config in /tmp/aiter_configs/bf16_tuned_gemm.csv, will use default config! using torch solution:0
(Worker_TP0 pid=1556062) Capturing CUDA graphs (mixed prefill-decode, PIECEWISE):  94%|█████████▍| 45/48 [04:24<00:01,  2.22it/s][aiter] shape is M:20, N:128, K:6144 dtype='torch.float32' otype='torch.float32' bias=False, scaleAB=False, bpreshuffle=False, not found tuned config in /tmp/aiter_configs/bf16_tuned_gemm.csv, will use default config! using torch solution:0
(Worker_TP0 pid=1556062) [aiter] shape is M:20, N:2304, K:12288 dtype='torch.bfloat16' otype='torch.bfloat16' bias=False, scaleAB=False, bpreshuffle=False, not found tuned config in /tmp/aiter_configs/bf16_tuned_gemm.csv, will use default config! using torch solution:0
(Worker_TP1 pid=1556063) [aiter] shape is M:10, N:128, K:6144 dtype='torch.float32' otype='torch.float32' bias=False, scaleAB=False, bpreshuffle=False, not found tuned config in /tmp/aiter_configs/bf16_tuned_gemm.csv, will use default config! using torch solution:0
(Worker_TP1 pid=1556063) [aiter] run_1stage = False, xbf16 = False, ksplit = 0 q_type = QuantType.per_1x32 block_m = 32 use_nt = True, estimated_m_per_expert = 0
(Worker_TP1 pid=1556063) [aiter] [fused_moe] using 2stage default for ('gfx950', 256, 16, 6144, 768, 129, 5, 'ActivationType.Swiglu', 'torch.bfloat16', 'torch.bfloat16', 'torch.float4_e2m1fn_x2', 'QuantType.per_1x32', True, False) 
(Worker_TP1 pid=1556063) [aiter] shape is M:10, N:2304, K:12288 dtype='torch.bfloat16' otype='torch.bfloat16' bias=False, scaleAB=False, bpreshuffle=False, not found tuned config in /tmp/aiter_configs/bf16_tuned_gemm.csv, will use default config! using torch solution:0
(Worker_TP3 pid=1556065) [aiter] shape is M:10, N:128, K:6144 dtype='torch.float32' otype='torch.float32' bias=False, scaleAB=False, bpreshuffle=False, not found tuned config in /tmp/aiter_configs/bf16_tuned_gemm.csv, will use default config! using torch solution:0
(Worker_TP3 pid=1556065) [aiter] run_1stage = False, xbf16 = False, ksplit = 0 q_type = QuantType.per_1x32 block_m = 32 use_nt = True, estimated_m_per_expert = 0
(Worker_TP3 pid=1556065) [aiter] [fused_moe] using 2stage default for ('gfx950', 256, 16, 6144, 768, 129, 5, 'ActivationType.Swiglu', 'torch.bfloat16', 'torch.bfloat16', 'torch.float4_e2m1fn_x2', 'QuantType.per_1x32', True, False) 
(Worker_TP3 pid=1556065) [aiter] shape is M:10, N:2304, K:12288 dtype='torch.bfloat16' otype='torch.bfloat16' bias=False, scaleAB=False, bpreshuffle=False, not found tuned config in /tmp/aiter_configs/bf16_tuned_gemm.csv, will use default config! using torch solution:0
(Worker_TP2 pid=1556064) [aiter] shape is M:10, N:128, K:6144 dtype='torch.float32' otype='torch.float32' bias=False, scaleAB=False, bpreshuffle=False, not found tuned config in /tmp/aiter_configs/bf16_tuned_gemm.csv, will use default config! using torch solution:0
(Worker_TP2 pid=1556064) [aiter] run_1stage = False, xbf16 = False, ksplit = 0 q_type = QuantType.per_1x32 block_m = 32 use_nt = True, estimated_m_per_expert = 0
(Worker_TP2 pid=1556064) [aiter] [fused_moe] using 2stage default for ('gfx950', 256, 16, 6144, 768, 129, 5, 'ActivationType.Swiglu', 'torch.bfloat16', 'torch.bfloat16', 'torch.float4_e2m1fn_x2', 'QuantType.per_1x32', True, False) 
(Worker_TP2 pid=1556064) [aiter] shape is M:10, N:2304, K:12288 dtype='torch.bfloat16' otype='torch.bfloat16' bias=False, scaleAB=False, bpreshuffle=False, not found tuned config in /tmp/aiter_configs/bf16_tuned_gemm.csv, will use default config! using torch solution:0
(Worker_TP1 pid=1556063) [aiter] shape is M:5, N:128, K:6144 dtype='torch.float32' otype='torch.float32' bias=False, scaleAB=False, bpreshuffle=False, not found tuned config in /tmp/aiter_configs/bf16_tuned_gemm.csv, will use default config! using torch solution:0
(Worker_TP1 pid=1556063) [aiter] run_1stage = False, xbf16 = False, ksplit = 2 q_type = QuantType.per_1x32 block_m = 32 use_nt = True, estimated_m_per_expert = 0
(Worker_TP1 pid=1556063) [aiter] [fused_moe] using 2stage default for ('gfx950', 256, 8, 6144, 768, 129, 5, 'ActivationType.Swiglu', 'torch.bfloat16', 'torch.bfloat16', 'torch.float4_e2m1fn_x2', 'QuantType.per_1x32', True, False) 
(Worker_TP0 pid=1556062) [aiter] shape is M:10, N:128, K:6144 dtype='torch.float32' otype='torch.float32' bias=False, scaleAB=False, bpreshuffle=False, not found tuned config in /tmp/aiter_configs/bf16_tuned_gemm.csv, will use default config! using torch solution:0
(Worker_TP0 pid=1556062) [aiter] run_1stage = False, xbf16 = False, ksplit = 0 q_type = QuantType.per_1x32 block_m = 32 use_nt = True, estimated_m_per_expert = 0
(Worker_TP0 pid=1556062) [aiter] [fused_moe] using 2stage default for ('gfx950', 256, 16, 6144, 768, 129, 5, 'ActivationType.Swiglu', 'torch.bfloat16', 'torch.bfloat16', 'torch.float4_e2m1fn_x2', 'QuantType.per_1x32', True, False) 
(Worker_TP0 pid=1556062) [aiter] shape is M:10, N:2304, K:12288 dtype='torch.bfloat16' otype='torch.bfloat16' bias=False, scaleAB=False, bpreshuffle=False, not found tuned config in /tmp/aiter_configs/bf16_tuned_gemm.csv, will use default config! using torch solution:0
(Worker_TP3 pid=1556065) [aiter] shape is M:5, N:128, K:6144 dtype='torch.float32' otype='torch.float32' bias=False, scaleAB=False, bpreshuffle=False, not found tuned config in /tmp/aiter_configs/bf16_tuned_gemm.csv, will use default config! using torch solution:0
(Worker_TP3 pid=1556065) [aiter] run_1stage = False, xbf16 = False, ksplit = 2 q_type = QuantType.per_1x32 block_m = 32 use_nt = True, estimated_m_per_expert = 0
(Worker_TP3 pid=1556065) [aiter] [fused_moe] using 2stage default for ('gfx950', 256, 8, 6144, 768, 129, 5, 'ActivationType.Swiglu', 'torch.bfloat16', 'torch.bfloat16', 'torch.float4_e2m1fn_x2', 'QuantType.per_1x32', True, False) 
(Worker_TP2 pid=1556064) [aiter] shape is M:5, N:128, K:6144 dtype='torch.float32' otype='torch.float32' bias=False, scaleAB=False, bpreshuffle=False, not found tuned config in /tmp/aiter_configs/bf16_tuned_gemm.csv, will use default config! using torch solution:0
(Worker_TP2 pid=1556064) [aiter] run_1stage = False, xbf16 = False, ksplit = 2 q_type = QuantType.per_1x32 block_m = 32 use_nt = True, estimated_m_per_expert = 0
(Worker_TP2 pid=1556064) [aiter] [fused_moe] using 2stage default for ('gfx950', 256, 8, 6144, 768, 129, 5, 'ActivationType.Swiglu', 'torch.bfloat16', 'torch.bfloat16', 'torch.float4_e2m1fn_x2', 'QuantType.per_1x32', True, False) 
(Worker_TP0 pid=1556062) Capturing CUDA graphs (mixed prefill-decode, PIECEWISE):  98%|█████████▊| 47/48 [04:24<00:00,  2.47it/s][aiter] shape is M:5, N:128, K:6144 dtype='torch.float32' otype='torch.float32' bias=False, scaleAB=False, bpreshuffle=False, not found tuned config in /tmp/aiter_configs/bf16_tuned_gemm.csv, will use default config! using torch solution:0
(Worker_TP0 pid=1556062) [aiter] run_1stage = False, xbf16 = False, ksplit = 2 q_type = QuantType.per_1x32 block_m = 32 use_nt = True, estimated_m_per_expert = 0
(Worker_TP0 pid=1556062) [aiter] [fused_moe] using 2stage default for ('gfx950', 256, 8, 6144, 768, 129, 5, 'ActivationType.Swiglu', 'torch.bfloat16', 'torch.bfloat16', 'torch.float4_e2m1fn_x2', 'QuantType.per_1x32', True, False) 
(Worker_TP0 pid=1556062) Capturing CUDA graphs (mixed prefill-decode, PIECEWISE): 100%|██████████| 48/48 [04:24<00:00,  5.52s/it]
(Worker_TP0 pid=1556062) Capturing CUDA graphs (decode, FULL):   0%|          | 0/48 [00:00<?, ?it/s]Capturing CUDA graphs (decode, FULL):   2%|▏         | 1/48 [00:00<00:06,  7.82it/s]Capturing CUDA graphs (decode, FULL):   4%|▍         | 2/48 [00:00<00:05,  7.91it/s]Capturing CUDA graphs (decode, FULL):   6%|▋         | 3/48 [00:00<00:05,  7.92it/s]Capturing CUDA graphs (decode, FULL):   8%|▊         | 4/48 [00:00<00:05,  7.93it/s]Capturing CUDA graphs (decode, FULL):  10%|█         | 5/48 [00:00<00:05,  7.94it/s]Capturing CUDA graphs (decode, FULL):  12%|█▎        | 6/48 [00:01<00:09,  4.59it/s]Capturing CUDA graphs (decode, FULL):  15%|█▍        | 7/48 [00:01<00:07,  5.32it/s]Capturing CUDA graphs (decode, FULL):  17%|█▋        | 8/48 [00:01<00:06,  5.95it/s]Capturing CUDA graphs (decode, FULL):  19%|█▉        | 9/48 [00:01<00:06,  6.48it/s]Capturing CUDA graphs (decode, FULL):  21%|██        | 10/48 [00:01<00:05,  6.90it/s]Capturing CUDA graphs (decode, FULL):  23%|██▎       | 11/48 [00:01<00:05,  7.20it/s]Capturing CUDA graphs (decode, FULL):  25%|██▌       | 12/48 [00:01<00:04,  7.43it/s]Capturing CUDA graphs (decode, FULL):  27%|██▋       | 13/48 [00:01<00:04,  7.59it/s](Worker_TP1 pid=1556063) [aiter] compile_template_op func_name = 'pa_ps_4331853e5d783a2810374702b377af58' with {'src_template': <Template memory:756db0633e00>, 'md_name': 'pa_ps', 'includes': ['/shared/data/R7N/andy_luo_3v7/minimaxm3-agentx/overlays/aiter-sparse-indexer-cache-fusion-545d97c-266922c/csrc/cpp_itfs/pa/pa_ps.cuh'], 'sources': [], 'cxxflags': [], 'func_name': 'pa_ps_4331853e5d783a2810374702b377af58', 'folder': 'pa_ps_4331853e5d783a2810374702b377af58', 'kwargs': OrderedDict({'head_size': 128, 'query_group_size': 16, 'context_partition_num': 3, 'out_dtype': '__hip_bfloat16', 'logits_dtype': '__hip_bfloat16', 'sink_dtype': '__hip_bfloat16', 'use_sinks': False})}...
(Worker_TP1 pid=1556063) [aiter] start build /tmp/inferencex-minimaxm3-1413/home/.aiter/build/pa_ps_4331853e5d783a2810374702b377af58
Capturing CUDA graphs (decode, FULL):  29%|██▉       | 14/48 [00:02<00:04,  7.71it/s](Worker_TP3 pid=1556065) [aiter] compile_template_op func_name = 'pa_ps_4331853e5d783a2810374702b377af58' with {'src_template': <Template memory:770ae74d5d00>, 'md_name': 'pa_ps', 'includes': ['/shared/data/R7N/andy_luo_3v7/minimaxm3-agentx/overlays/aiter-sparse-indexer-cache-fusion-545d97c-266922c/csrc/cpp_itfs/pa/pa_ps.cuh'], 'sources': [], 'cxxflags': [], 'func_name': 'pa_ps_4331853e5d783a2810374702b377af58', 'folder': 'pa_ps_4331853e5d783a2810374702b377af58', 'kwargs': OrderedDict({'head_size': 128, 'query_group_size': 16, 'context_partition_num': 3, 'out_dtype': '__hip_bfloat16', 'logits_dtype': '__hip_bfloat16', 'sink_dtype': '__hip_bfloat16', 'use_sinks': False})}...
(Worker_TP3 pid=1556065) [aiter] [pid=1556065 pname=VllmWorker-3] waiting for baton release at /tmp/inferencex-minimaxm3-1413/home/.aiter/build/pa_ps_4331853e5d783a2810374702b377af58/lock
Capturing CUDA graphs (decode, FULL):  31%|███▏      | 15/48 [00:02<00:04,  7.82it/s](Worker_TP2 pid=1556064) [aiter] compile_template_op func_name = 'pa_ps_4331853e5d783a2810374702b377af58' with {'src_template': <Template memory:73dba37c7470>, 'md_name': 'pa_ps', 'includes': ['/shared/data/R7N/andy_luo_3v7/minimaxm3-agentx/overlays/aiter-sparse-indexer-cache-fusion-545d97c-266922c/csrc/cpp_itfs/pa/pa_ps.cuh'], 'sources': [], 'cxxflags': [], 'func_name': 'pa_ps_4331853e5d783a2810374702b377af58', 'folder': 'pa_ps_4331853e5d783a2810374702b377af58', 'kwargs': OrderedDict({'head_size': 128, 'query_group_size': 16, 'context_partition_num': 3, 'out_dtype': '__hip_bfloat16', 'logits_dtype': '__hip_bfloat16', 'sink_dtype': '__hip_bfloat16', 'use_sinks': False})}...
(Worker_TP2 pid=1556064) [aiter] [pid=1556064 pname=VllmWorker-2] waiting for baton release at /tmp/inferencex-minimaxm3-1413/home/.aiter/build/pa_ps_4331853e5d783a2810374702b377af58/lock
Capturing CUDA graphs (decode, FULL):  33%|███▎      | 16/48 [00:02<00:04,  7.84it/s][aiter] compile_template_op func_name = 'pa_ps_4331853e5d783a2810374702b377af58' with {'src_template': <Template memory:794420631a00>, 'md_name': 'pa_ps', 'includes': ['/shared/data/R7N/andy_luo_3v7/minimaxm3-agentx/overlays/aiter-sparse-indexer-cache-fusion-545d97c-266922c/csrc/cpp_itfs/pa/pa_ps.cuh'], 'sources': [], 'cxxflags': [], 'func_name': 'pa_ps_4331853e5d783a2810374702b377af58', 'folder': 'pa_ps_4331853e5d783a2810374702b377af58', 'kwargs': OrderedDict({'head_size': 128, 'query_group_size': 16, 'context_partition_num': 3, 'out_dtype': '__hip_bfloat16', 'logits_dtype': '__hip_bfloat16', 'sink_dtype': '__hip_bfloat16', 'use_sinks': False})}...
(Worker_TP0 pid=1556062) [aiter] [pid=1556062 pname=VllmWorker-0] waiting for baton release at /tmp/inferencex-minimaxm3-1413/home/.aiter/build/pa_ps_4331853e5d783a2810374702b377af58/lock
(Worker_TP1 pid=1556063) [aiter] finish build /tmp/inferencex-minimaxm3-1413/home/.aiter/build/pa_ps_4331853e5d783a2810374702b377af58, cost 1.78504856s
(Worker_TP0 pid=1556062) Capturing CUDA graphs (decode, FULL):  35%|███▌      | 17/48 [00:04<00:19,  1.61it/s]Capturing CUDA graphs (decode, FULL):  38%|███▊      | 18/48 [00:04<00:14,  2.13it/s]Capturing CUDA graphs (decode, FULL):  40%|███▉      | 19/48 [00:04<00:10,  2.75it/s]Capturing CUDA graphs (decode, FULL):  42%|████▏     | 20/48 [00:04<00:08,  3.43it/s]Capturing CUDA graphs (decode, FULL):  44%|████▍     | 21/48 [00:04<00:06,  4.16it/s]Capturing CUDA graphs (decode, FULL):  46%|████▌     | 22/48 [00:04<00:07,  3.48it/s]Capturing CUDA graphs (decode, FULL):  48%|████▊     | 23/48 [00:05<00:05,  4.21it/s]Capturing CUDA graphs (decode, FULL):  50%|█████     | 24/48 [00:05<00:04,  4.94it/s](Worker_TP1 pid=1556063) [aiter] compile_template_op func_name = 'pa_ps_45d4dc080d01c2828052fdbeafff3c3b' with {'src_template': <Template memory:756db0633e00>, 'md_name': 'pa_ps', 'includes': ['/shared/data/R7N/andy_luo_3v7/minimaxm3-agentx/overlays/aiter-sparse-indexer-cache-fusion-545d97c-266922c/csrc/cpp_itfs/pa/pa_ps.cuh'], 'sources': [], 'cxxflags': [], 'func_name': 'pa_ps_45d4dc080d01c2828052fdbeafff3c3b', 'folder': 'pa_ps_45d4dc080d01c2828052fdbeafff3c3b', 'kwargs': OrderedDict({'head_size': 128, 'query_group_size': 16, 'context_partition_num': 4, 'out_dtype': '__hip_bfloat16', 'logits_dtype': '__hip_bfloat16', 'sink_dtype': '__hip_bfloat16', 'use_sinks': False})}...
(Worker_TP1 pid=1556063) [aiter] start build /tmp/inferencex-minimaxm3-1413/home/.aiter/build/pa_ps_45d4dc080d01c2828052fdbeafff3c3b
(Worker_TP2 pid=1556064) [aiter] compile_template_op func_name = 'pa_ps_45d4dc080d01c2828052fdbeafff3c3b' with {'src_template': <Template memory:73dba37c7470>, 'md_name': 'pa_ps', 'includes': ['/shared/data/R7N/andy_luo_3v7/minimaxm3-agentx/overlays/aiter-sparse-indexer-cache-fusion-545d97c-266922c/csrc/cpp_itfs/pa/pa_ps.cuh'], 'sources': [], 'cxxflags': [], 'func_name': 'pa_ps_45d4dc080d01c2828052fdbeafff3c3b', 'folder': 'pa_ps_45d4dc080d01c2828052fdbeafff3c3b', 'kwargs': OrderedDict({'head_size': 128, 'query_group_size': 16, 'context_partition_num': 4, 'out_dtype': '__hip_bfloat16', 'logits_dtype': '__hip_bfloat16', 'sink_dtype': '__hip_bfloat16', 'use_sinks': False})}...
(Worker_TP2 pid=1556064) [aiter] [pid=1556064 pname=VllmWorker-2] waiting for baton release at /tmp/inferencex-minimaxm3-1413/home/.aiter/build/pa_ps_45d4dc080d01c2828052fdbeafff3c3b/lock
Capturing CUDA graphs (decode, FULL):  52%|█████▏    | 25/48 [00:05<00:04,  5.62it/s]Capturing CUDA graphs (decode, FULL):  54%|█████▍    | 26/48 [00:05<00:03,  6.23it/s][aiter] compile_template_op func_name = 'pa_ps_45d4dc080d01c2828052fdbeafff3c3b' with {'src_template': <Template memory:794420631a00>, 'md_name': 'pa_ps', 'includes': ['/shared/data/R7N/andy_luo_3v7/minimaxm3-agentx/overlays/aiter-sparse-indexer-cache-fusion-545d97c-266922c/csrc/cpp_itfs/pa/pa_ps.cuh'], 'sources': [], 'cxxflags': [], 'func_name': 'pa_ps_45d4dc080d01c2828052fdbeafff3c3b', 'folder': 'pa_ps_45d4dc080d01c2828052fdbeafff3c3b', 'kwargs': OrderedDict({'head_size': 128, 'query_group_size': 16, 'context_partition_num': 4, 'out_dtype': '__hip_bfloat16', 'logits_dtype': '__hip_bfloat16', 'sink_dtype': '__hip_bfloat16', 'use_sinks': False})}...
(Worker_TP0 pid=1556062) [aiter] [pid=1556062 pname=VllmWorker-0] waiting for baton release at /tmp/inferencex-minimaxm3-1413/home/.aiter/build/pa_ps_45d4dc080d01c2828052fdbeafff3c3b/lock
(Worker_TP3 pid=1556065) [aiter] compile_template_op func_name = 'pa_ps_45d4dc080d01c2828052fdbeafff3c3b' with {'src_template': <Template memory:770ae74d5d00>, 'md_name': 'pa_ps', 'includes': ['/shared/data/R7N/andy_luo_3v7/minimaxm3-agentx/overlays/aiter-sparse-indexer-cache-fusion-545d97c-266922c/csrc/cpp_itfs/pa/pa_ps.cuh'], 'sources': [], 'cxxflags': [], 'func_name': 'pa_ps_45d4dc080d01c2828052fdbeafff3c3b', 'folder': 'pa_ps_45d4dc080d01c2828052fdbeafff3c3b', 'kwargs': OrderedDict({'head_size': 128, 'query_group_size': 16, 'context_partition_num': 4, 'out_dtype': '__hip_bfloat16', 'logits_dtype': '__hip_bfloat16', 'sink_dtype': '__hip_bfloat16', 'use_sinks': False})}...
(Worker_TP3 pid=1556065) [aiter] [pid=1556065 pname=VllmWorker-3] waiting for baton release at /tmp/inferencex-minimaxm3-1413/home/.aiter/build/pa_ps_45d4dc080d01c2828052fdbeafff3c3b/lock
(Worker_TP1 pid=1556063) [aiter] finish build /tmp/inferencex-minimaxm3-1413/home/.aiter/build/pa_ps_45d4dc080d01c2828052fdbeafff3c3b, cost 1.46871269s
(Worker_TP0 pid=1556062) Capturing CUDA graphs (decode, FULL):  56%|█████▋    | 27/48 [00:06<00:12,  1.72it/s]Capturing CUDA graphs (decode, FULL):  58%|█████▊    | 28/48 [00:07<00:10,  1.90it/s]Capturing CUDA graphs (decode, FULL):  60%|██████    | 29/48 [00:07<00:07,  2.47it/s]Capturing CUDA graphs (decode, FULL):  62%|██████▎   | 30/48 [00:07<00:05,  3.13it/s](Worker_TP1 pid=1556063) [aiter] compile_template_op func_name = 'pa_ps_57dcdec950f1285d882472c6064ca9dd' with {'src_template': <Template memory:756db0633e00>, 'md_name': 'pa_ps', 'includes': ['/shared/data/R7N/andy_luo_3v7/minimaxm3-agentx/overlays/aiter-sparse-indexer-cache-fusion-545d97c-266922c/csrc/cpp_itfs/pa/pa_ps.cuh'], 'sources': [], 'cxxflags': [], 'func_name': 'pa_ps_57dcdec950f1285d882472c6064ca9dd', 'folder': 'pa_ps_57dcdec950f1285d882472c6064ca9dd', 'kwargs': OrderedDict({'head_size': 128, 'query_group_size': 16, 'context_partition_num': 5, 'out_dtype': '__hip_bfloat16', 'logits_dtype': '__hip_bfloat16', 'sink_dtype': '__hip_bfloat16', 'use_sinks': False})}...
(Worker_TP1 pid=1556063) [aiter] start build /tmp/inferencex-minimaxm3-1413/home/.aiter/build/pa_ps_57dcdec950f1285d882472c6064ca9dd
Capturing CUDA graphs (decode, FULL):  65%|██████▍   | 31/48 [00:07<00:04,  3.87it/s](Worker_TP3 pid=1556065) [aiter] compile_template_op func_name = 'pa_ps_57dcdec950f1285d882472c6064ca9dd' with {'src_template': <Template memory:770ae74d5d00>, 'md_name': 'pa_ps', 'includes': ['/shared/data/R7N/andy_luo_3v7/minimaxm3-agentx/overlays/aiter-sparse-indexer-cache-fusion-545d97c-266922c/csrc/cpp_itfs/pa/pa_ps.cuh'], 'sources': [], 'cxxflags': [], 'func_name': 'pa_ps_57dcdec950f1285d882472c6064ca9dd', 'folder': 'pa_ps_57dcdec950f1285d882472c6064ca9dd', 'kwargs': OrderedDict({'head_size': 128, 'query_group_size': 16, 'context_partition_num': 5, 'out_dtype': '__hip_bfloat16', 'logits_dtype': '__hip_bfloat16', 'sink_dtype': '__hip_bfloat16', 'use_sinks': False})}...
(Worker_TP3 pid=1556065) [aiter] [pid=1556065 pname=VllmWorker-3] waiting for baton release at /tmp/inferencex-minimaxm3-1413/home/.aiter/build/pa_ps_57dcdec950f1285d882472c6064ca9dd/lock
Capturing CUDA graphs (decode, FULL):  67%|██████▋   | 32/48 [00:07<00:03,  4.63it/s][aiter] compile_template_op func_name = 'pa_ps_57dcdec950f1285d882472c6064ca9dd' with {'src_template': <Template memory:794420631a00>, 'md_name': 'pa_ps', 'includes': ['/shared/data/R7N/andy_luo_3v7/minimaxm3-agentx/overlays/aiter-sparse-indexer-cache-fusion-545d97c-266922c/csrc/cpp_itfs/pa/pa_ps.cuh'], 'sources': [], 'cxxflags': [], 'func_name': 'pa_ps_57dcdec950f1285d882472c6064ca9dd', 'folder': 'pa_ps_57dcdec950f1285d882472c6064ca9dd', 'kwargs': OrderedDict({'head_size': 128, 'query_group_size': 16, 'context_partition_num': 5, 'out_dtype': '__hip_bfloat16', 'logits_dtype': '__hip_bfloat16', 'sink_dtype': '__hip_bfloat16', 'use_sinks': False})}...
(Worker_TP0 pid=1556062) [aiter] [pid=1556062 pname=VllmWorker-0] waiting for baton release at /tmp/inferencex-minimaxm3-1413/home/.aiter/build/pa_ps_57dcdec950f1285d882472c6064ca9dd/lock
(Worker_TP2 pid=1556064) [aiter] compile_template_op func_name = 'pa_ps_57dcdec950f1285d882472c6064ca9dd' with {'src_template': <Template memory:73dba37c7470>, 'md_name': 'pa_ps', 'includes': ['/shared/data/R7N/andy_luo_3v7/minimaxm3-agentx/overlays/aiter-sparse-indexer-cache-fusion-545d97c-266922c/csrc/cpp_itfs/pa/pa_ps.cuh'], 'sources': [], 'cxxflags': [], 'func_name': 'pa_ps_57dcdec950f1285d882472c6064ca9dd', 'folder': 'pa_ps_57dcdec950f1285d882472c6064ca9dd', 'kwargs': OrderedDict({'head_size': 128, 'query_group_size': 16, 'context_partition_num': 5, 'out_dtype': '__hip_bfloat16', 'logits_dtype': '__hip_bfloat16', 'sink_dtype': '__hip_bfloat16', 'use_sinks': False})}...
(Worker_TP2 pid=1556064) [aiter] [pid=1556064 pname=VllmWorker-2] waiting for baton release at /tmp/inferencex-minimaxm3-1413/home/.aiter/build/pa_ps_57dcdec950f1285d882472c6064ca9dd/lock
(Worker_TP1 pid=1556063) [aiter] finish build /tmp/inferencex-minimaxm3-1413/home/.aiter/build/pa_ps_57dcdec950f1285d882472c6064ca9dd, cost 1.50339377s
(Worker_TP0 pid=1556062) Capturing CUDA graphs (decode, FULL):  69%|██████▉   | 33/48 [00:09<00:09,  1.61it/s]Capturing CUDA graphs (decode, FULL):  71%|███████   | 34/48 [00:09<00:06,  2.13it/s](Worker_TP1 pid=1556063) [aiter] compile_template_op func_name = 'pa_ps_f95f4bb8adf849cff0d734e8f59f2c2b' with {'src_template': <Template memory:756db0633e00>, 'md_name': 'pa_ps', 'includes': ['/shared/data/R7N/andy_luo_3v7/minimaxm3-agentx/overlays/aiter-sparse-indexer-cache-fusion-545d97c-266922c/csrc/cpp_itfs/pa/pa_ps.cuh'], 'sources': [], 'cxxflags': [], 'func_name': 'pa_ps_f95f4bb8adf849cff0d734e8f59f2c2b', 'folder': 'pa_ps_f95f4bb8adf849cff0d734e8f59f2c2b', 'kwargs': OrderedDict({'head_size': 128, 'query_group_size': 16, 'context_partition_num': 6, 'out_dtype': '__hip_bfloat16', 'logits_dtype': '__hip_bfloat16', 'sink_dtype': '__hip_bfloat16', 'use_sinks': False})}...
(Worker_TP1 pid=1556063) [aiter] start build /tmp/inferencex-minimaxm3-1413/home/.aiter/build/pa_ps_f95f4bb8adf849cff0d734e8f59f2c2b
(Worker_TP3 pid=1556065) [aiter] compile_template_op func_name = 'pa_ps_f95f4bb8adf849cff0d734e8f59f2c2b' with {'src_template': <Template memory:770ae74d5d00>, 'md_name': 'pa_ps', 'includes': ['/shared/data/R7N/andy_luo_3v7/minimaxm3-agentx/overlays/aiter-sparse-indexer-cache-fusion-545d97c-266922c/csrc/cpp_itfs/pa/pa_ps.cuh'], 'sources': [], 'cxxflags': [], 'func_name': 'pa_ps_f95f4bb8adf849cff0d734e8f59f2c2b', 'folder': 'pa_ps_f95f4bb8adf849cff0d734e8f59f2c2b', 'kwargs': OrderedDict({'head_size': 128, 'query_group_size': 16, 'context_partition_num': 6, 'out_dtype': '__hip_bfloat16', 'logits_dtype': '__hip_bfloat16', 'sink_dtype': '__hip_bfloat16', 'use_sinks': False})}...
(Worker_TP3 pid=1556065) [aiter] [pid=1556065 pname=VllmWorker-3] waiting for baton release at /tmp/inferencex-minimaxm3-1413/home/.aiter/build/pa_ps_f95f4bb8adf849cff0d734e8f59f2c2b/lock
(Worker_TP2 pid=1556064) [aiter] compile_template_op func_name = 'pa_ps_f95f4bb8adf849cff0d734e8f59f2c2b' with {'src_template': <Template memory:73dba37c7470>, 'md_name': 'pa_ps', 'includes': ['/shared/data/R7N/andy_luo_3v7/minimaxm3-agentx/overlays/aiter-sparse-indexer-cache-fusion-545d97c-266922c/csrc/cpp_itfs/pa/pa_ps.cuh'], 'sources': [], 'cxxflags': [], 'func_name': 'pa_ps_f95f4bb8adf849cff0d734e8f59f2c2b', 'folder': 'pa_ps_f95f4bb8adf849cff0d734e8f59f2c2b', 'kwargs': OrderedDict({'head_size': 128, 'query_group_size': 16, 'context_partition_num': 6, 'out_dtype': '__hip_bfloat16', 'logits_dtype': '__hip_bfloat16', 'sink_dtype': '__hip_bfloat16', 'use_sinks': False})}...
(Worker_TP2 pid=1556064) [aiter] [pid=1556064 pname=VllmWorker-2] waiting for baton release at /tmp/inferencex-minimaxm3-1413/home/.aiter/build/pa_ps_f95f4bb8adf849cff0d734e8f59f2c2b/lock
Capturing CUDA graphs (decode, FULL):  73%|███████▎  | 35/48 [00:09<00:05,  2.22it/s][aiter] compile_template_op func_name = 'pa_ps_f95f4bb8adf849cff0d734e8f59f2c2b' with {'src_template': <Template memory:794420631a00>, 'md_name': 'pa_ps', 'includes': ['/shared/data/R7N/andy_luo_3v7/minimaxm3-agentx/overlays/aiter-sparse-indexer-cache-fusion-545d97c-266922c/csrc/cpp_itfs/pa/pa_ps.cuh'], 'sources': [], 'cxxflags': [], 'func_name': 'pa_ps_f95f4bb8adf849cff0d734e8f59f2c2b', 'folder': 'pa_ps_f95f4bb8adf849cff0d734e8f59f2c2b', 'kwargs': OrderedDict({'head_size': 128, 'query_group_size': 16, 'context_partition_num': 6, 'out_dtype': '__hip_bfloat16', 'logits_dtype': '__hip_bfloat16', 'sink_dtype': '__hip_bfloat16', 'use_sinks': False})}...
(Worker_TP0 pid=1556062) [aiter] [pid=1556062 pname=VllmWorker-0] waiting for baton release at /tmp/inferencex-minimaxm3-1413/home/.aiter/build/pa_ps_f95f4bb8adf849cff0d734e8f59f2c2b/lock
(Worker_TP1 pid=1556063) [aiter] finish build /tmp/inferencex-minimaxm3-1413/home/.aiter/build/pa_ps_f95f4bb8adf849cff0d734e8f59f2c2b, cost 1.48641360s
(Worker_TP1 pid=1556063) [aiter] compile_template_op func_name = 'pa_ps_854ae9e94347156b92bc3b571f2c0106' with {'src_template': <Template memory:756db0633e00>, 'md_name': 'pa_ps', 'includes': ['/shared/data/R7N/andy_luo_3v7/minimaxm3-agentx/overlays/aiter-sparse-indexer-cache-fusion-545d97c-266922c/csrc/cpp_itfs/pa/pa_ps.cuh'], 'sources': [], 'cxxflags': [], 'func_name': 'pa_ps_854ae9e94347156b92bc3b571f2c0106', 'folder': 'pa_ps_854ae9e94347156b92bc3b571f2c0106', 'kwargs': OrderedDict({'head_size': 128, 'query_group_size': 16, 'context_partition_num': 7, 'out_dtype': '__hip_bfloat16', 'logits_dtype': '__hip_bfloat16', 'sink_dtype': '__hip_bfloat16', 'use_sinks': False})}...
(Worker_TP1 pid=1556063) [aiter] start build /tmp/inferencex-minimaxm3-1413/home/.aiter/build/pa_ps_854ae9e94347156b92bc3b571f2c0106
(Worker_TP0 pid=1556062) Capturing CUDA graphs (decode, FULL):  75%|███████▌  | 36/48 [00:11<00:09,  1.20it/s]Capturing CUDA graphs (decode, FULL):  77%|███████▋  | 37/48 [00:11<00:06,  1.62it/s][aiter] compile_template_op func_name = 'pa_ps_854ae9e94347156b92bc3b571f2c0106' with {'src_template': <Template memory:794420631a00>, 'md_name': 'pa_ps', 'includes': ['/shared/data/R7N/andy_luo_3v7/minimaxm3-agentx/overlays/aiter-sparse-indexer-cache-fusion-545d97c-266922c/csrc/cpp_itfs/pa/pa_ps.cuh'], 'sources': [], 'cxxflags': [], 'func_name': 'pa_ps_854ae9e94347156b92bc3b571f2c0106', 'folder': 'pa_ps_854ae9e94347156b92bc3b571f2c0106', 'kwargs': OrderedDict({'head_size': 128, 'query_group_size': 16, 'context_partition_num': 7, 'out_dtype': '__hip_bfloat16', 'logits_dtype': '__hip_bfloat16', 'sink_dtype': '__hip_bfloat16', 'use_sinks': False})}...
(Worker_TP0 pid=1556062) [aiter] [pid=1556062 pname=VllmWorker-0] waiting for baton release at /tmp/inferencex-minimaxm3-1413/home/.aiter/build/pa_ps_854ae9e94347156b92bc3b571f2c0106/lock
(Worker_TP3 pid=1556065) [aiter] compile_template_op func_name = 'pa_ps_854ae9e94347156b92bc3b571f2c0106' with {'src_template': <Template memory:770ae74d5d00>, 'md_name': 'pa_ps', 'includes': ['/shared/data/R7N/andy_luo_3v7/minimaxm3-agentx/overlays/aiter-sparse-indexer-cache-fusion-545d97c-266922c/csrc/cpp_itfs/pa/pa_ps.cuh'], 'sources': [], 'cxxflags': [], 'func_name': 'pa_ps_854ae9e94347156b92bc3b571f2c0106', 'folder': 'pa_ps_854ae9e94347156b92bc3b571f2c0106', 'kwargs': OrderedDict({'head_size': 128, 'query_group_size': 16, 'context_partition_num': 7, 'out_dtype': '__hip_bfloat16', 'logits_dtype': '__hip_bfloat16', 'sink_dtype': '__hip_bfloat16', 'use_sinks': False})}...
(Worker_TP3 pid=1556065) [aiter] [pid=1556065 pname=VllmWorker-3] waiting for baton release at /tmp/inferencex-minimaxm3-1413/home/.aiter/build/pa_ps_854ae9e94347156b92bc3b571f2c0106/lock
(Worker_TP2 pid=1556064) [aiter] compile_template_op func_name = 'pa_ps_854ae9e94347156b92bc3b571f2c0106' with {'src_template': <Template memory:73dba37c7470>, 'md_name': 'pa_ps', 'includes': ['/shared/data/R7N/andy_luo_3v7/minimaxm3-agentx/overlays/aiter-sparse-indexer-cache-fusion-545d97c-266922c/csrc/cpp_itfs/pa/pa_ps.cuh'], 'sources': [], 'cxxflags': [], 'func_name': 'pa_ps_854ae9e94347156b92bc3b571f2c0106', 'folder': 'pa_ps_854ae9e94347156b92bc3b571f2c0106', 'kwargs': OrderedDict({'head_size': 128, 'query_group_size': 16, 'context_partition_num': 7, 'out_dtype': '__hip_bfloat16', 'logits_dtype': '__hip_bfloat16', 'sink_dtype': '__hip_bfloat16', 'use_sinks': False})}...
(Worker_TP2 pid=1556064) [aiter] [pid=1556064 pname=VllmWorker-2] waiting for baton release at /tmp/inferencex-minimaxm3-1413/home/.aiter/build/pa_ps_854ae9e94347156b92bc3b571f2c0106/lock
(Worker_TP1 pid=1556063) [aiter] finish build /tmp/inferencex-minimaxm3-1413/home/.aiter/build/pa_ps_854ae9e94347156b92bc3b571f2c0106, cost 1.51640514s
(Worker_TP0 pid=1556062) Capturing CUDA graphs (decode, FULL):  79%|███████▉  | 38/48 [00:13<00:09,  1.11it/s]Capturing CUDA graphs (decode, FULL):  81%|████████▏ | 39/48 [00:13<00:05,  1.50it/s]Capturing CUDA graphs (decode, FULL):  83%|████████▎ | 40/48 [00:13<00:04,  1.99it/s]Capturing CUDA graphs (decode, FULL):  85%|████████▌ | 41/48 [00:13<00:02,  2.59it/s]Capturing CUDA graphs (decode, FULL):  88%|████████▊ | 42/48 [00:13<00:01,  3.29it/s]Capturing CUDA graphs (decode, FULL):  90%|████████▉ | 43/48 [00:13<00:01,  4.06it/s]Capturing CUDA graphs (decode, FULL):  92%|█████████▏| 44/48 [00:14<00:00,  4.84it/s]Capturing CUDA graphs (decode, FULL):  94%|█████████▍| 45/48 [00:14<00:00,  5.56it/s]Capturing CUDA graphs (decode, FULL):  96%|█████████▌| 46/48 [00:14<00:00,  6.21it/s]Capturing CUDA graphs (decode, FULL):  98%|█████████▊| 47/48 [00:14<00:00,  6.79it/s]Capturing CUDA graphs (decode, FULL): 100%|██████████| 48/48 [00:14<00:00,  4.42it/s]Capturing CUDA graphs (decode, FULL): 100%|██████████| 48/48 [00:14<00:00,  3.25it/s]
(Worker_TP0 pid=1556062) [aiter] Registering 5952 cuda graph addresses
(Worker_TP2 pid=1556064) [aiter] Registering 5952 cuda graph addresses
(Worker_TP1 pid=1556063) [aiter] Registering 5952 cuda graph addresses
(Worker_TP3 pid=1556065) [aiter] Registering 5952 cuda graph addresses
(Worker_TP3 pid=1556065) INFO 08-25 19:43:11 [gpu_worker.py:726] CUDA graph pool memory: 0.98 GiB (actual), 2.31 GiB (estimated), difference: 1.33 GiB (135.7%).
(Worker_TP3 pid=1556065) INFO 08-25 19:43:11 [gpu_worker.py:789] Free memory on device (279.74/287.98 GiB) on startup. Desired GPU memory utilization is (0.85, 244.79 GiB). Actual usage is 62.32 GiB for consumed memory (weights + non-torch), 7.81 GiB for peak activation, and 0.98 GiB for CUDAGraph memory. Replace gpu_memory_utilization config with `--kv-cache-memory=186328225690` (173.53 GiB) to fit into requested memory, or `--kv-cache-memory=223857180160` (208.48 GiB) to fully utilize gpu memory. Current kv cache memory in use is 174.66 GiB.
(Worker_TP3 pid=1556065) [aiter] shape is M:256, N:128, K:6144 dtype='torch.float32' otype='torch.float32' bias=False, scaleAB=False, bpreshuffle=False, not found tuned config in /tmp/aiter_configs/bf16_tuned_gemm.csv, will use default config! using torch solution:0
(Worker_TP3 pid=1556065) [aiter] [fused_moe] using 2stage (kernelName1='flydsl_moe1_afp4_wfp4_bf16_t64x128x256_w4_xcd4_fp4', kernelName2='flydsl_moe2_afp4_wfp4_bf16_t64x128x256_reduce_bnt2') for ('gfx950', 256, 256, 6144, 768, 129, 5, 'ActivationType.Swiglu', 'torch.bfloat16', 'torch.float4_e2m1fn_x2', 'torch.float4_e2m1fn_x2', 'QuantType.per_1x32', True, False) 
(Worker_TP0 pid=1556062) INFO 08-25 19:43:11 [gpu_model_runner.py:6913] Graph capturing finished in 281 secs, took 0.98 GiB
(Worker_TP0 pid=1556062) INFO 08-25 19:43:11 [gpu_worker.py:726] CUDA graph pool memory: 0.98 GiB (actual), 2.31 GiB (estimated), difference: 1.33 GiB (135.7%).
(Worker_TP0 pid=1556062) INFO 08-25 19:43:11 [gpu_worker.py:789] Free memory on device (279.99/287.98 GiB) on startup. Desired GPU memory utilization is (0.85, 244.79 GiB). Actual usage is 62.2 GiB for consumed memory (weights + non-torch), 7.81 GiB for peak activation, and 0.98 GiB for CUDAGraph memory. Replace gpu_memory_utilization config with `--kv-cache-memory=186462443418` (173.66 GiB) to fit into requested memory, or `--kv-cache-memory=224259833344` (208.86 GiB) to fully utilize gpu memory. Current kv cache memory in use is 174.78 GiB.
(Worker_TP0 pid=1556062) [aiter] shape is M:256, N:128, K:6144 dtype='torch.float32' otype='torch.float32' bias=False, scaleAB=False, bpreshuffle=False, not found tuned config in /tmp/aiter_configs/bf16_tuned_gemm.csv, will use default config! using torch solution:0
(Worker_TP0 pid=1556062) [aiter] [fused_moe] using 2stage (kernelName1='flydsl_moe1_afp4_wfp4_bf16_t64x128x256_w4_xcd4_fp4', kernelName2='flydsl_moe2_afp4_wfp4_bf16_t64x128x256_reduce_bnt2') for ('gfx950', 256, 256, 6144, 768, 129, 5, 'ActivationType.Swiglu', 'torch.bfloat16', 'torch.float4_e2m1fn_x2', 'torch.float4_e2m1fn_x2', 'QuantType.per_1x32', True, False) 
(Worker_TP2 pid=1556064) INFO 08-25 19:43:11 [gpu_worker.py:726] CUDA graph pool memory: 0.98 GiB (actual), 2.31 GiB (estimated), difference: 1.33 GiB (135.7%).
(Worker_TP2 pid=1556064) INFO 08-25 19:43:11 [gpu_worker.py:789] Free memory on device (279.8/287.98 GiB) on startup. Desired GPU memory utilization is (0.85, 244.79 GiB). Actual usage is 62.29 GiB for consumed memory (weights + non-torch), 7.81 GiB for peak activation, and 0.98 GiB for CUDAGraph memory. Replace gpu_memory_utilization config with `--kv-cache-memory=186361780122` (173.56 GiB) to fit into requested memory, or `--kv-cache-memory=223957843456` (208.58 GiB) to fully utilize gpu memory. Current kv cache memory in use is 174.69 GiB.
(Worker_TP2 pid=1556064) [aiter] shape is M:256, N:128, K:6144 dtype='torch.float32' otype='torch.float32' bias=False, scaleAB=False, bpreshuffle=False, not found tuned config in /tmp/aiter_configs/bf16_tuned_gemm.csv, will use default config! using torch solution:0
(Worker_TP2 pid=1556064) [aiter] [fused_moe] using 2stage (kernelName1='flydsl_moe1_afp4_wfp4_bf16_t64x128x256_w4_xcd4_fp4', kernelName2='flydsl_moe2_afp4_wfp4_bf16_t64x128x256_reduce_bnt2') for ('gfx950', 256, 256, 6144, 768, 129, 5, 'ActivationType.Swiglu', 'torch.bfloat16', 'torch.float4_e2m1fn_x2', 'torch.float4_e2m1fn_x2', 'QuantType.per_1x32', True, False) 
(Worker_TP1 pid=1556063) INFO 08-25 19:43:11 [gpu_worker.py:726] CUDA graph pool memory: 0.98 GiB (actual), 2.31 GiB (estimated), difference: 1.33 GiB (135.7%).
(Worker_TP1 pid=1556063) INFO 08-25 19:43:11 [gpu_worker.py:789] Free memory on device (279.8/287.98 GiB) on startup. Desired GPU memory utilization is (0.85, 244.79 GiB). Actual usage is 62.29 GiB for consumed memory (weights + non-torch), 7.81 GiB for peak activation, and 0.98 GiB for CUDAGraph memory. Replace gpu_memory_utilization config with `--kv-cache-memory=186361780122` (173.56 GiB) to fit into requested memory, or `--kv-cache-memory=223957843456` (208.58 GiB) to fully utilize gpu memory. Current kv cache memory in use is 174.69 GiB.
(Worker_TP1 pid=1556063) [aiter] shape is M:256, N:128, K:6144 dtype='torch.float32' otype='torch.float32' bias=False, scaleAB=False, bpreshuffle=False, not found tuned config in /tmp/aiter_configs/bf16_tuned_gemm.csv, will use default config! using torch solution:0
(Worker_TP1 pid=1556063) [aiter] [fused_moe] using 2stage (kernelName1='flydsl_moe1_afp4_wfp4_bf16_t64x128x256_w4_xcd4_fp4', kernelName2='flydsl_moe2_afp4_wfp4_bf16_t64x128x256_reduce_bnt2') for ('gfx950', 256, 256, 6144, 768, 129, 5, 'ActivationType.Swiglu', 'torch.bfloat16', 'torch.float4_e2m1fn_x2', 'torch.float4_e2m1fn_x2', 'QuantType.per_1x32', True, False) 
(Worker_TP3 pid=1556065) [aiter] shape is M:256, N:2304, K:12288 dtype='torch.bfloat16' otype='torch.bfloat16' bias=False, scaleAB=False, bpreshuffle=False, not found tuned config in /tmp/aiter_configs/bf16_tuned_gemm.csv, will use default config! using torch solution:0
(Worker_TP0 pid=1556062) [aiter] shape is M:256, N:2304, K:12288 dtype='torch.bfloat16' otype='torch.bfloat16' bias=False, scaleAB=False, bpreshuffle=False, not found tuned config in /tmp/aiter_configs/bf16_tuned_gemm.csv, will use default config! using torch solution:0
(Worker_TP2 pid=1556064) [aiter] shape is M:256, N:2304, K:12288 dtype='torch.bfloat16' otype='torch.bfloat16' bias=False, scaleAB=False, bpreshuffle=False, not found tuned config in /tmp/aiter_configs/bf16_tuned_gemm.csv, will use default config! using torch solution:0
(Worker_TP1 pid=1556063) [aiter] shape is M:256, N:2304, K:12288 dtype='torch.bfloat16' otype='torch.bfloat16' bias=False, scaleAB=False, bpreshuffle=False, not found tuned config in /tmp/aiter_configs/bf16_tuned_gemm.csv, will use default config! using torch solution:0
(Worker_TP3 pid=1556065) INFO 08-25 19:43:12 [jit_monitor.py:79] Kernel JIT monitor activated; monitored JIT compilations during inference will use mode=warn.
(Worker_TP1 pid=1556063) INFO 08-25 19:43:12 [jit_monitor.py:79] Kernel JIT monitor activated; monitored JIT compilations during inference will use mode=warn.
(Worker_TP2 pid=1556064) INFO 08-25 19:43:12 [jit_monitor.py:79] Kernel JIT monitor activated; monitored JIT compilations during inference will use mode=warn.
(Worker_TP0 pid=1556062) INFO 08-25 19:43:12 [jit_monitor.py:79] Kernel JIT monitor activated; monitored JIT compilations during inference will use mode=warn.
(EngineCore pid=1555785) INFO 08-25 19:43:13 [core.py:348] init engine (profile, create kv cache, warmup model) took 460.50 s (compilation: 4.65 s)
(EngineCore pid=1555785) INFO 08-25 19:43:13 [registry.py:134] All limits of multimodal modalities supported by the model are set to 0, running in text-only mode.
(EngineCore pid=1555785) INFO 08-25 19:43:15 [kernel.py:306] Final IR op priority after setting platform defaults: IrOpPriorityConfig(rms_norm=['aiter', 'native'], fused_add_rms_norm=['aiter', 'native'])
(EngineCore pid=1555785) INFO 08-25 19:43:15 [compilation.py:329] Enabled custom fusions: norm_quant, act_quant, allreduce_rms, mla_dual_rms_norm
(APIServer pid=1554860) INFO 08-25 19:43:15 [api_server.py:678] Supported tasks: ['generate']
(APIServer pid=1554860) INFO 08-25 19:43:15 [parser_manager.py:37] "auto" tool choice has been enabled.
(APIServer pid=1554860) INFO 08-25 19:43:15 [hf.py:540] Detected the chat template content format to be 'openai'. You can set `--chat-template-content-format` to override this.
(APIServer pid=1554860) WARNING 08-25 19:43:15 [model.py:1637] Default vLLM sampling parameters have been overridden by the model's `generation_config.json`: `{'temperature': 1.0, 'top_p': 0.95}`. If this is not intended, please relaunch vLLM instance with `--generation-config vllm`.
(APIServer pid=1554860) INFO 08-25 19:43:15 [api_server.py:682] Starting vLLM server on http://0.0.0.0:8886
(APIServer pid=1554860) INFO 08-25 19:43:15 [launcher.py:37] Available routes are:
(APIServer pid=1554860) INFO 08-25 19:43:15 [launcher.py:46] Route: /openapi.json, Methods: GET, HEAD
(APIServer pid=1554860) INFO 08-25 19:43:15 [launcher.py:46] Route: /docs, Methods: GET, HEAD
(APIServer pid=1554860) INFO 08-25 19:43:15 [launcher.py:46] Route: /docs/oauth2-redirect, Methods: GET, HEAD
(APIServer pid=1554860) INFO 08-25 19:43:15 [launcher.py:46] Route: /redoc, Methods: GET, HEAD
(APIServer pid=1554860) INFO 08-25 19:43:15 [launcher.py:46] Route: /load, Methods: GET
(APIServer pid=1554860) INFO 08-25 19:43:15 [launcher.py:46] Route: /version, Methods: GET
(APIServer pid=1554860) INFO 08-25 19:43:15 [launcher.py:46] Route: /health, Methods: GET
(APIServer pid=1554860) INFO 08-25 19:43:15 [launcher.py:46] Route: /metrics, Methods: GET
(APIServer pid=1554860) INFO 08-25 19:43:15 [launcher.py:46] Route: /tokenize, Methods: POST
(APIServer pid=1554860) INFO 08-25 19:43:15 [launcher.py:46] Route: /detokenize, Methods: POST
(APIServer pid=1554860) INFO 08-25 19:43:15 [launcher.py:46] Route: /v1/models, Methods: GET
(APIServer pid=1554860) INFO 08-25 19:43:15 [launcher.py:46] Route: /ping, Methods: GET
(APIServer pid=1554860) INFO 08-25 19:43:15 [launcher.py:46] Route: /ping, Methods: POST
(APIServer pid=1554860) INFO 08-25 19:43:15 [launcher.py:46] Route: /invocations, Methods: POST
(APIServer pid=1554860) INFO 08-25 19:43:15 [launcher.py:46] Route: /v1/chat/completions, Methods: POST
(APIServer pid=1554860) INFO 08-25 19:43:15 [launcher.py:46] Route: /v1/chat/completions/batch, Methods: POST
(APIServer pid=1554860) INFO 08-25 19:43:15 [launcher.py:46] Route: /v1/responses, Methods: POST
(APIServer pid=1554860) INFO 08-25 19:43:15 [launcher.py:46] Route: /v1/responses/{response_id}, Methods: GET
(APIServer pid=1554860) INFO 08-25 19:43:15 [launcher.py:46] Route: /v1/responses/{response_id}/cancel, Methods: POST
(APIServer pid=1554860) INFO 08-25 19:43:15 [launcher.py:46] Route: /v1/completions, Methods: POST
(APIServer pid=1554860) INFO 08-25 19:43:15 [launcher.py:46] Route: /v1/messages, Methods: POST
(APIServer pid=1554860) INFO 08-25 19:43:15 [launcher.py:46] Route: /v1/messages/count_tokens, Methods: POST
(APIServer pid=1554860) INFO 08-25 19:43:15 [launcher.py:46] Route: /generative_scoring, Methods: POST
(APIServer pid=1554860) INFO 08-25 19:43:15 [launcher.py:46] Route: /scale_elastic_ep, Methods: POST
(APIServer pid=1554860) INFO 08-25 19:43:15 [launcher.py:46] Route: /is_scaling_elastic_ep, Methods: POST
(APIServer pid=1554860) INFO 08-25 19:43:15 [launcher.py:46] Route: /v1/chat/completions/render, Methods: POST
(APIServer pid=1554860) INFO 08-25 19:43:15 [launcher.py:46] Route: /v1/completions/render, Methods: POST
(APIServer pid=1554860) INFO 08-25 19:43:15 [launcher.py:46] Route: /v1/chat/completions/derender, Methods: POST
(APIServer pid=1554860) INFO 08-25 19:43:15 [launcher.py:46] Route: /v1/completions/derender, Methods: POST
(APIServer pid=1554860) INFO 08-25 19:43:15 [launcher.py:46] Route: /inference/v1/generate, Methods: POST
(APIServer pid=1554860) INFO 08-25 19:43:15 [launcher.py:99] API server: waiting for HTTP server to start
(APIServer pid=1554860) INFO:     Started server process [1554860]
(APIServer pid=1554860) INFO:     Waiting for application startup.
(APIServer pid=1554860) INFO:     Application startup complete.
(APIServer pid=1554860) INFO 08-25 19:43:16 [launcher.py:105] API server: HTTP server started
+ tee /shared/data/R7N/andy_luo_3v7/minimaxm3-agentx/results/mtp-k4-aiter-full-indexer-resident-v19-tp4-c5-full-indexer-complete-curve-20260825-r1/benchmark.log
+ /tmp/inferencex-minimaxm3-1413/runs/mtp-k4-aiter-full-indexer-resident-v19-tp4-c5-full-indexer-complete-curve-20260825-r1/venv/bin/aiperf profile --scenario inferencex-agentx-mvp --url http://localhost:8886 --endpoint /v1/chat/completions --endpoint-type chat --streaming --model amd/MiniMax-M3-MXFP4 --tokenizer amd/MiniMax-M3-MXFP4 --concurrency 5 --benchmark-duration 3600 --stats-interval 30 --random-seed 42 --failed-request-threshold 0.10 --trajectory-start-min-ratio 0.25 --trajectory-start-max-ratio 0.75 --warmup-requests-per-lane 10 --trace-idle-gap-cap-seconds 300 --warmup-grace-period 1800 --use-server-token-count --no-gpu-telemetry --tokenizer-trust-remote-code --num-dataset-entries 393 --slice-duration 1.0 --server-metrics http://localhost:8886/metrics --output-artifact-dir /shared/data/R7N/andy_luo_3v7/minimaxm3-agentx/results/mtp-k4-aiter-full-indexer-resident-v19-tp4-c5-full-indexer-complete-curve-20260825-r1/aiperf_artifacts --public-dataset semianalysis_cc_traces_weka_062126 --apply-chat-template
19:43:22.197 INFO     Starting AIPerf System (_single_run.py:64)
19:43:22.207 INFO     Scenario 'inferencex-agentx-mvp': setting profiling-phase timing_mode=agentic_replay. (validator.py:226)
19:43:22.207 INFO     Scenario 'inferencex-agentx-mvp': injecting extra_inputs.ignore_eos=true (was absent). (validator.py:285)
19:43:22.207 INFO     Scenario 'inferencex-agentx-mvp': auto-set --cache-bust=first_turn_prefix (was at default none). (validator.py:538)
19:43:22.207 INFO     Scenario 'inferencex-agentx-mvp': auto-set --system-idle-gap-cap-seconds=10.0 (was unset). (validator.py:779)
19:43:22.425 INFO     GPU telemetry disabled via --no-gpu-telemetry (system_controller.py:269)
19:43:22.463 INFO     Server Metrics: Discovered 1 endpoints: ['http://localhost:8886/metrics'] (manager.py:97)
19:43:22.493 INFO     Telemetry streaming is disabled (set --otel-url and/or --mlflow-tracking-uri to enable) (otel_metrics_results_processor.py:127)
19:43:22.494 INFO     Record metrics export enabled: /shared/data/R7N/andy_luo_3v7/minimaxm3-agentx/results/mtp-k4-aiter-full-indexer-resident-v19-tp4-c5-full-indexer-complete-curve-20260825-r1/aiperf_artifacts/profile_export.jsonl (record_export_jsonl_writer.py:62)
19:43:22.521 INFO     Registered Records Manager (id: 'records_manager') (system_controller.py:413)
19:43:22.535 INFO     Registered Worker Manager (id: 'worker_manager') (system_controller.py:413)
19:43:22.573 INFO     Registered Server Metrics Manager (id: 'server_metrics_manager') (system_controller.py:413)
19:43:22.585 INFO     Registered Dataset Manager (id: 'dataset_manager') (system_controller.py:413)
19:43:22.654 INFO     Registered Timing Manager (id: 'timing_manager') (system_controller.py:413)
19:43:22.678 INFO     Registered Record Processor (id: 'record_processor_74e66844') (system_controller.py:413)
19:43:22.778 INFO     Registered Worker (id: 'worker_f29d1e97') (system_controller.py:413)
19:43:22.779 INFO     Registered Worker (id: 'worker_970e1f6c') (system_controller.py:413)
19:43:22.789 INFO     Registered Worker (id: 'worker_870a4471') (system_controller.py:413)
19:43:22.790 INFO     Registered Worker (id: 'worker_ccba58ba') (system_controller.py:413)
19:43:22.805 INFO     Registered Worker (id: 'worker_585f99a0') (system_controller.py:413)
19:43:22.926 INFO     AIPerf System is CONFIGURING (system_controller.py:294)
19:43:22.926 INFO     Configuring all services to start profiling (system_controller.py:307)
19:43:22.927 INFO     Waiting for dataset to be configured before configuring timing (manager.py:124)
19:43:22.927 INFO     Tokenization is disabled for this endpoint, skipping tokenizer configuration (inference_result_parser.py:80)
19:43:22.931 INFO     Configuring tokenizer(s) for dataset manager (dataset_manager.py:240)
19:43:22.946 INFO     Server Metrics: Capturing baseline metrics... (manager.py:191)
19:43:22.989 INFO     Skipping unsupported summary metric: http_request_size_bytes (data_collector.py:308)
19:43:22.989 INFO     Skipping unsupported summary metric: http_response_size_bytes (data_collector.py:308)
19:43:22.990 INFO     Server metrics enabled - 1/1 endpoint(s) reachable. (system_controller.py:592)
19:43:22.991 INFO     Waiting for result domains: profile, server_metrics (system_controller.py:869)
19:43:23.708 INFO     HTTP Request: HEAD https://huggingface.co/amd/MiniMax-M3-MXFP4/resolve/main/config.json "HTTP/1.1 307 Temporary Redirect" (_client.py:1025)
19:43:23.708 WARNING  Warning: You are sending unauthenticated requests to the HF Hub. Please set a HF_TOKEN to enable higher rate limits and faster downloads. (_http.py:955)
19:43:23.715 INFO     HTTP Request: HEAD https://huggingface.co/api/resolve-cache/models/amd/MiniMax-M3-MXFP4/b83d14e3d64bf373a207f3c2a7e9f0b0f1e7fc3a/config.json "HTTP/1.1 200 OK" (_client.py:1025)
19:43:23.773 INFO     HTTP Request: HEAD https://huggingface.co/amd/MiniMax-M3-MXFP4/resolve/main/configuration_minimax_m3_vl.py "HTTP/1.1 307 Temporary Redirect" (_client.py:1025)
19:43:23.781 INFO     HTTP Request: HEAD https://huggingface.co/api/resolve-cache/models/amd/MiniMax-M3-MXFP4/b83d14e3d64bf373a207f3c2a7e9f0b0f1e7fc3a/configuration_minimax_m3_vl.py "HTTP/1.1 200 OK" (_client.py:1025)
19:43:23.833 INFO     HTTP Request: HEAD https://huggingface.co/amd/MiniMax-M3-MXFP4/resolve/main/config.json "HTTP/1.1 307 Temporary Redirect" (_client.py:1025)
19:43:23.843 INFO     HTTP Request: HEAD https://huggingface.co/api/resolve-cache/models/amd/MiniMax-M3-MXFP4/b83d14e3d64bf373a207f3c2a7e9f0b0f1e7fc3a/config.json "HTTP/1.1 200 OK" (_client.py:1025)
19:43:23.886 INFO     HTTP Request: HEAD https://huggingface.co/amd/MiniMax-M3-MXFP4/resolve/main/tokenizer_config.json "HTTP/1.1 307 Temporary Redirect" (_client.py:1025)
19:43:23.895 INFO     HTTP Request: HEAD https://huggingface.co/api/resolve-cache/models/amd/MiniMax-M3-MXFP4/b83d14e3d64bf373a207f3c2a7e9f0b0f1e7fc3a/tokenizer_config.json "HTTP/1.1 200 OK" (_client.py:1025)
19:43:23.942 INFO     HTTP Request: GET https://huggingface.co/api/models/amd/MiniMax-M3-MXFP4/tree/main/additional_chat_templates?recursive=false&expand=false "HTTP/1.1 404 Not Found" (_client.py:1025)
19:43:23.984 INFO     HTTP Request: GET https://huggingface.co/api/models/amd/MiniMax-M3-MXFP4/tree/main?recursive=true&expand=false "HTTP/1.1 200 OK" (_client.py:1025)
19:43:24.596 INFO     HTTP Request: GET https://huggingface.co/api/models/amd/MiniMax-M3-MXFP4 "HTTP/1.1 200 OK" (_client.py:1025)
19:43:24.618 INFO     Tokenizer(s) configured in 1.69 seconds (dataset_manager.py:244)
19:43:24.618 INFO     Configuring dataset for dataset_manager (dataset_manager.py:250)
19:43:25.388 INFO     Loading HuggingFace dataset 'semianalysisai/cc-traces-weka-062126' (split=train) (base_hf_dataset.py:48)
19:43:26.232 INFO     HTTP Request: HEAD https://huggingface.co/datasets/semianalysisai/cc-traces-weka-062126/resolve/main/README.md "HTTP/1.1 307 Temporary Redirect" (_client.py:1025)
19:43:26.240 INFO     HTTP Request: HEAD https://huggingface.co/api/resolve-cache/datasets/semianalysisai/cc-traces-weka-062126/23f152f6f0f9399a85901b89a6458def0ef16729/README.md "HTTP/1.1 200 OK" (_client.py:1025)
19:43:26.281 INFO     HTTP Request: HEAD https://huggingface.co/datasets/semianalysisai/cc-traces-weka-062126/resolve/23f152f6f0f9399a85901b89a6458def0ef16729/cc-traces-weka-062126.py "HTTP/1.1 404 Not Found" (_client.py:1025)
19:43:26.387 INFO     HTTP Request: HEAD https://s3.amazonaws.com/datasets.huggingface.co/datasets/datasets/semianalysisai/cc-traces-weka-062126/semianalysisai/cc-traces-weka-062126.py "HTTP/1.1 404 Not Found" (_client.py:1025)
19:43:26.437 INFO     HTTP Request: GET https://huggingface.co/api/datasets/semianalysisai/cc-traces-weka-062126/revision/23f152f6f0f9399a85901b89a6458def0ef16729 "HTTP/1.1 200 OK" (_client.py:1025)
19:43:26.478 INFO     HTTP Request: HEAD https://huggingface.co/datasets/semianalysisai/cc-traces-weka-062126/resolve/23f152f6f0f9399a85901b89a6458def0ef16729/.huggingface.yaml "HTTP/1.1 404 Not Found" (_client.py:1025)
19:43:26.550 INFO     HTTP Request: GET https://datasets-server.huggingface.co/info?dataset=semianalysisai/cc-traces-weka-062126 "HTTP/1.1 200 OK" (_client.py:1025)
19:43:26.604 INFO     HTTP Request: GET https://huggingface.co/api/datasets/semianalysisai/cc-traces-weka-062126/tree/23f152f6f0f9399a85901b89a6458def0ef16729?recursive=false&expand=false "HTTP/1.1 200 OK" (_client.py:1025)
19:43:26.649 INFO     HTTP Request: HEAD https://huggingface.co/datasets/semianalysisai/cc-traces-weka-062126/resolve/23f152f6f0f9399a85901b89a6458def0ef16729/dataset_infos.json "HTTP/1.1 404 Not Found" (_client.py:1025)
19:43:45.338 INFO     weka trace selection [semianalysisai/cc-traces-weka-062126]: scanned 393, rejected_by_maxctx 0 (--max-context-length=None), eligible 393, loaded 393 (--num-dataset-entries=393), largest_observed_peak_context 996,579 (selection.py:73)
19:43:45.339 INFO     Loaded 393/393 eligible traces (filter-then-cap; --num-dataset-entries=393, --max-context-length=None) (semianalysis_cc_traces_weka.py:207)
19:44:10.139 INFO     WekaTraceLoader: spawning 16 worker process(es) for parallel reconstruction of 393 trace(s) (weka_trace.py:2433)
19:44:18.786 INFO     WekaTraceLoader: reconstructed 39/393 (10%) in 6.5s (6.0 traces/s) (weka_parallel_convert.py:751)
19:44:18.786 INFO     WekaTraceLoader: reconstructed 78/393 (20%) in 6.5s (11.9 traces/s) (weka_parallel_convert.py:751)
19:44:18.786 INFO     WekaTraceLoader: reconstructed 117/393 (30%) in 6.5s (17.9 traces/s) (weka_parallel_convert.py:751)
19:44:35.000 INFO     WekaTraceLoader: reconstructed 156/393 (40%) in 22.8s (6.9 traces/s) (weka_parallel_convert.py:751)
19:44:35.001 INFO     WekaTraceLoader: reconstructed 195/393 (50%) in 22.8s (8.6 traces/s) (weka_parallel_convert.py:751)
19:44:35.001 INFO     WekaTraceLoader: reconstructed 234/393 (60%) in 22.8s (10.3 traces/s) (weka_parallel_convert.py:751)
19:44:35.002 INFO     WekaTraceLoader: reconstructed 273/393 (69%) in 22.8s (12.0 traces/s) (weka_parallel_convert.py:751)
19:44:35.002 INFO     WekaTraceLoader: reconstructed 312/393 (79%) in 22.8s (13.7 traces/s) (weka_parallel_convert.py:751)
19:44:35.002 INFO     WekaTraceLoader: reconstructed 351/393 (89%) in 22.8s (15.4 traces/s) (weka_parallel_convert.py:751)
19:44:35.002 INFO     WekaTraceLoader: reconstructed 390/393 (99%) in 22.8s (17.1 traces/s) (weka_parallel_convert.py:751)
19:44:35.002 INFO     WekaTraceLoader: reconstructed 393/393 (100%) in 22.8s (17.3 traces/s) (weka_parallel_convert.py:751)
19:44:35.087 INFO     WekaTraceLoader: workers finished in 30.2s; assembling Conversation objects (weka_trace.py:2448)
19:44:47.036 INFO     WekaTraceLoader: flattened-agent detection split 289 trace(s) into 1422 extra agent chain(s) (819 aux sidecars [114 reductions], 3 worker-group members, 2977 seams merged, 0 empty-hash requests kept on main) (weka_trace.py:1522)
19:44:47.036 INFO     WekaTraceLoader: reconstructed 9843 conversation(s) in 42.1s (total load+synth+reconstruct: 42.1s) (weka_trace.py:1533)
19:44:48.800 INFO     Memory-mapped backing store initialized (streaming to /tmp/inferencex-minimaxm3-1413/tmp/aiperf_mmap_4d41192b3216/dataset.dat) (memory_map_utils.py:160)
19:45:02.292 INFO     Data file finalized: 9843 conversations, 6,345.21 MB (memory_map_utils.py:288)
19:45:02.293 INFO     Index file created: /tmp/inferencex-minimaxm3-1413/tmp/aiperf_mmap_4d41192b3216/index.dat (memory_map_utils.py:295)
19:45:02.293 INFO     Backing store finalized: client_type=DatasetClientStoreType.MEMORY_MAP format=MemoryMapFormat.CONVERSATION data_file_path=PosixPath('/tmp/inferencex-minimaxm3-1413/tmp/aiperf_mmap_4d41192b3216/dataset.dat') index_file_path=PosixPath('/tmp/inferencex-minimaxm3-1413/tmp/aiperf_mmap_4d41192b3216/index.dat') conversation_count=9843 total_size_bytes=6653432650 compressed=False compressed_data_file_path=None compressed_index_file_path=None compressed_size_bytes=0 (dataset_manager.py:969)
19:45:03.634 INFO     sampling strategy: sequential, unique conversations: 9843, unique turn count: 98827 (dataset_manager.py:987)
19:45:04.495 INFO     Skipping inputs.json generation (dataset_manager.py:254)
19:45:04.927 INFO     TrajectorySource: built 5 trajectories from 393 traces (trajectory_source.py:413)
19:45:04.927 INFO       range cfg=[0.25, 0.75]  observed sample pct: min= 47% median= 53% max= 67% (trajectory_source.py:418)
19:45:04.927 INFO         lane=00  sample_time= 53%  root_next= 84/130 ( 65% turns)  live=1 ready=1  trace_id=002001296e8a8c38ad9d7cc436d691afc602 (trajectory_source.py:420)
19:45:04.928 INFO         lane=01  sample_time= 49%  root_next=  5/33  ( 15% turns)  live=1 ready=1  trace_id=006c98de37d819e95b0840e25426bb7ca99d (trajectory_source.py:420)
19:45:04.928 INFO         lane=02  sample_time= 67%  root_next= 24/29  ( 83% turns)  live=1 ready=1  trace_id=00ca01c4aaeccee751ae6285beb54dea262f (trajectory_source.py:420)
19:45:04.928 INFO         lane=03  sample_time= 56%  root_next= 82/191 ( 43% turns)  live=1 ready=1  trace_id=0196085d85d2075a50b74cd8795ffbdcea9a (trajectory_source.py:420)
19:45:04.928 INFO         lane=04  sample_time= 47%  root_next=  0/13  (  0% turns)  live=1 ready=1  trace_id=02bc0afb13f7a2d9efa86c28511261d85c0e (trajectory_source.py:420)
19:45:04.928 INFO     Initialized 2 phase(s): ['Warmup', 'Profiling'] (phase_orchestrator.py:228)
19:45:05.497 INFO     Dataset client initialized and freed 9843 conversations from memory (dataset_manager.py:327)
19:45:07.319 INFO     Populated mmap cache entry /tmp/inferencex-minimaxm3-1413/traces/d39618aaf52a41de9ccbb156453af2c3 (mmap_cache.py:640)
19:45:07.319 INFO     Dataset configured in 102.70 seconds (dataset_manager.py:263)
19:45:07.320 INFO     All services configured in 104.39 seconds (system_controller.py:318)
19:45:07.321 INFO     AIPerf System is CONFIGURED (system_controller.py:296)
19:45:07.321 INFO     Server Metrics: Started 1 collector(s) successfully (manager.py:281)
19:45:07.322 INFO     All services started profiling successfully (system_controller.py:340)
19:45:07.322 INFO     AIPerf System is PROFILING (system_controller.py:298)
19:45:07.424 NOTICE   Phase warmup (warmup) started | target: 54 requests (runner.py:593)
19:45:07.424 INFO     WARMUP execute: dispatching 4 trajectory credits (agentic_replay.py:654)
19:45:07.425 INFO     WARMUP count budget: 10 additional requests per lane after 4 mandatory snapshot primers (agentic_replay.py:713)
19:45:07.425 INFO     WARMUP spread: 0.0s ramp aligning 4 request(s) on t* (earliest fires at 0, last at 0.0s) (agentic_replay.py:752)
19:45:07.425 INFO     Credit phase start: warmup (records_manager.py:998)
19:45:37.428 INFO     Phase warmup progress | returned=2/54 | sent=4 | in_flight=2 | errors=0 | elapsed=30.0s (runner.py:1254)
19:45:47.070 INFO     Replay interval barriers active: 98827 requests, 61136 gated turns, join-widths={1: 51527, 2: 6771, 3: 1804, 4: 492, 5: 149, 6: 80, 7: 62, 8: 89, 9: 74, 10: 52, 11: 21, 12: 11, 13: 2, 14: 2} (replay_dependencies.py:231)
19:45:47.070 INFO     WARMUP cache pressure: replaying live trajectories until each lane reaches 10 additional requests with zero idle delay and max_tokens=1 (agentic_replay.py:803)
19:46:07.431 INFO     Phase warmup progress | returned=21/54 | sent=26 | in_flight=5 | errors=0 | elapsed=60.0s (runner.py:1254)
19:46:19.150 INFO     WARMUP cache pressure request budget reached: 10 additional requests on each of 5 lanes; draining requests (agentic_replay.py:494)
19:46:19.150 NOTICE   Phase warmup (warmup) sending complete | sent=54, completed=53, in_flight=1 | sessions: sent=6, completed=1 (runner.py:1039)
19:46:20.250 INFO     All accelerated-warmup wire requests returned; preserving paused DAG work for profiling handoff. (runner.py:989)
19:46:20.250 NOTICE   Phase warmup (warmup) complete | completed=54, cancelled=0, errors=0 | sessions: completed=1, cancelled=0 | elapsed=72.83s (runner.py:1162)
19:46:20.251 INFO     Global system-idle cap summary: limit=10s, jumps=0, skipped=0.000s (agentic_replay.py:956)
19:46:20.251 INFO     Server Metrics: Warmup complete, capturing final warmup metrics... (manager.py:304)
19:46:20.251 INFO     WARMUP cache pressure handoff: persisted 8 live streams (agentic_replay.py:972)
19:46:20.252 INFO     BranchOrchestrator stats: spawned=4 completed=1 errored=0 suspended=1 resumed=0 parents_failed_due_to_child_error=0 joins_suppressed=0 delayed=0 (branch_orchestrator.py:1782)
19:46:20.252 INFO     Session-tree slots for phase warmup: peak_open=5 (target concurrency 5); released 5 still-open at teardown; late_events=0 (runner.py:551)
19:46:20.380 INFO     Replay interval barriers active: 98827 requests, 61136 gated turns, join-widths={1: 51527, 2: 6771, 3: 1804, 4: 492, 5: 149, 6: 80, 7: 62, 8: 89, 9: 74, 10: 52, 11: 21, 12: 11, 13: 2, 14: 2} (replay_dependencies.py:231)
19:46:20.380 INFO     PROFILING setup: 5 trajectory lanes; recycle draws roots from the dataset sampler (agentic_replay.py:429)
19:46:20.380 INFO     PROFILING: 0 rootless + 1 gated-parent lanes of 5 dispatch no root credit at start and hold a lane credit instead (so they still count toward concurrency); rootless lanes recycle into a fresh root once their background subagents drain (agentic_replay.py:435)
19:46:20.380 NOTICE   Phase profiling (profiling) started | phase_index=0 | profiling_index=0 | target: 3600.0s duration (runner.py:593)
19:46:20.381 INFO     Credit phase start: profiling (records_manager.py:998)
19:46:20.383 INFO     Waiting for event 'profiling phase sending' with timeout of 3599.997238394s (runner.py:1220)
19:46:20.383 INFO     PROFILING execute: resuming 5 trajectory sessions (spread; first-request spread 69234.4s) (agentic_replay.py:1328)
19:46:52.601 INFO     [realtime 00:32 profiling] (records_manager.py:1345)
19:46:52.602 INFO       rps=0.3 (avg 0.3)  tput_in=20,520/s  tput_out=199/s  done=10 ok=10 err=0 (records_manager.py:1345)
19:46:52.602 INFO       ttft    p50=  278ms  p75=  385ms  p95=  736ms  p99=  887ms (records_manager.py:1345)
19:46:52.602 INFO       itl     p50=    4ms  p75=    5ms  p95=    6ms  p99=    6ms (records_manager.py:1345)
19:46:52.602 INFO       e2e     p50=2,665ms  p75=3,345ms  p95=5,602ms  p99=6,144ms (records_manager.py:1345)
19:46:52.602 INFO       intvty  p50=    246  p75=    251  p95=    258  p99=    259  (1/tpot tok/s) (records_manager.py:1345)
19:46:52.602 INFO       isl     p50= 63,444  p75= 80,606  p90= 81,302  p99= 83,847  (tokens) (records_manager.py:1345)
19:46:52.602 INFO       osl     p50=    527  p75=    766  p90=    986  p99=  1,432  (tokens) (records_manager.py:1345)
19:46:52.602 INFO       tot     in=633,449  out=6,139 (records_manager.py:1345)
19:46:52.602 INFO       trace  theoretical_prefix_cache_hit=95.0% (records_manager.py:1345)
19:46:52.602 INFO       srv    prefix_cache_hit=88.9% unique_in_srv=77,146 kv_usage=0.8% queue=1r/0w tput_in_srv=21,796/s tput_out_srv=195/s (records_manager.py:1345)
19:47:22.664 INFO     [realtime 01:02 profiling] (records_manager.py:1345)
19:47:22.664 INFO       rps=0.3 (avg 0.3)  tput_in=21,799/s  tput_out=278/s  done=18 ok=18 err=0 (records_manager.py:1345)
19:47:22.664 INFO       ttft    p50=  305ms  p75=  395ms  p95=   758ms  p99=   891ms (records_manager.py:1345)
19:47:22.664 INFO       itl     p50=    5ms  p75=    5ms  p95=     6ms  p99=     6ms (records_manager.py:1345)
19:47:22.664 INFO       e2e     p50=2,665ms  p75=5,591ms  p95=10,324ms  p99=21,022ms (records_manager.py:1345)
19:47:22.664 INFO       intvty  p50=    221  p75=    248  p95=     256  p99=     259  (1/tpot tok/s) (records_manager.py:1345)
19:47:22.665 INFO       isl     p50= 65,151  p75= 83,344  p90=  93,731  p99=  99,325  (tokens) (records_manager.py:1345)
19:47:22.665 INFO       osl     p50=    527  p75=  1,088  p90=   1,491  p99=   4,338  (tokens) (records_manager.py:1345)
19:47:22.665 INFO       tot     in=1,244,756  out=15,855 (records_manager.py:1345)
19:47:22.665 INFO       trace  theoretical_prefix_cache_hit=94.8% (records_manager.py:1345)
19:47:22.665 INFO       srv    prefix_cache_hit=88.4% unique_in_srv=173,585 kv_usage=2.8% queue=3r/0w tput_in_srv=24,057/s tput_out_srv=363/s (records_manager.py:1345)
19:47:52.742 INFO     [realtime 01:32 profiling] (records_manager.py:1345)
19:47:52.742 INFO       rps=0.2 (avg 0.3)  tput_in=23,102/s  tput_out=358/s  done=25 ok=25 err=0 (records_manager.py:1345)
19:47:52.742 INFO       ttft    p50=  298ms  p75=  387ms  p95=   739ms  p99=   881ms (records_manager.py:1345)
19:47:52.742 INFO       itl     p50=    4ms  p75=    5ms  p95=     6ms  p99=     6ms (records_manager.py:1345)
19:47:52.742 INFO       e2e     p50=2,732ms  p75=6,279ms  p95=22,394ms  p99=26,557ms (records_manager.py:1345)
19:47:52.742 INFO       intvty  p50=    230  p75=    251  p95=     260  p99=     261  (1/tpot tok/s) (records_manager.py:1345)
19:47:52.742 INFO       isl     p50= 79,879  p75= 98,307  p90= 103,571  p99= 105,967  (tokens) (records_manager.py:1345)
19:47:52.742 INFO       osl     p50=    608  p75=  1,482  p90=   2,972  p99=   5,501  (tokens) (records_manager.py:1345)
19:47:52.742 INFO       tot     in=1,908,649  out=29,578 (records_manager.py:1345)
19:47:52.742 INFO       trace  theoretical_prefix_cache_hit=94.8% (records_manager.py:1345)
19:47:52.742 INFO       srv    prefix_cache_hit=91.1% unique_in_srv=180,153 kv_usage=1.3% queue=1r/0w tput_in_srv=21,929/s tput_out_srv=341/s (records_manager.py:1345)
19:48:22.822 INFO     [realtime 02:02 profiling] (records_manager.py:1345)
19:48:22.822 INFO       rps=0.1 (avg 0.3)  tput_in=20,473/s  tput_out=303/s  done=29 ok=29 err=0 (records_manager.py:1345)
19:48:22.822 INFO       ttft    p50=  298ms  p75=  387ms  p95=   737ms  p99=   874ms (records_manager.py:1345)
19:48:22.822 INFO       itl     p50=    4ms  p75=    5ms  p95=     6ms  p99=     6ms (records_manager.py:1345)
19:48:22.822 INFO       e2e     p50=3,274ms  p75=6,742ms  p95=21,092ms  p99=26,407ms (records_manager.py:1345)
19:48:22.822 INFO       intvty  p50=    234  p75=    251  p95=     261  p99=     262  (1/tpot tok/s) (records_manager.py:1345)
19:48:22.822 INFO       isl     p50= 80,988  p75=102,757  p90= 109,253  p99= 116,382  (tokens) (records_manager.py:1345)
19:48:22.822 INFO       osl     p50=    710  p75=  1,511  p90=   2,700  p99=   5,470  (tokens) (records_manager.py:1345)
19:48:22.822 INFO       tot     in=2,364,456  out=35,041 (records_manager.py:1345)
19:48:22.822 INFO       trace  theoretical_prefix_cache_hit=94.9% (records_manager.py:1345)
19:48:22.822 INFO       srv    prefix_cache_hit=92.3% unique_in_srv=190,307 kv_usage=1.4% queue=1r/0w tput_in_srv=20,294/s tput_out_srv=297/s (records_manager.py:1345)
19:48:52.908 INFO     [realtime 02:32 profiling] (records_manager.py:1345)
19:48:52.909 INFO       rps=0.2 (avg 0.2)  tput_in=21,003/s  tput_out=273/s  done=35 ok=35 err=0 (records_manager.py:1345)
19:48:52.909 INFO       ttft    p50=  298ms  p75=  381ms  p95=   733ms  p99=   863ms (records_manager.py:1345)
19:48:52.909 INFO       itl     p50=    4ms  p75=    5ms  p95=     6ms  p99=     6ms (records_manager.py:1345)
19:48:52.909 INFO       e2e     p50=2,732ms  p75=6,654ms  p95=19,138ms  p99=26,181ms (records_manager.py:1345)
19:48:52.909 INFO       intvty  p50=    248  p75=    255  p95=     265  p99=     295  (1/tpot tok/s) (records_manager.py:1345)
19:48:52.909 INFO       isl     p50= 91,770  p75=111,637  p90= 118,222  p99= 120,533  (tokens) (records_manager.py:1345)
19:48:52.909 INFO       osl     p50=    608  p75=  1,536  p90=   2,334  p99=   5,424  (tokens) (records_manager.py:1345)
19:48:52.909 INFO       tot     in=3,078,258  out=40,025 (records_manager.py:1345)
19:48:52.909 INFO       trace  theoretical_prefix_cache_hit=95.1% (records_manager.py:1345)
19:48:52.909 INFO       srv    prefix_cache_hit=93.9% unique_in_srv=195,440 kv_usage=1.5% queue=1r/0w tput_in_srv=21,010/s tput_out_srv=269/s (records_manager.py:1345)
19:49:22.998 INFO     [realtime 03:02 profiling] (records_manager.py:1345)
19:49:22.999 INFO       rps=0.0 (avg 0.2)  tput_in=20,811/s  tput_out=269/s  done=36 ok=36 err=0 (records_manager.py:1345)
19:49:22.999 INFO       ttft    p50=  300ms  p75=  380ms  p95=   732ms  p99=   861ms (records_manager.py:1345)
19:49:22.999 INFO       itl     p50=    4ms  p75=    5ms  p95=     5ms  p99=     6ms (records_manager.py:1345)
19:49:22.999 INFO       e2e     p50=3,003ms  p75=6,610ms  p95=18,812ms  p99=26,143ms (records_manager.py:1345)
19:49:22.999 INFO       intvty  p50=    249  p75=    255  p95=     264  p99=     294  (1/tpot tok/s) (records_manager.py:1345)
19:49:22.999 INFO       isl     p50= 95,038  p75=115,709  p90= 119,064  p99= 121,053  (tokens) (records_manager.py:1345)
19:49:22.999 INFO       osl     p50=    659  p75=  1,524  p90=   2,314  p99=   5,416  (tokens) (records_manager.py:1345)
19:49:22.999 INFO       tot     in=3,199,472  out=41,371 (records_manager.py:1345)
19:49:22.999 INFO       trace  theoretical_prefix_cache_hit=95.1% (records_manager.py:1345)
19:49:22.999 INFO       srv    prefix_cache_hit=93.3% unique_in_srv=218,827 kv_usage=1.0% queue=1r/0w tput_in_srv=17,980/s tput_out_srv=252/s (records_manager.py:1345)
19:49:53.096 INFO     [realtime 03:32 profiling] (records_manager.py:1345)
19:49:53.096 INFO       rps=0.1 (avg 0.2)  tput_in=16,221/s  tput_out=243/s  done=39 ok=39 err=0 (records_manager.py:1345)
19:49:53.096 INFO       ttft    p50=  302ms  p75=  381ms  p95=   730ms  p99=   855ms (records_manager.py:1345)
19:49:53.096 INFO       itl     p50=    4ms  p75=    5ms  p95=     5ms  p99=     6ms (records_manager.py:1345)
19:49:53.096 INFO       e2e     p50=3,369ms  p75=7,353ms  p95=22,038ms  p99=26,030ms (records_manager.py:1345)
19:49:53.096 INFO       intvty  p50=    250  p75=    254  p95=     263  p99=     293  (1/tpot tok/s) (records_manager.py:1345)
19:49:53.096 INFO       isl     p50= 91,247  p75=111,637  p90= 118,792  p99= 121,039  (tokens) (records_manager.py:1345)
19:49:53.096 INFO       osl     p50=    785  p75=  1,572  p90=   3,883  p99=   5,541  (tokens) (records_manager.py:1345)
19:49:53.096 INFO       tot     in=3,443,482  out=51,511 (records_manager.py:1345)
19:49:53.096 INFO       trace  theoretical_prefix_cache_hit=95.0% (records_manager.py:1345)
19:49:53.096 INFO       srv    prefix_cache_hit=93.4% unique_in_srv=227,610 kv_usage=0.0% queue=0r/0w tput_in_srv=16,221/s tput_out_srv=243/s (records_manager.py:1345)
19:50:23.190 INFO     [realtime 04:02 profiling] (records_manager.py:1345)
19:50:23.190 INFO       rps=0.0 (avg 0.2)  tput_in=16,221/s  tput_out=243/s  done=39 ok=39 err=0 (records_manager.py:1345)
19:50:23.190 INFO       ttft    p50=  302ms  p75=  381ms  p95=   730ms  p99=   855ms (records_manager.py:1345)
19:50:23.190 INFO       itl     p50=    4ms  p75=    5ms  p95=     5ms  p99=     6ms (records_manager.py:1345)
19:50:23.190 INFO       e2e     p50=3,369ms  p75=7,353ms  p95=22,038ms  p99=26,030ms (records_manager.py:1345)
19:50:23.190 INFO       intvty  p50=    250  p75=    254  p95=     263  p99=     293  (1/tpot tok/s) (records_manager.py:1345)
19:50:23.190 INFO       isl     p50= 91,247  p75=111,637  p90= 118,792  p99= 121,039  (tokens) (records_manager.py:1345)
19:50:23.190 INFO       osl     p50=    785  p75=  1,572  p90=   3,883  p99=   5,541  (tokens) (records_manager.py:1345)
19:50:23.190 INFO       tot     in=3,443,482  out=51,511 (records_manager.py:1345)
19:50:23.190 INFO       trace  theoretical_prefix_cache_hit=95.0% (records_manager.py:1345)
19:50:23.190 INFO       srv    prefix_cache_hit=93.1% unique_in_srv=244,991 kv_usage=1.3% queue=1r/0w tput_in_srv=14,620/s tput_out_srv=240/s (records_manager.py:1345)
19:50:53.291 INFO     [realtime 04:32 profiling] (records_manager.py:1345)
19:50:53.291 INFO       rps=0.2 (avg 0.2)  tput_in=13,996/s  tput_out=231/s  done=44 ok=44 err=0 (records_manager.py:1345)
19:50:53.291 INFO       ttft    p50=  303ms  p75=  390ms  p95=   740ms  p99=   900ms (records_manager.py:1345)
19:50:53.291 INFO       itl     p50=    4ms  p75=    4ms  p95=     5ms  p99=     6ms (records_manager.py:1345)
19:50:53.291 INFO       e2e     p50=3,236ms  p75=7,047ms  p95=23,420ms  p99=34,019ms (records_manager.py:1345)
19:50:53.291 INFO       intvty  p50=    250  p75=    255  p95=     269  p99=     292  (1/tpot tok/s) (records_manager.py:1345)
19:50:53.291 INFO       isl     p50= 85,254  p75=106,600  p90= 118,319  p99= 121,016  (tokens) (records_manager.py:1345)
19:50:53.291 INFO       osl     p50=    718  p75=  1,567  p90=   3,977  p99=   7,884  (tokens) (records_manager.py:1345)
19:50:53.291 INFO       tot     in=3,785,077  out=62,478 (records_manager.py:1345)
19:50:53.291 INFO       trace  theoretical_prefix_cache_hit=94.7% (records_manager.py:1345)
19:50:53.291 INFO       srv    prefix_cache_hit=91.9% unique_in_srv=306,549 kv_usage=0.0% queue=0r/0w tput_in_srv=13,885/s tput_out_srv=229/s (records_manager.py:1345)
19:51:20.383 INFO     Per-trace idle cap advanced replay root c2f92538-54d6-4637-a003-0bcd9980eb8f by 68923.385s (replay_dependencies.py:324)
19:51:20.383 INFO     Per-trace idle cap advanced replay root 0db42b28-5e3a-4a23-be70-47d2e2bce8c6 by 1345.943s (replay_dependencies.py:324)
19:51:20.383 INFO     Per-trace idle cap advanced replay root 5d26ffc1-3947-481f-acd3-4bae7ef0c943 by 344.201s (replay_dependencies.py:324)
19:51:23.403 INFO     [realtime 05:03 profiling] (records_manager.py:1345)
19:51:23.403 INFO       rps=0.2 (avg 0.2)  tput_in=14,527/s  tput_out=215/s  done=51 ok=51 err=0 (records_manager.py:1345)
19:51:23.403 INFO       ttft    p50=  302ms  p75=  384ms  p95=   805ms  p99= 1,130ms (records_manager.py:1345)
19:51:23.403 INFO       itl     p50=    4ms  p75=    5ms  p95=     6ms  p99=     6ms (records_manager.py:1345)
19:51:23.403 INFO       e2e     p50=2,598ms  p75=6,423ms  p95=22,775ms  p99=33,213ms (records_manager.py:1345)
19:51:23.403 INFO       intvty  p50=    251  p75=    256  p95=     270  p99=     289  (1/tpot tok/s) (records_manager.py:1345)
19:51:23.403 INFO       isl     p50= 87,220  p75=104,598  p90= 117,639  p99= 120,984  (tokens) (records_manager.py:1345)
19:51:23.403 INFO       osl     p50=    590  p75=  1,496  p90=   3,846  p99=   7,614  (tokens) (records_manager.py:1345)
19:51:23.403 INFO       tot     in=4,396,394  out=65,112 (records_manager.py:1345)
19:51:23.403 INFO       trace  theoretical_prefix_cache_hit=94.8% (records_manager.py:1345)
19:51:23.403 INFO       srv    prefix_cache_hit=93.7% unique_in_srv=326,655 kv_usage=10.9% queue=3r/0w tput_in_srv=17,175/s tput_out_srv=217/s (records_manager.py:1345)
19:51:53.519 INFO     [realtime 05:33 profiling] (records_manager.py:1345)
19:51:53.520 INFO       rps=0.2 (avg 0.2)  tput_in=17,438/s  tput_out=211/s  done=58 ok=58 err=0 (records_manager.py:1345)
19:51:53.520 INFO       ttft    p50=  302ms  p75=  386ms  p95=   876ms  p99= 1,442ms (records_manager.py:1345)
19:51:53.520 INFO       itl     p50=    4ms  p75=    5ms  p95=     6ms  p99=     7ms (records_manager.py:1345)
19:51:53.520 INFO       e2e     p50=2,581ms  p75=6,196ms  p95=22,130ms  p99=32,408ms (records_manager.py:1345)
19:51:53.520 INFO       intvty  p50=    251  p75=    257  p95=     271  p99=     290  (1/tpot tok/s) (records_manager.py:1345)
19:51:53.520 INFO       isl     p50= 88,816  p75=105,956  p90= 119,692  p99= 391,337  (tokens) (records_manager.py:1345)
19:51:53.520 INFO       osl     p50=    526  p75=  1,361  p90=   2,843  p99=   7,344  (tokens) (records_manager.py:1345)
19:51:53.520 INFO       tot     in=5,676,932  out=68,586 (records_manager.py:1345)
19:51:53.520 INFO       trace  theoretical_prefix_cache_hit=95.0% (records_manager.py:1345)
19:51:53.520 INFO       srv    prefix_cache_hit=94.1% unique_in_srv=346,360 kv_usage=2.4% queue=2r/0w tput_in_srv=17,619/s tput_out_srv=219/s (records_manager.py:1345)
19:52:23.635 INFO     [realtime 06:03 profiling] (records_manager.py:1345)
19:52:23.636 INFO       rps=0.1 (avg 0.2)  tput_in=16,807/s  tput_out=209/s  done=62 ok=62 err=0 (records_manager.py:1345)
19:52:23.636 INFO       ttft    p50=  303ms  p75=  386ms  p95=   865ms  p99= 1,432ms (records_manager.py:1345)
19:52:23.636 INFO       itl     p50=    4ms  p75=    5ms  p95=     6ms  p99=     7ms (records_manager.py:1345)
19:52:23.636 INFO       e2e     p50=2,665ms  p75=6,495ms  p95=21,620ms  p99=31,948ms (records_manager.py:1345)
19:52:23.636 INFO       intvty  p50=    250  p75=    256  p95=     271  p99=     289  (1/tpot tok/s) (records_manager.py:1345)
19:52:23.636 INFO       isl     p50= 89,796  p75=104,841  p90= 119,426  p99= 386,125  (tokens) (records_manager.py:1345)
19:52:23.636 INFO       osl     p50=    526  p75=  1,453  p90=   3,703  p99=   7,190  (tokens) (records_manager.py:1345)
19:52:23.636 INFO       tot     in=6,078,510  out=75,465 (records_manager.py:1345)
19:52:23.636 INFO       trace  theoretical_prefix_cache_hit=95.0% (records_manager.py:1345)
19:52:23.636 INFO       srv    prefix_cache_hit=94.7% unique_in_srv=354,378 kv_usage=7.0% queue=2r/0w tput_in_srv=18,288/s tput_out_srv=242/s (records_manager.py:1345)
19:52:53.767 INFO     [realtime 06:33 profiling] (records_manager.py:1345)
19:52:53.767 INFO       rps=0.3 (avg 0.2)  tput_in=18,748/s  tput_out=244/s  done=70 ok=70 err=0 (records_manager.py:1345)
19:52:53.767 INFO       ttft    p50=  303ms  p75=  383ms  p95=   899ms  p99= 1,412ms (records_manager.py:1345)
19:52:53.767 INFO       itl     p50=    4ms  p75=    5ms  p95=     6ms  p99=     7ms (records_manager.py:1345)
19:52:53.767 INFO       e2e     p50=2,843ms  p75=6,495ms  p95=23,567ms  p99=42,338ms (records_manager.py:1345)
19:52:53.767 INFO       intvty  p50=    250  p75=    256  p95=     271  p99=     287  (1/tpot tok/s) (records_manager.py:1345)
19:52:53.767 INFO       isl     p50= 91,508  p75=109,321  p90= 119,575  p99= 466,130  (tokens) (records_manager.py:1345)
19:52:53.767 INFO       osl     p50=    599  p75=  1,453  p90=   4,034  p99=   9,967  (tokens) (records_manager.py:1345)
19:52:53.767 INFO       tot     in=7,295,181  out=94,949 (records_manager.py:1345)
19:52:53.767 INFO       trace  theoretical_prefix_cache_hit=95.3% (records_manager.py:1345)
19:52:53.767 INFO       srv    prefix_cache_hit=95.0% unique_in_srv=367,591 kv_usage=1.4% queue=1r/0w tput_in_srv=18,857/s tput_out_srv=243/s (records_manager.py:1345)
19:53:23.903 INFO     [realtime 07:03 profiling] (records_manager.py:1345)
19:53:23.903 INFO       rps=0.1 (avg 0.2)  tput_in=18,509/s  tput_out=240/s  done=74 ok=74 err=0 (records_manager.py:1345)
19:53:23.903 INFO       ttft    p50=  304ms  p75=  381ms  p95=   887ms  p99= 1,402ms (records_manager.py:1345)
19:53:23.903 INFO       itl     p50=    4ms  p75=    5ms  p95=     6ms  p99=     7ms (records_manager.py:1345)
19:53:23.903 INFO       e2e     p50=2,971ms  p75=6,495ms  p95=23,509ms  p99=41,903ms (records_manager.py:1345)
19:53:23.903 INFO       intvty  p50=    249  p75=    256  p95=     270  p99=     286  (1/tpot tok/s) (records_manager.py:1345)
19:53:23.903 INFO       isl     p50= 94,586  p75=112,240  p90= 119,715  p99= 466,063  (tokens) (records_manager.py:1345)
19:53:23.903 INFO       osl     p50=    614  p75=  1,453  p90=   3,977  p99=   9,913  (tokens) (records_manager.py:1345)
19:53:23.903 INFO       tot     in=7,765,552  out=100,661 (records_manager.py:1345)
19:53:23.903 INFO       trace  theoretical_prefix_cache_hit=95.3% (records_manager.py:1345)
19:53:23.903 INFO       srv    prefix_cache_hit=95.6% unique_in_srv=377,504 kv_usage=9.9% queue=2r/0w tput_in_srv=19,454/s tput_out_srv=243/s (records_manager.py:1345)
19:53:54.046 INFO     [realtime 07:33 profiling] (records_manager.py:1345)
19:53:54.046 INFO       rps=0.1 (avg 0.2)  tput_in=21,080/s  tput_out=238/s  done=78 ok=78 err=0 (records_manager.py:1345)
19:53:54.046 INFO       ttft    p50=  308ms  p75=  395ms  p95= 1,004ms  p99= 1,392ms (records_manager.py:1345)
19:53:54.046 INFO       itl     p50=    4ms  p75=    5ms  p95=     5ms  p99=     6ms (records_manager.py:1345)
19:53:54.046 INFO       e2e     p50=2,971ms  p75=6,495ms  p95=23,452ms  p99=41,468ms (records_manager.py:1345)
19:53:54.046 INFO       intvty  p50=    249  p75=    257  p95=     271  p99=   1,582  (1/tpot tok/s) (records_manager.py:1345)
19:53:54.046 INFO       isl     p50= 98,620  p75=115,906  p90= 121,754  p99= 470,076  (tokens) (records_manager.py:1345)
19:53:54.046 INFO       osl     p50=    599  p75=  1,453  p90=   4,037  p99=   9,858  (tokens) (records_manager.py:1345)
19:53:54.046 INFO       tot     in=9,382,946  out=105,863 (records_manager.py:1345)
19:53:54.046 INFO       trace  theoretical_prefix_cache_hit=95.6% (records_manager.py:1345)
19:53:54.046 INFO       srv    prefix_cache_hit=95.9% unique_in_srv=382,498 kv_usage=0.0% queue=0r/0w tput_in_srv=20,700/s tput_out_srv=234/s (records_manager.py:1345)
19:54:24.194 INFO     [realtime 08:03 profiling] (records_manager.py:1345)
19:54:24.194 INFO       rps=0.2 (avg 0.2)  tput_in=21,424/s  tput_out=229/s  done=83 ok=83 err=0 (records_manager.py:1345)
19:54:24.194 INFO       ttft    p50=  309ms  p75=  392ms  p95= 1,007ms  p99= 1,380ms (records_manager.py:1345)
19:54:24.194 INFO       itl     p50=    4ms  p75=    5ms  p95=     5ms  p99=     6ms (records_manager.py:1345)
19:54:24.194 INFO       e2e     p50=2,939ms  p75=6,654ms  p95=23,253ms  p99=40,924ms (records_manager.py:1345)
19:54:24.194 INFO       intvty  p50=    250  p75=    257  p95=     272  p99=   1,305  (1/tpot tok/s) (records_manager.py:1345)
19:54:24.194 INFO       isl     p50=102,108  p75=117,621  p90= 125,479  p99= 472,451  (tokens) (records_manager.py:1345)
19:54:24.194 INFO       osl     p50=    590  p75=  1,496  p90=   3,996  p99=   9,789  (tokens) (records_manager.py:1345)
19:54:24.194 INFO       tot     in=10,354,100  out=110,777 (records_manager.py:1345)
19:54:24.194 INFO       trace  theoretical_prefix_cache_hit=95.8% (records_manager.py:1345)
19:54:24.194 INFO       srv    prefix_cache_hit=96.3% unique_in_srv=388,276 kv_usage=0.0% queue=0r/0w tput_in_srv=21,409/s tput_out_srv=229/s (records_manager.py:1345)
19:54:54.452 INFO     [realtime 08:34 profiling] (records_manager.py:1345)
19:54:54.452 INFO       rps=0.2 (avg 0.2)  tput_in=21,732/s  tput_out=224/s  done=89 ok=89 err=0 (records_manager.py:1345)
19:54:54.452 INFO       ttft    p50=  320ms  p75=  384ms  p95= 1,006ms  p99= 1,365ms (records_manager.py:1345)
19:54:54.452 INFO       itl     p50=    4ms  p75=    5ms  p95=     5ms  p99=     6ms (records_manager.py:1345)
19:54:54.452 INFO       e2e     p50=2,826ms  p75=6,567ms  p95=22,786ms  p99=40,271ms (records_manager.py:1345)
19:54:54.452 INFO       intvty  p50=    250  p75=    257  p95=     272  p99=     972  (1/tpot tok/s) (records_manager.py:1345)
19:54:54.452 INFO       isl     p50=102,794  p75=119,800  p90= 131,193  p99= 472,335  (tokens) (records_manager.py:1345)
19:54:54.452 INFO       osl     p50=    588  p75=  1,482  p90=   3,883  p99=   9,707  (tokens) (records_manager.py:1345)
19:54:54.452 INFO       tot     in=11,129,028  out=114,890 (records_manager.py:1345)
19:54:54.452 INFO       trace  theoretical_prefix_cache_hit=95.9% (records_manager.py:1345)
19:54:54.452 INFO       srv    prefix_cache_hit=96.6% unique_in_srv=398,141 kv_usage=5.9% queue=1r/0w tput_in_srv=22,595/s tput_out_srv=228/s (records_manager.py:1345)
19:55:24.619 INFO     [realtime 09:04 profiling] (records_manager.py:1345)
19:55:24.619 INFO       rps=0.2 (avg 0.2)  tput_in=22,611/s  tput_out=224/s  done=95 ok=95 err=0 (records_manager.py:1345)
19:55:24.619 INFO       ttft    p50=  327ms  p75=  382ms  p95= 1,009ms  p99= 1,350ms (records_manager.py:1345)
19:55:24.619 INFO       itl     p50=    4ms  p75=    4ms  p95=     5ms  p99=     6ms (records_manager.py:1345)
19:55:24.619 INFO       e2e     p50=2,939ms  p75=6,423ms  p95=22,320ms  p99=39,619ms (records_manager.py:1345)
19:55:24.619 INFO       intvty  p50=    251  p75=    257  p95=     274  p99=     640  (1/tpot tok/s) (records_manager.py:1345)
19:55:24.619 INFO       isl     p50=105,084  p75=122,018  p90= 134,055  p99= 474,200  (tokens) (records_manager.py:1345)
19:55:24.619 INFO       osl     p50=    590  p75=  1,424  p90=   3,785  p99=   9,625  (tokens) (records_manager.py:1345)
19:55:24.619 INFO       tot     in=12,259,720  out=121,307 (records_manager.py:1345)
19:55:24.619 INFO       trace  theoretical_prefix_cache_hit=96.0% (records_manager.py:1345)
19:55:24.619 INFO       srv    prefix_cache_hit=96.6% unique_in_srv=422,317 kv_usage=1.5% queue=1r/0w tput_in_srv=22,763/s tput_out_srv=224/s (records_manager.py:1345)
19:55:54.788 INFO     [realtime 09:34 profiling] (records_manager.py:1345)
19:55:54.788 INFO       rps=0.0 (avg 0.2)  tput_in=22,569/s  tput_out=224/s  done=96 ok=96 err=0 (records_manager.py:1345)
19:55:54.788 INFO       ttft    p50=  327ms  p75=  384ms  p95= 1,009ms  p99= 1,347ms (records_manager.py:1345)
19:55:54.788 INFO       itl     p50=    4ms  p75=    4ms  p95=     5ms  p99=     6ms (records_manager.py:1345)
19:55:54.788 INFO       e2e     p50=2,971ms  p75=6,610ms  p95=22,242ms  p99=39,510ms (records_manager.py:1345)
19:55:54.788 INFO       intvty  p50=    250  p75=    257  p95=     273  p99=     584  (1/tpot tok/s) (records_manager.py:1345)
19:55:54.788 INFO       isl     p50=105,192  p75=122,606  p90= 133,964  p99= 474,173  (tokens) (records_manager.py:1345)
19:55:54.788 INFO       osl     p50=    599  p75=  1,489  p90=   3,770  p99=   9,611  (tokens) (records_manager.py:1345)
19:55:54.788 INFO       tot     in=12,382,253  out=123,076 (records_manager.py:1345)
19:55:54.788 INFO       trace  theoretical_prefix_cache_hit=96.0% (records_manager.py:1345)
19:55:54.788 INFO       srv    prefix_cache_hit=96.7% unique_in_srv=425,902 kv_usage=5.9% queue=1r/0w tput_in_srv=22,409/s tput_out_srv=220/s (records_manager.py:1345)
19:56:24.954 INFO     [realtime 10:04 profiling] (records_manager.py:1345)
19:56:24.954 INFO       rps=0.0 (avg 0.2)  tput_in=21,623/s  tput_out=221/s  done=97 ok=97 err=0 (records_manager.py:1345)
19:56:24.954 INFO       ttft    p50=  327ms  p75=  387ms  p95= 1,018ms  p99= 1,345ms (records_manager.py:1345)
19:56:24.954 INFO       itl     p50=    4ms  p75=    4ms  p95=     5ms  p99=     6ms (records_manager.py:1345)
19:56:24.954 INFO       e2e     p50=3,003ms  p75=6,742ms  p95=23,466ms  p99=39,401ms (records_manager.py:1345)
19:56:24.954 INFO       intvty  p50=    250  p75=    257  p95=     273  p99=     529  (1/tpot tok/s) (records_manager.py:1345)
19:56:24.954 INFO       isl     p50=105,301  p75=122,823  p90= 214,773  p99= 476,926  (tokens) (records_manager.py:1345)
19:56:24.954 INFO       osl     p50=    608  p75=  1,511  p90=   3,921  p99=   9,598  (tokens) (records_manager.py:1345)
19:56:24.954 INFO       tot     in=12,862,382  out=131,353 (records_manager.py:1345)
19:56:24.954 INFO       trace  theoretical_prefix_cache_hit=96.0% (records_manager.py:1345)
19:56:24.954 INFO       srv    prefix_cache_hit=96.7% unique_in_srv=425,902 kv_usage=0.0% queue=0r/0w tput_in_srv=21,284/s tput_out_srv=217/s (records_manager.py:1345)
19:56:55.125 INFO     [realtime 10:34 profiling] (records_manager.py:1345)
19:56:55.125 INFO       rps=0.0 (avg 0.2)  tput_in=21,703/s  tput_out=217/s  done=98 ok=98 err=0 (records_manager.py:1345)
19:56:55.125 INFO       ttft    p50=  327ms  p75=  395ms  p95= 1,036ms  p99= 1,342ms (records_manager.py:1345)
19:56:55.125 INFO       itl     p50=    4ms  p75=    4ms  p95=     5ms  p99=     6ms (records_manager.py:1345)
19:56:55.125 INFO       e2e     p50=3,100ms  p75=7,119ms  p95=23,452ms  p99=39,293ms (records_manager.py:1345)
19:56:55.125 INFO       intvty  p50=    250  p75=    257  p95=     273  p99=     473  (1/tpot tok/s) (records_manager.py:1345)
19:56:55.125 INFO       isl     p50=105,774  p75=122,967  p90= 335,788  p99= 480,204  (tokens) (records_manager.py:1345)
19:56:55.125 INFO       osl     p50=    614  p75=  1,548  p90=   3,902  p99=   9,584  (tokens) (records_manager.py:1345)
19:56:55.125 INFO       tot     in=13,345,015  out=133,471 (records_manager.py:1345)
19:56:55.125 INFO       trace  theoretical_prefix_cache_hit=96.1% (records_manager.py:1345)
19:56:55.125 INFO       srv    prefix_cache_hit=96.8% unique_in_srv=430,244 kv_usage=1.6% queue=1r/0w tput_in_srv=21,234/s tput_out_srv=218/s (records_manager.py:1345)
19:57:25.387 INFO     [realtime 11:05 profiling] (records_manager.py:1345)
19:57:25.387 INFO       rps=0.2 (avg 0.2)  tput_in=21,835/s  tput_out=216/s  done=103 ok=103 err=0 (records_manager.py:1345)
19:57:25.387 INFO       ttft    p50=  329ms  p75=  440ms  p95= 1,033ms  p99= 1,329ms (records_manager.py:1345)
19:57:25.388 INFO       itl     p50=    4ms  p75=    4ms  p95=     5ms  p99=     6ms (records_manager.py:1345)
19:57:25.388 INFO       e2e     p50=3,003ms  p75=6,993ms  p95=23,668ms  p99=38,911ms (records_manager.py:1345)
19:57:25.388 INFO       intvty  p50=    250  p75=    256  p95=     277  p99=   5,739  (1/tpot tok/s) (records_manager.py:1345)
19:57:25.388 INFO       isl     p50=106,982  p75=124,280  p90= 338,211  p99= 480,062  (tokens) (records_manager.py:1345)
19:57:25.388 INFO       osl     p50=    608  p75=  1,536  p90=   3,996  p99=   9,518  (tokens) (records_manager.py:1345)
19:57:25.388 INFO       tot     in=14,278,120  out=141,368 (records_manager.py:1345)
19:57:25.388 INFO       trace  theoretical_prefix_cache_hit=96.2% (records_manager.py:1345)
19:57:25.388 INFO       srv    prefix_cache_hit=97.0% unique_in_srv=442,366 kv_usage=6.0% queue=1r/0w tput_in_srv=22,212/s tput_out_srv=215/s (records_manager.py:1345)
19:57:55.567 INFO     [realtime 11:35 profiling] (records_manager.py:1345)
19:57:55.567 INFO       rps=0.1 (avg 0.2)  tput_in=21,771/s  tput_out=215/s  done=105 ok=105 err=0 (records_manager.py:1345)
19:57:55.567 INFO       ttft    p50=  330ms  p75=  445ms  p95= 1,042ms  p99= 1,325ms (records_manager.py:1345)
19:57:55.567 INFO       itl     p50=    4ms  p75=    4ms  p95=     5ms  p99=     6ms (records_manager.py:1345)
19:57:55.567 INFO       e2e     p50=3,003ms  p75=7,245ms  p95=24,315ms  p99=38,856ms (records_manager.py:1345)
19:57:55.567 INFO       intvty  p50=    250  p75=    257  p95=     287  p99=   5,628  (1/tpot tok/s) (records_manager.py:1345)
19:57:55.567 INFO       isl     p50=107,664  p75=125,737  p90= 338,758  p99= 482,533  (tokens) (records_manager.py:1345)
19:57:55.567 INFO       osl     p50=    608  p75=  1,561  p90=   4,040  p99=   9,492  (tokens) (records_manager.py:1345)
19:57:55.567 INFO       tot     in=14,899,419  out=146,956 (records_manager.py:1345)
19:57:55.567 INFO       trace  theoretical_prefix_cache_hit=96.2% (records_manager.py:1345)
19:57:55.567 INFO       srv    prefix_cache_hit=97.0% unique_in_srv=443,483 kv_usage=0.0% queue=0r/0w tput_in_srv=21,448/s tput_out_srv=212/s (records_manager.py:1345)
19:58:25.840 INFO     [realtime 12:05 profiling] (records_manager.py:1345)
19:58:25.840 INFO       rps=0.2 (avg 0.2)  tput_in=22,184/s  tput_out=208/s  done=111 ok=111 err=0 (records_manager.py:1345)
19:58:25.840 INFO       ttft    p50=  332ms  p75=  458ms  p95= 1,046ms  p99= 1,312ms (records_manager.py:1345)
19:58:25.840 INFO       itl     p50=    4ms  p75=    4ms  p95=     5ms  p99=     6ms (records_manager.py:1345)
19:58:25.840 INFO       e2e     p50=2,939ms  p75=6,654ms  p95=24,083ms  p99=38,692ms (records_manager.py:1345)
19:58:25.840 INFO       intvty  p50=    249  p75=    256  p95=     284  p99=   5,295  (1/tpot tok/s) (records_manager.py:1345)
19:58:25.840 INFO       isl     p50=111,752  p75=129,380  p90= 338,907  p99= 485,582  (tokens) (records_manager.py:1345)
19:58:25.840 INFO       osl     p50=    590  p75=  1,496  p90=   4,033  p99=   9,416  (tokens) (records_manager.py:1345)
19:58:25.840 INFO       tot     in=16,069,979  out=150,368 (records_manager.py:1345)
19:58:25.840 INFO       trace  theoretical_prefix_cache_hit=96.3% (records_manager.py:1345)
19:58:25.840 INFO       srv    prefix_cache_hit=97.2% unique_in_srv=460,872 kv_usage=6.0% queue=1r/0w tput_in_srv=22,841/s tput_out_srv=213/s (records_manager.py:1345)
19:58:56.037 INFO     [realtime 12:35 profiling] (records_manager.py:1345)
19:58:56.037 INFO       rps=0.2 (avg 0.2)  tput_in=23,793/s  tput_out=215/s  done=117 ok=117 err=0 (records_manager.py:1345)
19:58:56.037 INFO       ttft    p50=  335ms  p75=  505ms  p95= 1,051ms  p99= 1,309ms (records_manager.py:1345)
19:58:56.037 INFO       itl     p50=    4ms  p75=    5ms  p95=     5ms  p99=     6ms (records_manager.py:1345)
19:58:56.037 INFO       e2e     p50=2,880ms  p75=6,742ms  p95=24,578ms  p99=38,527ms (records_manager.py:1345)
19:58:56.037 INFO       intvty  p50=    249  p75=    256  p95=     289  p99=   6,676  (1/tpot tok/s) (records_manager.py:1345)
19:58:56.037 INFO       isl     p50=115,610  p75=132,733  p90= 341,073  p99= 488,501  (tokens) (records_manager.py:1345)
19:58:56.037 INFO       osl     p50=    588  p75=  1,511  p90=   4,038  p99=   9,340  (tokens) (records_manager.py:1345)
19:58:56.037 INFO       tot     in=17,678,342  out=159,477 (records_manager.py:1345)
19:58:56.037 INFO       trace  theoretical_prefix_cache_hit=96.4% (records_manager.py:1345)
19:58:56.037 INFO       srv    prefix_cache_hit=97.3% unique_in_srv=488,264 kv_usage=2.0% queue=1r/0w tput_in_srv=23,615/s tput_out_srv=214/s (records_manager.py:1345)
19:59:26.243 INFO     [realtime 13:05 profiling] (records_manager.py:1345)
19:59:26.243 INFO       rps=0.2 (avg 0.2)  tput_in=24,172/s  tput_out=218/s  done=123 ok=123 err=0 (records_manager.py:1345)
19:59:26.243 INFO       ttft    p50=  340ms  p75=  513ms  p95= 1,047ms  p99= 1,300ms (records_manager.py:1345)
19:59:26.243 INFO       itl     p50=    4ms  p75=    5ms  p95=     5ms  p99=     6ms (records_manager.py:1345)
19:59:26.243 INFO       e2e     p50=2,939ms  p75=7,365ms  p95=24,957ms  p99=38,362ms (records_manager.py:1345)
19:59:26.243 INFO       intvty  p50=    248  p75=    256  p95=     288  p99=   6,617  (1/tpot tok/s) (records_manager.py:1345)
19:59:26.243 INFO       isl     p50=117,179  p75=135,357  p90= 341,616  p99= 490,051  (tokens) (records_manager.py:1345)
19:59:26.243 INFO       osl     p50=    590  p75=  1,565  p90=   4,043  p99=   9,264  (tokens) (records_manager.py:1345)
19:59:26.243 INFO       tot     in=18,975,727  out=171,210 (records_manager.py:1345)
19:59:26.243 INFO       trace  theoretical_prefix_cache_hit=96.5% (records_manager.py:1345)
19:59:26.243 INFO       srv    prefix_cache_hit=97.2% unique_in_srv=525,551 kv_usage=0.0% queue=0r/0w tput_in_srv=24,162/s tput_out_srv=218/s (records_manager.py:1345)
19:59:56.459 INFO     [realtime 13:36 profiling] (records_manager.py:1345)
19:59:56.459 INFO       rps=0.2 (avg 0.2)  tput_in=24,453/s  tput_out=214/s  done=128 ok=128 err=0 (records_manager.py:1345)
19:59:56.459 INFO       ttft    p50=  349ms  p75=  544ms  p95= 1,047ms  p99= 1,292ms (records_manager.py:1345)
19:59:56.459 INFO       itl     p50=    4ms  p75=    5ms  p95=     5ms  p99=     6ms (records_manager.py:1345)
19:59:56.459 INFO       e2e     p50=3,060ms  p75=6,868ms  p95=24,821ms  p99=38,225ms (records_manager.py:1345)
19:59:56.459 INFO       intvty  p50=    248  p75=    256  p95=     285  p99=   6,568  (1/tpot tok/s) (records_manager.py:1345)
19:59:56.459 INFO       isl     p50=117,946  p75=139,035  p90= 340,937  p99= 489,983  (tokens) (records_manager.py:1345)
19:59:56.459 INFO       osl     p50=    614  p75=  1,524  p90=   4,037  p99=   9,201  (tokens) (records_manager.py:1345)
19:59:56.459 INFO       tot     in=19,876,960  out=174,240 (records_manager.py:1345)
19:59:56.459 INFO       trace  theoretical_prefix_cache_hit=96.5% (records_manager.py:1345)
19:59:56.459 INFO       srv    prefix_cache_hit=97.2% unique_in_srv=560,643 kv_usage=2.1% queue=1r/0w tput_in_srv=24,572/s tput_out_srv=220/s (records_manager.py:1345)
20:00:22.592 INFO     Per-trace idle cap advanced replay root 0db42b28-5e3a-4a23-be70-47d2e2bce8c6 by 316.590s (replay_dependencies.py:324)
20:00:26.782 INFO     [realtime 14:06 profiling] (records_manager.py:1345)
20:00:26.782 INFO       rps=0.6 (avg 0.2)  tput_in=25,803/s  tput_out=220/s  done=147 ok=147 err=0 (records_manager.py:1345)
20:00:26.782 INFO       ttft    p50=  349ms  p75=  607ms  p95= 1,058ms  p99= 1,273ms (records_manager.py:1345)
20:00:26.782 INFO       itl     p50=    4ms  p75=    5ms  p95=     6ms  p99=     8ms (records_manager.py:1345)
20:00:26.782 INFO       e2e     p50=2,747ms  p75=6,519ms  p95=24,849ms  p99=37,703ms (records_manager.py:1345)
20:00:26.782 INFO       intvty  p50=    246  p75=    255  p95=     290  p99=   8,030  (1/tpot tok/s) (records_manager.py:1345)
20:00:26.782 INFO       isl     p50=116,528  p75=139,394  p90= 340,921  p99= 491,252  (tokens) (records_manager.py:1345)
20:00:26.782 INFO       osl     p50=    508  p75=  1,364  p90=   3,921  p99=   8,961  (tokens) (records_manager.py:1345)
20:00:26.782 INFO       tot     in=21,811,169  out=186,080 (records_manager.py:1345)
20:00:26.782 INFO       trace  theoretical_prefix_cache_hit=96.5% (records_manager.py:1345)
20:00:26.782 INFO       srv    prefix_cache_hit=96.5% unique_in_srv=792,241 kv_usage=9.5% queue=4r/0w tput_in_srv=26,692/s tput_out_srv=228/s (records_manager.py:1345)
20:00:57.013 INFO     [realtime 14:36 profiling] (records_manager.py:1345)
20:00:57.013 INFO       rps=0.4 (avg 0.2)  tput_in=26,337/s  tput_out=228/s  done=159 ok=159 err=0 (records_manager.py:1345)
20:00:57.013 INFO       ttft    p50=  340ms  p75=  607ms  p95= 1,081ms  p99= 1,439ms (records_manager.py:1345)
20:00:57.013 INFO       itl     p50=    4ms  p75=    5ms  p95=     6ms  p99=     8ms (records_manager.py:1345)
20:00:57.013 INFO       e2e     p50=2,665ms  p75=6,412ms  p95=25,076ms  p99=40,068ms (records_manager.py:1345)
20:00:57.013 INFO       intvty  p50=    242  p75=    254  p95=     289  p99=   7,764  (1/tpot tok/s) (records_manager.py:1345)
20:00:57.013 INFO       isl     p50=112,402  p75=137,357  p90= 340,725  p99= 491,051  (tokens) (records_manager.py:1345)
20:00:57.013 INFO       osl     p50=    480  p75=  1,352  p90=   3,883  p99=   8,809  (tokens) (records_manager.py:1345)
20:00:57.013 INFO       tot     in=22,788,197  out=197,342 (records_manager.py:1345)
20:00:57.013 INFO       trace  theoretical_prefix_cache_hit=96.1% (records_manager.py:1345)
20:00:57.013 INFO       srv    prefix_cache_hit=96.5% unique_in_srv=804,551 kv_usage=4.8% queue=2r/0w tput_in_srv=26,449/s tput_out_srv=238/s (records_manager.py:1345)
20:01:27.353 INFO     [realtime 15:06 profiling] (records_manager.py:1345)
20:01:27.353 INFO       rps=0.1 (avg 0.2)  tput_in=25,826/s  tput_out=227/s  done=163 ok=163 err=0 (records_manager.py:1345)
20:01:27.353 INFO       ttft    p50=  346ms  p75=  589ms  p95= 1,076ms  p99= 1,429ms (records_manager.py:1345)
20:01:27.353 INFO       itl     p50=    4ms  p75=    5ms  p95=     6ms  p99=     7ms (records_manager.py:1345)
20:01:27.353 INFO       e2e     p50=2,732ms  p75=6,519ms  p95=24,957ms  p99=39,963ms (records_manager.py:1345)
20:01:27.353 INFO       intvty  p50=    242  p75=    254  p95=     288  p99=   7,676  (1/tpot tok/s) (records_manager.py:1345)
20:01:27.353 INFO       isl     p50=114,714  p75=140,726  p90= 340,453  p99= 490,984  (tokens) (records_manager.py:1345)
20:01:27.353 INFO       osl     p50=    502  p75=  1,360  p90=   3,816  p99=   8,758  (tokens) (records_manager.py:1345)
20:01:27.353 INFO       tot     in=23,351,562  out=205,700 (records_manager.py:1345)
20:01:27.353 INFO       trace  theoretical_prefix_cache_hit=96.1% (records_manager.py:1345)
20:01:27.353 INFO       srv    prefix_cache_hit=96.5% unique_in_srv=845,276 kv_usage=9.3% queue=3r/0w tput_in_srv=26,582/s tput_out_srv=246/s (records_manager.py:1345)
20:01:57.615 INFO     [realtime 15:37 profiling] (records_manager.py:1345)
20:01:57.615 INFO       rps=0.3 (avg 0.2)  tput_in=25,832/s  tput_out=251/s  done=171 ok=171 err=0 (records_manager.py:1345)
20:01:57.615 INFO       ttft    p50=  340ms  p75=  589ms  p95= 1,091ms  p99= 1,409ms (records_manager.py:1345)
20:01:57.615 INFO       itl     p50=    4ms  p75=    5ms  p95=     6ms  p99=     7ms (records_manager.py:1345)
20:01:57.615 INFO       e2e     p50=2,939ms  p75=7,365ms  p95=25,337ms  p99=44,064ms (records_manager.py:1345)
20:01:57.615 INFO       intvty  p50=    238  p75=    254  p95=     284  p99=   7,498  (1/tpot tok/s) (records_manager.py:1345)
20:01:57.615 INFO       isl     p50=111,752  p75=140,726  p90= 340,529  p99= 492,868  (tokens) (records_manager.py:1345)
20:01:57.615 INFO       osl     p50=    583  p75=  1,528  p90=   3,846  p99=   9,954  (tokens) (records_manager.py:1345)
20:01:57.615 INFO       tot     in=24,140,024  out=234,852 (records_manager.py:1345)
20:01:57.615 INFO       trace  theoretical_prefix_cache_hit=96.1% (records_manager.py:1345)
20:01:57.615 INFO       srv    prefix_cache_hit=96.4% unique_in_srv=862,768 kv_usage=0.1% queue=1r/0w tput_in_srv=25,774/s tput_out_srv=254/s (records_manager.py:1345)
20:02:27.959 INFO     [realtime 16:07 profiling] (records_manager.py:1345)
20:02:27.960 INFO       rps=0.1 (avg 0.2)  tput_in=25,107/s  tput_out=248/s  done=173 ok=173 err=0 (records_manager.py:1345)
20:02:27.960 INFO       ttft    p50=  340ms  p75=  573ms  p95= 1,088ms  p99= 1,404ms (records_manager.py:1345)
20:02:27.960 INFO       itl     p50=    4ms  p75=    5ms  p95=     6ms  p99=     7ms (records_manager.py:1345)
20:02:27.960 INFO       e2e     p50=3,003ms  p75=7,486ms  p95=25,272ms  p99=43,899ms (records_manager.py:1345)
20:02:27.960 INFO       intvty  p50=    237  p75=    254  p95=     282  p99=   7,454  (1/tpot tok/s) (records_manager.py:1345)
20:02:27.960 INFO       isl     p50=111,229  p75=140,114  p90= 340,453  p99= 492,811  (tokens) (records_manager.py:1345)
20:02:27.960 INFO       osl     p50=    583  p75=  1,546  p90=   3,816  p99=   9,926  (tokens) (records_manager.py:1345)
20:02:27.960 INFO       tot     in=24,193,643  out=239,024 (records_manager.py:1345)
20:02:27.960 INFO       trace  theoretical_prefix_cache_hit=96.1% (records_manager.py:1345)
20:02:27.960 INFO       srv    prefix_cache_hit=96.5% unique_in_srv=883,105 kv_usage=8.8% queue=2r/0w tput_in_srv=25,755/s tput_out_srv=254/s (records_manager.py:1345)
20:02:58.233 INFO     [realtime 16:37 profiling] (records_manager.py:1345)
20:02:58.233 INFO       rps=0.2 (avg 0.2)  tput_in=24,816/s  tput_out=258/s  done=179 ok=179 err=0 (records_manager.py:1345)
20:02:58.233 INFO       ttft    p50=  336ms  p75=  568ms  p95= 1,103ms  p99= 1,389ms (records_manager.py:1345)
20:02:58.233 INFO       itl     p50=    4ms  p75=    5ms  p95=     6ms  p99=     7ms (records_manager.py:1345)
20:02:58.233 INFO       e2e     p50=3,224ms  p75=8,004ms  p95=25,780ms  p99=43,404ms (records_manager.py:1345)
20:02:58.233 INFO       intvty  p50=    235  p75=    253  p95=     279  p99=   7,321  (1/tpot tok/s) (records_manager.py:1345)
20:02:58.233 INFO       isl     p50=107,664  p75=139,394  p90= 340,725  p99= 495,212  (tokens) (records_manager.py:1345)
20:02:58.233 INFO       osl     p50=    608  p75=  1,622  p90=   3,883  p99=   9,844  (tokens) (records_manager.py:1345)
20:02:58.233 INFO       tot     in=24,708,124  out=257,126 (records_manager.py:1345)
20:02:58.233 INFO       trace  theoretical_prefix_cache_hit=96.1% (records_manager.py:1345)
20:02:58.233 INFO       srv    prefix_cache_hit=96.4% unique_in_srv=898,817 kv_usage=2.7% queue=1r/0w tput_in_srv=24,988/s tput_out_srv=267/s (records_manager.py:1345)
20:03:28.506 INFO     [realtime 17:08 profiling] (records_manager.py:1345)
20:03:28.507 INFO       rps=0.0 (avg 0.2)  tput_in=24,746/s  tput_out=257/s  done=180 ok=180 err=0 (records_manager.py:1345)
20:03:28.507 INFO       ttft    p50=  337ms  p75=  566ms  p95= 1,103ms  p99= 1,387ms (records_manager.py:1345)
20:03:28.507 INFO       itl     p50=    4ms  p75=    5ms  p95=     6ms  p99=     7ms (records_manager.py:1345)
20:03:28.507 INFO       e2e     p50=3,211ms  p75=7,991ms  p95=25,722ms  p99=43,322ms (records_manager.py:1345)
20:03:28.507 INFO       intvty  p50=    235  p75=    253  p95=     279  p99=   7,299  (1/tpot tok/s) (records_manager.py:1345)
20:03:28.507 INFO       isl     p50=107,323  p75=139,035  p90= 340,627  p99= 495,196  (tokens) (records_manager.py:1345)
20:03:28.507 INFO       osl     p50=    599  p75=  1,603  p90=   3,865  p99=   9,830  (tokens) (records_manager.py:1345)
20:03:28.507 INFO       tot     in=24,772,697  out=257,493 (records_manager.py:1345)
20:03:28.507 INFO       trace  theoretical_prefix_cache_hit=96.0% (records_manager.py:1345)
20:03:28.507 INFO       srv    prefix_cache_hit=96.4% unique_in_srv=928,828 kv_usage=9.2% queue=6r/0w tput_in_srv=24,811/s tput_out_srv=270/s (records_manager.py:1345)
20:03:58.866 INFO     [realtime 17:38 profiling] (records_manager.py:1345)
20:03:58.866 INFO       rps=0.2 (avg 0.2)  tput_in=24,150/s  tput_out=258/s  done=186 ok=186 err=0 (records_manager.py:1345)
20:03:58.866 INFO       ttft    p50=  335ms  p75=  557ms  p95= 1,104ms  p99= 1,372ms (records_manager.py:1345)
20:03:58.866 INFO       itl     p50=    4ms  p75=    5ms  p95=     6ms  p99=     7ms (records_manager.py:1345)
20:03:58.866 INFO       e2e     p50=3,306ms  p75=8,741ms  p95=26,541ms  p99=42,826ms (records_manager.py:1345)
20:03:58.866 INFO       intvty  p50=    234  p75=    253  p95=     276  p99=   7,166  (1/tpot tok/s) (records_manager.py:1345)
20:03:58.866 INFO       isl     p50=106,614  p75=139,754  p90= 341,020  p99= 496,856  (tokens) (records_manager.py:1345)
20:03:58.867 INFO       osl     p50=    656  p75=  1,760  p90=   3,940  p99=   9,748  (tokens) (records_manager.py:1345)
20:03:58.867 INFO       tot     in=25,464,446  out=271,700 (records_manager.py:1345)
20:03:58.867 INFO       trace  theoretical_prefix_cache_hit=96.1% (records_manager.py:1345)
20:03:58.867 INFO       srv    prefix_cache_hit=96.4% unique_in_srv=943,899 kv_usage=6.0% queue=3r/0w tput_in_srv=24,508/s tput_out_srv=283/s (records_manager.py:1345)
20:04:29.248 INFO     [realtime 18:08 profiling] (records_manager.py:1345)
20:04:29.248 INFO       rps=0.3 (avg 0.2)  tput_in=24,678/s  tput_out=284/s  done=194 ok=194 err=0 (records_manager.py:1345)
20:04:29.248 INFO       ttft    p50=  347ms  p75=  532ms  p95= 1,103ms  p99= 1,352ms (records_manager.py:1345)
20:04:29.248 INFO       itl     p50=    4ms  p75=    5ms  p95=     6ms  p99=     7ms (records_manager.py:1345)
20:04:29.248 INFO       e2e     p50=3,306ms  p75=9,058ms  p95=27,573ms  p99=51,679ms (records_manager.py:1345)
20:04:29.248 INFO       intvty  p50=    234  p75=    253  p95=     279  p99=   6,988  (1/tpot tok/s) (records_manager.py:1345)
20:04:29.248 INFO       isl     p50=110,551  p75=163,130  p90= 340,416  p99= 496,676  (tokens) (records_manager.py:1345)
20:04:29.248 INFO       osl     p50=    656  p75=  1,801  p90=   4,041  p99=  11,238  (tokens) (records_manager.py:1345)
20:04:29.248 INFO       tot     in=26,861,294  out=309,154 (records_manager.py:1345)
20:04:29.248 INFO       trace  theoretical_prefix_cache_hit=96.1% (records_manager.py:1345)
20:04:29.248 INFO       srv    prefix_cache_hit=96.4% unique_in_srv=972,881 kv_usage=5.2% queue=2r/0w tput_in_srv=24,894/s tput_out_srv=285/s (records_manager.py:1345)
20:04:59.549 INFO     [realtime 18:39 profiling] (records_manager.py:1345)
20:04:59.550 INFO       rps=0.2 (avg 0.2)  tput_in=25,799/s  tput_out=283/s  done=201 ok=201 err=0 (records_manager.py:1345)
20:04:59.550 INFO       ttft    p50=  355ms  p75=  564ms  p95= 1,111ms  p99= 1,335ms (records_manager.py:1345)
20:04:59.550 INFO       itl     p50=    4ms  p75=    5ms  p95=     6ms  p99=     7ms (records_manager.py:1345)
20:04:59.550 INFO       e2e     p50=3,274ms  p75=8,779ms  p95=27,461ms  p99=49,842ms (records_manager.py:1345)
20:04:59.550 INFO       intvty  p50=    235  p75=    252  p95=     280  p99=   6,833  (1/tpot tok/s) (records_manager.py:1345)
20:04:59.550 INFO       isl     p50=114,714  p75=169,159  p90= 341,510  p99= 498,769  (tokens) (records_manager.py:1345)
20:04:59.550 INFO       osl     p50=    635  p75=  1,812  p90=   4,033  p99=  10,912  (tokens) (records_manager.py:1345)
20:04:59.550 INFO       tot     in=28,710,868  out=315,452 (records_manager.py:1345)
20:04:59.550 INFO       trace  theoretical_prefix_cache_hit=96.2% (records_manager.py:1345)
20:04:59.550 INFO       srv    prefix_cache_hit=96.6% unique_in_srv=986,172 kv_usage=4.3% queue=1r/0w tput_in_srv=25,977/s tput_out_srv=282/s (records_manager.py:1345)
20:05:29.936 INFO     [realtime 19:09 profiling] (records_manager.py:1345)
20:05:29.936 INFO       rps=0.2 (avg 0.2)  tput_in=26,665/s  tput_out=279/s  done=206 ok=206 err=0 (records_manager.py:1345)
20:05:29.936 INFO       ttft    p50=  360ms  p75=  618ms  p95= 1,146ms  p99= 1,532ms (records_manager.py:1345)
20:05:29.936 INFO       itl     p50=    4ms  p75=    5ms  p95=     6ms  p99=     7ms (records_manager.py:1345)
20:05:29.936 INFO       e2e     p50=3,255ms  p75=8,773ms  p95=27,304ms  p99=49,429ms (records_manager.py:1345)
20:05:29.936 INFO       intvty  p50=    235  p75=    253  p95=     287  p99=   6,784  (1/tpot tok/s) (records_manager.py:1345)
20:05:29.936 INFO       isl     p50=116,266  p75=171,628  p90= 351,532  p99= 501,516  (tokens) (records_manager.py:1345)
20:05:29.936 INFO       osl     p50=    634  p75=  1,801  p90=   3,940  p99=  10,844  (tokens) (records_manager.py:1345)
20:05:29.936 INFO       tot     in=30,629,721  out=320,009 (records_manager.py:1345)
20:05:29.937 INFO       trace  theoretical_prefix_cache_hit=96.4% (records_manager.py:1345)
20:05:29.937 INFO       srv    prefix_cache_hit=96.8% unique_in_srv=994,009 kv_usage=0.0% queue=0r/0w tput_in_srv=26,656/s tput_out_srv=278/s (records_manager.py:1345)
20:06:00.353 INFO     [realtime 19:39 profiling] (records_manager.py:1345)
20:06:00.353 INFO       rps=0.1 (avg 0.2)  tput_in=26,805/s  tput_out=273/s  done=209 ok=209 err=0 (records_manager.py:1345)
20:06:00.353 INFO       ttft    p50=  364ms  p75=  621ms  p95= 1,146ms  p99= 1,525ms (records_manager.py:1345)
20:06:00.353 INFO       itl     p50=    4ms  p75=    5ms  p95=     6ms  p99=     7ms (records_manager.py:1345)
20:06:00.353 INFO       e2e     p50=3,224ms  p75=8,754ms  p95=27,210ms  p99=49,182ms (records_manager.py:1345)
20:06:00.353 INFO       intvty  p50=    236  p75=    253  p95=     286  p99=   6,754  (1/tpot tok/s) (records_manager.py:1345)
20:06:00.353 INFO       isl     p50=117,179  p75=177,447  p90= 353,393  p99= 501,430  (tokens) (records_manager.py:1345)
20:06:00.353 INFO       osl     p50=    621  p75=  1,769  p90=   3,883  p99=  10,802  (tokens) (records_manager.py:1345)
20:06:00.353 INFO       tot     in=31,459,276  out=320,984 (records_manager.py:1345)
20:06:00.353 INFO       trace  theoretical_prefix_cache_hit=96.4% (records_manager.py:1345)
20:06:00.353 INFO       srv    prefix_cache_hit=96.8% unique_in_srv=1,017,091 kv_usage=9.2% queue=2r/0w tput_in_srv=27,314/s tput_out_srv=273/s (records_manager.py:1345)
20:06:30.673 INFO     [realtime 20:10 profiling] (records_manager.py:1345)
20:06:30.673 INFO       rps=0.1 (avg 0.2)  tput_in=27,211/s  tput_out=273/s  done=213 ok=213 err=0 (records_manager.py:1345)
20:06:30.673 INFO       ttft    p50=  371ms  p75=  704ms  p95= 1,155ms  p99= 1,524ms (records_manager.py:1345)
20:06:30.673 INFO       itl     p50=    4ms  p75=    5ms  p95=     6ms  p99=     7ms (records_manager.py:1345)
20:06:30.673 INFO       e2e     p50=3,274ms  p75=8,754ms  p95=27,084ms  p99=48,852ms (records_manager.py:1345)
20:06:30.673 INFO       intvty  p50=    235  p75=    253  p95=     285  p99=   6,715  (1/tpot tok/s) (records_manager.py:1345)
20:06:30.673 INFO       isl     p50=117,639  p75=184,838  p90= 354,166  p99= 504,150  (tokens) (records_manager.py:1345)
20:06:30.673 INFO       osl     p50=    635  p75=  1,769  p90=   3,996  p99=  10,748  (tokens) (records_manager.py:1345)
20:06:30.673 INFO       tot     in=32,759,686  out=328,828 (records_manager.py:1345)
20:06:30.673 INFO       trace  theoretical_prefix_cache_hit=96.4% (records_manager.py:1345)
20:06:30.673 INFO       srv    prefix_cache_hit=96.8% unique_in_srv=1,056,338 kv_usage=3.5% queue=1r/0w tput_in_srv=27,316/s tput_out_srv=272/s (records_manager.py:1345)
20:07:01.083 INFO     [realtime 20:40 profiling] (records_manager.py:1345)
20:07:01.083 INFO       rps=0.1 (avg 0.2)  tput_in=27,359/s  tput_out=267/s  done=216 ok=216 err=0 (records_manager.py:1345)
20:07:01.083 INFO       ttft    p50=  375ms  p75=  709ms  p95= 1,169ms  p99= 1,519ms (records_manager.py:1345)
20:07:01.083 INFO       itl     p50=    4ms  p75=    5ms  p95=     6ms  p99=     7ms (records_manager.py:1345)
20:07:01.083 INFO       e2e     p50=3,255ms  p75=8,659ms  p95=26,990ms  p99=48,604ms (records_manager.py:1345)
20:07:01.083 INFO       intvty  p50=    237  p75=    253  p95=     289  p99=   6,686  (1/tpot tok/s) (records_manager.py:1345)
20:07:01.083 INFO       isl     p50=118,432  p75=187,406  p90= 354,686  p99= 506,130  (tokens) (records_manager.py:1345)
20:07:01.083 INFO       osl     p50=    634  p75=  1,742  p90=   3,940  p99=  10,707  (tokens) (records_manager.py:1345)
20:07:01.083 INFO       tot     in=33,845,488  out=330,283 (records_manager.py:1345)
20:07:01.083 INFO       trace  theoretical_prefix_cache_hit=96.5% (records_manager.py:1345)
20:07:01.083 INFO       srv    prefix_cache_hit=96.9% unique_in_srv=1,063,024 kv_usage=0.0% queue=0r/0w tput_in_srv=27,293/s tput_out_srv=266/s (records_manager.py:1345)
20:07:31.506 INFO     [realtime 21:11 profiling] (records_manager.py:1345)
20:07:31.506 INFO       rps=0.2 (avg 0.2)  tput_in=27,909/s  tput_out=265/s  done=221 ok=221 err=0 (records_manager.py:1345)
20:07:31.506 INFO       ttft    p50=  381ms  p75=  729ms  p95= 1,168ms  p99= 1,512ms (records_manager.py:1345)
20:07:31.506 INFO       itl     p50=    4ms  p75=    5ms  p95=     6ms  p99=     7ms (records_manager.py:1345)
20:07:31.506 INFO       e2e     p50=3,274ms  p75=8,754ms  p95=26,833ms  p99=48,191ms (records_manager.py:1345)
20:07:31.506 INFO       intvty  p50=    237  p75=    253  p95=     289  p99=   6,636  (1/tpot tok/s) (records_manager.py:1345)
20:07:31.506 INFO       isl     p50=119,800  p75=191,033  p90= 354,947  p99= 507,657  (tokens) (records_manager.py:1345)
20:07:31.506 INFO       osl     p50=    635  p75=  1,769  p90=   3,846  p99=  10,638  (tokens) (records_manager.py:1345)
20:07:31.506 INFO       tot     in=35,441,740  out=336,715 (records_manager.py:1345)
20:07:31.506 INFO       trace  theoretical_prefix_cache_hit=96.6% (records_manager.py:1345)
20:07:31.506 INFO       srv    prefix_cache_hit=97.0% unique_in_srv=1,079,500 kv_usage=0.0% queue=0r/0w tput_in_srv=27,898/s tput_out_srv=265/s (records_manager.py:1345)
20:08:01.964 INFO     [realtime 21:41 profiling] (records_manager.py:1345)
20:08:01.964 INFO       rps=0.4 (avg 0.2)  tput_in=28,360/s  tput_out=265/s  done=232 ok=232 err=0 (records_manager.py:1345)
20:08:01.964 INFO       ttft    p50=  383ms  p75=  729ms  p95= 1,170ms  p99= 1,495ms (records_manager.py:1345)
20:08:01.964 INFO       itl     p50=    4ms  p75=    5ms  p95=     6ms  p99=     7ms (records_manager.py:1345)
20:08:01.964 INFO       e2e     p50=3,255ms  p75=8,659ms  p95=26,190ms  p99=47,283ms (records_manager.py:1345)
20:08:01.964 INFO       intvty  p50=    235  p75=    253  p95=     285  p99=   6,528  (1/tpot tok/s) (records_manager.py:1345)
20:08:01.964 INFO       isl     p50=118,432  p75=191,212  p90= 361,119  p99= 512,035  (tokens) (records_manager.py:1345)
20:08:01.964 INFO       osl     p50=    634  p75=  1,742  p90=   3,688  p99=  10,488  (tokens) (records_manager.py:1345)
20:08:01.964 INFO       tot     in=36,871,621  out=345,147 (records_manager.py:1345)
20:08:01.964 INFO       trace  theoretical_prefix_cache_hit=96.6% (records_manager.py:1345)
20:08:01.964 INFO       srv    prefix_cache_hit=97.0% unique_in_srv=1,118,524 kv_usage=0.5% queue=1r/0w tput_in_srv=28,367/s tput_out_srv=266/s (records_manager.py:1345)
20:08:32.319 INFO     [realtime 22:11 profiling] (records_manager.py:1345)
20:08:32.319 INFO       rps=0.4 (avg 0.2)  tput_in=28,097/s  tput_out=265/s  done=243 ok=243 err=0 (records_manager.py:1345)
20:08:32.319 INFO       ttft    p50=  374ms  p75=  713ms  p95= 1,166ms  p99= 1,478ms (records_manager.py:1345)
20:08:32.319 INFO       itl     p50=    4ms  p75=    5ms  p95=     6ms  p99=     7ms (records_manager.py:1345)
20:08:32.319 INFO       e2e     p50=3,198ms  p75=8,120ms  p95=25,598ms  p99=46,376ms (records_manager.py:1345)
20:08:32.319 INFO       intvty  p50=    237  p75=    253  p95=     289  p99=   6,420  (1/tpot tok/s) (records_manager.py:1345)
20:08:32.319 INFO       isl     p50=116,005  p75=189,708  p90= 354,842  p99= 511,387  (tokens) (records_manager.py:1345)
20:08:32.319 INFO       osl     p50=    621  p75=  1,652  p90=   3,597  p99=  10,337  (tokens) (records_manager.py:1345)
20:08:32.319 INFO       tot     in=37,342,748  out=351,593 (records_manager.py:1345)
20:08:32.319 INFO       trace  theoretical_prefix_cache_hit=96.5% (records_manager.py:1345)
20:08:32.319 INFO       srv    prefix_cache_hit=96.9% unique_in_srv=1,178,043 kv_usage=0.9% queue=2r/0w tput_in_srv=28,122/s tput_out_srv=266/s (records_manager.py:1345)
20:09:02.774 INFO     [realtime 22:42 profiling] (records_manager.py:1345)
20:09:02.774 INFO       rps=0.2 (avg 0.2)  tput_in=28,019/s  tput_out=266/s  done=249 ok=249 err=0 (records_manager.py:1345)
20:09:02.774 INFO       ttft    p50=  370ms  p75=  704ms  p95= 1,161ms  p99= 1,469ms (records_manager.py:1345)
20:09:02.774 INFO       itl     p50=    4ms  p75=    5ms  p95=     6ms  p99=     7ms (records_manager.py:1345)
20:09:02.774 INFO       e2e     p50=3,236ms  p75=8,210ms  p95=25,403ms  p99=45,880ms (records_manager.py:1345)
20:09:02.774 INFO       intvty  p50=    238  p75=    253  p95=     290  p99=   6,361  (1/tpot tok/s) (records_manager.py:1345)
20:09:02.774 INFO       isl     p50=114,714  p75=189,095  p90= 356,319  p99= 514,701  (tokens) (records_manager.py:1345)
20:09:02.774 INFO       osl     p50=    635  p75=  1,661  p90=   3,646  p99=  10,255  (tokens) (records_manager.py:1345)
20:09:02.774 INFO       tot     in=38,112,839  out=361,879 (records_manager.py:1345)
20:09:02.774 INFO       trace  theoretical_prefix_cache_hit=96.5% (records_manager.py:1345)
20:09:02.774 INFO       srv    prefix_cache_hit=96.9% unique_in_srv=1,184,583 kv_usage=0.0% queue=0r/0w tput_in_srv=27,988/s tput_out_srv=266/s (records_manager.py:1345)
20:09:05.681 INFO     Per-trace idle cap advanced replay root f4a3ba9d-bca9-49cc-aad9-56d5f21d11fe by 3922.721s (replay_dependencies.py:324)
20:09:33.247 INFO     [realtime 23:12 profiling] (records_manager.py:1345)
20:09:33.247 INFO       rps=0.1 (avg 0.2)  tput_in=28,213/s  tput_out=266/s  done=253 ok=253 err=0 (records_manager.py:1345)
20:09:33.247 INFO       ttft    p50=  371ms  p75=  722ms  p95= 1,158ms  p99= 1,463ms (records_manager.py:1345)
20:09:33.247 INFO       itl     p50=    4ms  p75=    5ms  p95=     6ms  p99=     7ms (records_manager.py:1345)
20:09:33.247 INFO       e2e     p50=3,249ms  p75=8,210ms  p95=25,272ms  p99=45,550ms (records_manager.py:1345)
20:09:33.247 INFO       intvty  p50=    238  p75=    253  p95=     292  p99=   6,322  (1/tpot tok/s) (records_manager.py:1345)
20:09:33.247 INFO       isl     p50=114,714  p75=190,320  p90= 360,433  p99= 516,495  (tokens) (records_manager.py:1345)
20:09:33.247 INFO       osl     p50=    669  p75=  1,661  p90=   3,682  p99=  10,200  (tokens) (records_manager.py:1345)
20:09:33.247 INFO       tot     in=39,074,318  out=367,995 (records_manager.py:1345)
20:09:33.247 INFO       trace  theoretical_prefix_cache_hit=96.5% (records_manager.py:1345)
20:09:33.247 INFO       srv    prefix_cache_hit=96.9% unique_in_srv=1,226,679 kv_usage=0.8% queue=1r/0w tput_in_srv=28,116/s tput_out_srv=266/s (records_manager.py:1345)
20:10:03.717 INFO     [realtime 23:43 profiling] (records_manager.py:1345)
20:10:03.717 INFO       rps=0.1 (avg 0.2)  tput_in=27,845/s  tput_out=266/s  done=255 ok=255 err=0 (records_manager.py:1345)
20:10:03.717 INFO       ttft    p50=  370ms  p75=  721ms  p95= 1,156ms  p99= 1,460ms (records_manager.py:1345)
20:10:03.717 INFO       itl     p50=    4ms  p75=    5ms  p95=     6ms  p99=     7ms (records_manager.py:1345)
20:10:03.717 INFO       e2e     p50=3,249ms  p75=8,419ms  p95=25,207ms  p99=45,385ms (records_manager.py:1345)
20:10:03.717 INFO       intvty  p50=    238  p75=    253  p95=     292  p99=   6,302  (1/tpot tok/s) (records_manager.py:1345)
20:10:03.717 INFO       isl     p50=112,402  p75=189,708  p90= 359,062  p99= 516,453  (tokens) (records_manager.py:1345)
20:10:03.717 INFO       osl     p50=    669  p75=  1,697  p90=   3,771  p99=  10,173  (tokens) (records_manager.py:1345)
20:10:03.717 INFO       tot     in=39,213,091  out=373,918 (records_manager.py:1345)
20:10:03.717 INFO       trace  theoretical_prefix_cache_hit=96.5% (records_manager.py:1345)
20:10:03.717 INFO       srv    prefix_cache_hit=96.9% unique_in_srv=1,234,138 kv_usage=0.9% queue=1r/0w tput_in_srv=27,612/s tput_out_srv=264/s (records_manager.py:1345)
20:10:34.099 INFO     [realtime 24:13 profiling] (records_manager.py:1345)
20:10:34.099 INFO       rps=0.3 (avg 0.2)  tput_in=27,751/s  tput_out=262/s  done=263 ok=263 err=0 (records_manager.py:1345)
20:10:34.099 INFO       ttft    p50=  358ms  p75=  712ms  p95= 1,151ms  p99= 1,448ms (records_manager.py:1345)
20:10:34.099 INFO       itl     p50=    4ms  p75=    5ms  p95=     6ms  p99=     7ms (records_manager.py:1345)
20:10:34.099 INFO       e2e     p50=3,249ms  p75=8,120ms  p95=24,957ms  p99=44,725ms (records_manager.py:1345)
20:10:34.099 INFO       intvty  p50=    239  p75=    253  p95=     290  p99=   6,223  (1/tpot tok/s) (records_manager.py:1345)
20:10:34.099 INFO       isl     p50=109,873  p75=187,969  p90= 360,433  p99= 518,116  (tokens) (records_manager.py:1345)
20:10:34.099 INFO       osl     p50=    669  p75=  1,652  p90=   3,682  p99=  10,063  (tokens) (records_manager.py:1345)
20:10:34.099 INFO       tot     in=40,277,438  out=380,244 (records_manager.py:1345)
20:10:34.099 INFO       trace  theoretical_prefix_cache_hit=96.6% (records_manager.py:1345)
20:10:34.099 INFO       srv    prefix_cache_hit=96.9% unique_in_srv=1,244,222 kv_usage=0.0% queue=0r/0w tput_in_srv=27,718/s tput_out_srv=262/s (records_manager.py:1345)
20:11:04.494 INFO     [realtime 24:44 profiling] (records_manager.py:1345)
20:11:04.494 INFO       rps=0.2 (avg 0.2)  tput_in=27,554/s  tput_out=259/s  done=268 ok=268 err=0 (records_manager.py:1345)
20:11:04.494 INFO       ttft    p50=  356ms  p75=  701ms  p95= 1,150ms  p99= 1,441ms (records_manager.py:1345)
20:11:04.494 INFO       itl     p50=    4ms  p75=    5ms  p95=     6ms  p99=     7ms (records_manager.py:1345)
20:11:04.494 INFO       e2e     p50=3,230ms  p75=7,991ms  p95=24,821ms  p99=44,312ms (records_manager.py:1345)
20:11:04.494 INFO       intvty  p50=    240  p75=    254  p95=     290  p99=   6,174  (1/tpot tok/s) (records_manager.py:1345)
20:11:04.494 INFO       isl     p50=106,614  p75=186,308  p90= 357,004  p99= 518,048  (tokens) (records_manager.py:1345)
20:11:04.494 INFO       osl     p50=    634  p75=  1,624  p90=   3,652  p99=   9,995  (tokens) (records_manager.py:1345)
20:11:04.494 INFO       tot     in=40,694,156  out=382,157 (records_manager.py:1345)
20:11:04.494 INFO       trace  theoretical_prefix_cache_hit=96.6% (records_manager.py:1345)
20:11:04.494 INFO       srv    prefix_cache_hit=96.9% unique_in_srv=1,249,467 kv_usage=1.0% queue=1r/0w tput_in_srv=27,489/s tput_out_srv=258/s (records_manager.py:1345)
20:11:35.010 INFO     [realtime 25:14 profiling] (records_manager.py:1345)
20:11:35.010 INFO       rps=0.1 (avg 0.2)  tput_in=27,508/s  tput_out=258/s  done=270 ok=270 err=0 (records_manager.py:1345)
20:11:35.010 INFO       ttft    p50=  354ms  p75=  700ms  p95= 1,149ms  p99= 1,437ms (records_manager.py:1345)
20:11:35.010 INFO       itl     p50=    4ms  p75=    5ms  p95=     6ms  p99=     7ms (records_manager.py:1345)
20:11:35.010 INFO       e2e     p50=3,230ms  p75=7,975ms  p95=24,767ms  p99=44,147ms (records_manager.py:1345)
20:11:35.010 INFO       intvty  p50=    241  p75=    254  p95=     293  p99=   6,155  (1/tpot tok/s) (records_manager.py:1345)
20:11:35.010 INFO       isl     p50=105,774  p75=185,806  p90= 355,633  p99= 518,021  (tokens) (records_manager.py:1345)
20:11:35.010 INFO       osl     p50=    634  p75=  1,610  p90=   3,640  p99=   9,967  (tokens) (records_manager.py:1345)
20:11:35.010 INFO       tot     in=40,864,562  out=383,561 (records_manager.py:1345)
20:11:35.010 INFO       trace  theoretical_prefix_cache_hit=96.6% (records_manager.py:1345)
20:11:35.010 INFO       srv    prefix_cache_hit=97.0% unique_in_srv=1,254,141 kv_usage=6.5% queue=1r/0w tput_in_srv=27,342/s tput_out_srv=257/s (records_manager.py:1345)
20:12:05.407 INFO     [realtime 25:45 profiling] (records_manager.py:1345)
20:12:05.407 INFO       rps=0.0 (avg 0.2)  tput_in=27,508/s  tput_out=258/s  done=270 ok=270 err=0 (records_manager.py:1345)
20:12:05.407 INFO       ttft    p50=  354ms  p75=  700ms  p95= 1,149ms  p99= 1,437ms (records_manager.py:1345)
20:12:05.407 INFO       itl     p50=    4ms  p75=    5ms  p95=     6ms  p99=     7ms (records_manager.py:1345)
20:12:05.407 INFO       e2e     p50=3,230ms  p75=7,975ms  p95=24,767ms  p99=44,147ms (records_manager.py:1345)
20:12:05.407 INFO       intvty  p50=    241  p75=    254  p95=     293  p99=   6,155  (1/tpot tok/s) (records_manager.py:1345)
20:12:05.407 INFO       isl     p50=105,774  p75=185,806  p90= 355,633  p99= 518,021  (tokens) (records_manager.py:1345)
20:12:05.407 INFO       osl     p50=    634  p75=  1,610  p90=   3,640  p99=   9,967  (tokens) (records_manager.py:1345)
20:12:05.407 INFO       tot     in=40,864,562  out=383,561 (records_manager.py:1345)
20:12:05.407 INFO       trace  theoretical_prefix_cache_hit=96.6% (records_manager.py:1345)
20:12:05.407 INFO       srv    prefix_cache_hit=97.0% unique_in_srv=1,254,141 kv_usage=6.6% queue=1r/0w tput_in_srv=26,799/s tput_out_srv=257/s (records_manager.py:1345)
20:12:07.300 INFO     Per-trace idle cap advanced replay root 00adaa3a-157c-425d-a39c-6403549f27db by 748.092s (replay_dependencies.py:324)
20:12:35.904 INFO     [realtime 26:15 profiling] (records_manager.py:1345)
20:12:35.904 INFO       rps=0.2 (avg 0.2)  tput_in=26,930/s  tput_out=257/s  done=276 ok=276 err=0 (records_manager.py:1345)
20:12:35.904 INFO       ttft    p50=  358ms  p75=  699ms  p95= 1,155ms  p99= 1,428ms (records_manager.py:1345)
20:12:35.904 INFO       itl     p50=    4ms  p75=    5ms  p95=     6ms  p99=     6ms (records_manager.py:1345)
20:12:35.904 INFO       e2e     p50=3,211ms  p75=7,967ms  p95=25,174ms  p99=55,093ms (records_manager.py:1345)
20:12:35.904 INFO       intvty  p50=    240  p75=    254  p95=     291  p99=   6,096  (1/tpot tok/s) (records_manager.py:1345)
20:12:35.904 INFO       isl     p50=107,323  p75=190,433  p90= 358,376  p99= 519,359  (tokens) (records_manager.py:1345)
20:12:35.904 INFO       osl     p50=    628  p75=  1,610  p90=   3,664  p99=  12,076  (tokens) (records_manager.py:1345)
20:12:35.904 INFO       tot     in=42,254,190  out=402,564 (records_manager.py:1345)
20:12:35.904 INFO       trace  theoretical_prefix_cache_hit=96.7% (records_manager.py:1345)
20:12:35.904 INFO       srv    prefix_cache_hit=97.0% unique_in_srv=1,270,197 kv_usage=2.5% queue=1r/0w tput_in_srv=26,962/s tput_out_srv=256/s (records_manager.py:1345)
20:12:55.854 INFO     Per-trace idle cap advanced replay root c2f92538-54d6-4637-a003-0bcd9980eb8f by 10235.477s (replay_dependencies.py:324)
20:13:06.378 INFO     [realtime 26:45 profiling] (records_manager.py:1345)
20:13:06.378 INFO       rps=0.1 (avg 0.2)  tput_in=26,814/s  tput_out=254/s  done=278 ok=278 err=0 (records_manager.py:1345)
20:13:06.378 INFO       ttft    p50=  358ms  p75=  700ms  p95= 1,169ms  p99= 1,425ms (records_manager.py:1345)
20:13:06.378 INFO       itl     p50=    4ms  p75=    5ms  p95=     6ms  p99=     6ms (records_manager.py:1345)
20:13:06.378 INFO       e2e     p50=3,230ms  p75=7,975ms  p95=25,109ms  p99=54,673ms (records_manager.py:1345)
20:13:06.378 INFO       intvty  p50=    240  p75=    254  p95=     291  p99=   6,076  (1/tpot tok/s) (records_manager.py:1345)
20:13:06.378 INFO       isl     p50=108,768  p75=190,968  p90= 362,001  p99= 520,953  (tokens) (records_manager.py:1345)
20:13:06.379 INFO       osl     p50=    634  p75=  1,616  p90=   3,732  p99=  11,983  (tokens) (records_manager.py:1345)
20:13:06.379 INFO       tot     in=42,987,021  out=407,525 (records_manager.py:1345)
20:13:06.379 INFO       trace  theoretical_prefix_cache_hit=96.7% (records_manager.py:1345)
20:13:06.379 INFO       srv    prefix_cache_hit=97.1% unique_in_srv=1,275,448 kv_usage=7.0% queue=2r/0w tput_in_srv=27,131/s tput_out_srv=257/s (records_manager.py:1345)
20:13:36.869 INFO     [realtime 27:16 profiling] (records_manager.py:1345)
20:13:36.869 INFO       rps=0.3 (avg 0.2)  tput_in=27,860/s  tput_out=256/s  done=286 ok=286 err=0 (records_manager.py:1345)
20:13:36.869 INFO       ttft    p50=  371ms  p75=  721ms  p95= 1,164ms  p99= 1,413ms (records_manager.py:1345)
20:13:36.869 INFO       itl     p50=    4ms  p75=    5ms  p95=     6ms  p99=     6ms (records_manager.py:1345)
20:13:36.869 INFO       e2e     p50=3,230ms  p75=8,016ms  p95=24,876ms  p99=52,993ms (records_manager.py:1345)
20:13:36.869 INFO       intvty  p50=    240  p75=    254  p95=     306  p99=   5,997  (1/tpot tok/s) (records_manager.py:1345)
20:13:36.869 INFO       isl     p50=113,558  p75=196,480  p90= 369,104  p99= 520,819  (tokens) (records_manager.py:1345)
20:13:36.869 INFO       osl     p50=    634  p75=  1,638  p90=   3,664  p99=  11,610  (tokens) (records_manager.py:1345)
20:13:36.869 INFO       tot     in=45,460,790  out=417,829 (records_manager.py:1345)
20:13:36.869 INFO       trace  theoretical_prefix_cache_hit=96.8% (records_manager.py:1345)
20:13:36.869 INFO       srv    prefix_cache_hit=97.2% unique_in_srv=1,293,110 kv_usage=0.0% queue=0r/0w tput_in_srv=27,791/s tput_out_srv=255/s (records_manager.py:1345)
20:14:07.364 INFO     [realtime 27:46 profiling] (records_manager.py:1345)
20:14:07.364 INFO       rps=0.0 (avg 0.2)  tput_in=27,860/s  tput_out=256/s  done=286 ok=286 err=0 (records_manager.py:1345)
20:14:07.364 INFO       ttft    p50=  371ms  p75=  721ms  p95= 1,164ms  p99= 1,413ms (records_manager.py:1345)
20:14:07.364 INFO       itl     p50=    4ms  p75=    5ms  p95=     6ms  p99=     6ms (records_manager.py:1345)
20:14:07.364 INFO       e2e     p50=3,230ms  p75=8,016ms  p95=24,876ms  p99=52,993ms (records_manager.py:1345)
20:14:07.364 INFO       intvty  p50=    240  p75=    254  p95=     306  p99=   5,997  (1/tpot tok/s) (records_manager.py:1345)
20:14:07.364 INFO       isl     p50=113,558  p75=196,480  p90= 369,104  p99= 520,819  (tokens) (records_manager.py:1345)
20:14:07.364 INFO       osl     p50=    634  p75=  1,638  p90=   3,664  p99=  11,610  (tokens) (records_manager.py:1345)
20:14:07.364 INFO       tot     in=45,460,790  out=417,829 (records_manager.py:1345)
20:14:07.364 INFO       trace  theoretical_prefix_cache_hit=96.8% (records_manager.py:1345)
20:14:07.364 INFO       srv    prefix_cache_hit=97.2% unique_in_srv=1,297,542 kv_usage=9.2% queue=2r/0w tput_in_srv=27,733/s tput_out_srv=254/s (records_manager.py:1345)
20:14:37.869 INFO     [realtime 28:17 profiling] (records_manager.py:1345)
20:14:37.869 INFO       rps=0.1 (avg 0.2)  tput_in=27,590/s  tput_out=254/s  done=290 ok=290 err=0 (records_manager.py:1345)
20:14:37.869 INFO       ttft    p50=  375ms  p75=  721ms  p95= 1,171ms  p99= 1,407ms (records_manager.py:1345)
20:14:37.869 INFO       itl     p50=    4ms  p75=    5ms  p95=     6ms  p99=     6ms (records_manager.py:1345)
20:14:37.869 INFO       e2e     p50=3,262ms  p75=8,165ms  p95=25,370ms  p99=52,153ms (records_manager.py:1345)
20:14:37.869 INFO       intvty  p50=    240  p75=    254  p95=     306  p99=   5,958  (1/tpot tok/s) (records_manager.py:1345)
20:14:37.869 INFO       isl     p50=115,808  p75=203,712  p90= 372,430  p99= 522,546  (tokens) (records_manager.py:1345)
20:14:37.869 INFO       osl     p50=    672  p75=  1,657  p90=   3,707  p99=  11,424  (tokens) (records_manager.py:1345)
20:14:37.869 INFO       tot     in=46,647,045  out=429,022 (records_manager.py:1345)
20:14:37.869 INFO       trace  theoretical_prefix_cache_hit=96.8% (records_manager.py:1345)
20:14:37.869 INFO       srv    prefix_cache_hit=97.2% unique_in_srv=1,305,234 kv_usage=2.7% queue=1r/0w tput_in_srv=27,623/s tput_out_srv=253/s (records_manager.py:1345)
20:15:08.373 INFO     [realtime 28:47 profiling] (records_manager.py:1345)
20:15:08.373 INFO       rps=0.2 (avg 0.2)  tput_in=28,008/s  tput_out=251/s  done=296 ok=296 err=0 (records_manager.py:1345)
20:15:08.373 INFO       ttft    p50=  382ms  p75=  723ms  p95= 1,174ms  p99= 1,398ms (records_manager.py:1345)
20:15:08.373 INFO       itl     p50=    4ms  p75=    5ms  p95=     6ms  p99=     6ms (records_manager.py:1345)
20:15:08.373 INFO       e2e     p50=3,262ms  p75=7,991ms  p95=25,174ms  p99=50,892ms (records_manager.py:1345)
20:15:08.373 INFO       intvty  p50=    241  p75=    254  p95=     305  p99=   5,899  (1/tpot tok/s) (records_manager.py:1345)
20:15:08.373 INFO       isl     p50=117,391  p75=211,770  p90= 372,792  p99= 525,100  (tokens) (records_manager.py:1345)
20:15:08.373 INFO       osl     p50=    672  p75=  1,624  p90=   3,664  p99=  11,145  (tokens) (records_manager.py:1345)
20:15:08.373 INFO       tot     in=48,311,083  out=432,956 (records_manager.py:1345)
20:15:08.373 INFO       trace  theoretical_prefix_cache_hit=96.9% (records_manager.py:1345)
20:15:08.373 INFO       srv    prefix_cache_hit=97.3% unique_in_srv=1,314,859 kv_usage=0.0% queue=0r/0w tput_in_srv=27,972/s tput_out_srv=251/s (records_manager.py:1345)
20:15:38.925 INFO     [realtime 29:18 profiling] (records_manager.py:1345)
20:15:38.925 INFO       rps=0.3 (avg 0.2)  tput_in=27,822/s  tput_out=248/s  done=304 ok=304 err=0 (records_manager.py:1345)
20:15:38.925 INFO       ttft    p50=  375ms  p75=  720ms  p95= 1,176ms  p99= 1,537ms (records_manager.py:1345)
20:15:38.925 INFO       itl     p50=    4ms  p75=    5ms  p95=     6ms  p99=     6ms (records_manager.py:1345)
20:15:38.925 INFO       e2e     p50=3,166ms  p75=7,960ms  p95=24,930ms  p99=49,594ms (records_manager.py:1345)
20:15:38.925 INFO       intvty  p50=    241  p75=    253  p95=     306  p99=   5,766  (1/tpot tok/s) (records_manager.py:1345)
20:15:38.925 INFO       isl     p50=115,162  p75=209,216  p90= 370,398  p99= 524,920  (tokens) (records_manager.py:1345)
20:15:38.925 INFO       osl     p50=    622  p75=  1,590  p90=   3,578  p99=  10,871  (tokens) (records_manager.py:1345)
20:15:38.925 INFO       tot     in=48,805,182  out=435,324 (records_manager.py:1345)
20:15:38.925 INFO       trace  theoretical_prefix_cache_hit=96.8% (records_manager.py:1345)
20:15:38.925 INFO       srv    prefix_cache_hit=97.2% unique_in_srv=1,397,309 kv_usage=7.5% queue=2r/0w tput_in_srv=28,111/s tput_out_srv=250/s (records_manager.py:1345)
20:16:05.942 INFO     Per-trace idle cap advanced replay root 90f69a15-9972-4ee6-a515-56ef34fea483 by 57.813s (replay_dependencies.py:324)
20:16:09.476 INFO     [realtime 29:49 profiling] (records_manager.py:1345)
20:16:09.476 INFO       rps=0.2 (avg 0.2)  tput_in=28,035/s  tput_out=249/s  done=309 ok=309 err=0 (records_manager.py:1345)
20:16:09.476 INFO       ttft    p50=  376ms  p75=  719ms  p95= 1,175ms  p99= 1,530ms (records_manager.py:1345)
20:16:09.476 INFO       itl     p50=    4ms  p75=    5ms  p95=     6ms  p99=     6ms (records_manager.py:1345)
20:16:09.476 INFO       e2e     p50=3,198ms  p75=7,959ms  p95=25,403ms  p99=49,182ms (records_manager.py:1345)
20:16:09.477 INFO       intvty  p50=    240  p75=    253  p95=     307  p99=   5,658  (1/tpot tok/s) (records_manager.py:1345)
20:16:09.477 INFO       isl     p50=114,714  p75=210,891  p90= 372,520  p99= 526,781  (tokens) (records_manager.py:1345)
20:16:09.477 INFO       osl     p50=    623  p75=  1,584  p90=   3,646  p99=  10,802  (tokens) (records_manager.py:1345)
20:16:09.477 INFO       tot     in=49,812,137  out=443,206 (records_manager.py:1345)
20:16:09.477 INFO       trace  theoretical_prefix_cache_hit=96.8% (records_manager.py:1345)
20:16:09.477 INFO       srv    prefix_cache_hit=97.2% unique_in_srv=1,418,540 kv_usage=10.4% queue=2r/0w tput_in_srv=28,326/s tput_out_srv=248/s (records_manager.py:1345)
20:16:39.928 INFO     [realtime 30:19 profiling] (records_manager.py:1345)
20:16:39.929 INFO       rps=0.1 (avg 0.2)  tput_in=28,079/s  tput_out=248/s  done=313 ok=313 err=0 (records_manager.py:1345)
20:16:39.929 INFO       ttft    p50=  378ms  p75=  722ms  p95= 1,182ms  p99= 1,524ms (records_manager.py:1345)
20:16:39.929 INFO       itl     p50=    4ms  p75=    5ms  p95=     6ms  p99=     6ms (records_manager.py:1345)
20:16:39.929 INFO       e2e     p50=3,224ms  p75=7,959ms  p95=25,272ms  p99=48,852ms (records_manager.py:1345)
20:16:39.929 INFO       intvty  p50=    240  p75=    253  p95=     307  p99=   5,562  (1/tpot tok/s) (records_manager.py:1345)
20:16:39.929 INFO       isl     p50=115,610  p75=213,403  p90= 373,065  p99= 528,971  (tokens) (records_manager.py:1345)
20:16:39.929 INFO       osl     p50=    633  p75=  1,584  p90=   3,682  p99=  10,748  (tokens) (records_manager.py:1345)
20:16:39.929 INFO       tot     in=51,058,194  out=451,458 (records_manager.py:1345)
20:16:39.929 INFO       trace  theoretical_prefix_cache_hit=96.9% (records_manager.py:1345)
20:16:39.929 INFO       srv    prefix_cache_hit=97.2% unique_in_srv=1,419,154 kv_usage=0.0% queue=0r/0w tput_in_srv=28,072/s tput_out_srv=248/s (records_manager.py:1345)
20:17:10.541 INFO     [realtime 30:50 profiling] (records_manager.py:1345)
20:17:10.541 INFO       rps=0.2 (avg 0.2)  tput_in=28,021/s  tput_out=249/s  done=318 ok=318 err=0 (records_manager.py:1345)
20:17:10.541 INFO       ttft    p50=  379ms  p75=  718ms  p95= 1,179ms  p99= 1,516ms (records_manager.py:1345)
20:17:10.541 INFO       itl     p50=    4ms  p75=    5ms  p95=     6ms  p99=     6ms (records_manager.py:1345)
20:17:10.541 INFO       e2e     p50=3,243ms  p75=7,899ms  p95=25,109ms  p99=48,439ms (records_manager.py:1345)
20:17:10.541 INFO       intvty  p50=    240  p75=    253  p95=     307  p99=   5,442  (1/tpot tok/s) (records_manager.py:1345)
20:17:10.541 INFO       isl     p50=115,162  p75=214,130  p90= 372,611  p99= 528,855  (tokens) (records_manager.py:1345)
20:17:10.541 INFO       osl     p50=    646  p75=  1,602  p90=   3,732  p99=  10,679  (tokens) (records_manager.py:1345)
20:17:10.541 INFO       tot     in=51,756,404  out=459,303 (records_manager.py:1345)
20:17:10.541 INFO       trace  theoretical_prefix_cache_hit=96.9% (records_manager.py:1345)
20:17:10.541 INFO       srv    prefix_cache_hit=97.2% unique_in_srv=1,440,244 kv_usage=0.0% queue=0r/0w tput_in_srv=27,984/s tput_out_srv=248/s (records_manager.py:1345)
20:17:41.110 INFO     [realtime 31:20 profiling] (records_manager.py:1345)
20:17:41.110 INFO       rps=0.1 (avg 0.2)  tput_in=27,892/s  tput_out=248/s  done=321 ok=321 err=0 (records_manager.py:1345)
20:17:41.110 INFO       ttft    p50=  378ms  p75=  719ms  p95= 1,190ms  p99= 1,512ms (records_manager.py:1345)
20:17:41.110 INFO       itl     p50=    4ms  p75=    5ms  p95=     6ms  p99=     6ms (records_manager.py:1345)
20:17:41.110 INFO       e2e     p50=3,249ms  p75=7,959ms  p95=25,011ms  p99=48,191ms (records_manager.py:1345)
20:17:41.110 INFO       intvty  p50=    240  p75=    253  p95=     307  p99=   5,370  (1/tpot tok/s) (records_manager.py:1345)
20:17:41.110 INFO       isl     p50=114,714  p75=214,373  p90= 373,246  p99= 530,588  (tokens) (records_manager.py:1345)
20:17:41.110 INFO       osl     p50=    669  p75=  1,608  p90=   3,822  p99=  10,638  (tokens) (records_manager.py:1345)
20:17:41.111 INFO       tot     in=52,432,698  out=466,002 (records_manager.py:1345)
20:17:41.111 INFO       trace  theoretical_prefix_cache_hit=96.9% (records_manager.py:1345)
20:17:41.111 INFO       srv    prefix_cache_hit=97.2% unique_in_srv=1,445,306 kv_usage=0.9% queue=1r/0w tput_in_srv=27,893/s tput_out_srv=248/s (records_manager.py:1345)
20:18:11.584 INFO     [realtime 31:51 profiling] (records_manager.py:1345)
20:18:11.584 INFO       rps=0.2 (avg 0.2)  tput_in=27,807/s  tput_out=247/s  done=326 ok=326 err=0 (records_manager.py:1345)
20:18:11.584 INFO       ttft    p50=  379ms  p75=  718ms  p95= 1,187ms  p99= 1,504ms (records_manager.py:1345)
20:18:11.584 INFO       itl     p50=    4ms  p75=    5ms  p95=     6ms  p99=     6ms (records_manager.py:1345)
20:18:11.584 INFO       e2e     p50=3,300ms  p75=7,899ms  p95=24,941ms  p99=47,779ms (records_manager.py:1345)
20:18:11.584 INFO       intvty  p50=    241  p75=    253  p95=     306  p99=   5,250  (1/tpot tok/s) (records_manager.py:1345)
20:18:11.584 INFO       isl     p50=113,558  p75=214,130  p90= 372,792  p99= 530,504  (tokens) (records_manager.py:1345)
20:18:11.584 INFO       osl     p50=    680  p75=  1,602  p90=   3,758  p99=  10,570  (tokens) (records_manager.py:1345)
20:18:11.584 INFO       tot     in=53,050,177  out=471,984 (records_manager.py:1345)
20:18:11.584 INFO       trace  theoretical_prefix_cache_hit=96.9% (records_manager.py:1345)
20:18:11.584 INFO       srv    prefix_cache_hit=97.2% unique_in_srv=1,508,785 kv_usage=0.1% queue=2r/0w tput_in_srv=27,771/s tput_out_srv=248/s (records_manager.py:1345)
20:18:32.161 INFO     Per-trace idle cap advanced replay root c2f92538-54d6-4637-a003-0bcd9980eb8f by 5454.483s (replay_dependencies.py:324)
20:18:42.174 INFO     [realtime 32:21 profiling] (records_manager.py:1345)
20:18:42.175 INFO       rps=0.2 (avg 0.2)  tput_in=27,998/s  tput_out=245/s  done=331 ok=331 err=0 (records_manager.py:1345)
20:18:42.175 INFO       ttft    p50=  380ms  p75=  724ms  p95= 1,191ms  p99= 1,502ms (records_manager.py:1345)
20:18:42.175 INFO       itl     p50=    4ms  p75=    5ms  p95=     6ms  p99=     6ms (records_manager.py:1345)
20:18:42.175 INFO       e2e     p50=3,327ms  p75=7,839ms  p95=24,870ms  p99=47,366ms (records_manager.py:1345)
20:18:42.175 INFO       intvty  p50=    241  p75=    253  p95=     306  p99=   5,130  (1/tpot tok/s) (records_manager.py:1345)
20:18:42.175 INFO       isl     p50=114,714  p75=215,307  p90= 374,213  p99= 531,335  (tokens) (records_manager.py:1345)
20:18:42.175 INFO       osl     p50=    676  p75=  1,596  p90=   3,694  p99=  10,501  (tokens) (records_manager.py:1345)
20:18:42.175 INFO       tot     in=54,342,663  out=476,347 (records_manager.py:1345)
20:18:42.175 INFO       trace  theoretical_prefix_cache_hit=96.9% (records_manager.py:1345)
20:18:42.175 INFO       srv    prefix_cache_hit=97.2% unique_in_srv=1,519,980 kv_usage=6.2% queue=2r/0w tput_in_srv=28,067/s tput_out_srv=247/s (records_manager.py:1345)
20:19:12.772 INFO     [realtime 32:52 profiling] (records_manager.py:1345)
20:19:12.772 INFO       rps=0.2 (avg 0.2)  tput_in=28,810/s  tput_out=246/s  done=338 ok=338 err=0 (records_manager.py:1345)
20:19:12.773 INFO       ttft    p50=  383ms  p75=  730ms  p95= 1,193ms  p99= 1,492ms (records_manager.py:1345)
20:19:12.773 INFO       itl     p50=    4ms  p75=    5ms  p95=     6ms  p99=     6ms (records_manager.py:1345)
20:19:12.773 INFO       e2e     p50=3,300ms  p75=7,899ms  p95=24,771ms  p99=46,788ms (records_manager.py:1345)
20:19:12.773 INFO       intvty  p50=    241  p75=    254  p95=     305  p99=   4,962  (1/tpot tok/s) (records_manager.py:1345)
20:19:12.773 INFO       isl     p50=116,854  p75=225,971  p90= 406,805  p99= 533,132  (tokens) (records_manager.py:1345)
20:19:12.773 INFO       osl     p50=    672  p75=  1,602  p90=   3,714  p99=  10,405  (tokens) (records_manager.py:1345)
20:19:12.773 INFO       tot     in=56,749,822  out=484,027 (records_manager.py:1345)
20:19:12.773 INFO       trace  theoretical_prefix_cache_hit=97.0% (records_manager.py:1345)
20:19:12.773 INFO       srv    prefix_cache_hit=97.3% unique_in_srv=1,535,591 kv_usage=4.7% queue=2r/0w tput_in_srv=28,978/s tput_out_srv=250/s (records_manager.py:1345)
20:19:43.383 INFO     [realtime 33:23 profiling] (records_manager.py:1345)
20:19:43.384 INFO       rps=0.2 (avg 0.2)  tput_in=29,016/s  tput_out=251/s  done=345 ok=345 err=0 (records_manager.py:1345)
20:19:43.384 INFO       ttft    p50=  388ms  p75=  730ms  p95= 1,192ms  p99= 1,483ms (records_manager.py:1345)
20:19:43.384 INFO       itl     p50=    4ms  p75=    5ms  p95=     6ms  p99=     6ms (records_manager.py:1345)
20:19:43.384 INFO       e2e     p50=3,274ms  p75=7,719ms  p95=24,955ms  p99=58,221ms (records_manager.py:1345)
20:19:43.384 INFO       intvty  p50=    241  p75=    254  p95=     306  p99=   4,794  (1/tpot tok/s) (records_manager.py:1345)
20:19:43.384 INFO       isl     p50=117,603  p75=228,659  p90= 378,936  p99= 532,952  (tokens) (records_manager.py:1345)
20:19:43.384 INFO       osl     p50=    669  p75=  1,584  p90=   3,734  p99=  12,740  (tokens) (records_manager.py:1345)
20:19:43.384 INFO       tot     in=57,884,316  out=500,805 (records_manager.py:1345)
20:19:43.384 INFO       trace  theoretical_prefix_cache_hit=96.9% (records_manager.py:1345)
20:19:43.384 INFO       srv    prefix_cache_hit=97.2% unique_in_srv=1,598,556 kv_usage=1.8% queue=1r/0w tput_in_srv=28,984/s tput_out_srv=251/s (records_manager.py:1345)
20:20:13.950 INFO     [realtime 33:53 profiling] (records_manager.py:1345)
20:20:13.950 INFO       rps=0.0 (avg 0.2)  tput_in=29,070/s  tput_out=249/s  done=346 ok=346 err=0 (records_manager.py:1345)
20:20:13.950 INFO       ttft    p50=  389ms  p75=  735ms  p95= 1,195ms  p99= 1,482ms (records_manager.py:1345)
20:20:13.950 INFO       itl     p50=    4ms  p75=    5ms  p95=     6ms  p99=     6ms (records_manager.py:1345)
20:20:13.950 INFO       e2e     p50=3,262ms  p75=7,673ms  p95=24,941ms  p99=58,071ms (records_manager.py:1345)
20:20:13.950 INFO       intvty  p50=    241  p75=    254  p95=     307  p99=   4,771  (1/tpot tok/s) (records_manager.py:1345)
20:20:13.950 INFO       isl     p50=117,621  p75=229,866  p90= 423,606  p99= 535,180  (tokens) (records_manager.py:1345)
20:20:13.950 INFO       osl     p50=    663  p75=  1,580  p90=   3,728  p99=  12,708  (tokens) (records_manager.py:1345)
20:20:13.950 INFO       tot     in=58,427,654  out=500,965 (records_manager.py:1345)
20:20:13.950 INFO       trace  theoretical_prefix_cache_hit=97.0% (records_manager.py:1345)
20:20:13.950 INFO       srv    prefix_cache_hit=97.3% unique_in_srv=1,601,350 kv_usage=1.9% queue=1r/0w tput_in_srv=28,814/s tput_out_srv=251/s (records_manager.py:1345)
20:20:44.510 INFO     [realtime 34:24 profiling] (records_manager.py:1345)
20:20:44.511 INFO       rps=0.0 (avg 0.2)  tput_in=28,688/s  tput_out=244/s  done=347 ok=347 err=0 (records_manager.py:1345)
20:20:44.511 INFO       ttft    p50=  389ms  p75=  739ms  p95= 1,199ms  p99= 1,480ms (records_manager.py:1345)
20:20:44.511 INFO       itl     p50=    4ms  p75=    5ms  p95=     6ms  p99=     6ms (records_manager.py:1345)
20:20:44.511 INFO       e2e     p50=3,274ms  p75=7,627ms  p95=24,927ms  p99=57,922ms (records_manager.py:1345)
20:20:44.511 INFO       intvty  p50=    241  p75=    254  p95=     307  p99=   4,747  (1/tpot tok/s) (records_manager.py:1345)
20:20:44.511 INFO       isl     p50=117,639  p75=231,792  p90= 466,280  p99= 537,808  (tokens) (records_manager.py:1345)
20:20:44.511 INFO       osl     p50=    669  p75=  1,576  p90=   3,721  p99=  12,675  (tokens) (records_manager.py:1345)
20:20:44.511 INFO       tot     in=58,973,882  out=502,246 (records_manager.py:1345)
20:20:44.511 INFO       trace  theoretical_prefix_cache_hit=97.0% (records_manager.py:1345)
20:20:44.511 INFO       srv    prefix_cache_hit=97.3% unique_in_srv=1,604,474 kv_usage=2.0% queue=1r/0w tput_in_srv=28,651/s tput_out_srv=251/s (records_manager.py:1345)
20:21:15.079 INFO     [realtime 34:54 profiling] (records_manager.py:1345)
20:21:15.079 INFO       rps=0.3 (avg 0.2)  tput_in=28,597/s  tput_out=251/s  done=356 ok=356 err=0 (records_manager.py:1345)
20:21:15.079 INFO       ttft    p50=  389ms  p75=  732ms  p95= 1,197ms  p99= 1,468ms (records_manager.py:1345)
20:21:15.079 INFO       itl     p50=    4ms  p75=    5ms  p95=     6ms  p99=     6ms (records_manager.py:1345)
20:21:15.079 INFO       e2e     p50=3,230ms  p75=7,581ms  p95=25,174ms  p99=67,523ms (records_manager.py:1345)
20:21:15.079 INFO       intvty  p50=    242  p75=    254  p95=     307  p99=   4,531  (1/tpot tok/s) (records_manager.py:1345)
20:21:15.079 INFO       isl     p50=117,621  p75=227,017  p90= 423,606  p99= 537,520  (tokens) (records_manager.py:1345)
20:21:15.079 INFO       osl     p50=    634  p75=  1,573  p90=   3,728  p99=  14,803  (tokens) (records_manager.py:1345)
20:21:15.079 INFO       tot     in=59,871,015  out=524,986 (records_manager.py:1345)
20:21:15.079 INFO       trace  theoretical_prefix_cache_hit=97.0% (records_manager.py:1345)
20:21:15.079 INFO       srv    prefix_cache_hit=97.3% unique_in_srv=1,639,719 kv_usage=0.0% queue=0r/0w tput_in_srv=28,594/s tput_out_srv=251/s (records_manager.py:1345)
20:21:45.657 INFO     [realtime 35:25 profiling] (records_manager.py:1345)
20:21:45.657 INFO       rps=0.2 (avg 0.2)  tput_in=28,957/s  tput_out=249/s  done=362 ok=362 err=0 (records_manager.py:1345)
20:21:45.657 INFO       ttft    p50=  392ms  p75=  730ms  p95= 1,200ms  p99= 1,460ms (records_manager.py:1345)
20:21:45.657 INFO       itl     p50=    4ms  p75=    5ms  p95=     6ms  p99=     6ms (records_manager.py:1345)
20:21:45.657 INFO       e2e     p50=3,211ms  p75=7,426ms  p95=24,997ms  p99=67,161ms (records_manager.py:1345)
20:21:45.657 INFO       intvty  p50=    242  p75=    254  p95=     308  p99=   4,387  (1/tpot tok/s) (records_manager.py:1345)
20:21:45.657 INFO       isl     p50=119,064  p75=225,971  p90= 457,210  p99= 539,862  (tokens) (records_manager.py:1345)
20:21:45.657 INFO       osl     p50=    628  p75=  1,557  p90=   3,688  p99=  14,719  (tokens) (records_manager.py:1345)
20:21:45.657 INFO       tot     in=61,285,089  out=527,857 (records_manager.py:1345)
20:21:45.657 INFO       trace  theoretical_prefix_cache_hit=97.0% (records_manager.py:1345)
20:21:45.657 INFO       srv    prefix_cache_hit=97.3% unique_in_srv=1,648,353 kv_usage=0.0% queue=0r/0w tput_in_srv=28,847/s tput_out_srv=248/s (records_manager.py:1345)
20:22:16.222 INFO     [realtime 35:55 profiling] (records_manager.py:1345)
20:22:16.222 INFO       rps=0.1 (avg 0.2)  tput_in=28,891/s  tput_out=246/s  done=366 ok=366 err=0 (records_manager.py:1345)
20:22:16.222 INFO       ttft    p50=  392ms  p75=  730ms  p95= 1,199ms  p99= 1,455ms (records_manager.py:1345)
20:22:16.222 INFO       itl     p50=    4ms  p75=    5ms  p95=     6ms  p99=     6ms (records_manager.py:1345)
20:22:16.222 INFO       e2e     p50=3,125ms  p75=7,212ms  p95=24,941ms  p99=66,919ms (records_manager.py:1345)
20:22:16.222 INFO       intvty  p50=    242  p75=    254  p95=     314  p99=   4,291  (1/tpot tok/s) (records_manager.py:1345)
20:22:16.222 INFO       isl     p50=119,064  p75=228,112  p90= 423,772  p99= 539,803  (tokens) (records_manager.py:1345)
20:22:16.222 INFO       osl     p50=    622  p75=  1,543  p90=   3,664  p99=  14,664  (tokens) (records_manager.py:1345)
20:22:16.222 INFO       tot     in=62,031,455  out=528,884 (records_manager.py:1345)
20:22:16.222 INFO       trace  theoretical_prefix_cache_hit=97.0% (records_manager.py:1345)
20:22:16.222 INFO       srv    prefix_cache_hit=97.3% unique_in_srv=1,653,599 kv_usage=0.0% queue=0r/0w tput_in_srv=28,783/s tput_out_srv=245/s (records_manager.py:1345)
20:22:46.798 INFO     [realtime 36:26 profiling] (records_manager.py:1345)
20:22:46.798 INFO       rps=0.0 (avg 0.2)  tput_in=28,746/s  tput_out=245/s  done=367 ok=367 err=0 (records_manager.py:1345)
20:22:46.798 INFO       ttft    p50=  392ms  p75=  733ms  p95= 1,206ms  p99= 1,453ms (records_manager.py:1345)
20:22:46.798 INFO       itl     p50=    4ms  p75=    5ms  p95=     6ms  p99=     6ms (records_manager.py:1345)
20:22:46.798 INFO       e2e     p50=3,134ms  p75=7,365ms  p95=24,927ms  p99=66,859ms (records_manager.py:1345)
20:22:46.798 INFO       intvty  p50=    242  p75=    254  p95=     314  p99=   4,267  (1/tpot tok/s) (records_manager.py:1345)
20:22:46.798 INFO       isl     p50=119,516  p75=229,464  p90= 466,280  p99= 541,642  (tokens) (records_manager.py:1345)
20:22:46.798 INFO       osl     p50=    623  p75=  1,554  p90=   3,721  p99=  14,650  (tokens) (records_manager.py:1345)
20:22:46.798 INFO       tot     in=62,581,286  out=533,268 (records_manager.py:1345)
20:22:46.798 INFO       trace  theoretical_prefix_cache_hit=97.1% (records_manager.py:1345)
20:22:46.798 INFO       srv    prefix_cache_hit=97.4% unique_in_srv=1,658,897 kv_usage=0.7% queue=1r/0w tput_in_srv=28,663/s tput_out_srv=244/s (records_manager.py:1345)
20:23:17.379 INFO     [realtime 36:56 profiling] (records_manager.py:1345)
20:23:17.380 INFO       rps=0.1 (avg 0.2)  tput_in=28,525/s  tput_out=244/s  done=370 ok=370 err=0 (records_manager.py:1345)
20:23:17.380 INFO       ttft    p50=  391ms  p75=  730ms  p95= 1,204ms  p99= 1,449ms (records_manager.py:1345)
20:23:17.380 INFO       itl     p50=    4ms  p75=    5ms  p95=     6ms  p99=     6ms (records_manager.py:1345)
20:23:17.380 INFO       e2e     p50=3,166ms  p75=7,426ms  p95=24,884ms  p99=66,677ms (records_manager.py:1345)
20:23:17.380 INFO       intvty  p50=    242  p75=    254  p95=     313  p99=   4,195  (1/tpot tok/s) (records_manager.py:1345)
20:23:17.380 INFO       isl     p50=118,432  p75=228,112  p90= 465,778  p99= 541,565  (tokens) (records_manager.py:1345)
20:23:17.380 INFO       osl     p50=    628  p75=  1,557  p90=   3,701  p99=  14,608  (tokens) (records_manager.py:1345)
20:23:17.380 INFO       tot     in=62,766,983  out=536,506 (records_manager.py:1345)
20:23:17.380 INFO       trace  theoretical_prefix_cache_hit=97.1% (records_manager.py:1345)
20:23:17.380 INFO       srv    prefix_cache_hit=97.4% unique_in_srv=1,664,022 kv_usage=6.8% queue=1r/0w tput_in_srv=28,571/s tput_out_srv=243/s (records_manager.py:1345)
20:23:47.956 INFO     [realtime 37:27 profiling] (records_manager.py:1345)
20:23:47.956 INFO       rps=0.1 (avg 0.2)  tput_in=28,503/s  tput_out=241/s  done=372 ok=372 err=0 (records_manager.py:1345)
20:23:47.956 INFO       ttft    p50=  392ms  p75=  732ms  p95= 1,210ms  p99= 1,447ms (records_manager.py:1345)
20:23:47.956 INFO       itl     p50=    4ms  p75=    5ms  p95=     6ms  p99=     6ms (records_manager.py:1345)
20:23:47.956 INFO       e2e     p50=3,166ms  p75=7,305ms  p95=24,856ms  p99=66,557ms (records_manager.py:1345)
20:23:47.956 INFO       intvty  p50=    242  p75=    255  p95=     313  p99=   4,147  (1/tpot tok/s) (records_manager.py:1345)
20:23:47.956 INFO       isl     p50=119,064  p75=229,061  p90= 467,117  p99= 544,176  (tokens) (records_manager.py:1345)
20:23:47.956 INFO       osl     p50=    628  p75=  1,550  p90=   3,688  p99=  14,580  (tokens) (records_manager.py:1345)
20:23:47.957 INFO       tot     in=63,494,447  out=537,852 (records_manager.py:1345)
20:23:47.957 INFO       trace  theoretical_prefix_cache_hit=97.1% (records_manager.py:1345)
20:23:47.957 INFO       srv    prefix_cache_hit=97.4% unique_in_srv=1,667,207 kv_usage=6.8% queue=1r/0w tput_in_srv=28,506/s tput_out_srv=240/s (records_manager.py:1345)
20:24:18.532 INFO     [realtime 37:58 profiling] (records_manager.py:1345)
20:24:18.533 INFO       rps=0.1 (avg 0.2)  tput_in=28,431/s  tput_out=238/s  done=375 ok=375 err=0 (records_manager.py:1345)
20:24:18.533 INFO       ttft    p50=  392ms  p75=  739ms  p95= 1,235ms  p99= 1,443ms (records_manager.py:1345)
20:24:18.533 INFO       itl     p50=    4ms  p75=    5ms  p95=     6ms  p99=     6ms (records_manager.py:1345)
20:24:18.533 INFO       e2e     p50=3,198ms  p75=7,365ms  p95=24,814ms  p99=66,375ms (records_manager.py:1345)
20:24:18.533 INFO       intvty  p50=    242  p75=    255  p95=     312  p99=   4,075  (1/tpot tok/s) (records_manager.py:1345)
20:24:18.533 INFO       isl     p50=119,516  p75=231,792  p90= 471,050  p99= 548,166  (tokens) (records_manager.py:1345)
20:24:18.533 INFO       osl     p50=    633  p75=  1,554  p90=   3,670  p99=  14,539  (tokens) (records_manager.py:1345)
20:24:18.533 INFO       tot     in=64,667,766  out=541,192 (records_manager.py:1345)
20:24:18.533 INFO       trace  theoretical_prefix_cache_hit=97.1% (records_manager.py:1345)
20:24:18.533 INFO       srv    prefix_cache_hit=97.4% unique_in_srv=1,671,414 kv_usage=0.0% queue=0r/0w tput_in_srv=28,398/s tput_out_srv=238/s (records_manager.py:1345)
20:24:49.130 INFO     [realtime 38:28 profiling] (records_manager.py:1345)
20:24:49.130 INFO       rps=0.1 (avg 0.2)  tput_in=28,659/s  tput_out=236/s  done=377 ok=377 err=0 (records_manager.py:1345)
20:24:49.130 INFO       ttft    p50=  396ms  p75=  755ms  p95= 1,250ms  p99= 1,440ms (records_manager.py:1345)
20:24:49.130 INFO       itl     p50=    4ms  p75=    5ms  p95=     6ms  p99=     6ms (records_manager.py:1345)
20:24:49.130 INFO       e2e     p50=3,224ms  p75=7,245ms  p95=24,786ms  p99=66,254ms (records_manager.py:1345)
20:24:49.130 INFO       intvty  p50=    242  p75=    255  p95=     312  p99=   4,027  (1/tpot tok/s) (records_manager.py:1345)
20:24:49.130 INFO       isl     p50=119,800  p75=233,417  p90= 475,138  p99= 551,825  (tokens) (records_manager.py:1345)
20:24:49.130 INFO       osl     p50=    633  p75=  1,546  p90=   3,658  p99=  14,511  (tokens) (records_manager.py:1345)
20:24:49.130 INFO       tot     in=65,783,254  out=542,780 (records_manager.py:1345)
20:24:49.130 INFO       trace  theoretical_prefix_cache_hit=97.2% (records_manager.py:1345)
20:24:49.130 INFO       srv    prefix_cache_hit=97.5% unique_in_srv=1,676,055 kv_usage=6.8% queue=1r/0w tput_in_srv=28,747/s tput_out_srv=235/s (records_manager.py:1345)
20:25:19.722 INFO     [realtime 38:59 profiling] (records_manager.py:1345)
20:25:19.722 INFO       rps=0.1 (avg 0.2)  tput_in=28,771/s  tput_out=234/s  done=379 ok=379 err=0 (records_manager.py:1345)
20:25:19.722 INFO       ttft    p50=  398ms  p75=  771ms  p95= 1,249ms  p99= 1,437ms (records_manager.py:1345)
20:25:19.722 INFO       itl     p50=    4ms  p75=    5ms  p95=     6ms  p99=     6ms (records_manager.py:1345)
20:25:19.722 INFO       e2e     p50=3,224ms  p75=7,365ms  p95=24,757ms  p99=66,134ms (records_manager.py:1345)
20:25:19.722 INFO       intvty  p50=    242  p75=    255  p95=     312  p99=   3,979  (1/tpot tok/s) (records_manager.py:1345)
20:25:19.722 INFO       isl     p50=120,103  p75=233,875  p90= 480,630  p99= 555,666  (tokens) (records_manager.py:1345)
20:25:19.722 INFO       osl     p50=    633  p75=  1,554  p90=   3,646  p99=  14,483  (tokens) (records_manager.py:1345)
20:25:19.722 INFO       tot     in=66,903,715  out=544,605 (records_manager.py:1345)
20:25:19.722 INFO       trace  theoretical_prefix_cache_hit=97.2% (records_manager.py:1345)
20:25:19.722 INFO       srv    prefix_cache_hit=97.5% unique_in_srv=1,678,064 kv_usage=0.8% queue=1r/0w tput_in_srv=28,638/s tput_out_srv=233/s (records_manager.py:1345)
20:25:50.313 INFO     [realtime 39:29 profiling] (records_manager.py:1345)
20:25:50.313 INFO       rps=0.1 (avg 0.2)  tput_in=28,755/s  tput_out=231/s  done=382 ok=382 err=0 (records_manager.py:1345)
20:25:50.313 INFO       ttft    p50=  401ms  p75=  775ms  p95= 1,253ms  p99= 1,433ms (records_manager.py:1345)
20:25:50.313 INFO       itl     p50=    4ms  p75=    5ms  p95=     6ms  p99=     6ms (records_manager.py:1345)
20:25:50.313 INFO       e2e     p50=3,243ms  p75=7,212ms  p95=24,716ms  p99=65,952ms (records_manager.py:1345)
20:25:50.313 INFO       intvty  p50=    242  p75=    254  p95=     312  p99=   3,907  (1/tpot tok/s) (records_manager.py:1345)
20:25:50.313 INFO       isl     p50=120,341  p75=236,316  p90= 485,582  p99= 558,690  (tokens) (records_manager.py:1345)
20:25:50.313 INFO       osl     p50=    634  p75=  1,543  p90=   3,616  p99=  14,441  (tokens) (records_manager.py:1345)
20:25:50.313 INFO       tot     in=68,095,396  out=547,102 (records_manager.py:1345)
20:25:50.313 INFO       trace  theoretical_prefix_cache_hit=97.2% (records_manager.py:1345)
20:25:50.313 INFO       srv    prefix_cache_hit=97.5% unique_in_srv=1,681,572 kv_usage=0.0% queue=0r/0w tput_in_srv=28,742/s tput_out_srv=231/s (records_manager.py:1345)
20:26:20.898 INFO     [realtime 40:00 profiling] (records_manager.py:1345)
20:26:20.898 INFO       rps=0.0 (avg 0.2)  tput_in=28,721/s  tput_out=230/s  done=383 ok=383 err=0 (records_manager.py:1345)
20:26:20.898 INFO       ttft    p50=  405ms  p75=  776ms  p95= 1,253ms  p99= 1,432ms (records_manager.py:1345)
20:26:20.898 INFO       itl     p50=    4ms  p75=    5ms  p95=     6ms  p99=     6ms (records_manager.py:1345)
20:26:20.898 INFO       e2e     p50=3,249ms  p75=7,365ms  p95=24,703ms  p99=65,892ms (records_manager.py:1345)
20:26:20.898 INFO       intvty  p50=    242  p75=    254  p95=     311  p99=   3,883  (1/tpot tok/s) (records_manager.py:1345)
20:26:20.898 INFO       isl     p50=120,579  p75=238,936  p90= 488,377  p99= 559,715  (tokens) (records_manager.py:1345)
20:26:20.898 INFO       osl     p50=    635  p75=  1,554  p90=   3,597  p99=  14,427  (tokens) (records_manager.py:1345)
20:26:20.898 INFO       tot     in=68,661,578  out=549,756 (records_manager.py:1345)
20:26:20.898 INFO       trace  theoretical_prefix_cache_hit=97.2% (records_manager.py:1345)
20:26:20.898 INFO       srv    prefix_cache_hit=97.5% unique_in_srv=1,683,658 kv_usage=0.0% queue=0r/0w tput_in_srv=28,611/s tput_out_srv=229/s (records_manager.py:1345)
20:26:48.029 INFO     Per-trace idle cap advanced replay root c2f92538-54d6-4637-a003-0bcd9980eb8f by 143.618s (replay_dependencies.py:324)
20:26:51.519 INFO     [realtime 40:31 profiling] (records_manager.py:1345)
20:26:51.519 INFO       rps=0.3 (avg 0.2)  tput_in=28,834/s  tput_out=230/s  done=391 ok=391 err=0 (records_manager.py:1345)
20:26:51.519 INFO       ttft    p50=  396ms  p75=  776ms  p95= 1,255ms  p99= 1,421ms (records_manager.py:1345)
20:26:51.519 INFO       itl     p50=    4ms  p75=    5ms  p95=     6ms  p99=     6ms (records_manager.py:1345)
20:26:51.519 INFO       e2e     p50=3,249ms  p75=7,180ms  p95=24,599ms  p99=65,408ms (records_manager.py:1345)
20:26:51.519 INFO       intvty  p50=    242  p75=    254  p95=     310  p99=   3,715  (1/tpot tok/s) (records_manager.py:1345)
20:26:51.519 INFO       isl     p50=119,800  p75=238,936  p90= 488,994  p99= 561,178  (tokens) (records_manager.py:1345)
20:26:51.519 INFO       osl     p50=    635  p75=  1,554  p90=   3,449  p99=  14,316  (tokens) (records_manager.py:1345)
20:26:51.519 INFO       tot     in=70,046,552  out=557,719 (records_manager.py:1345)
20:26:51.519 INFO       trace  theoretical_prefix_cache_hit=97.3% (records_manager.py:1345)
20:26:51.519 INFO       srv    prefix_cache_hit=97.6% unique_in_srv=1,699,800 kv_usage=0.0% queue=0r/0w tput_in_srv=28,824/s tput_out_srv=229/s (records_manager.py:1345)
20:27:07.488 INFO     Per-trace idle cap advanced replay root 00adaa3a-157c-425d-a39c-6403549f27db by 4585.207s (replay_dependencies.py:324)
20:27:22.135 INFO     [realtime 41:01 profiling] (records_manager.py:1345)
20:27:22.135 INFO       rps=0.0 (avg 0.2)  tput_in=28,703/s  tput_out=228/s  done=392 ok=392 err=0 (records_manager.py:1345)
20:27:22.135 INFO       ttft    p50=  397ms  p75=  776ms  p95= 1,254ms  p99= 1,420ms (records_manager.py:1345)
20:27:22.135 INFO       itl     p50=    4ms  p75=    5ms  p95=     6ms  p99=     6ms (records_manager.py:1345)
20:27:22.135 INFO       e2e     p50=3,243ms  p75=7,148ms  p95=24,586ms  p99=65,348ms (records_manager.py:1345)
20:27:22.135 INFO       intvty  p50=    242  p75=    254  p95=     310  p99=   3,691  (1/tpot tok/s) (records_manager.py:1345)
20:27:22.135 INFO       isl     p50=119,952  p75=241,358  p90= 488,686  p99= 561,164  (tokens) (records_manager.py:1345)
20:27:22.135 INFO       osl     p50=    634  p75=  1,550  p90=   3,440  p99=  14,302  (tokens) (records_manager.py:1345)
20:27:22.135 INFO       tot     in=70,296,502  out=558,054 (records_manager.py:1345)
20:27:22.135 INFO       trace  theoretical_prefix_cache_hit=97.3% (records_manager.py:1345)
20:27:22.135 INFO       srv    prefix_cache_hit=97.6% unique_in_srv=1,703,963 kv_usage=11.7% queue=2r/0w tput_in_srv=28,954/s tput_out_srv=229/s (records_manager.py:1345)
20:27:52.749 INFO     [realtime 41:32 profiling] (records_manager.py:1345)
20:27:52.749 INFO       rps=0.2 (avg 0.2)  tput_in=29,188/s  tput_out=229/s  done=397 ok=397 err=0 (records_manager.py:1345)
20:27:52.749 INFO       ttft    p50=  422ms  p75=  787ms  p95= 1,258ms  p99= 1,413ms (records_manager.py:1345)
20:27:52.749 INFO       itl     p50=    4ms  p75=    5ms  p95=     6ms  p99=     6ms (records_manager.py:1345)
20:27:52.749 INFO       e2e     p50=3,236ms  p75=7,245ms  p95=24,521ms  p99=65,046ms (records_manager.py:1345)
20:27:52.749 INFO       intvty  p50=    242  p75=    255  p95=     312  p99=   3,571  (1/tpot tok/s) (records_manager.py:1345)
20:27:52.749 INFO       isl     p50=120,754  p75=247,032  p90= 489,536  p99= 562,527  (tokens) (records_manager.py:1345)
20:27:52.749 INFO       osl     p50=    633  p75=  1,561  p90=   3,643  p99=  14,233  (tokens) (records_manager.py:1345)
20:27:52.749 INFO       tot     in=72,410,915  out=567,015 (records_manager.py:1345)
20:27:52.750 INFO       trace  theoretical_prefix_cache_hit=97.3% (records_manager.py:1345)
20:27:52.750 INFO       srv    prefix_cache_hit=97.6% unique_in_srv=1,713,839 kv_usage=0.9% queue=1r/0w tput_in_srv=29,094/s tput_out_srv=228/s (records_manager.py:1345)
20:28:23.363 INFO     [realtime 42:02 profiling] (records_manager.py:1345)
20:28:23.364 INFO       rps=0.1 (avg 0.2)  tput_in=28,979/s  tput_out=228/s  done=400 ok=400 err=0 (records_manager.py:1345)
20:28:23.364 INFO       ttft    p50=  401ms  p75=  783ms  p95= 1,256ms  p99= 1,409ms (records_manager.py:1345)
20:28:23.364 INFO       itl     p50=    4ms  p75=    5ms  p95=     6ms  p99=     6ms (records_manager.py:1345)
20:28:23.364 INFO       e2e     p50=3,243ms  p75=7,148ms  p95=24,482ms  p99=64,865ms (records_manager.py:1345)
20:28:23.364 INFO       intvty  p50=    242  p75=    255  p95=     312  p99=   3,500  (1/tpot tok/s) (records_manager.py:1345)
20:28:23.364 INFO       isl     p50=120,341  p75=245,488  p90= 489,130  p99= 562,473  (tokens) (records_manager.py:1345)
20:28:23.364 INFO       osl     p50=    634  p75=  1,563  p90=   3,636  p99=  14,191  (tokens) (records_manager.py:1345)
20:28:23.364 INFO       tot     in=72,650,081  out=570,511 (records_manager.py:1345)
20:28:23.364 INFO       trace  theoretical_prefix_cache_hit=97.3% (records_manager.py:1345)
20:28:23.364 INFO       srv    prefix_cache_hit=97.6% unique_in_srv=1,724,875 kv_usage=8.1% queue=2r/0w tput_in_srv=29,066/s tput_out_srv=228/s (records_manager.py:1345)
20:28:28.061 INFO     Per-trace idle cap advanced replay root bcdecaa8-a371-4de0-88f3-1207233f80bf by 3986.117s (replay_dependencies.py:324)
20:28:53.999 INFO     [realtime 42:33 profiling] (records_manager.py:1345)
20:28:53.999 INFO       rps=0.2 (avg 0.2)  tput_in=28,979/s  tput_out=228/s  done=406 ok=406 err=0 (records_manager.py:1345)
20:28:53.999 INFO       ttft    p50=  413ms  p75=  795ms  p95= 1,268ms  p99= 1,535ms (records_manager.py:1345)
20:28:53.999 INFO       itl     p50=    4ms  p75=    5ms  p95=     6ms  p99=     6ms (records_manager.py:1345)
20:28:53.999 INFO       e2e     p50=3,262ms  p75=7,212ms  p95=24,340ms  p99=64,056ms (records_manager.py:1345)
20:28:53.999 INFO       intvty  p50=    242  p75=    255  p95=     311  p99=   3,436  (1/tpot tok/s) (records_manager.py:1345)
20:28:53.999 INFO       isl     p50=119,952  p75=244,492  p90= 489,672  p99= 564,163  (tokens) (records_manager.py:1345)
20:28:53.999 INFO       osl     p50=    637  p75=  1,567  p90=   3,638  p99=  14,014  (tokens) (records_manager.py:1345)
20:28:53.999 INFO       tot     in=73,781,848  out=580,208 (records_manager.py:1345)
20:28:53.999 INFO       trace  theoretical_prefix_cache_hit=97.2% (records_manager.py:1345)
20:28:53.999 INFO       srv    prefix_cache_hit=97.5% unique_in_srv=1,848,408 kv_usage=0.0% queue=0r/0w tput_in_srv=28,902/s tput_out_srv=227/s (records_manager.py:1345)
20:29:24.646 INFO     [realtime 43:04 profiling] (records_manager.py:1345)
20:29:24.646 INFO       rps=0.2 (avg 0.2)  tput_in=28,967/s  tput_out=226/s  done=411 ok=411 err=0 (records_manager.py:1345)
20:29:24.646 INFO       ttft    p50=  405ms  p75=  805ms  p95= 1,270ms  p99= 1,528ms (records_manager.py:1345)
20:29:24.646 INFO       itl     p50=    4ms  p75=    5ms  p95=     6ms  p99=     6ms (records_manager.py:1345)
20:29:24.646 INFO       e2e     p50=3,274ms  p75=7,113ms  p95=24,211ms  p99=63,308ms (records_manager.py:1345)
20:29:24.646 INFO       intvty  p50=    242  p75=    255  p95=     311  p99=   3,416  (1/tpot tok/s) (records_manager.py:1345)
20:29:24.646 INFO       isl     p50=119,557  p75=244,010  p90= 490,349  p99= 565,989  (tokens) (records_manager.py:1345)
20:29:24.646 INFO       osl     p50=    635  p75=  1,554  p90=   3,634  p99=  13,850  (tokens) (records_manager.py:1345)
20:29:24.646 INFO       tot     in=74,723,037  out=583,225 (records_manager.py:1345)
20:29:24.646 INFO       trace  theoretical_prefix_cache_hit=97.2% (records_manager.py:1345)
20:29:24.646 INFO       srv    prefix_cache_hit=97.5% unique_in_srv=1,858,119 kv_usage=1.2% queue=1r/0w tput_in_srv=28,959/s tput_out_srv=226/s (records_manager.py:1345)
20:29:55.287 INFO     [realtime 43:34 profiling] (records_manager.py:1345)
20:29:55.287 INFO       rps=0.1 (avg 0.2)  tput_in=28,923/s  tput_out=226/s  done=413 ok=413 err=0 (records_manager.py:1345)
20:29:55.287 INFO       ttft    p50=  398ms  p75=  797ms  p95= 1,270ms  p99= 1,526ms (records_manager.py:1345)
20:29:55.287 INFO       itl     p50=    4ms  p75=    5ms  p95=     6ms  p99=     6ms (records_manager.py:1345)
20:29:55.287 INFO       e2e     p50=3,274ms  p75=7,110ms  p95=24,159ms  p99=63,009ms (records_manager.py:1345)
20:29:55.288 INFO       intvty  p50=    242  p75=    255  p95=     311  p99=   3,408  (1/tpot tok/s) (records_manager.py:1345)
20:29:55.288 INFO       isl     p50=119,516  p75=243,045  p90= 490,078  p99= 565,951  (tokens) (records_manager.py:1345)
20:29:55.288 INFO       osl     p50=    639  p75=  1,546  p90=   3,611  p99=  13,785  (tokens) (records_manager.py:1345)
20:29:55.288 INFO       tot     in=74,914,108  out=584,879 (records_manager.py:1345)
20:29:55.288 INFO       trace  theoretical_prefix_cache_hit=97.2% (records_manager.py:1345)
20:29:55.288 INFO       srv    prefix_cache_hit=97.5% unique_in_srv=1,863,227 kv_usage=1.3% queue=1r/0w tput_in_srv=28,695/s tput_out_srv=226/s (records_manager.py:1345)
20:30:25.928 INFO     [realtime 44:05 profiling] (records_manager.py:1345)
20:30:25.928 INFO       rps=0.1 (avg 0.2)  tput_in=28,810/s  tput_out=226/s  done=417 ok=417 err=0 (records_manager.py:1345)
20:30:25.928 INFO       ttft    p50=  396ms  p75=  797ms  p95= 1,269ms  p99= 1,520ms (records_manager.py:1345)
20:30:25.928 INFO       itl     p50=    4ms  p75=    5ms  p95=     6ms  p99=     6ms (records_manager.py:1345)
20:30:25.928 INFO       e2e     p50=3,286ms  p75=7,110ms  p95=24,056ms  p99=62,410ms (records_manager.py:1345)
20:30:25.928 INFO       intvty  p50=    242  p75=    255  p95=     312  p99=   3,393  (1/tpot tok/s) (records_manager.py:1345)
20:30:25.928 INFO       isl     p50=118,611  p75=243,045  p90= 489,536  p99= 565,873  (tokens) (records_manager.py:1345)
20:30:25.928 INFO       osl     p50=    646  p75=  1,546  p90=   3,637  p99=  13,655  (tokens) (records_manager.py:1345)
20:30:25.928 INFO       tot     in=75,610,989  out=591,981 (records_manager.py:1345)
20:30:25.928 INFO       trace  theoretical_prefix_cache_hit=97.3% (records_manager.py:1345)
20:30:25.928 INFO       srv    prefix_cache_hit=97.5% unique_in_srv=1,872,067 kv_usage=7.1% queue=1r/0w tput_in_srv=28,806/s tput_out_srv=225/s (records_manager.py:1345)
20:30:56.564 INFO     [realtime 44:36 profiling] (records_manager.py:1345)
20:30:56.564 INFO       rps=0.1 (avg 0.2)  tput_in=28,867/s  tput_out=224/s  done=419 ok=419 err=0 (records_manager.py:1345)
20:30:56.564 INFO       ttft    p50=  398ms  p75=  816ms  p95= 1,276ms  p99= 1,518ms (records_manager.py:1345)
20:30:56.564 INFO       itl     p50=    4ms  p75=    5ms  p95=     6ms  p99=     6ms (records_manager.py:1345)
20:30:56.564 INFO       e2e     p50=3,286ms  p75=7,113ms  p95=24,005ms  p99=62,111ms (records_manager.py:1345)
20:30:56.564 INFO       intvty  p50=    242  p75=    255  p95=     312  p99=   3,385  (1/tpot tok/s) (records_manager.py:1345)
20:30:56.564 INFO       isl     p50=119,516  p75=246,003  p90= 492,586  p99= 571,069  (tokens) (records_manager.py:1345)
20:30:56.564 INFO       osl     p50=    646  p75=  1,554  p90=   3,635  p99=  13,589  (tokens) (records_manager.py:1345)
20:30:56.564 INFO       tot     in=76,768,867  out=594,898 (records_manager.py:1345)
20:30:56.564 INFO       trace  theoretical_prefix_cache_hit=97.3% (records_manager.py:1345)
20:30:56.564 INFO       srv    prefix_cache_hit=97.6% unique_in_srv=1,875,854 kv_usage=7.1% queue=1r/0w tput_in_srv=28,914/s tput_out_srv=223/s (records_manager.py:1345)
20:31:27.226 INFO     [realtime 45:06 profiling] (records_manager.py:1345)
20:31:27.226 INFO       rps=0.1 (avg 0.2)  tput_in=28,827/s  tput_out=221/s  done=423 ok=423 err=0 (records_manager.py:1345)
20:31:27.226 INFO       ttft    p50=  405ms  p75=  818ms  p95= 1,282ms  p99= 1,575ms (records_manager.py:1345)
20:31:27.226 INFO       itl     p50=    4ms  p75=    5ms  p95=     6ms  p99=     6ms (records_manager.py:1345)
20:31:27.226 INFO       e2e     p50=3,286ms  p75=7,113ms  p95=23,947ms  p99=61,513ms (records_manager.py:1345)
20:31:27.226 INFO       intvty  p50=    242  p75=    255  p95=     312  p99=   3,369  (1/tpot tok/s) (records_manager.py:1345)
20:31:27.226 INFO       isl     p50=119,557  p75=247,710  p90= 494,279  p99= 573,260  (tokens) (records_manager.py:1345)
20:31:27.226 INFO       osl     p50=    639  p75=  1,554  p90=   3,611  p99=  13,459  (tokens) (records_manager.py:1345)
20:31:27.226 INFO       tot     in=77,957,314  out=597,926 (records_manager.py:1345)
20:31:27.226 INFO       trace  theoretical_prefix_cache_hit=97.3% (records_manager.py:1345)
20:31:27.226 INFO       srv    prefix_cache_hit=97.5% unique_in_srv=1,964,531 kv_usage=7.2% queue=1r/0w tput_in_srv=29,026/s tput_out_srv=222/s (records_manager.py:1345)
20:31:57.888 INFO     [realtime 45:37 profiling] (records_manager.py:1345)
20:31:57.888 INFO       rps=0.1 (avg 0.2)  tput_in=28,931/s  tput_out=223/s  done=426 ok=426 err=0 (records_manager.py:1345)
20:31:57.888 INFO       ttft    p50=  424ms  p75=  818ms  p95= 1,281ms  p99= 1,573ms (records_manager.py:1345)
20:31:57.888 INFO       itl     p50=    4ms  p75=    5ms  p95=     6ms  p99=     6ms (records_manager.py:1345)
20:31:57.888 INFO       e2e     p50=3,288ms  p75=7,212ms  p95=24,340ms  p99=61,064ms (records_manager.py:1345)
20:31:57.888 INFO       intvty  p50=    242  p75=    255  p95=     311  p99=   3,357  (1/tpot tok/s) (records_manager.py:1345)
20:31:57.888 INFO       isl     p50=119,952  p75=249,299  p90= 495,681  p99= 575,578  (tokens) (records_manager.py:1345)
20:31:57.888 INFO       osl     p50=    642  p75=  1,567  p90=   3,648  p99=  13,361  (tokens) (records_manager.py:1345)
20:31:57.888 INFO       tot     in=79,053,546  out=608,302 (records_manager.py:1345)
20:31:57.888 INFO       trace  theoretical_prefix_cache_hit=97.3% (records_manager.py:1345)
20:31:57.888 INFO       srv    prefix_cache_hit=97.5% unique_in_srv=1,973,233 kv_usage=3.2% queue=1r/0w tput_in_srv=28,983/s tput_out_srv=222/s (records_manager.py:1345)
20:32:28.538 INFO     [realtime 46:08 profiling] (records_manager.py:1345)
20:32:28.538 INFO       rps=0.1 (avg 0.2)  tput_in=28,919/s  tput_out=222/s  done=428 ok=428 err=0 (records_manager.py:1345)
20:32:28.538 INFO       ttft    p50=  428ms  p75=  819ms  p95= 1,287ms  p99= 1,573ms (records_manager.py:1345)
20:32:28.538 INFO       itl     p50=    4ms  p75=    5ms  p95=     6ms  p99=     6ms (records_manager.py:1345)
20:32:28.538 INFO       e2e     p50=3,308ms  p75=7,305ms  p95=24,289ms  p99=60,764ms (records_manager.py:1345)
20:32:28.538 INFO       intvty  p50=    242  p75=    255  p95=     311  p99=   3,349  (1/tpot tok/s) (records_manager.py:1345)
20:32:28.538 INFO       isl     p50=120,341  p75=249,946  p90= 497,193  p99= 577,426  (tokens) (records_manager.py:1345)
20:32:28.538 INFO       osl     p50=    652  p75=  1,573  p90=   3,646  p99=  13,295  (tokens) (records_manager.py:1345)
20:32:28.538 INFO       tot     in=79,899,499  out=612,664 (records_manager.py:1345)
20:32:28.538 INFO       trace  theoretical_prefix_cache_hit=97.4% (records_manager.py:1345)
20:32:28.538 INFO       srv    prefix_cache_hit=97.5% unique_in_srv=1,978,682 kv_usage=3.2% queue=1r/0w tput_in_srv=28,968/s tput_out_srv=223/s (records_manager.py:1345)
20:32:59.210 INFO     [realtime 46:38 profiling] (records_manager.py:1345)
20:32:59.210 INFO       rps=0.1 (avg 0.2)  tput_in=28,883/s  tput_out=222/s  done=430 ok=430 err=0 (records_manager.py:1345)
20:32:59.210 INFO       ttft    p50=  432ms  p75=  818ms  p95= 1,286ms  p99= 1,572ms (records_manager.py:1345)
20:32:59.210 INFO       itl     p50=    4ms  p75=    5ms  p95=     6ms  p99=     6ms (records_manager.py:1345)
20:32:59.210 INFO       e2e     p50=3,332ms  p75=7,523ms  p95=24,237ms  p99=60,465ms (records_manager.py:1345)
20:32:59.210 INFO       intvty  p50=    242  p75=    255  p95=     311  p99=   3,341  (1/tpot tok/s) (records_manager.py:1345)
20:32:59.210 INFO       isl     p50=120,666  p75=251,543  p90= 496,743  p99= 577,393  (tokens) (records_manager.py:1345)
20:32:59.210 INFO       osl     p50=    663  p75=  1,602  p90=   3,643  p99=  13,230  (tokens) (records_manager.py:1345)
20:32:59.210 INFO       tot     in=80,426,134  out=619,091 (records_manager.py:1345)
20:32:59.210 INFO       trace  theoretical_prefix_cache_hit=97.4% (records_manager.py:1345)
20:32:59.210 INFO       srv    prefix_cache_hit=97.5% unique_in_srv=1,983,419 kv_usage=3.3% queue=1r/0w tput_in_srv=28,840/s tput_out_srv=222/s (records_manager.py:1345)
20:33:29.878 INFO     [realtime 47:09 profiling] (records_manager.py:1345)
20:33:29.878 INFO       rps=0.1 (avg 0.2)  tput_in=28,882/s  tput_out=222/s  done=433 ok=433 err=0 (records_manager.py:1345)
20:33:29.878 INFO       ttft    p50=  436ms  p75=  818ms  p95= 1,285ms  p99= 1,571ms (records_manager.py:1345)
20:33:29.878 INFO       itl     p50=    4ms  p75=    5ms  p95=     6ms  p99=     6ms (records_manager.py:1345)
20:33:29.878 INFO       e2e     p50=3,338ms  p75=7,536ms  p95=24,159ms  p99=60,016ms (records_manager.py:1345)
20:33:29.878 INFO       intvty  p50=    242  p75=    255  p95=     311  p99=   3,330  (1/tpot tok/s) (records_manager.py:1345)
20:33:29.878 INFO       isl     p50=120,771  p75=257,536  p90= 496,183  p99= 577,342  (tokens) (records_manager.py:1345)
20:33:29.878 INFO       osl     p50=    669  p75=  1,608  p90=   3,640  p99=  13,132  (tokens) (records_manager.py:1345)
20:33:29.878 INFO       tot     in=81,230,368  out=623,141 (records_manager.py:1345)
20:33:29.878 INFO       trace  theoretical_prefix_cache_hit=97.4% (records_manager.py:1345)
20:33:29.878 INFO       srv    prefix_cache_hit=97.6% unique_in_srv=1,988,067 kv_usage=3.3% queue=1r/0w tput_in_srv=28,813/s tput_out_srv=221/s (records_manager.py:1345)
20:33:34.974 INFO     Per-trace idle cap advanced replay root bcdecaa8-a371-4de0-88f3-1207233f80bf by 67684.005s (replay_dependencies.py:324)
20:34:00.616 INFO     [realtime 47:40 profiling] (records_manager.py:1345)
20:34:00.616 INFO       rps=0.1 (avg 0.2)  tput_in=28,744/s  tput_out=222/s  done=436 ok=436 err=0 (records_manager.py:1345)
20:34:00.616 INFO       ttft    p50=  439ms  p75=  815ms  p95= 1,284ms  p99= 1,569ms (records_manager.py:1345)
20:34:00.617 INFO       itl     p50=    4ms  p75=    5ms  p95=     6ms  p99=     6ms (records_manager.py:1345)
20:34:00.617 INFO       e2e     p50=3,358ms  p75=7,779ms  p95=24,082ms  p99=59,567ms (records_manager.py:1345)
20:34:00.617 INFO       intvty  p50=    242  p75=    254  p95=     311  p99=   3,318  (1/tpot tok/s) (records_manager.py:1345)
20:34:00.617 INFO       isl     p50=121,874  p75=260,134  p90= 495,681  p99= 577,292  (tokens) (records_manager.py:1345)
20:34:00.617 INFO       osl     p50=    676  p75=  1,611  p90=   3,675  p99=  13,034  (tokens) (records_manager.py:1345)
20:34:00.617 INFO       tot     in=81,952,603  out=632,817 (records_manager.py:1345)
20:34:00.617 INFO       trace  theoretical_prefix_cache_hit=97.4% (records_manager.py:1345)
20:34:00.617 INFO       srv    prefix_cache_hit=97.6% unique_in_srv=1,993,051 kv_usage=0.0% queue=0r/0w tput_in_srv=28,662/s tput_out_srv=221/s (records_manager.py:1345)
20:34:31.311 INFO     [realtime 48:10 profiling] (records_manager.py:1345)
20:34:31.311 INFO       rps=0.1 (avg 0.2)  tput_in=28,854/s  tput_out=221/s  done=440 ok=440 err=0 (records_manager.py:1345)
20:34:31.311 INFO       ttft    p50=  444ms  p75=  815ms  p95= 1,290ms  p99= 1,624ms (records_manager.py:1345)
20:34:31.311 INFO       itl     p50=    4ms  p75=    5ms  p95=     6ms  p99=     6ms (records_manager.py:1345)
20:34:31.311 INFO       e2e     p50=3,365ms  p75=7,888ms  p95=23,979ms  p99=58,969ms (records_manager.py:1345)
20:34:31.311 INFO       intvty  p50=    242  p75=    255  p95=     310  p99=   3,302  (1/tpot tok/s) (records_manager.py:1345)
20:34:31.311 INFO       isl     p50=122,919  p75=264,878  p90= 496,743  p99= 579,172  (tokens) (records_manager.py:1345)
20:34:31.311 INFO       osl     p50=    676  p75=  1,624  p90=   3,660  p99=  12,904  (tokens) (records_manager.py:1345)
20:34:31.311 INFO       tot     in=83,372,934  out=637,689 (records_manager.py:1345)
20:34:31.311 INFO       trace  theoretical_prefix_cache_hit=97.4% (records_manager.py:1345)
20:34:31.311 INFO       srv    prefix_cache_hit=97.6% unique_in_srv=2,003,974 kv_usage=0.0% queue=0r/0w tput_in_srv=28,849/s tput_out_srv=221/s (records_manager.py:1345)
20:35:01.996 INFO     [realtime 48:41 profiling] (records_manager.py:1345)
20:35:01.996 INFO       rps=0.1 (avg 0.2)  tput_in=28,849/s  tput_out=220/s  done=442 ok=442 err=0 (records_manager.py:1345)
20:35:01.996 INFO       ttft    p50=  445ms  p75=  817ms  p95= 1,294ms  p99= 1,623ms (records_manager.py:1345)
20:35:01.996 INFO       itl     p50=    4ms  p75=    5ms  p95=     6ms  p99=     6ms (records_manager.py:1345)
20:35:01.996 INFO       e2e     p50=3,365ms  p75=7,935ms  p95=23,950ms  p99=58,670ms (records_manager.py:1345)
20:35:01.996 INFO       intvty  p50=    242  p75=    255  p95=     310  p99=   3,294  (1/tpot tok/s) (records_manager.py:1345)
20:35:01.996 INFO       isl     p50=123,546  p75=268,011  p90= 498,544  p99= 580,762  (tokens) (records_manager.py:1345)
20:35:01.996 INFO       osl     p50=    676  p75=  1,638  p90=   3,690  p99=  12,838  (tokens) (records_manager.py:1345)
20:35:01.996 INFO       tot     in=84,246,025  out=642,079 (records_manager.py:1345)
20:35:01.996 INFO       trace  theoretical_prefix_cache_hit=97.4% (records_manager.py:1345)
20:35:01.996 INFO       srv    prefix_cache_hit=97.6% unique_in_srv=2,008,329 kv_usage=0.0% queue=0r/0w tput_in_srv=28,845/s tput_out_srv=220/s (records_manager.py:1345)
20:35:04.497 INFO     Per-trace idle cap advanced replay root c2f92538-54d6-4637-a003-0bcd9980eb8f by 5077.298s (replay_dependencies.py:324)
20:35:32.674 INFO     [realtime 49:12 profiling] (records_manager.py:1345)
20:35:32.674 INFO       rps=0.1 (avg 0.2)  tput_in=28,933/s  tput_out=220/s  done=444 ok=444 err=0 (records_manager.py:1345)
20:35:32.674 INFO       ttft    p50=  446ms  p75=  819ms  p95= 1,300ms  p99= 1,622ms (records_manager.py:1345)
20:35:32.674 INFO       itl     p50=    4ms  p75=    5ms  p95=     6ms  p99=     6ms (records_manager.py:1345)
20:35:32.674 INFO       e2e     p50=3,381ms  p75=7,967ms  p95=23,944ms  p99=58,371ms (records_manager.py:1345)
20:35:32.674 INFO       intvty  p50=    242  p75=    255  p95=     310  p99=   3,286  (1/tpot tok/s) (records_manager.py:1345)
20:35:32.674 INFO       isl     p50=124,096  p75=269,531  p90= 500,793  p99= 582,243  (tokens) (records_manager.py:1345)
20:35:32.674 INFO       osl     p50=    681  p75=  1,658  p90=   3,741  p99=  12,773  (tokens) (records_manager.py:1345)
20:35:32.674 INFO       tot     in=85,233,393  out=648,560 (records_manager.py:1345)
20:35:32.674 INFO       trace  theoretical_prefix_cache_hit=97.5% (records_manager.py:1345)
20:35:32.674 INFO       srv    prefix_cache_hit=97.6% unique_in_srv=2,010,609 kv_usage=0.0% queue=0r/0w tput_in_srv=28,880/s tput_out_srv=220/s (records_manager.py:1345)
20:36:03.441 INFO     [realtime 49:43 profiling] (records_manager.py:1345)
20:36:03.441 INFO       rps=0.5 (avg 0.2)  tput_in=28,949/s  tput_out=219/s  done=458 ok=458 err=0 (records_manager.py:1345)
20:36:03.441 INFO       ttft    p50=  442ms  p75=  817ms  p95= 1,301ms  p99= 1,612ms (records_manager.py:1345)
20:36:03.441 INFO       itl     p50=    4ms  p75=    5ms  p95=     6ms  p99=     7ms (records_manager.py:1345)
20:36:03.441 INFO       e2e     p50=3,332ms  p75=7,828ms  p95=23,900ms  p99=56,276ms (records_manager.py:1345)
20:36:03.441 INFO       intvty  p50=    242  p75=    255  p95=     309  p99=   3,231  (1/tpot tok/s) (records_manager.py:1345)
20:36:03.441 INFO       isl     p50=120,992  p75=266,067  p90= 499,637  p99= 584,203  (tokens) (records_manager.py:1345)
20:36:03.441 INFO       osl     p50=    658  p75=  1,616  p90=   3,667  p99=  12,316  (tokens) (records_manager.py:1345)
20:36:03.441 INFO       tot     in=86,326,391  out=654,306 (records_manager.py:1345)
20:36:03.441 INFO       trace  theoretical_prefix_cache_hit=97.4% (records_manager.py:1345)
20:36:03.441 INFO       srv    prefix_cache_hit=97.6% unique_in_srv=2,099,831 kv_usage=0.5% queue=1r/0w tput_in_srv=28,950/s tput_out_srv=219/s (records_manager.py:1345)
20:36:13.669 INFO     Per-trace idle cap advanced replay root 7fb07f38-2db9-455e-814b-5c80b7a9f815 by 61.356s (replay_dependencies.py:324)
20:36:34.183 INFO     [realtime 50:13 profiling] (records_manager.py:1345)
20:36:34.183 INFO       rps=0.8 (avg 0.2)  tput_in=29,099/s  tput_out=219/s  done=482 ok=482 err=0 (records_manager.py:1345)
20:36:34.183 INFO       ttft    p50=  401ms  p75=  780ms  p95= 1,294ms  p99= 1,597ms (records_manager.py:1345)
20:36:34.183 INFO       itl     p50=    4ms  p75=    4ms  p95=     6ms  p99=     6ms (records_manager.py:1345)
20:36:34.183 INFO       e2e     p50=3,085ms  p75=7,212ms  p95=23,683ms  p99=52,685ms (records_manager.py:1345)
20:36:34.183 INFO       intvty  p50=    242  p75=    256  p95=     307  p99=   3,137  (1/tpot tok/s) (records_manager.py:1345)
20:36:34.183 INFO       isl     p50=116,854  p75=254,820  p90= 494,562  p99= 583,510  (tokens) (records_manager.py:1345)
20:36:34.183 INFO       osl     p50=    614  p75=  1,567  p90=   3,623  p99=  11,532  (tokens) (records_manager.py:1345)
20:36:34.183 INFO       tot     in=87,658,545  out=659,979 (records_manager.py:1345)
20:36:34.183 INFO       trace  theoretical_prefix_cache_hit=97.4% (records_manager.py:1345)
20:36:34.183 INFO       srv    prefix_cache_hit=97.6% unique_in_srv=2,132,313 kv_usage=7.3% queue=1r/0w tput_in_srv=29,293/s tput_out_srv=219/s (records_manager.py:1345)
20:37:04.924 INFO     [realtime 50:44 profiling] (records_manager.py:1345)
20:37:04.924 INFO       rps=0.2 (avg 0.2)  tput_in=29,170/s  tput_out=220/s  done=488 ok=488 err=0 (records_manager.py:1345)
20:37:04.924 INFO       ttft    p50=  394ms  p75=  777ms  p95= 1,298ms  p99= 1,593ms (records_manager.py:1345)
20:37:04.924 INFO       itl     p50=    4ms  p75=    5ms  p95=     6ms  p99=     6ms (records_manager.py:1345)
20:37:04.924 INFO       e2e     p50=3,085ms  p75=7,427ms  p95=23,596ms  p99=51,787ms (records_manager.py:1345)
20:37:04.924 INFO       intvty  p50=    242  p75=    256  p95=     307  p99=   3,113  (1/tpot tok/s) (records_manager.py:1345)
20:37:04.924 INFO       isl     p50=115,808  p75=252,989  p90= 495,346  p99= 586,717  (tokens) (records_manager.py:1345)
20:37:04.924 INFO       osl     p50=    614  p75=  1,573  p90=   3,636  p99=  11,336  (tokens) (records_manager.py:1345)
20:37:04.924 INFO       tot     in=88,564,794  out=668,373 (records_manager.py:1345)
20:37:04.924 INFO       trace  theoretical_prefix_cache_hit=97.4% (records_manager.py:1345)
20:37:04.924 INFO       srv    prefix_cache_hit=97.6% unique_in_srv=2,147,774 kv_usage=1.0% queue=1r/0w tput_in_srv=29,124/s tput_out_srv=220/s (records_manager.py:1345)
20:37:35.735 INFO     [realtime 51:15 profiling] (records_manager.py:1345)
20:37:35.735 INFO       rps=0.1 (avg 0.2)  tput_in=29,157/s  tput_out=219/s  done=490 ok=490 err=0 (records_manager.py:1345)
20:37:35.735 INFO       ttft    p50=  397ms  p75=  780ms  p95= 1,302ms  p99= 1,591ms (records_manager.py:1345)
20:37:35.735 INFO       itl     p50=    4ms  p75=    4ms  p95=     6ms  p99=     6ms (records_manager.py:1345)
20:37:35.735 INFO       e2e     p50=3,125ms  p75=7,466ms  p95=23,567ms  p99=51,488ms (records_manager.py:1345)
20:37:35.735 INFO       intvty  p50=    242  p75=    256  p95=     307  p99=   3,105  (1/tpot tok/s) (records_manager.py:1345)
20:37:35.735 INFO       isl     p50=115,808  p75=254,820  p90= 496,743  p99= 592,701  (tokens) (records_manager.py:1345)
20:37:35.735 INFO       osl     p50=    618  p75=  1,580  p90=   3,635  p99=  11,271  (tokens) (records_manager.py:1345)
20:37:35.735 INFO       tot     in=89,243,311  out=671,834 (records_manager.py:1345)
20:37:35.735 INFO       trace  theoretical_prefix_cache_hit=97.4% (records_manager.py:1345)
20:37:35.735 INFO       srv    prefix_cache_hit=97.6% unique_in_srv=2,151,465 kv_usage=7.4% queue=1r/0w tput_in_srv=29,225/s tput_out_srv=219/s (records_manager.py:1345)
20:38:06.484 INFO     [realtime 51:46 profiling] (records_manager.py:1345)
20:38:06.484 INFO       rps=0.1 (avg 0.2)  tput_in=28,981/s  tput_out=218/s  done=492 ok=492 err=0 (records_manager.py:1345)
20:38:06.484 INFO       ttft    p50=  397ms  p75=  781ms  p95= 1,307ms  p99= 1,590ms (records_manager.py:1345)
20:38:06.484 INFO       itl     p50=    4ms  p75=    4ms  p95=     6ms  p99=     6ms (records_manager.py:1345)
20:38:06.484 INFO       e2e     p50=3,166ms  p75=7,498ms  p95=23,538ms  p99=51,189ms (records_manager.py:1345)
20:38:06.484 INFO       intvty  p50=    242  p75=    256  p95=     307  p99=   3,097  (1/tpot tok/s) (records_manager.py:1345)
20:38:06.484 INFO       isl     p50=115,808  p75=256,185  p90= 498,544  p99= 594,357  (tokens) (records_manager.py:1345)
20:38:06.484 INFO       osl     p50=    620  p75=  1,586  p90=   3,640  p99=  11,206  (tokens) (records_manager.py:1345)
20:38:06.484 INFO       tot     in=89,955,612  out=677,546 (records_manager.py:1345)
20:38:06.484 INFO       trace  theoretical_prefix_cache_hit=97.5% (records_manager.py:1345)
20:38:06.484 INFO       srv    prefix_cache_hit=97.6% unique_in_srv=2,154,586 kv_usage=1.4% queue=1r/0w tput_in_srv=29,004/s tput_out_srv=218/s (records_manager.py:1345)
20:38:37.313 INFO     [realtime 52:16 profiling] (records_manager.py:1345)
20:38:37.314 INFO       rps=0.2 (avg 0.2)  tput_in=28,898/s  tput_out=217/s  done=498 ok=498 err=0 (records_manager.py:1345)
20:38:37.314 INFO       ttft    p50=  391ms  p75=  776ms  p95= 1,305ms  p99= 1,586ms (records_manager.py:1345)
20:38:37.314 INFO       itl     p50=    4ms  p75=    4ms  p95=     6ms  p99=     6ms (records_manager.py:1345)
20:38:37.314 INFO       e2e     p50=3,125ms  p75=7,368ms  p95=23,452ms  p99=50,291ms (records_manager.py:1345)
20:38:37.314 INFO       intvty  p50=    243  p75=    256  p95=     307  p99=   3,074  (1/tpot tok/s) (records_manager.py:1345)
20:38:37.314 INFO       isl     p50=113,551  p75=251,543  p90= 497,193  p99= 594,245  (tokens) (records_manager.py:1345)
20:38:37.314 INFO       osl     p50=    620  p75=  1,580  p90=   3,636  p99=  11,010  (tokens) (records_manager.py:1345)
20:38:37.314 INFO       tot     in=90,558,855  out=681,415 (records_manager.py:1345)
20:38:37.314 INFO       trace  theoretical_prefix_cache_hit=97.5% (records_manager.py:1345)
20:38:37.314 INFO       srv    prefix_cache_hit=97.6% unique_in_srv=2,165,447 kv_usage=7.4% queue=1r/0w tput_in_srv=29,071/s tput_out_srv=218/s (records_manager.py:1345)
20:39:08.088 INFO     [realtime 52:47 profiling] (records_manager.py:1345)
20:39:08.088 INFO       rps=0.2 (avg 0.2)  tput_in=29,049/s  tput_out=217/s  done=503 ok=503 err=0 (records_manager.py:1345)
20:39:08.088 INFO       ttft    p50=  389ms  p75=  776ms  p95= 1,304ms  p99= 1,583ms (records_manager.py:1345)
20:39:08.088 INFO       itl     p50=    4ms  p75=    4ms  p95=     6ms  p99=     6ms (records_manager.py:1345)
20:39:08.088 INFO       e2e     p50=3,117ms  p75=7,328ms  p95=23,349ms  p99=49,677ms (records_manager.py:1345)
20:39:08.088 INFO       intvty  p50=    243  p75=    256  p95=     307  p99=   3,036  (1/tpot tok/s) (records_manager.py:1345)
20:39:08.088 INFO       isl     p50=114,714  p75=251,012  p90= 498,319  p99= 596,017  (tokens) (records_manager.py:1345)
20:39:08.088 INFO       osl     p50=    621  p75=  1,576  p90=   3,611  p99=  10,885  (tokens) (records_manager.py:1345)
20:39:08.088 INFO       tot     in=91,629,226  out=685,742 (records_manager.py:1345)
20:39:08.088 INFO       trace  theoretical_prefix_cache_hit=97.5% (records_manager.py:1345)
20:39:08.088 INFO       srv    prefix_cache_hit=97.7% unique_in_srv=2,175,761 kv_usage=12.3% queue=2r/0w tput_in_srv=29,253/s tput_out_srv=217/s (records_manager.py:1345)
20:39:38.849 INFO     [realtime 53:18 profiling] (records_manager.py:1345)
20:39:38.849 INFO       rps=0.0 (avg 0.2)  tput_in=28,914/s  tput_out=217/s  done=504 ok=504 err=0 (records_manager.py:1345)
20:39:38.849 INFO       ttft    p50=  390ms  p75=  777ms  p95= 1,303ms  p99= 1,583ms (records_manager.py:1345)
20:39:38.849 INFO       itl     p50=    4ms  p75=    4ms  p95=     6ms  p99=     6ms (records_manager.py:1345)
20:39:38.849 INFO       e2e     p50=3,125ms  p75=7,427ms  p95=23,320ms  p99=49,594ms (records_manager.py:1345)
20:39:38.849 INFO       intvty  p50=    243  p75=    256  p95=     307  p99=   3,013  (1/tpot tok/s) (records_manager.py:1345)
20:39:38.849 INFO       isl     p50=115,162  p75=252,989  p90= 498,094  p99= 595,998  (tokens) (records_manager.py:1345)
20:39:38.849 INFO       osl     p50=    621  p75=  1,586  p90=   3,639  p99=  10,871  (tokens) (records_manager.py:1345)
20:39:38.849 INFO       tot     in=92,023,494  out=689,491 (records_manager.py:1345)
20:39:38.849 INFO       trace  theoretical_prefix_cache_hit=97.5% (records_manager.py:1345)
20:39:38.849 INFO       srv    prefix_cache_hit=97.7% unique_in_srv=2,175,761 kv_usage=7.5% queue=1r/0w tput_in_srv=28,969/s tput_out_srv=218/s (records_manager.py:1345)
20:39:47.974 INFO     Per-trace idle cap advanced replay root 00adaa3a-157c-425d-a39c-6403549f27db by 1518.916s (replay_dependencies.py:324)
20:40:09.692 INFO     [realtime 53:49 profiling] (records_manager.py:1345)
20:40:09.692 INFO       rps=0.3 (avg 0.2)  tput_in=29,006/s  tput_out=218/s  done=513 ok=513 err=0 (records_manager.py:1345)
20:40:09.692 INFO       ttft    p50=  388ms  p75=  775ms  p95= 1,307ms  p99= 1,642ms (records_manager.py:1345)
20:40:09.692 INFO       itl     p50=    4ms  p75=    4ms  p95=     6ms  p99=     6ms (records_manager.py:1345)
20:40:09.692 INFO       e2e     p50=3,053ms  p75=7,408ms  p95=23,524ms  p99=48,852ms (records_manager.py:1345)
20:40:09.692 INFO       intvty  p50=    242  p75=    256  p95=     307  p99=   2,811  (1/tpot tok/s) (records_manager.py:1345)
20:40:09.692 INFO       isl     p50=114,455  p75=255,735  p90= 498,319  p99= 597,753  (tokens) (records_manager.py:1345)
20:40:09.692 INFO       osl     p50=    620  p75=  1,584  p90=   3,640  p99=  10,748  (tokens) (records_manager.py:1345)
20:40:09.692 INFO       tot     in=93,474,765  out=701,851 (records_manager.py:1345)
20:40:09.692 INFO       trace  theoretical_prefix_cache_hit=97.5% (records_manager.py:1345)
20:40:09.692 INFO       srv    prefix_cache_hit=97.7% unique_in_srv=2,190,050 kv_usage=3.5% queue=1r/0w tput_in_srv=29,043/s tput_out_srv=218/s (records_manager.py:1345)
20:40:40.485 INFO     [realtime 54:20 profiling] (records_manager.py:1345)
20:40:40.485 INFO       rps=0.1 (avg 0.2)  tput_in=29,040/s  tput_out=217/s  done=516 ok=516 err=0 (records_manager.py:1345)
20:40:40.485 INFO       ttft    p50=  390ms  p75=  773ms  p95= 1,306ms  p99= 1,640ms (records_manager.py:1345)
20:40:40.485 INFO       itl     p50=    4ms  p75=    4ms  p95=     6ms  p99=     6ms (records_manager.py:1345)
20:40:40.485 INFO       e2e     p50=3,067ms  p75=7,427ms  p95=23,481ms  p99=48,604ms (records_manager.py:1345)
20:40:40.485 INFO       intvty  p50=    242  p75=    256  p95=     307  p99=   2,744  (1/tpot tok/s) (records_manager.py:1345)
20:40:40.485 INFO       isl     p50=115,162  p75=260,134  p90= 497,644  p99= 597,695  (tokens) (records_manager.py:1345)
20:40:40.485 INFO       osl     p50=    620  p75=  1,586  p90=   3,638  p99=  10,707  (tokens) (records_manager.py:1345)
20:40:40.485 INFO       tot     in=94,334,059  out=705,266 (records_manager.py:1345)
20:40:40.485 INFO       trace  theoretical_prefix_cache_hit=97.5% (records_manager.py:1345)
20:40:40.485 INFO       srv    prefix_cache_hit=97.7% unique_in_srv=2,197,941 kv_usage=11.1% queue=2r/0w tput_in_srv=29,222/s tput_out_srv=218/s (records_manager.py:1345)
20:41:11.261 INFO     [realtime 54:50 profiling] (records_manager.py:1345)
20:41:11.261 INFO       rps=0.1 (avg 0.2)  tput_in=29,047/s  tput_out=218/s  done=519 ok=519 err=0 (records_manager.py:1345)
20:41:11.261 INFO       ttft    p50=  391ms  p75=  774ms  p95= 1,305ms  p99= 1,638ms (records_manager.py:1345)
20:41:11.261 INFO       itl     p50=    4ms  p75=    4ms  p95=     6ms  p99=     6ms (records_manager.py:1345)
20:41:11.261 INFO       e2e     p50=3,117ms  p75=7,593ms  p95=23,678ms  p99=48,356ms (records_manager.py:1345)
20:41:11.261 INFO       intvty  p50=    242  p75=    256  p95=     307  p99=   2,676  (1/tpot tok/s) (records_manager.py:1345)
20:41:11.261 INFO       isl     p50=115,876  p75=263,318  p90= 499,347  p99= 599,618  (tokens) (records_manager.py:1345)
20:41:11.261 INFO       osl     p50=    621  p75=  1,608  p90=   3,664  p99=  10,666  (tokens) (records_manager.py:1345)
20:41:11.261 INFO       tot     in=95,526,454  out=717,616 (records_manager.py:1345)
20:41:11.261 INFO       trace  theoretical_prefix_cache_hit=97.5% (records_manager.py:1345)
20:41:11.261 INFO       srv    prefix_cache_hit=97.7% unique_in_srv=2,199,990 kv_usage=0.0% queue=0r/0w tput_in_srv=29,036/s tput_out_srv=218/s (records_manager.py:1345)
20:41:42.053 INFO     [realtime 55:21 profiling] (records_manager.py:1345)
20:41:42.053 INFO       rps=0.0 (avg 0.2)  tput_in=28,988/s  tput_out=218/s  done=520 ok=520 err=0 (records_manager.py:1345)
20:41:42.053 INFO       ttft    p50=  391ms  p75=  773ms  p95= 1,304ms  p99= 1,637ms (records_manager.py:1345)
20:41:42.053 INFO       itl     p50=    4ms  p75=    4ms  p95=     6ms  p99=     6ms (records_manager.py:1345)
20:41:42.053 INFO       e2e     p50=3,099ms  p75=7,564ms  p95=23,677ms  p99=48,274ms (records_manager.py:1345)
20:41:42.053 INFO       intvty  p50=    242  p75=    256  p95=     307  p99=   2,654  (1/tpot tok/s) (records_manager.py:1345)
20:41:42.053 INFO       isl     p50=115,940  p75=262,834  p90= 499,058  p99= 599,598  (tokens) (records_manager.py:1345)
20:41:42.053 INFO       osl     p50=    621  p75=  1,608  p90=   3,660  p99=  10,652  (tokens) (records_manager.py:1345)
20:41:42.053 INFO       tot     in=95,643,828  out=717,716 (records_manager.py:1345)
20:41:42.053 INFO       trace  theoretical_prefix_cache_hit=97.5% (records_manager.py:1345)
20:41:42.053 INFO       srv    prefix_cache_hit=97.7% unique_in_srv=2,209,368 kv_usage=11.2% queue=2r/0w tput_in_srv=29,077/s tput_out_srv=217/s (records_manager.py:1345)
20:42:12.928 INFO     [realtime 55:52 profiling] (records_manager.py:1345)
20:42:12.928 INFO       rps=0.2 (avg 0.2)  tput_in=29,025/s  tput_out=216/s  done=525 ok=525 err=0 (records_manager.py:1345)
20:42:12.928 INFO       ttft    p50=  392ms  p75=  775ms  p95= 1,310ms  p99= 1,634ms (records_manager.py:1345)
20:42:12.928 INFO       itl     p50=    4ms  p75=    4ms  p95=     6ms  p99=     6ms (records_manager.py:1345)
20:42:12.928 INFO       e2e     p50=3,117ms  p75=7,650ms  p95=23,622ms  p99=47,861ms (records_manager.py:1345)
20:42:12.928 INFO       intvty  p50=    242  p75=    256  p95=     306  p99=   2,541  (1/tpot tok/s) (records_manager.py:1345)
20:42:12.928 INFO       isl     p50=116,528  p75=268,461  p90= 500,504  p99= 601,199  (tokens) (records_manager.py:1345)
20:42:12.928 INFO       osl     p50=    621  p75=  1,618  p90=   3,679  p99=  10,583  (tokens) (records_manager.py:1345)
20:42:12.928 INFO       tot     in=97,251,264  out=725,234 (records_manager.py:1345)
20:42:12.928 INFO       trace  theoretical_prefix_cache_hit=97.6% (records_manager.py:1345)
20:42:12.928 INFO       srv    prefix_cache_hit=97.7% unique_in_srv=2,262,336 kv_usage=4.7% queue=3r/0w tput_in_srv=29,123/s tput_out_srv=217/s (records_manager.py:1345)
20:42:43.746 INFO     [realtime 56:23 profiling] (records_manager.py:1345)
20:42:43.746 INFO       rps=0.3 (avg 0.2)  tput_in=29,280/s  tput_out=218/s  done=533 ok=533 err=0 (records_manager.py:1345)
20:42:43.746 INFO       ttft    p50=  396ms  p75=  775ms  p95= 1,307ms  p99= 1,629ms (records_manager.py:1345)
20:42:43.746 INFO       itl     p50=    4ms  p75=    5ms  p95=     6ms  p99=     6ms (records_manager.py:1345)
20:42:43.746 INFO       e2e     p50=3,224ms  p75=7,650ms  p95=23,515ms  p99=47,201ms (records_manager.py:1345)
20:42:43.746 INFO       intvty  p50=    242  p75=    256  p95=     306  p99=   2,362  (1/tpot tok/s) (records_manager.py:1345)
20:42:43.746 INFO       isl     p50=116,528  p75=270,787  p90= 501,083  p99= 602,723  (tokens) (records_manager.py:1345)
20:42:43.746 INFO       osl     p50=    633  p75=  1,618  p90=   3,653  p99=  10,474  (tokens) (records_manager.py:1345)
20:42:43.746 INFO       tot     in=98,950,985  out=735,086 (records_manager.py:1345)
20:42:43.746 INFO       trace  theoretical_prefix_cache_hit=97.6% (records_manager.py:1345)
20:42:43.746 INFO       srv    prefix_cache_hit=97.7% unique_in_srv=2,289,395 kv_usage=4.5% queue=2r/0w tput_in_srv=29,363/s tput_out_srv=218/s (records_manager.py:1345)
20:43:14.640 INFO     [realtime 56:54 profiling] (records_manager.py:1345)
20:43:14.640 INFO       rps=0.2 (avg 0.2)  tput_in=29,339/s  tput_out=219/s  done=540 ok=540 err=0 (records_manager.py:1345)
20:43:14.640 INFO       ttft    p50=  401ms  p75=  773ms  p95= 1,304ms  p99= 1,624ms (records_manager.py:1345)
20:43:14.640 INFO       itl     p50=    4ms  p75=    5ms  p95=     6ms  p99=     6ms (records_manager.py:1345)
20:43:14.640 INFO       e2e     p50=3,230ms  p75=7,755ms  p95=23,422ms  p99=46,623ms (records_manager.py:1345)
20:43:14.640 INFO       intvty  p50=    242  p75=    255  p95=     305  p99=   2,205  (1/tpot tok/s) (records_manager.py:1345)
20:43:14.640 INFO       isl     p50=116,266  p75=273,520  p90= 499,058  p99= 602,606  (tokens) (records_manager.py:1345)
20:43:14.640 INFO       osl     p50=    634  p75=  1,620  p90=   3,700  p99=  10,378  (tokens) (records_manager.py:1345)
20:43:14.640 INFO       tot     in=100,134,803  out=747,461 (records_manager.py:1345)
20:43:14.640 INFO       trace  theoretical_prefix_cache_hit=97.5% (records_manager.py:1345)
20:43:14.640 INFO       srv    prefix_cache_hit=97.7% unique_in_srv=2,313,107 kv_usage=0.9% queue=1r/0w tput_in_srv=29,339/s tput_out_srv=219/s (records_manager.py:1345)
20:43:45.479 INFO     [realtime 57:25 profiling] (records_manager.py:1345)
20:43:45.479 INFO       rps=0.2 (avg 0.2)  tput_in=29,474/s  tput_out=219/s  done=545 ok=545 err=0 (records_manager.py:1345)
20:43:45.479 INFO       ttft    p50=  405ms  p75=  772ms  p95= 1,310ms  p99= 1,621ms (records_manager.py:1345)
20:43:45.479 INFO       itl     p50=    4ms  p75=    5ms  p95=     6ms  p99=     6ms (records_manager.py:1345)
20:43:45.479 INFO       e2e     p50=3,236ms  p75=7,865ms  p95=23,290ms  p99=46,210ms (records_manager.py:1345)
20:43:45.479 INFO       intvty  p50=    242  p75=    255  p95=     304  p99=   2,092  (1/tpot tok/s) (records_manager.py:1345)
20:43:45.479 INFO       isl     p50=116,005  p75=274,967  p90= 500,504  p99= 604,874  (tokens) (records_manager.py:1345)
20:43:45.479 INFO       osl     p50=    635  p75=  1,624  p90=   3,679  p99=  10,310  (tokens) (records_manager.py:1345)
20:43:45.479 INFO       tot     in=101,338,544  out=754,430 (records_manager.py:1345)
20:43:45.479 INFO       trace  theoretical_prefix_cache_hit=97.6% (records_manager.py:1345)
20:43:45.479 INFO       srv    prefix_cache_hit=97.7% unique_in_srv=2,372,403 kv_usage=5.5% queue=2r/0w tput_in_srv=29,553/s tput_out_srv=220/s (records_manager.py:1345)
20:44:16.303 INFO     [realtime 57:55 profiling] (records_manager.py:1345)
20:44:16.303 INFO       rps=0.1 (avg 0.2)  tput_in=29,478/s  tput_out=219/s  done=548 ok=548 err=0 (records_manager.py:1345)
20:44:16.303 INFO       ttft    p50=  409ms  p75=  776ms  p95= 1,312ms  p99= 1,619ms (records_manager.py:1345)
20:44:16.303 INFO       itl     p50=    4ms  p75=    5ms  p95=     6ms  p99=     6ms (records_manager.py:1345)
20:44:16.303 INFO       e2e     p50=3,243ms  p75=7,960ms  p95=23,202ms  p99=45,963ms (records_manager.py:1345)
20:44:16.303 INFO       intvty  p50=    242  p75=    255  p95=     304  p99=   2,025  (1/tpot tok/s) (records_manager.py:1345)
20:44:16.303 INFO       isl     p50=116,623  p75=276,341  p90= 502,509  p99= 607,507  (tokens) (records_manager.py:1345)
20:44:16.303 INFO       osl     p50=    637  p75=  1,630  p90=   3,667  p99=  10,269  (tokens) (records_manager.py:1345)
20:44:16.303 INFO       tot     in=102,404,465  out=760,549 (records_manager.py:1345)
20:44:16.303 INFO       trace  theoretical_prefix_cache_hit=97.5% (records_manager.py:1345)
20:44:16.303 INFO       srv    prefix_cache_hit=97.7% unique_in_srv=2,380,361 kv_usage=5.6% queue=2r/0w tput_in_srv=29,598/s tput_out_srv=222/s (records_manager.py:1345)
20:44:47.139 INFO     [realtime 58:26 profiling] (records_manager.py:1345)
20:44:47.139 INFO       rps=0.2 (avg 0.2)  tput_in=29,437/s  tput_out=221/s  done=553 ok=553 err=0 (records_manager.py:1345)
20:44:47.139 INFO       ttft    p50=  405ms  p75=  772ms  p95= 1,312ms  p99= 1,616ms (records_manager.py:1345)
20:44:47.139 INFO       itl     p50=    4ms  p75=    5ms  p95=     6ms  p99=     6ms (records_manager.py:1345)
20:44:47.139 INFO       e2e     p50=3,249ms  p75=7,964ms  p95=23,684ms  p99=45,550ms (records_manager.py:1345)
20:44:47.139 INFO       intvty  p50=    242  p75=    255  p95=     303  p99=   1,913  (1/tpot tok/s) (records_manager.py:1345)
20:44:47.139 INFO       isl     p50=116,718  p75=276,258  p90= 501,083  p99= 607,378  (tokens) (records_manager.py:1345)
20:44:47.139 INFO       osl     p50=    639  p75=  1,644  p90=   3,738  p99=  10,200  (tokens) (records_manager.py:1345)
20:44:47.139 INFO       tot     in=103,093,748  out=775,545 (records_manager.py:1345)
20:44:47.139 INFO       trace  theoretical_prefix_cache_hit=97.5% (records_manager.py:1345)
20:44:47.139 INFO       srv    prefix_cache_hit=97.7% unique_in_srv=2,425,740 kv_usage=6.7% queue=4r/0w tput_in_srv=29,562/s tput_out_srv=224/s (records_manager.py:1345)
20:45:18.065 INFO     [realtime 58:57 profiling] (records_manager.py:1345)
20:45:18.065 INFO       rps=0.8 (avg 0.2)  tput_in=29,644/s  tput_out=227/s  done=579 ok=579 err=0 (records_manager.py:1345)
20:45:18.065 INFO       ttft    p50=  398ms  p75=  751ms  p95= 1,305ms  p99= 1,598ms (records_manager.py:1345)
20:45:18.065 INFO       itl     p50=    4ms  p75=    5ms  p95=     6ms  p99=     8ms (records_manager.py:1345)
20:45:18.065 INFO       e2e     p50=3,224ms  p75=7,792ms  p95=23,716ms  p99=43,404ms (records_manager.py:1345)
20:45:18.065 INFO       intvty  p50=    241  p75=    254  p95=     297  p99=   1,329  (1/tpot tok/s) (records_manager.py:1345)
20:45:18.065 INFO       isl     p50=112,269  p75=268,786  p90= 495,179  p99= 606,710  (tokens) (records_manager.py:1345)
20:45:18.065 INFO       osl     p50=    621  p75=  1,622  p90=   3,705  p99=   9,844  (tokens) (records_manager.py:1345)
20:45:18.065 INFO       tot     in=104,828,735  out=802,303 (records_manager.py:1345)
20:45:18.065 INFO       trace  theoretical_prefix_cache_hit=97.5% (records_manager.py:1345)
20:45:18.065 INFO       srv    prefix_cache_hit=97.6% unique_in_srv=2,548,706 kv_usage=12.9% queue=4r/0w tput_in_srv=29,945/s tput_out_srv=228/s (records_manager.py:1345)
20:45:49.047 INFO     [realtime 59:28 profiling] (records_manager.py:1345)
20:45:49.047 INFO       rps=0.9 (avg 0.2)  tput_in=30,217/s  tput_out=232/s  done=608 ok=608 err=0 (records_manager.py:1345)
20:45:49.047 INFO       ttft    p50=  390ms  p75=  741ms  p95= 1,303ms  p99= 1,645ms (records_manager.py:1345)
20:45:49.047 INFO       itl     p50=    4ms  p75=    5ms  p95=     6ms  p99=     8ms (records_manager.py:1345)
20:45:49.047 INFO       e2e     p50=3,311ms  p75=7,498ms  p95=23,689ms  p99=41,487ms (records_manager.py:1345)
20:45:49.047 INFO       intvty  p50=    239  p75=    254  p95=     294  p99=     808  (1/tpot tok/s) (records_manager.py:1345)
20:45:49.047 INFO       isl     p50=105,568  p75=260,756  p90= 490,851  p99= 608,535  (tokens) (records_manager.py:1345)
20:45:49.047 INFO       osl     p50=    628  p75=  1,573  p90=   3,646  p99=   9,457  (tokens) (records_manager.py:1345)
20:45:49.047 INFO       tot     in=107,787,234  out=826,809 (records_manager.py:1345)
20:45:49.047 INFO       trace  theoretical_prefix_cache_hit=97.5% (records_manager.py:1345)
20:45:49.047 INFO       srv    prefix_cache_hit=97.6% unique_in_srv=2,634,300 kv_usage=1.7% queue=2r/0w tput_in_srv=30,260/s tput_out_srv=232/s (records_manager.py:1345)
20:46:19.757 INFO     Per-trace idle cap advanced replay root 7fb07f38-2db9-455e-814b-5c80b7a9f815 by 94075.924s (replay_dependencies.py:324)
20:46:20.035 INFO     [realtime 59:59 profiling] (records_manager.py:1345)
20:46:20.035 INFO       rps=0.7 (avg 0.2)  tput_in=30,433/s  tput_out=235/s  done=630 ok=630 err=0 (records_manager.py:1345)
20:46:20.035 INFO       ttft    p50=  382ms  p75=  728ms  p95= 1,298ms  p99= 1,631ms (records_manager.py:1345)
20:46:20.035 INFO       itl     p50=    4ms  p75=    5ms  p95=     6ms  p99=     8ms (records_manager.py:1345)
20:46:20.035 INFO       e2e     p50=3,326ms  p75=7,273ms  p95=23,555ms  p99=41,168ms (records_manager.py:1345)
20:46:20.035 INFO       intvty  p50=    238  p75=    253  p95=     292  p99=     792  (1/tpot tok/s) (records_manager.py:1345)
20:46:20.035 INFO       isl     p50=100,778  p75=249,949  p90= 486,218  p99= 607,969  (tokens) (records_manager.py:1345)
20:46:20.035 INFO       osl     p50=    634  p75=  1,529  p90=   3,531  p99=   9,186  (tokens) (records_manager.py:1345)
20:46:20.035 INFO       tot     in=109,516,675  out=843,983 (records_manager.py:1345)
20:46:20.035 INFO       trace  theoretical_prefix_cache_hit=97.5% (records_manager.py:1345)
20:46:20.035 INFO       srv    prefix_cache_hit=97.6% unique_in_srv=2,680,270 kv_usage=10.9% queue=5r/0w tput_in_srv=30,678/s tput_out_srv=236/s (records_manager.py:1345)
20:46:20.380 INFO     Timeout of 3599.997238394s elapsed for event 'profiling phase sending' (runner.py:1208)
20:46:20.381 NOTICE   Phase profiling (profiling) sending complete | sent=635, completed=630, in_flight=5 | sessions: sent=10, completed=7 | timeout_triggered=True (runner.py:1039)
20:46:20.381 INFO     Waiting for event 'profiling phase credits returned' with timeout of 29.999159426999995s (runner.py:1220)
20:46:20.381 INFO     Sent 635 requests. Waiting for all to complete... (records_manager.py:1014)
20:46:50.380 INFO     Timeout of 29.999159426999995s elapsed for event 'profiling phase credits returned' (runner.py:1208)
20:46:50.381 WARNING  Phase profiling timed out, cancelling all credits. Stats: sent=635, completed=635, cancelled=0, in_flight=0 (runner.py:1103)
20:46:50.381 INFO     Waiting for all cancelled credits to be returned for phase profiling. Need 0 more credits. (runner.py:1117)
20:46:50.381 INFO     All credits already returned after cancel for phase profiling. Skipping drain wait. (runner.py:1124)
20:46:50.381 INFO     All cancelled credits returned for phase profiling (runner.py:1136)
20:46:50.381 NOTICE   Phase profiling (profiling) complete | completed=635, cancelled=0, errors=0 | sessions: completed=7, cancelled=0 | elapsed=3630.00s | grace_period_timeout=True (runner.py:1162)
20:46:50.381 INFO     Global system-idle cap summary: limit=10s, jumps=51, skipped=959.651s (agentic_replay.py:956)
20:46:50.381 INFO     BranchOrchestrator stats: spawned=55 completed=31 errored=0 suspended=6 resumed=5 parents_failed_due_to_child_error=0 joins_suppressed=1 delayed=44 (branch_orchestrator.py:1782)
20:46:50.381 WARNING  BranchOrchestrator leaked state at cleanup: 0 active_joins, 1 future_joins, 23 tracked children, 3 parents with descendants (branch_orchestrator.py:1799)
20:46:50.382 WARNING  Abandoned pending join for parent 5d26ffc1-3947-481f-acd3-4bae7ef0c943 (outstanding=1, gated_turn_index=187, age_ms=1103938) (branch_orchestrator.py:1811)
20:46:50.382 INFO     Session-tree slots for phase profiling: peak_open=5 (target concurrency 5); released 5 still-open at teardown; late_events=0 (runner.py:551)
20:46:50.382 NOTICE   All credits completed (phase_orchestrator.py:245)
20:46:50.382 INFO     Received credits complete from 'timing_manager' (system_controller.py:448)
20:46:51.029 INFO     Received CREDIT_PHASE_COMPLETE message, Phase complete: PhaseRecordsStats(phase=CreditPhase.PROFILING, phase_index=0, profiling_index=0, phase_name='profiling', phase_kind='profiling', start_ns=1787705180380663319, sent_end_ns=1787708780381092290, requests_end_ns=1787708810381338412, baseline_start_ns=1787705180380629640, baseline_end_ns=1787708810381346792, total_expected_requests=None, expected_duration_sec=None, expected_num_sessions=None, expected_grace_period_sec=None, final_requests_sent=None, final_requests_completed=635, final_requests_cancelled=0, final_request_errors=0, final_sent_sessions=None, final_completed_sessions=None, final_cancelled_sessions=None, timeout_triggered=True, grace_period_timeout_triggered=True, was_cancelled=False, records_end_ns=None, success_records=635, error_records=0) (records_manager.py:1040)
20:46:51.030 NOTICE   All requests have completed, please wait for the results to be processed (currently 635 of 635 records processed)... (records_manager.py:1051)
20:46:51.030 INFO     Processed 635 valid requests and 0 errors (635 total). (records_manager.py:913)
20:46:51.030 INFO     Received all records, processing now... (records_manager.py:919)
20:46:51.030 INFO     All credits complete, please wait for the results to be processed... (records_manager.py:1077)
20:46:51.031 INFO     [realtime 1:00:30 profiling] (records_manager.py:1345)
20:46:51.031 INFO       rps=0.2 (avg 0.2)  tput_in=30,592/s  tput_out=237/s  done=635 ok=635 err=0 (records_manager.py:1345)
20:46:51.031 INFO       ttft    p50=  383ms  p75=  728ms  p95= 1,302ms  p99= 1,627ms (records_manager.py:1345)
20:46:51.031 INFO       itl     p50=    4ms  p75=    5ms  p95=     6ms  p99=     8ms (records_manager.py:1345)
20:46:51.031 INFO       e2e     p50=3,355ms  p75=7,370ms  p95=23,489ms  p99=41,095ms (records_manager.py:1345)
20:46:51.031 INFO       intvty  p50=    237  p75=    253  p95=     291  p99=     788  (1/tpot tok/s) (records_manager.py:1345)
20:46:51.031 INFO       isl     p50=100,945  p75=249,948  p90= 487,760  p99= 610,622  (tokens) (records_manager.py:1345)
20:46:51.032 INFO       osl     p50=    640  p75=  1,554  p90=   3,588  p99=   9,124  (tokens) (records_manager.py:1345)
20:46:51.032 INFO       tot     in=110,512,270  out=854,387 (records_manager.py:1345)
20:46:51.032 INFO       trace  theoretical_prefix_cache_hit=97.5% (records_manager.py:1345)
20:46:51.032 INFO       srv    prefix_cache_hit=97.6% unique_in_srv=2,682,894 kv_usage=0.0% queue=0r/0w tput_in_srv=30,449/s tput_out_srv=235/s (records_manager.py:1345)
20:46:51.032 INFO     Server Metrics: Profiling complete, capturing final metrics... (manager.py:355)
20:46:51.063 INFO     Waiting 1.3s for server metrics flush period... (records_manager.py:973)
20:46:52.381 INFO     Processing records results... (records_manager.py:2083)
20:46:53.461 INFO     Profiling metric coverage passed for 'profiling': TTFT=100.0%, inter-token latency=100.0% (required=95.0%). (records_manager.py:1814)
20:46:53.836 INFO     Waiting for result domains: server_metrics (system_controller.py:869)
20:46:59.154 INFO     _finalize_and_process_results completed (records_manager.py:980)
20:47:01.087 INFO     All results received, initiating shutdown (system_controller.py:864)
20:47:01.589 WARNING  Service worker process (pid: 1566125) still alive after bus shutdown grace; killing (SIGKILL / TerminateProcess — children ignore SIGTERM) (multiprocess_service_manager.py:277)
20:47:01.902 INFO     Exporting all records (exporter_manager.py:69)
20:47:04.050 INFO     Exporting console data (exporter_manager.py:326)


                                                 NVIDIA AIPerf | LLM Metrics: Effective                                                 
┏━━━━━━━━━━━━━━━━━━━━━━━━━━━━━━━━━━━━━━━━━━━┳━━━━━━━━━━━━┳━━━━━━━━┳━━━━━━━━━━━━━━┳━━━━━━━━━━━━━━┳━━━━━━━━━━━━┳━━━━━━━━━━━━┳━━━━━━━━━━━━┓
┃                                    Metric ┃        avg ┃    min ┃          max ┃          p99 ┃        p90 ┃        p50 ┃        std ┃
┡━━━━━━━━━━━━━━━━━━━━━━━━━━━━━━━━━━━━━━━━━━━╇━━━━━━━━━━━━╇━━━━━━━━╇━━━━━━━━━━━━━━╇━━━━━━━━━━━━━━╇━━━━━━━━━━━━╇━━━━━━━━━━━━╇━━━━━━━━━━━━┩
│          Effective Concurrency (requests) │       1.17 │   0.00 │         7.00 │         5.00 │       2.00 │       1.00 │       1.11 │
│  Effective Decode Throughput (tokens/sec) │     235.19 │   0.00 │   263,874.80 │       920.92 │     479.26 │     238.58 │     388.28 │
│ Effective Prefill Throughput (tokens/sec) │  30,444.15 │   0.00 │ 1,016,353.00 │   457,491.65 │       0.00 │       0.00 │ 105,857.00 │
│   Effective Decode Concurrency (requests) │       1.07 │   0.00 │         7.00 │         5.00 │       2.00 │       1.00 │       1.07 │
│  Effective Prefill Concurrency (requests) │       0.10 │   0.00 │         4.00 │         1.00 │       0.00 │       0.00 │       0.32 │
│   Effective Total Throughput (tokens/sec) │  30,679.34 │   0.00 │ 1,016,353.00 │   457,491.65 │     871.12 │     242.45 │ 105,834.59 │
│      Effective Decode Throughput Per User │     160.50 │   0.00 │   222,831.73 │       277.09 │     248.03 │     228.37 │     278.40 │
│                         (tokens/sec/user) │            │        │              │              │            │            │            │
│     Effective Prefill Throughput Per User │  28,912.03 │   0.00 │   495,025.45 │   452,919.12 │       0.00 │       0.00 │ 100,130.27 │
│                         (tokens/sec/user) │            │        │              │              │            │            │            │
│                 Tokens In Flight (tokens) │ 281,443.54 │   0.00 │ 1,311,503.09 │ 1,099,907.42 │ 677,529.89 │ 170,590.63 │ 290,306.98 │
│         Effective Latency (CO-aware) (ms) │   6,680.55 │ 195.21 │   129,197.23 │    41,101.07 │  16,084.03 │   3,356.52 │  10,186.35 │
└───────────────────────────────────────────┴────────────┴────────┴──────────────┴──────────────┴────────────┴────────────┴────────────┘
                                                NVIDIA AIPerf | LLM Metrics: Active                                                
┏━━━━━━━━━━━━━━━━━━━━━━━━━━━━━━━━━━━━━━━━┳━━━━━━━━━━━━┳━━━━━━━━┳━━━━━━━━━━━━━━┳━━━━━━━━━━━━┳━━━━━━━━━━━━┳━━━━━━━━━━━━┳━━━━━━━━━━━━┓
┃                                 Metric ┃        avg ┃    min ┃          max ┃        p99 ┃        p90 ┃        p50 ┃        std ┃
┡━━━━━━━━━━━━━━━━━━━━━━━━━━━━━━━━━━━━━━━━╇━━━━━━━━━━━━╇━━━━━━━━╇━━━━━━━━━━━━━━╇━━━━━━━━━━━━╇━━━━━━━━━━━━╇━━━━━━━━━━━━╇━━━━━━━━━━━━┩
│  Active Decode Throughput (tokens/sec) │     336.66 │   0.00 │   263,874.80 │     976.74 │     557.16 │     246.73 │     426.20 │
│ Active Prefill Throughput (tokens/sec) │ 343,224.39 │ 886.62 │ 1,016,353.00 │ 701,319.52 │ 458,520.82 │ 383,046.85 │ 137,761.51 │
│      Active Decode Throughput Per User │     229.75 │   0.00 │   222,831.73 │     296.13 │     249.04 │     235.58 │     308.28 │
│                      (tokens/sec/user) │            │        │              │            │            │            │            │
│     Active Prefill Throughput Per User │ 325,951.41 │ 886.62 │   495,025.45 │ 478,003.80 │ 453,875.60 │ 372,035.47 │ 127,328.53 │
│                      (tokens/sec/user) │            │        │              │            │            │            │            │
│   Active Total Throughput (tokens/sec) │  41,544.22 │ 115.55 │ 1,016,353.00 │ 462,412.38 │ 198,668.84 │     250.79 │ 121,310.89 │
└────────────────────────────────────────┴────────────┴────────┴──────────────┴────────────┴────────────┴────────────┴────────────┘
                                                  NVIDIA AIPerf | LLM Metrics: Usage                                                  
┏━━━━━━━━━━━━━━━━━━━━━━━━━━━━━━━━━━━━━━━━━┳━━━━━━━━━━━━━━━━┳━━━━━━━━┳━━━━━━━━━━━━┳━━━━━━━━━━━━┳━━━━━━━━━━━━┳━━━━━━━━━━━━┳━━━━━━━━━━━━┓
┃                                  Metric ┃            avg ┃    min ┃        max ┃        p99 ┃        p90 ┃        p50 ┃        std ┃
┡━━━━━━━━━━━━━━━━━━━━━━━━━━━━━━━━━━━━━━━━━╇━━━━━━━━━━━━━━━━╇━━━━━━━━╇━━━━━━━━━━━━╇━━━━━━━━━━━━╇━━━━━━━━━━━━╇━━━━━━━━━━━━╇━━━━━━━━━━━━┩
│            Usage Prompt Tokens (tokens) │     174,035.07 │ 572.00 │ 627,347.00 │ 610,622.40 │ 487,760.40 │ 100,945.00 │ 164,594.05 │
│ Usage Prompt Cache Read Tokens (tokens) │     169,810.04 │   0.00 │ 625,792.00 │ 607,641.60 │ 484,428.80 │  96,640.00 │ 165,624.71 │
│        Usage Completion Tokens (tokens) │       1,345.49 │   1.00 │  26,571.00 │   9,124.12 │   3,588.40 │     640.00 │   2,191.87 │
│             Usage Total Tokens (tokens) │     175,380.56 │ 601.00 │ 630,377.00 │ 616,832.20 │ 490,578.60 │ 102,709.00 │ 165,114.32 │
│      Total Usage Prompt Tokens (tokens) │ 110,512,270.00 │    N/A │        N/A │        N/A │        N/A │        N/A │        N/A │
│    Total Usage Prompt Cache Read Tokens │ 107,829,376.00 │    N/A │        N/A │        N/A │        N/A │        N/A │        N/A │
│                                (tokens) │                │        │            │            │            │            │            │
│       Overall Usage Prompt Cache Read % │          97.57 │    N/A │        N/A │        N/A │        N/A │        N/A │        N/A │
│                                     (%) │                │        │            │            │            │            │            │
│  Total Usage Completion Tokens (tokens) │     854,387.00 │    N/A │        N/A │        N/A │        N/A │        N/A │        N/A │
│       Total Usage Total Tokens (tokens) │ 111,366,657.00 │    N/A │        N/A │        N/A │        N/A │        N/A │        N/A │
└─────────────────────────────────────────┴────────────────┴────────┴────────────┴────────────┴────────────┴────────────┴────────────┘
                                                       NVIDIA AIPerf | LLM Metrics                                                       
┏━━━━━━━━━━━━━━━━━━━━━━━━━━━━━━━━━━━━━━━━━━━━━━━━┳━━━━━━━━━━━━┳━━━━━━━━┳━━━━━━━━━━━━┳━━━━━━━━━━━━┳━━━━━━━━━━━━┳━━━━━━━━━━━━┳━━━━━━━━━━━━┓
┃                                         Metric ┃        avg ┃    min ┃        max ┃        p99 ┃        p90 ┃        p50 ┃        std ┃
┡━━━━━━━━━━━━━━━━━━━━━━━━━━━━━━━━━━━━━━━━━━━━━━━━╇━━━━━━━━━━━━╇━━━━━━━━╇━━━━━━━━━━━━╇━━━━━━━━━━━━╇━━━━━━━━━━━━╇━━━━━━━━━━━━╇━━━━━━━━━━━━┩
│                       Time to First Token (ms) │     547.97 │ 102.76 │   3,470.00 │   1,627.42 │   1,171.05 │     382.90 │     397.58 │
│                      Time to Second Token (ms) │      44.72 │   0.09 │   2,903.82 │     296.16 │      83.16 │      26.97 │     135.02 │
│                Time to First Output Token (ms) │   2,580.39 │ 467.50 │  10,664.56 │  10,090.87 │   5,800.07 │   1,621.61 │   2,693.23 │
│                           Request Latency (ms) │   6,678.36 │ 184.36 │ 129,195.26 │  41,094.98 │  16,082.52 │   3,354.85 │  10,186.21 │
│                           Decode Duration (ms) │   6,130.39 │   0.00 │ 128,692.04 │  39,289.25 │  15,652.87 │   2,868.94 │  10,093.57 │
│                      Full Decode Duration (ms) │   6,130.44 │   0.09 │ 128,692.11 │  39,289.30 │  15,652.92 │   2,868.96 │  10,093.58 │
│                       Inter Token Latency (ms) │       4.50 │   0.03 │      40.27 │       7.61 │       5.68 │       4.21 │       1.90 │
│              Full-Response Inter Token Latency │       4.50 │   0.03 │      40.27 │       7.61 │       5.68 │       4.21 │       1.90 │
│                                           (ms) │            │        │            │            │            │            │            │
│               Output Token Throughput Per User │     323.67 │  24.83 │  31,154.28 │     788.44 │     270.61 │     237.27 │   1,331.36 │
│                              (tokens/sec/user) │            │        │            │            │            │            │            │
│  E2E Output Token Throughput (tokens/sec/user) │     179.03 │   1.17 │     257.50 │     243.76 │     231.50 │     188.07 │      46.55 │
│ Full-Response Output Token Throughput Per User │     320.01 │  24.83 │  29,517.12 │     756.43 │     270.58 │     237.26 │   1,267.05 │
│                              (tokens/sec/user) │            │        │            │            │            │            │            │
│                Output Sequence Length (tokens) │   1,345.49 │   1.00 │  26,571.00 │   9,124.12 │   3,588.40 │     640.00 │   2,191.87 │
│                 Input Sequence Length (tokens) │ 174,035.07 │ 572.00 │ 627,347.00 │ 610,622.40 │ 487,760.40 │ 100,945.00 │ 164,594.05 │
│           Output Token Throughput (tokens/sec) │     235.37 │    N/A │        N/A │        N/A │        N/A │        N/A │        N/A │
│            Input Token Throughput (tokens/sec) │  30,444.15 │    N/A │        N/A │        N/A │        N/A │        N/A │        N/A │
│              Request Throughput (requests/sec) │       0.17 │    N/A │        N/A │        N/A │        N/A │        N/A │        N/A │
│                       Request Count (requests) │     635.00 │    N/A │        N/A │        N/A │        N/A │        N/A │        N/A │
│               Theoretical Prefix Cache Hit (%) │      97.76 │    N/A │        N/A │        N/A │        N/A │        N/A │        N/A │
└────────────────────────────────────────────────┴────────────┴────────┴────────────┴────────────┴────────────┴────────────┴────────────┘

CLI Command: aiperf profile --scenario 'inferencex-agentx-mvp' --url 'http://localhost:8886' 
--endpoint '/v1/chat/completions' --endpoint-type 'chat' --streaming --model 'amd/MiniMax-M3-MXFP4' 
--tokenizer 'amd/MiniMax-M3-MXFP4' --concurrency 5 --benchmark-duration 3600 --stats-interval 30 
--random-seed 42 --failed-request-threshold 0.1 --trajectory-start-min-ratio 0.25 
--trajectory-start-max-ratio 0.75 --warmup-requests-per-lane 10 --trace-idle-gap-cap-seconds 300 
--warmup-grace-period 1800 --use-server-token-count --no-gpu-telemetry --tokenizer-trust-remote-code
--num-dataset-entries 393 --slice-duration 1.0 --server-metrics 'http://localhost:8886/metrics' 
--output-artifact-dir 
'/shared/data/R7N/andy_luo_3v7/minimaxm3-agentx/results/mtp-k4-aiter-full-indexer-resident-v19-tp4-c
5-full-indexer-complete-curve-20260825-r1/aiperf_artifacts' --public-dataset 
'semianalysis_cc_traces_weka_062126' --apply-chat-template
Benchmark Duration: 3612.46 sec
CSV Export: 
/shared/data/R7N/andy_luo_3v7/minimaxm3-agentx/results/mtp-k4-aiter-full-indexer-resident-v19-tp4-c5
-full-indexer-complete-curve-20260825-r1/aiperf_artifacts/profile_export_aiperf.csv
JSON Export: 
/shared/data/R7N/andy_luo_3v7/minimaxm3-agentx/results/mtp-k4-aiter-full-indexer-resident-v19-tp4-c5
-full-indexer-complete-curve-20260825-r1/aiperf_artifacts/profile_export_aiperf.json
Server Metrics CSV Export: 
/shared/data/R7N/andy_luo_3v7/minimaxm3-agentx/results/mtp-k4-aiter-full-indexer-resident-v19-tp4-c5
-full-indexer-complete-curve-20260825-r1/aiperf_artifacts/server_metrics_export.csv
Server Metrics JSON Export: 
/shared/data/R7N/andy_luo_3v7/minimaxm3-agentx/results/mtp-k4-aiter-full-indexer-resident-v19-tp4-c5
-full-indexer-complete-curve-20260825-r1/aiperf_artifacts/server_metrics_export.json
Timeslice CSV Export: 
/shared/data/R7N/andy_luo_3v7/minimaxm3-agentx/results/mtp-k4-aiter-full-indexer-resident-v19-tp4-c5
-full-indexer-complete-curve-20260825-r1/aiperf_artifacts/profile_export_aiperf_timeslices.csv
Timeslice JSON Export: 
/shared/data/R7N/andy_luo_3v7/minimaxm3-agentx/results/mtp-k4-aiter-full-indexer-resident-v19-tp4-c5
-full-indexer-complete-curve-20260825-r1/aiperf_artifacts/profile_export_aiperf_timeslices.json
Log File: 
/shared/data/R7N/andy_luo_3v7/minimaxm3-agentx/results/mtp-k4-aiter-full-indexer-resident-v19-tp4-c5
-full-indexer-complete-curve-20260825-r1/aiperf_artifacts/logs/aiperf.log

+ replay_rc=0
+ set +x
Saved aggregated agentic result to /shared/data/R7N/andy_luo_3v7/minimaxm3-agentx/results/mtp-k4-aiter-full-indexer-resident-v19-tp4-c5-full-indexer-complete-curve-20260825-r1/mtp-k4-aiter-full-indexer-resident-v19-tp4-c5-full-indexer-complete-curve-20260825-r1.json
  Requests: 635 successful / 689 total (54 warmup, 0 error dropped)
  QPS: mean=0.18 p75=0.00 p95=1.00
  GPU cache hit rate: 96.5%
  CPU/offload cache hit rate: 0.0%
  External cache hit rate: 0.0%
  GPU KV cache usage:  16.0%
  GPU KV cache capacity: 8184960 tokens
  Theoretical cache hit rate: 97.8%
  Throughput per GPU: 7707 tok/s
Saved /shared/data/R7N/andy_luo_3v7/minimaxm3-agentx/results/mtp-k4-aiter-full-indexer-resident-v19-tp4-c5-full-indexer-complete-curve-20260825-r1/metrics_plots.png
  Records: 689 | TTFT median 429ms | E2E median 3102ms
Loaded 689 records from /shared/data/R7N/andy_luo_3v7/minimaxm3-agentx/results/mtp-k4-aiter-full-indexer-resident-v19-tp4-c5-full-indexer-complete-curve-20260825-r1/aiperf_artifacts
======================================================================
BENCHMARK WORKLOAD DISTRIBUTION ANALYSIS
======================================================================
Total requests: 689

ALL REQUESTS ISL:
  n=689  mean=181,525  median=105,084  p75=278,902  p90=494,844  p95=551,439
ALL REQUESTS OSL:
  n=689  mean=1,240  median=554  p75=1,356  p90=3,262  p95=4,823
======================================================================
Saved plots to /shared/data/R7N/andy_luo_3v7/minimaxm3-agentx/results/mtp-k4-aiter-full-indexer-resident-v19-tp4-c5-full-indexer-complete-curve-20260825-r1/workload_distribution_plots.png
Validated aiperf request error rate: 0/635 = 0.000% <= 10.000%
Validated required AIPerf server metrics prefix 'vllm:'
Stopping vLLM server (PID=1554860)...
Stopped vLLM server.
